part_id,lot_id,value_0h,value_24h,value_96h,value_168h,is_defect,defect_type,defect_severity,datasheet_limit,lot_median_true,heavy_tail_lot
SN_001001,LOT_001,7.7027,8.3711,8.7846,8.9482,0,healthy,0.0,50.0,7.5794,0
SN_001002,LOT_001,7.76,8.3011,8.6646,8.765,0,healthy,0.0,50.0,7.5794,0
SN_001003,LOT_001,8.8382,9.9765,10.1398,10.2539,0,healthy,0.0,50.0,7.5794,0
SN_001004,LOT_001,7.9523,8.9469,9.3327,9.4724,0,healthy,0.0,50.0,7.5794,0
SN_001005,LOT_001,8.1593,9.1176,9.1877,9.3754,0,healthy,0.0,50.0,7.5794,0
SN_001006,LOT_001,6.2529,6.5199,6.7261,6.9038,0,healthy,0.0,50.0,7.5794,0
SN_001007,LOT_001,7.3546,7.5901,7.7203,7.8884,0,healthy,0.0,50.0,7.5794,0
SN_001008,LOT_001,7.1613,7.6951,7.8842,8.0616,0,healthy,0.0,50.0,7.5794,0
SN_001009,LOT_001,7.4665,8.2392,8.5405,8.6408,0,healthy,0.0,50.0,7.5794,0
SN_001010,LOT_001,6.1663,6.947,7.1554,7.3475,0,healthy,0.0,50.0,7.5794,0
SN_001011,LOT_001,5.6742,6.2654,6.3241,6.4942,0,healthy,0.0,50.0,7.5794,0
SN_001012,LOT_001,10.444,11.4237,11.749,11.753,0,healthy,0.0,50.0,7.5794,0
SN_001013,LOT_001,6.6584,7.2716,7.4245,7.4193,0,healthy,0.0,50.0,7.5794,0
SN_001014,LOT_001,6.786,7.7269,7.8973,8.1276,0,healthy,0.0,50.0,7.5794,0
SN_001015,LOT_001,8.7318,9.1152,9.0729,9.1672,0,healthy,0.0,50.0,7.5794,0
SN_001016,LOT_001,7.1221,7.6866,7.9238,7.9273,0,healthy,0.0,50.0,7.5794,0
SN_001017,LOT_001,7.5391,7.8361,7.9563,7.9209,0,healthy,0.0,50.0,7.5794,0
SN_001018,LOT_001,7.6324,8.4678,8.6074,8.7466,0,healthy,0.0,50.0,7.5794,0
SN_001019,LOT_001,7.5506,8.3043,8.5309,8.7398,0,healthy,0.0,50.0,7.5794,0
SN_001020,LOT_001,6.4023,6.6583,6.7251,6.8298,0,healthy,0.0,50.0,7.5794,0
SN_001021,LOT_001,8.1792,9.2028,9.4156,9.6115,0,healthy,0.0,50.0,7.5794,0
SN_001022,LOT_001,7.5946,8.3524,8.5181,8.6681,0,healthy,0.0,50.0,7.5794,0
SN_001023,LOT_001,10.4455,11.0218,11.341,11.3352,0,healthy,0.0,50.0,7.5794,0
SN_001024,LOT_001,7.0573,7.647,7.9926,7.8521,0,healthy,0.0,50.0,7.5794,0
SN_001025,LOT_001,5.836,6.4005,6.6667,6.7575,0,healthy,0.0,50.0,7.5794,0
SN_001026,LOT_001,7.7714,8.2922,8.4264,8.5607,0,healthy,0.0,50.0,7.5794,0
SN_001027,LOT_001,8.6101,9.0589,9.026,8.9086,0,healthy,0.0,50.0,7.5794,0
SN_001028,LOT_001,10.7755,11.9526,12.1779,12.4975,0,healthy,0.0,50.0,7.5794,0
SN_001029,LOT_001,8.671,8.8841,9.1451,9.2204,0,healthy,0.0,50.0,7.5794,0
SN_001030,LOT_001,6.6143,6.9473,7.0603,7.0864,0,healthy,0.0,50.0,7.5794,0
SN_001031,LOT_001,7.3473,7.7727,8.0236,8.0481,0,healthy,0.0,50.0,7.5794,0
SN_001032,LOT_001,8.1703,8.6146,8.8296,8.8375,0,healthy,0.0,50.0,7.5794,0
SN_001033,LOT_001,8.4747,9.0113,9.2045,9.2579,0,healthy,0.0,50.0,7.5794,0
SN_001034,LOT_001,7.1537,7.6816,7.831,7.9221,0,healthy,0.0,50.0,7.5794,0
SN_001035,LOT_001,6.8242,7.2601,7.4187,7.5138,0,healthy,0.0,50.0,7.5794,0
SN_001036,LOT_001,7.9921,8.257,8.4692,8.5325,0,healthy,0.0,50.0,7.5794,0
SN_001037,LOT_001,6.1387,6.8612,7.0058,7.2788,0,healthy,0.0,50.0,7.5794,0
SN_001038,LOT_001,6.9165,7.3473,7.5732,7.5953,0,healthy,0.0,50.0,7.5794,0
SN_001039,LOT_001,7.0525,7.8311,8.1619,8.2679,0,healthy,0.0,50.0,7.5794,0
SN_001040,LOT_001,7.4347,8.3188,8.6105,8.7913,0,healthy,0.0,50.0,7.5794,0
SN_001041,LOT_001,8.2281,9.0559,9.3783,9.5308,0,healthy,0.0,50.0,7.5794,0
SN_001042,LOT_001,7.1752,7.5208,7.5705,7.6688,0,healthy,0.0,50.0,7.5794,0
SN_001043,LOT_001,8.2252,9.1269,9.3414,9.5274,0,healthy,0.0,50.0,7.5794,0
SN_001044,LOT_001,7.5207,8.0343,8.176,8.1379,0,healthy,0.0,50.0,7.5794,0
SN_001045,LOT_001,8.5902,9.3746,9.764,9.7657,0,healthy,0.0,50.0,7.5794,0
SN_001046,LOT_001,7.9449,8.8493,9.0627,9.1536,0,healthy,0.0,50.0,7.5794,0
SN_001047,LOT_001,7.3668,7.8962,7.991,8.1065,0,healthy,0.0,50.0,7.5794,0
SN_001048,LOT_001,8.6849,9.3805,9.6322,9.6933,0,healthy,0.0,50.0,7.5794,0
SN_001049,LOT_001,8.1193,9.1572,9.6565,9.7258,0,healthy,0.0,50.0,7.5794,0
SN_001050,LOT_001,7.8746,8.6845,9.0502,9.2793,0,healthy,0.0,50.0,7.5794,0
SN_001051,LOT_001,6.1949,7.0869,7.2127,7.2603,0,healthy,0.0,50.0,7.5794,0
SN_001052,LOT_001,6.9168,7.5795,7.8453,7.9514,0,healthy,0.0,50.0,7.5794,0
SN_001053,LOT_001,7.67,8.085,8.3328,8.3352,0,healthy,0.0,50.0,7.5794,0
SN_001054,LOT_001,7.1643,7.6541,7.8703,7.908,0,healthy,0.0,50.0,7.5794,0
SN_001055,LOT_001,7.0539,7.5164,7.9794,8.0765,0,healthy,0.0,50.0,7.5794,0
SN_001056,LOT_001,7.5623,8.4261,8.7631,8.9072,0,healthy,0.0,50.0,7.5794,0
SN_001057,LOT_001,8.0558,8.5939,8.9191,9.2235,0,healthy,0.0,50.0,7.5794,0
SN_001058,LOT_001,7.4002,8.1623,8.3579,8.3669,0,healthy,0.0,50.0,7.5794,0
SN_001059,LOT_001,7.5199,8.4108,8.5536,8.7272,0,healthy,0.0,50.0,7.5794,0
SN_001060,LOT_001,7.008,7.6899,7.8069,8.0496,0,healthy,0.0,50.0,7.5794,0
SN_001061,LOT_001,6.2107,6.4229,6.5551,6.6673,0,healthy,0.0,50.0,7.5794,0
SN_001062,LOT_001,8.3846,9.2813,9.625,9.7922,0,healthy,0.0,50.0,7.5794,0
SN_001063,LOT_001,7.5118,8.4731,8.6828,8.7346,0,healthy,0.0,50.0,7.5794,0
SN_001064,LOT_001,7.3243,7.8007,7.8499,7.936,0,healthy,0.0,50.0,7.5794,0
SN_001065,LOT_001,8.0831,9.1483,9.5439,9.6536,0,healthy,0.0,50.0,7.5794,0
SN_001066,LOT_001,7.5726,8.4882,8.8255,8.938,0,healthy,0.0,50.0,7.5794,0
SN_001067,LOT_001,7.4152,8.2837,8.4907,8.7295,0,healthy,0.0,50.0,7.5794,0
SN_001068,LOT_001,8.1297,8.8642,8.9265,9.0946,0,healthy,0.0,50.0,7.5794,0
SN_001069,LOT_001,6.0848,6.6411,6.8492,6.964,0,healthy,0.0,50.0,7.5794,0
SN_001070,LOT_001,9.1587,9.8569,9.8602,9.9244,0,healthy,0.0,50.0,7.5794,0
SN_001071,LOT_001,7.9855,8.5539,8.8016,8.7819,0,healthy,0.0,50.0,7.5794,0
SN_001072,LOT_001,8.3882,8.7649,8.7688,8.7577,0,healthy,0.0,50.0,7.5794,0
SN_001073,LOT_001,7.682,8.147,8.3159,8.1738,0,healthy,0.0,50.0,7.5794,0
SN_001074,LOT_001,8.016,8.7423,8.9048,8.9189,0,healthy,0.0,50.0,7.5794,0
SN_001075,LOT_001,7.4851,8.1049,8.2385,8.3265,0,healthy,0.0,50.0,7.5794,0
SN_001076,LOT_001,8.0771,9.1629,9.5537,9.5417,0,healthy,0.0,50.0,7.5794,0
SN_001077,LOT_001,7.6636,8.2864,8.5684,8.6163,0,healthy,0.0,50.0,7.5794,0
SN_001078,LOT_001,7.1073,7.8237,7.775,7.9753,0,healthy,0.0,50.0,7.5794,0
SN_001079,LOT_001,6.8222,7.5278,7.853,8.0776,0,healthy,0.0,50.0,7.5794,0
SN_001080,LOT_001,6.8326,7.0273,7.2613,7.2044,0,healthy,0.0,50.0,7.5794,0
SN_001081,LOT_001,7.2326,7.5009,7.7495,7.8159,0,healthy,0.0,50.0,7.5794,0
SN_001082,LOT_001,7.741,8.4254,8.5266,8.8492,0,healthy,0.0,50.0,7.5794,0
SN_001083,LOT_001,7.6019,8.2479,8.5166,8.7188,0,healthy,0.0,50.0,7.5794,0
SN_001084,LOT_001,6.602,7.5204,7.7311,7.9176,0,healthy,0.0,50.0,7.5794,0
SN_001085,LOT_001,8.2862,9.0327,9.2756,9.4009,0,healthy,0.0,50.0,7.5794,0
SN_001086,LOT_001,10.4215,11.4509,11.7212,12.1358,0,healthy,0.0,50.0,7.5794,0
SN_001087,LOT_001,7.4271,8.0448,8.2211,8.2281,0,healthy,0.0,50.0,7.5794,0
SN_001088,LOT_001,7.9915,8.7772,9.2002,9.5044,0,healthy,0.0,50.0,7.5794,0
SN_001089,LOT_001,7.8207,8.3247,8.557,8.6141,0,healthy,0.0,50.0,7.5794,0
SN_001090,LOT_001,8.0997,8.4105,8.5267,8.6097,0,healthy,0.0,50.0,7.5794,0
SN_001091,LOT_001,8.2575,8.4752,8.5835,8.7232,0,healthy,0.0,50.0,7.5794,0
SN_001092,LOT_001,6.4519,7.0045,7.1885,7.1662,0,healthy,0.0,50.0,7.5794,0
SN_001093,LOT_001,7.3452,8.3612,8.5128,8.6278,0,healthy,0.0,50.0,7.5794,0
SN_001094,LOT_001,7.4014,8.3127,8.6106,8.8233,0,healthy,0.0,50.0,7.5794,0
SN_001095,LOT_001,9.3282,9.9768,10.0812,10.1925,0,healthy,0.0,50.0,7.5794,0
SN_001096,LOT_001,7.5947,7.889,8.0067,7.9666,0,healthy,0.0,50.0,7.5794,0
SN_001097,LOT_001,7.7684,8.4166,8.5417,8.7415,0,healthy,0.0,50.0,7.5794,0
SN_001098,LOT_001,8.2485,8.6711,8.8072,8.7959,0,healthy,0.0,50.0,7.5794,0
SN_001099,LOT_001,6.2347,6.7276,6.8264,7.0062,0,healthy,0.0,50.0,7.5794,0
SN_001100,LOT_001,6.3185,6.5414,6.6413,6.7796,0,healthy,0.0,50.0,7.5794,0
SN_001101,LOT_001,8.963,9.5777,9.961,10.2443,0,healthy,0.0,50.0,7.5794,0
SN_001102,LOT_001,21.3278,21.8351,23.2219,24.8437,1,subtle_in_spec,0.1256,50.0,7.5794,0
SN_001103,LOT_001,6.894,7.6051,8.0456,8.1114,0,healthy,0.0,50.0,7.5794,0
SN_001104,LOT_001,6.9474,7.5129,7.8062,7.9111,0,healthy,0.0,50.0,7.5794,0
SN_001105,LOT_001,7.9051,8.4424,8.7947,8.7943,0,healthy,0.0,50.0,7.5794,0
SN_001106,LOT_001,7.3824,8.0134,8.2794,8.2582,0,healthy,0.0,50.0,7.5794,0
SN_001107,LOT_001,6.79,6.9999,7.1973,7.2593,0,healthy,0.0,50.0,7.5794,0
SN_001108,LOT_001,9.3839,10.8688,10.8446,11.0789,0,healthy,0.0,50.0,7.5794,0
SN_001109,LOT_001,8.4585,9.0547,9.0864,9.1945,0,healthy,0.0,50.0,7.5794,0
SN_001110,LOT_001,7.0896,7.3253,7.3831,7.42,0,healthy,0.0,50.0,7.5794,0
SN_001111,LOT_001,9.6022,10.6243,11.1149,11.3229,0,healthy,0.0,50.0,7.5794,0
SN_001112,LOT_001,9.5692,10.2081,10.2891,10.4383,0,healthy,0.0,50.0,7.5794,0
SN_001113,LOT_001,7.7114,8.3607,8.6683,8.6604,0,healthy,0.0,50.0,7.5794,0
SN_001114,LOT_001,8.383,9.1276,9.5279,9.6204,0,healthy,0.0,50.0,7.5794,0
SN_001115,LOT_001,6.9882,7.7026,7.9649,7.9355,0,healthy,0.0,50.0,7.5794,0
SN_001116,LOT_001,8.561,9.1602,9.3667,9.3416,0,healthy,0.0,50.0,7.5794,0
SN_001117,LOT_001,8.1361,9.0878,9.3552,9.4267,0,healthy,0.0,50.0,7.5794,0
SN_001118,LOT_001,6.9805,7.4267,7.5641,7.6862,0,healthy,0.0,50.0,7.5794,0
SN_001119,LOT_001,6.6096,7.4952,7.7848,7.8352,0,healthy,0.0,50.0,7.5794,0
SN_001120,LOT_001,7.5255,7.6793,7.8477,7.9368,0,healthy,0.0,50.0,7.5794,0
SN_001121,LOT_001,8.4916,8.8654,9.0123,9.0023,0,healthy,0.0,50.0,7.5794,0
SN_001122,LOT_001,7.2082,7.48,7.6189,7.6956,0,healthy,0.0,50.0,7.5794,0
SN_001123,LOT_001,9.0677,9.4145,9.7014,9.7786,0,healthy,0.0,50.0,7.5794,0
SN_001124,LOT_001,7.5636,8.3258,8.6303,8.837,0,healthy,0.0,50.0,7.5794,0
SN_001125,LOT_001,7.2714,7.8152,8.1025,8.1078,0,healthy,0.0,50.0,7.5794,0
SN_001126,LOT_001,7.9166,8.5659,8.833,9.0101,0,healthy,0.0,50.0,7.5794,0
SN_001127,LOT_001,6.5502,6.9784,7.1927,7.0914,0,healthy,0.0,50.0,7.5794,0
SN_001128,LOT_001,7.5958,8.3329,8.7659,8.7707,0,healthy,0.0,50.0,7.5794,0
SN_001129,LOT_001,6.6412,7.4196,7.5737,7.6593,0,healthy,0.0,50.0,7.5794,0
SN_001130,LOT_001,6.9815,7.8179,8.0161,8.2251,0,healthy,0.0,50.0,7.5794,0
SN_001131,LOT_001,5.7763,6.1281,6.23,6.3345,0,healthy,0.0,50.0,7.5794,0
SN_001132,LOT_001,8.3134,8.4587,8.676,8.8682,0,healthy,0.0,50.0,7.5794,0
SN_001133,LOT_001,8.0379,8.7873,9.2721,9.5733,0,healthy,0.0,50.0,7.5794,0
SN_001134,LOT_001,10.0287,10.7618,10.8881,11.0624,0,healthy,0.0,50.0,7.5794,0
SN_001135,LOT_001,7.5641,8.4895,8.7893,8.9882,0,healthy,0.0,50.0,7.5794,0
SN_001136,LOT_001,7.0708,7.4335,7.6593,7.6885,0,healthy,0.0,50.0,7.5794,0
SN_001137,LOT_001,6.2914,6.7085,6.9831,7.0275,0,healthy,0.0,50.0,7.5794,0
SN_001138,LOT_001,7.4485,7.8968,7.9302,8.1319,0,healthy,0.0,50.0,7.5794,0
SN_001139,LOT_001,6.3728,6.799,6.9068,6.8814,0,healthy,0.0,50.0,7.5794,0
SN_001140,LOT_001,7.9058,8.4946,8.6062,8.6452,0,healthy,0.0,50.0,7.5794,0
SN_001141,LOT_001,8.3659,9.2853,9.7198,9.8465,0,healthy,0.0,50.0,7.5794,0
SN_001142,LOT_001,8.4403,8.8771,9.1879,9.2157,0,healthy,0.0,50.0,7.5794,0
SN_001143,LOT_001,7.7938,8.4293,8.8289,8.8861,0,healthy,0.0,50.0,7.5794,0
SN_001144,LOT_001,7.6086,8.6363,8.8483,9.1658,0,healthy,0.0,50.0,7.5794,0
SN_001145,LOT_001,6.0465,6.2248,6.3763,6.5461,0,healthy,0.0,50.0,7.5794,0
SN_001146,LOT_001,6.5624,7.2751,7.6203,7.7509,0,healthy,0.0,50.0,7.5794,0
SN_001147,LOT_001,8.5728,9.3529,9.6139,9.778,0,healthy,0.0,50.0,7.5794,0
SN_001148,LOT_001,6.8711,7.1795,7.3206,7.3123,0,healthy,0.0,50.0,7.5794,0
SN_001149,LOT_001,7.8809,8.5427,8.9236,9.1605,0,healthy,0.0,50.0,7.5794,0
SN_001150,LOT_001,7.1778,7.6299,7.8575,8.0362,0,healthy,0.0,50.0,7.5794,0
SN_001151,LOT_001,7.476,8.093,8.6294,8.7172,0,healthy,0.0,50.0,7.5794,0
SN_001152,LOT_001,7.1363,7.9694,8.0243,8.2443,0,healthy,0.0,50.0,7.5794,0
SN_001153,LOT_001,7.7465,8.6601,8.8864,8.9102,0,healthy,0.0,50.0,7.5794,0
SN_001154,LOT_001,5.919,6.3497,6.4036,6.4537,0,healthy,0.0,50.0,7.5794,0
SN_001155,LOT_001,7.2009,7.9189,8.3176,8.637,0,healthy,0.0,50.0,7.5794,0
SN_001156,LOT_001,5.7508,6.0274,6.1777,6.2522,0,healthy,0.0,50.0,7.5794,0
SN_001157,LOT_001,9.1099,9.645,9.8303,9.9286,0,healthy,0.0,50.0,7.5794,0
SN_001158,LOT_001,6.5933,7.0301,7.3295,7.4124,0,healthy,0.0,50.0,7.5794,0
SN_001159,LOT_001,6.1528,6.477,6.598,6.695,0,healthy,0.0,50.0,7.5794,0
SN_001160,LOT_001,6.7926,7.7277,8.0004,8.1605,0,healthy,0.0,50.0,7.5794,0
SN_001161,LOT_001,8.0304,8.607,8.8564,8.6698,0,healthy,0.0,50.0,7.5794,0
SN_001162,LOT_001,6.7321,7.0742,7.2212,7.2456,0,healthy,0.0,50.0,7.5794,0
SN_001163,LOT_001,7.4358,8.1635,8.3405,8.4655,0,healthy,0.0,50.0,7.5794,0
SN_001164,LOT_001,7.312,8.2828,8.5823,8.7447,0,healthy,0.0,50.0,7.5794,0
SN_001165,LOT_001,6.8569,7.3102,7.4936,7.5038,0,healthy,0.0,50.0,7.5794,0
SN_001166,LOT_001,6.8002,7.3735,7.6026,7.6772,0,healthy,0.0,50.0,7.5794,0
SN_001167,LOT_001,7.2712,7.9855,8.2629,8.4519,0,healthy,0.0,50.0,7.5794,0
SN_001168,LOT_001,6.4606,6.9076,7.0867,7.1628,0,healthy,0.0,50.0,7.5794,0
SN_001169,LOT_001,8.6376,9.5418,9.8944,9.9249,0,healthy,0.0,50.0,7.5794,0
SN_001170,LOT_001,6.9165,7.393,7.7748,7.8525,0,healthy,0.0,50.0,7.5794,0
SN_001171,LOT_001,7.6611,8.5174,8.5605,8.852,0,healthy,0.0,50.0,7.5794,0
SN_001172,LOT_001,7.1639,8.0169,8.3567,8.5386,0,healthy,0.0,50.0,7.5794,0
SN_001173,LOT_001,7.4475,8.4955,8.8126,8.9198,0,healthy,0.0,50.0,7.5794,0
SN_001174,LOT_001,7.9304,9.0877,9.4097,9.4874,0,healthy,0.0,50.0,7.5794,0
SN_001175,LOT_001,8.6263,9.6026,10.0462,10.3988,0,healthy,0.0,50.0,7.5794,0
SN_001176,LOT_001,10.1937,10.7222,10.9682,11.1699,0,healthy,0.0,50.0,7.5794,0
SN_001177,LOT_001,7.3671,8.0991,8.3387,8.5994,0,healthy,0.0,50.0,7.5794,0
SN_001178,LOT_001,8.1256,8.4554,8.6879,8.5947,0,healthy,0.0,50.0,7.5794,0
SN_001179,LOT_001,9.8623,10.3533,10.6938,10.7327,0,healthy,0.0,50.0,7.5794,0
SN_001180,LOT_001,6.3915,6.7675,6.9987,6.9585,0,healthy,0.0,50.0,7.5794,0
SN_001181,LOT_001,7.6476,8.3662,8.5848,8.6226,0,healthy,0.0,50.0,7.5794,0
SN_001182,LOT_001,7.5714,8.4656,8.5786,8.8666,0,healthy,0.0,50.0,7.5794,0
SN_001183,LOT_001,8.5522,9.278,9.4409,9.4684,0,healthy,0.0,50.0,7.5794,0
SN_001184,LOT_001,8.7823,9.0696,9.2624,9.1838,0,healthy,0.0,50.0,7.5794,0
SN_001185,LOT_001,6.8619,7.4142,7.5798,7.6415,0,healthy,0.0,50.0,7.5794,0
SN_001186,LOT_001,6.5516,6.9871,7.0748,7.1935,0,healthy,0.0,50.0,7.5794,0
SN_001187,LOT_001,6.8526,7.3688,7.7453,7.7306,0,healthy,0.0,50.0,7.5794,0
SN_001188,LOT_001,7.4159,8.2378,8.5108,8.5703,0,healthy,0.0,50.0,7.5794,0
SN_001189,LOT_001,6.5383,6.9577,6.984,7.0522,0,healthy,0.0,50.0,7.5794,0
SN_001190,LOT_001,7.6593,8.2241,8.7236,8.8334,0,healthy,0.0,50.0,7.5794,0
SN_001191,LOT_001,7.1534,8.0252,8.1782,8.4564,0,healthy,0.0,50.0,7.5794,0
SN_001192,LOT_001,8.9198,9.3551,9.4194,9.3787,0,healthy,0.0,50.0,7.5794,0
SN_001193,LOT_001,7.729,8.5114,8.7412,8.8355,0,healthy,0.0,50.0,7.5794,0
SN_001194,LOT_001,7.3206,7.8488,7.8346,7.9161,0,healthy,0.0,50.0,7.5794,0
SN_001195,LOT_001,8.5527,8.8235,8.9745,9.0885,0,healthy,0.0,50.0,7.5794,0
SN_001196,LOT_001,8.5349,8.8994,9.0335,9.3251,0,healthy,0.0,50.0,7.5794,0
SN_001197,LOT_001,7.5453,8.2865,8.5054,8.7116,0,healthy,0.0,50.0,7.5794,0
SN_001198,LOT_001,7.5325,8.4076,8.6349,8.7546,0,healthy,0.0,50.0,7.5794,0
SN_001199,LOT_001,8.4411,9.005,9.1884,9.1581,0,healthy,0.0,50.0,7.5794,0
SN_001200,LOT_001,7.741,8.2576,8.5755,8.5478,0,healthy,0.0,50.0,7.5794,0
SN_001201,LOT_001,7.8082,8.0769,8.126,8.2621,0,healthy,0.0,50.0,7.5794,0
SN_001202,LOT_001,8.2575,8.9338,9.0638,9.1427,0,healthy,0.0,50.0,7.5794,0
SN_001203,LOT_001,7.026,7.3356,7.4578,7.4652,0,healthy,0.0,50.0,7.5794,0
SN_001204,LOT_001,6.7999,7.0263,7.109,7.2733,0,healthy,0.0,50.0,7.5794,0
SN_001205,LOT_001,8.8285,9.7407,10.111,10.2716,0,healthy,0.0,50.0,7.5794,0
SN_001206,LOT_001,9.8681,10.9673,11.1177,11.1685,0,healthy,0.0,50.0,7.5794,0
SN_001207,LOT_001,7.2199,7.9292,8.1294,8.4103,0,healthy,0.0,50.0,7.5794,0
SN_001208,LOT_001,7.6836,7.9642,8.0531,8.0337,0,healthy,0.0,50.0,7.5794,0
SN_001209,LOT_001,7.0254,8.0744,8.263,8.4041,0,healthy,0.0,50.0,7.5794,0
SN_001210,LOT_001,6.1587,6.4971,6.5724,6.6392,0,healthy,0.0,50.0,7.5794,0
SN_001211,LOT_001,8.0053,8.7633,9.1621,9.3104,0,healthy,0.0,50.0,7.5794,0
SN_001212,LOT_001,8.6662,9.0923,9.5669,9.5306,0,healthy,0.0,50.0,7.5794,0
SN_001213,LOT_001,7.3954,7.8295,7.9829,8.1669,0,healthy,0.0,50.0,7.5794,0
SN_001214,LOT_001,8.6618,9.3989,9.572,9.6705,0,healthy,0.0,50.0,7.5794,0
SN_001215,LOT_001,6.7506,7.1401,7.2335,7.3555,0,healthy,0.0,50.0,7.5794,0
SN_001216,LOT_001,6.7196,6.9681,7.2554,7.1969,0,healthy,0.0,50.0,7.5794,0
SN_001217,LOT_001,6.5356,7.144,7.3106,7.3602,0,healthy,0.0,50.0,7.5794,0
SN_001218,LOT_001,8.1612,8.9417,9.4303,9.4214,0,healthy,0.0,50.0,7.5794,0
SN_001219,LOT_001,6.6885,7.3319,7.7194,7.8905,0,healthy,0.0,50.0,7.5794,0
SN_001220,LOT_001,8.1753,8.4881,8.5993,8.7086,0,healthy,0.0,50.0,7.5794,0
SN_001221,LOT_001,7.2626,7.9985,8.1803,8.2801,0,healthy,0.0,50.0,7.5794,0
SN_001222,LOT_001,8.1702,8.5366,8.706,8.9626,0,healthy,0.0,50.0,7.5794,0
SN_001223,LOT_001,8.1218,8.3937,8.548,8.591,0,healthy,0.0,50.0,7.5794,0
SN_001224,LOT_001,7.2289,7.904,8.2997,8.5964,0,healthy,0.0,50.0,7.5794,0
SN_001225,LOT_001,8.62,9.4429,9.8042,10.0417,0,healthy,0.0,50.0,7.5794,0
SN_001226,LOT_001,5.4228,5.6777,5.9711,5.9711,0,healthy,0.0,50.0,7.5794,0
SN_001227,LOT_001,6.9379,7.2507,7.2554,7.4808,0,healthy,0.0,50.0,7.5794,0
SN_001228,LOT_001,6.7109,7.4238,7.9159,8.0129,0,healthy,0.0,50.0,7.5794,0
SN_001229,LOT_001,7.5829,8.255,8.4576,8.7513,0,healthy,0.0,50.0,7.5794,0
SN_001230,LOT_001,6.5373,7.308,7.5616,7.5797,0,healthy,0.0,50.0,7.5794,0
SN_001231,LOT_001,8.2085,8.7264,8.769,9.0082,0,healthy,0.0,50.0,7.5794,0
SN_001232,LOT_001,6.7128,7.2703,7.5989,7.8662,0,healthy,0.0,50.0,7.5794,0
SN_001233,LOT_001,6.9702,7.4209,7.4812,7.556,0,healthy,0.0,50.0,7.5794,0
SN_001234,LOT_001,7.9042,8.6302,8.9118,9.1705,0,healthy,0.0,50.0,7.5794,0
SN_001235,LOT_001,7.1396,7.8775,7.999,8.1025,0,healthy,0.0,50.0,7.5794,0
SN_001236,LOT_001,6.7894,7.3517,7.6463,7.7651,0,healthy,0.0,50.0,7.5794,0
SN_001237,LOT_001,7.5957,8.3522,8.7296,8.9355,0,healthy,0.0,50.0,7.5794,0
SN_001238,LOT_001,8.529,8.8291,8.9217,8.9663,0,healthy,0.0,50.0,7.5794,0
SN_001239,LOT_001,6.2436,6.6688,6.8343,6.8513,0,healthy,0.0,50.0,7.5794,0
SN_001240,LOT_001,6.0347,6.5019,6.6641,6.6942,0,healthy,0.0,50.0,7.5794,0
SN_001241,LOT_001,7.0996,7.3965,7.7013,7.6203,0,healthy,0.0,50.0,7.5794,0
SN_001242,LOT_001,9.1284,10.0457,10.4128,10.5249,0,healthy,0.0,50.0,7.5794,0
SN_001243,LOT_001,10.6528,11.3602,11.5773,11.8012,0,healthy,0.0,50.0,7.5794,0
SN_001244,LOT_001,7.0626,7.6195,7.8794,7.9612,0,healthy,0.0,50.0,7.5794,0
SN_001245,LOT_001,8.287,8.824,8.9194,8.8964,0,healthy,0.0,50.0,7.5794,0
SN_001246,LOT_001,6.695,7.3382,7.4247,7.3712,0,healthy,0.0,50.0,7.5794,0
SN_001247,LOT_001,7.7778,8.0598,8.0426,8.2265,0,healthy,0.0,50.0,7.5794,0
SN_001248,LOT_001,6.2113,6.6085,6.8442,6.8838,0,healthy,0.0,50.0,7.5794,0
SN_001249,LOT_001,7.6895,8.3019,8.5329,8.6522,0,healthy,0.0,50.0,7.5794,0
SN_001250,LOT_001,7.2394,7.5467,7.6969,7.8784,0,healthy,0.0,50.0,7.5794,0
SN_001251,LOT_001,6.7378,7.2726,7.4631,7.5425,0,healthy,0.0,50.0,7.5794,0
SN_001252,LOT_001,7.9128,8.3185,8.4945,8.6301,0,healthy,0.0,50.0,7.5794,0
SN_001253,LOT_001,7.2148,7.5636,7.7359,7.7954,0,healthy,0.0,50.0,7.5794,0
SN_001254,LOT_001,7.0612,7.36,7.4089,7.4299,0,healthy,0.0,50.0,7.5794,0
SN_001255,LOT_001,7.479,8.2233,8.4695,8.4441,0,healthy,0.0,50.0,7.5794,0
SN_001256,LOT_001,9.1658,9.652,9.8357,9.7742,0,healthy,0.0,50.0,7.5794,0
SN_001257,LOT_001,8.7141,9.2553,9.5826,9.7246,0,healthy,0.0,50.0,7.5794,0
SN_001258,LOT_001,7.8034,8.7815,9.0056,9.0177,0,healthy,0.0,50.0,7.5794,0
SN_001259,LOT_001,7.6356,7.8858,8.032,7.9934,0,healthy,0.0,50.0,7.5794,0
SN_001260,LOT_001,8.077,8.5181,8.7321,8.841,0,healthy,0.0,50.0,7.5794,0
SN_001261,LOT_001,6.0935,6.7878,7.0032,7.1963,0,healthy,0.0,50.0,7.5794,0
SN_001262,LOT_001,6.0882,6.7391,6.9155,6.9213,0,healthy,0.0,50.0,7.5794,0
SN_001263,LOT_001,7.1028,7.3236,7.6612,7.4721,0,healthy,0.0,50.0,7.5794,0
SN_001264,LOT_001,8.6474,9.0626,9.367,9.3503,0,healthy,0.0,50.0,7.5794,0
SN_001265,LOT_001,8.724,9.2923,9.5339,9.7641,0,healthy,0.0,50.0,7.5794,0
SN_001266,LOT_001,9.4935,10.4795,10.8395,11.2212,0,healthy,0.0,50.0,7.5794,0
SN_001267,LOT_001,7.4377,8.0773,8.4805,8.587,0,healthy,0.0,50.0,7.5794,0
SN_001268,LOT_001,8.7866,9.2561,9.4252,9.3945,0,healthy,0.0,50.0,7.5794,0
SN_001269,LOT_001,8.1224,8.9467,9.142,9.2435,0,healthy,0.0,50.0,7.5794,0
SN_001270,LOT_001,7.2683,7.9494,8.0828,8.2935,0,healthy,0.0,50.0,7.5794,0
SN_001271,LOT_001,7.7659,8.436,8.7226,8.801,0,healthy,0.0,50.0,7.5794,0
SN_001272,LOT_001,7.2102,7.5964,7.5823,7.7586,0,healthy,0.0,50.0,7.5794,0
SN_001273,LOT_001,7.1539,7.4039,7.57,7.5767,0,healthy,0.0,50.0,7.5794,0
SN_001274,LOT_001,7.3086,7.7749,7.9071,7.981,0,healthy,0.0,50.0,7.5794,0
SN_001275,LOT_001,8.1281,8.4871,8.6641,8.7632,0,healthy,0.0,50.0,7.5794,0
SN_001276,LOT_001,6.6758,7.1124,7.2658,7.3646,0,healthy,0.0,50.0,7.5794,0
SN_001277,LOT_001,7.6924,8.2788,8.4541,8.6612,0,healthy,0.0,50.0,7.5794,0
SN_001278,LOT_001,7.5634,8.4757,8.7021,8.8948,0,healthy,0.0,50.0,7.5794,0
SN_001279,LOT_001,7.0071,7.2777,7.4218,7.3913,0,healthy,0.0,50.0,7.5794,0
SN_001280,LOT_001,7.2559,7.6547,7.7653,7.776,0,healthy,0.0,50.0,7.5794,0
SN_001281,LOT_001,8.5489,9.2656,9.4186,9.6805,0,healthy,0.0,50.0,7.5794,0
SN_001282,LOT_001,7.043,7.8939,8.0508,8.1581,0,healthy,0.0,50.0,7.5794,0
SN_001283,LOT_001,6.9232,7.77,7.9134,8.0468,0,healthy,0.0,50.0,7.5794,0
SN_001284,LOT_001,9.2213,9.887,10.06,10.1658,0,healthy,0.0,50.0,7.5794,0
SN_001285,LOT_001,7.538,7.9403,8.091,8.204,0,healthy,0.0,50.0,7.5794,0
SN_001286,LOT_001,8.0742,8.7586,9.1609,9.1934,0,healthy,0.0,50.0,7.5794,0
SN_001287,LOT_001,7.6096,8.2412,8.5137,8.4553,0,healthy,0.0,50.0,7.5794,0
SN_001288,LOT_001,9.2468,10.3607,10.8108,10.9106,0,healthy,0.0,50.0,7.5794,0
SN_001289,LOT_001,6.6851,7.1798,7.2721,7.2647,0,healthy,0.0,50.0,7.5794,0
SN_001290,LOT_001,7.7862,8.7759,9.0362,9.1499,0,healthy,0.0,50.0,7.5794,0
SN_001291,LOT_001,8.1427,8.4574,8.5593,8.6758,0,healthy,0.0,50.0,7.5794,0
SN_001292,LOT_001,7.0064,7.6263,7.769,7.9463,0,healthy,0.0,50.0,7.5794,0
SN_001293,LOT_001,7.7089,8.4543,8.7236,8.8133,0,healthy,0.0,50.0,7.5794,0
SN_001294,LOT_001,6.923,7.3309,7.3947,7.4717,0,healthy,0.0,50.0,7.5794,0
SN_001295,LOT_001,9.3833,9.841,9.8343,10.0575,0,healthy,0.0,50.0,7.5794,0
SN_001296,LOT_001,7.9708,8.5718,8.8769,9.1238,0,healthy,0.0,50.0,7.5794,0
SN_001297,LOT_001,8.5683,8.9192,8.9951,9.0525,0,healthy,0.0,50.0,7.5794,0
SN_001298,LOT_001,8.259,8.8447,9.1024,9.2396,0,healthy,0.0,50.0,7.5794,0
SN_001299,LOT_001,7.6305,7.9833,8.1969,8.3527,0,healthy,0.0,50.0,7.5794,0
SN_001300,LOT_001,8.582,9.002,9.3644,9.4409,0,healthy,0.0,50.0,7.5794,0
SN_001301,LOT_001,6.443,6.8782,6.9656,7.1113,0,healthy,0.0,50.0,7.5794,0
SN_001302,LOT_001,6.9652,7.8413,8.159,8.257,0,healthy,0.0,50.0,7.5794,0
SN_001303,LOT_001,6.9437,7.4071,7.6255,7.7003,0,healthy,0.0,50.0,7.5794,0
SN_001304,LOT_001,7.237,7.5211,7.5341,7.6759,0,healthy,0.0,50.0,7.5794,0
SN_001305,LOT_001,6.4628,7.0229,7.1695,7.3308,0,healthy,0.0,50.0,7.5794,0
SN_001306,LOT_001,6.8436,7.0564,7.2092,7.2992,0,healthy,0.0,50.0,7.5794,0
SN_001307,LOT_001,8.2689,8.6079,8.8191,8.7554,0,healthy,0.0,50.0,7.5794,0
SN_001308,LOT_001,6.7393,7.6504,7.9126,7.9872,0,healthy,0.0,50.0,7.5794,0
SN_001309,LOT_001,8.8799,9.6261,9.8673,9.9694,0,healthy,0.0,50.0,7.5794,0
SN_001310,LOT_001,10.0359,10.6468,10.9155,11.0848,0,healthy,0.0,50.0,7.5794,0
SN_001311,LOT_001,7.8864,8.7969,9.1299,9.3409,0,healthy,0.0,50.0,7.5794,0
SN_001312,LOT_001,8.7688,9.5343,9.7613,9.7409,0,healthy,0.0,50.0,7.5794,0
SN_001313,LOT_001,7.4328,7.729,7.8589,7.957,0,healthy,0.0,50.0,7.5794,0
SN_001314,LOT_001,7.6607,8.4319,8.6361,8.854,0,healthy,0.0,50.0,7.5794,0
SN_001315,LOT_001,7.2308,7.6502,7.8697,7.8427,0,healthy,0.0,50.0,7.5794,0
SN_001316,LOT_001,7.8298,8.8217,9.0845,9.3063,0,healthy,0.0,50.0,7.5794,0
SN_001317,LOT_001,6.4017,6.8,6.861,6.9784,0,healthy,0.0,50.0,7.5794,0
SN_001318,LOT_001,8.1757,8.952,9.2755,9.6391,0,healthy,0.0,50.0,7.5794,0
SN_001319,LOT_001,6.6843,7.4138,7.8377,8.1075,0,healthy,0.0,50.0,7.5794,0
SN_001320,LOT_001,5.9218,6.1244,6.1994,6.2007,0,healthy,0.0,50.0,7.5794,0
SN_001321,LOT_001,8.6438,9.7503,10.1356,10.2626,0,healthy,0.0,50.0,7.5794,0
SN_001322,LOT_001,8.221,8.7603,8.9657,9.0039,0,healthy,0.0,50.0,7.5794,0
SN_001323,LOT_001,7.675,8.5325,8.8919,8.7528,0,healthy,0.0,50.0,7.5794,0
SN_001324,LOT_001,9.4028,9.9901,10.4886,10.4429,0,healthy,0.0,50.0,7.5794,0
SN_001325,LOT_001,8.3456,8.9744,9.1961,9.4765,0,healthy,0.0,50.0,7.5794,0
SN_001326,LOT_001,7.6371,7.906,8.1514,8.2804,0,healthy,0.0,50.0,7.5794,0
SN_001327,LOT_001,7.5578,7.9691,7.962,8.2226,0,healthy,0.0,50.0,7.5794,0
SN_001328,LOT_001,7.6824,8.5384,8.8013,9.0013,0,healthy,0.0,50.0,7.5794,0
SN_001329,LOT_001,7.5823,8.5122,8.9054,9.0391,0,healthy,0.0,50.0,7.5794,0
SN_001330,LOT_001,5.8201,6.0047,6.0221,6.1163,0,healthy,0.0,50.0,7.5794,0
SN_001331,LOT_001,6.568,6.8693,6.9233,6.9736,0,healthy,0.0,50.0,7.5794,0
SN_001332,LOT_001,8.3296,9.121,9.472,9.4399,0,healthy,0.0,50.0,7.5794,0
SN_001333,LOT_001,7.3525,8.0394,8.341,8.5104,0,healthy,0.0,50.0,7.5794,0
SN_001334,LOT_001,6.999,7.3787,7.6204,7.6565,0,healthy,0.0,50.0,7.5794,0
SN_001335,LOT_001,7.1715,8.0139,8.2498,8.5484,0,healthy,0.0,50.0,7.5794,0
SN_001336,LOT_001,6.9308,7.2097,7.4267,7.5247,0,healthy,0.0,50.0,7.5794,0
SN_001337,LOT_001,7.9702,8.3765,8.3297,8.4026,0,healthy,0.0,50.0,7.5794,0
SN_001338,LOT_001,8.7299,9.2184,9.4786,9.6635,0,healthy,0.0,50.0,7.5794,0
SN_001339,LOT_001,7.12,7.3295,7.6063,7.4857,0,healthy,0.0,50.0,7.5794,0
SN_001340,LOT_001,6.9728,7.4812,7.7254,7.6272,0,healthy,0.0,50.0,7.5794,0
SN_001341,LOT_001,6.7735,7.0731,7.2687,7.3015,0,healthy,0.0,50.0,7.5794,0
SN_001342,LOT_001,8.6302,9.5923,9.8955,9.7995,0,healthy,0.0,50.0,7.5794,0
SN_001343,LOT_001,8.1948,8.6093,8.6238,8.7276,0,healthy,0.0,50.0,7.5794,0
SN_001344,LOT_001,7.228,7.652,7.8008,7.9325,0,healthy,0.0,50.0,7.5794,0
SN_001345,LOT_001,9.0038,10.146,10.5597,10.668,0,healthy,0.0,50.0,7.5794,0
SN_001346,LOT_001,6.9117,7.4534,7.7599,7.8125,0,healthy,0.0,50.0,7.5794,0
SN_001347,LOT_001,7.2046,7.8199,8.0619,8.233,0,healthy,0.0,50.0,7.5794,0
SN_001348,LOT_001,7.7642,8.1192,8.3126,8.2957,0,healthy,0.0,50.0,7.5794,0
SN_001349,LOT_001,7.5054,8.5249,8.7761,9.0749,0,healthy,0.0,50.0,7.5794,0
SN_001350,LOT_001,7.1804,7.9361,8.0669,8.1499,0,healthy,0.0,50.0,7.5794,0
SN_001351,LOT_001,7.9861,8.9532,9.2619,9.3777,0,healthy,0.0,50.0,7.5794,0
SN_001352,LOT_001,6.2248,6.6045,6.6915,6.6697,0,healthy,0.0,50.0,7.5794,0
SN_001353,LOT_001,7.2771,8.1316,8.4039,8.3745,0,healthy,0.0,50.0,7.5794,0
SN_001354,LOT_001,8.1219,9.0572,9.4739,9.7077,0,healthy,0.0,50.0,7.5794,0
SN_001355,LOT_001,5.7882,6.1962,6.39,6.4394,0,healthy,0.0,50.0,7.5794,0
SN_001356,LOT_001,7.2791,8.1481,8.3683,8.5397,0,healthy,0.0,50.0,7.5794,0
SN_001357,LOT_001,6.4118,6.8078,6.9354,7.0634,0,healthy,0.0,50.0,7.5794,0
SN_001358,LOT_001,7.5561,7.8469,7.8896,7.9286,0,healthy,0.0,50.0,7.5794,0
SN_001359,LOT_001,7.0434,7.5537,7.5726,7.6397,0,healthy,0.0,50.0,7.5794,0
SN_001360,LOT_001,6.1111,6.504,6.6564,6.7381,0,healthy,0.0,50.0,7.5794,0
SN_001361,LOT_001,8.3126,8.8298,9.2073,9.3157,0,healthy,0.0,50.0,7.5794,0
SN_001362,LOT_001,8.7506,9.3082,9.2992,9.4034,0,healthy,0.0,50.0,7.5794,0
SN_001363,LOT_001,8.2284,8.5371,8.7122,8.8021,0,healthy,0.0,50.0,7.5794,0
SN_001364,LOT_001,8.4687,9.4548,9.8183,10.0183,0,healthy,0.0,50.0,7.5794,0
SN_001365,LOT_001,7.4074,7.6863,7.8866,7.7322,0,healthy,0.0,50.0,7.5794,0
SN_001366,LOT_001,6.7239,6.9444,7.0902,7.1071,0,healthy,0.0,50.0,7.5794,0
SN_001367,LOT_001,8.5613,9.3015,9.6826,9.8873,0,healthy,0.0,50.0,7.5794,0
SN_001368,LOT_001,7.7787,8.3772,8.5821,8.6705,0,healthy,0.0,50.0,7.5794,0
SN_001369,LOT_001,9.0456,10.2174,10.4964,10.6933,0,healthy,0.0,50.0,7.5794,0
SN_001370,LOT_001,9.6128,10.0135,10.1203,10.1952,0,healthy,0.0,50.0,7.5794,0
SN_001371,LOT_001,8.837,9.6659,10.1783,10.4335,0,healthy,0.0,50.0,7.5794,0
SN_001372,LOT_001,6.8209,7.6251,7.76,7.9084,0,healthy,0.0,50.0,7.5794,0
SN_001373,LOT_001,7.3178,7.5406,7.7092,7.8174,0,healthy,0.0,50.0,7.5794,0
SN_001374,LOT_001,7.288,7.5991,7.7194,7.6954,0,healthy,0.0,50.0,7.5794,0
SN_001375,LOT_001,7.7668,8.0805,8.179,8.2333,0,healthy,0.0,50.0,7.5794,0
SN_001376,LOT_001,7.45,8.4235,8.612,8.7082,0,healthy,0.0,50.0,7.5794,0
SN_001377,LOT_001,7.1535,7.9702,8.2629,8.4321,0,healthy,0.0,50.0,7.5794,0
SN_001378,LOT_001,6.9384,7.8447,8.1245,8.2014,0,healthy,0.0,50.0,7.5794,0
SN_001379,LOT_001,31.2637,32.8005,37.885,42.5272,1,subtle_in_spec,0.6499,50.0,7.5794,0
SN_001380,LOT_001,7.2467,7.7242,7.7425,7.8972,0,healthy,0.0,50.0,7.5794,0
SN_001381,LOT_001,7.2092,7.8738,8.063,8.0916,0,healthy,0.0,50.0,7.5794,0
SN_001382,LOT_001,8.2329,8.9455,9.2634,9.5011,0,healthy,0.0,50.0,7.5794,0
SN_001383,LOT_001,9.632,10.5091,10.9073,11.0627,0,healthy,0.0,50.0,7.5794,0
SN_001384,LOT_001,7.4499,7.7911,7.7452,7.8542,0,healthy,0.0,50.0,7.5794,0
SN_001385,LOT_001,6.8435,7.0445,7.1318,7.2094,0,healthy,0.0,50.0,7.5794,0
SN_001386,LOT_001,6.8802,7.5981,7.6459,7.8294,0,healthy,0.0,50.0,7.5794,0
SN_001387,LOT_001,7.7796,8.6873,8.8554,9.0225,0,healthy,0.0,50.0,7.5794,0
SN_001388,LOT_001,6.472,6.8724,7.0442,7.0385,0,healthy,0.0,50.0,7.5794,0
SN_001389,LOT_001,7.4158,7.717,7.8487,7.8743,0,healthy,0.0,50.0,7.5794,0
SN_001390,LOT_001,7.0245,7.9364,8.093,8.1904,0,healthy,0.0,50.0,7.5794,0
SN_001391,LOT_001,7.3915,7.9631,8.281,8.3763,0,healthy,0.0,50.0,7.5794,0
SN_001392,LOT_001,7.6059,8.4355,8.7556,8.8953,0,healthy,0.0,50.0,7.5794,0
SN_001393,LOT_001,7.663,8.139,8.4145,8.5281,0,healthy,0.0,50.0,7.5794,0
SN_001394,LOT_001,7.2157,8.116,8.4566,8.5106,0,healthy,0.0,50.0,7.5794,0
SN_001395,LOT_001,7.1556,7.3781,7.5039,7.57,0,healthy,0.0,50.0,7.5794,0
SN_001396,LOT_001,6.9571,7.339,7.3997,7.5445,0,healthy,0.0,50.0,7.5794,0
SN_001397,LOT_002,17.8336,19.9212,20.5972,20.9614,0,healthy,0.0,50.0,14.5215,0
SN_001398,LOT_002,13.8956,15.052,15.0592,15.2352,0,healthy,0.0,50.0,14.5215,0
SN_001399,LOT_002,11.7649,12.4248,12.7099,12.7474,0,healthy,0.0,50.0,14.5215,0
SN_001400,LOT_002,13.7068,14.3803,14.6098,14.7051,0,healthy,0.0,50.0,14.5215,0
SN_001401,LOT_002,15.2427,15.7872,15.9938,16.2405,0,healthy,0.0,50.0,14.5215,0
SN_001402,LOT_002,15.0498,16.5262,17.2722,17.7002,0,healthy,0.0,50.0,14.5215,0
SN_001403,LOT_002,14.5038,15.5914,15.8676,15.8488,0,healthy,0.0,50.0,14.5215,0
SN_001404,LOT_002,14.306,14.6627,14.9732,15.3593,0,healthy,0.0,50.0,14.5215,0
SN_001405,LOT_002,15.9206,16.5109,16.9398,17.2119,0,healthy,0.0,50.0,14.5215,0
SN_001406,LOT_002,14.561,15.7611,16.301,16.2142,0,healthy,0.0,50.0,14.5215,0
SN_001407,LOT_002,15.3338,17.1606,17.7055,17.9757,0,healthy,0.0,50.0,14.5215,0
SN_001408,LOT_002,12.1906,12.8752,13.1026,13.1272,0,healthy,0.0,50.0,14.5215,0
SN_001409,LOT_002,12.9155,14.7737,15.3114,15.6057,0,healthy,0.0,50.0,14.5215,0
SN_001410,LOT_002,16.9115,19.0343,19.594,19.9738,0,healthy,0.0,50.0,14.5215,0
SN_001411,LOT_002,14.7347,16.2488,16.9132,17.4585,0,healthy,0.0,50.0,14.5215,0
SN_001412,LOT_002,13.8866,14.9057,15.2296,15.6147,0,healthy,0.0,50.0,14.5215,0
SN_001413,LOT_002,14.0407,23.4352,27.4601,27.3935,1,mobile_ion,0.3074,50.0,14.5215,0
SN_001414,LOT_002,16.9039,17.99,18.5118,18.5168,0,healthy,0.0,50.0,14.5215,0
SN_001415,LOT_002,13.8963,15.1607,15.6049,15.6688,0,healthy,0.0,50.0,14.5215,0
SN_001416,LOT_002,12.7348,13.8278,14.5174,14.4913,0,healthy,0.0,50.0,14.5215,0
SN_001417,LOT_002,15.5187,16.6821,17.6283,17.7465,0,healthy,0.0,50.0,14.5215,0
SN_001418,LOT_002,14.037,15.5294,15.9673,15.8101,0,healthy,0.0,50.0,14.5215,0
SN_001419,LOT_002,19.0612,21.1992,22.2342,22.3297,0,healthy,0.0,50.0,14.5215,0
SN_001420,LOT_002,13.3429,14.7204,15.0134,15.2336,0,healthy,0.0,50.0,14.5215,0
SN_001421,LOT_002,13.9954,14.9672,15.3437,15.5891,0,healthy,0.0,50.0,14.5215,0
SN_001422,LOT_002,15.1453,17.394,17.7142,18.1331,0,healthy,0.0,50.0,14.5215,0
SN_001423,LOT_002,14.2865,15.4259,15.7899,15.5789,0,healthy,0.0,50.0,14.5215,0
SN_001424,LOT_002,15.5016,16.0228,16.2611,16.3065,0,healthy,0.0,50.0,14.5215,0
SN_001425,LOT_002,12.9933,14.7547,15.368,15.5966,0,healthy,0.0,50.0,14.5215,0
SN_001426,LOT_002,14.677,15.62,15.9242,16.1998,0,healthy,0.0,50.0,14.5215,0
SN_001427,LOT_002,14.0268,14.524,14.9472,15.045,0,healthy,0.0,50.0,14.5215,0
SN_001428,LOT_002,12.6317,13.8495,14.0399,14.0866,0,healthy,0.0,50.0,14.5215,0
SN_001429,LOT_002,12.0552,12.4185,12.6965,12.7614,0,healthy,0.0,50.0,14.5215,0
SN_001430,LOT_002,12.4369,13.4801,13.7982,13.6036,0,healthy,0.0,50.0,14.5215,0
SN_001431,LOT_002,15.2741,16.9678,17.4191,17.4264,0,healthy,0.0,50.0,14.5215,0
SN_001432,LOT_002,14.4615,15.1815,15.6101,15.6922,0,healthy,0.0,50.0,14.5215,0
SN_001433,LOT_002,13.5402,14.5321,14.8338,15.207,0,healthy,0.0,50.0,14.5215,0
SN_001434,LOT_002,13.0502,14.6237,15.2126,15.5335,0,healthy,0.0,50.0,14.5215,0
SN_001435,LOT_002,15.3187,17.0302,17.9345,18.0534,0,healthy,0.0,50.0,14.5215,0
SN_001436,LOT_002,14.7217,15.9988,16.7297,16.9378,0,healthy,0.0,50.0,14.5215,0
SN_001437,LOT_002,14.0116,15.2992,15.7615,15.9643,0,healthy,0.0,50.0,14.5215,0
SN_001438,LOT_002,14.9299,16.7835,17.185,17.9856,0,healthy,0.0,50.0,14.5215,0
SN_001439,LOT_002,18.7575,20.1942,21.1322,21.4502,0,healthy,0.0,50.0,14.5215,0
SN_001440,LOT_002,14.9696,16.0084,16.1362,16.2263,0,healthy,0.0,50.0,14.5215,0
SN_001441,LOT_002,13.2401,14.3784,14.7607,15.0352,0,healthy,0.0,50.0,14.5215,0
SN_001442,LOT_002,16.7927,18.4061,18.6597,19.5894,0,healthy,0.0,50.0,14.5215,0
SN_001443,LOT_002,11.4938,12.2388,12.3039,12.5017,0,healthy,0.0,50.0,14.5215,0
SN_001444,LOT_002,14.2086,15.089,15.1062,15.3235,0,healthy,0.0,50.0,14.5215,0
SN_001445,LOT_002,15.3211,16.5875,16.9961,17.3067,0,healthy,0.0,50.0,14.5215,0
SN_001446,LOT_002,14.1843,15.8313,16.3202,16.5353,0,healthy,0.0,50.0,14.5215,0
SN_001447,LOT_002,12.2423,13.2317,13.7068,13.6696,0,healthy,0.0,50.0,14.5215,0
SN_001448,LOT_002,12.1891,12.6276,12.7717,12.8263,0,healthy,0.0,50.0,14.5215,0
SN_001449,LOT_002,13.8842,14.922,15.3037,15.3898,0,healthy,0.0,50.0,14.5215,0
SN_001450,LOT_002,16.7909,19.0059,19.7778,20.069,0,healthy,0.0,50.0,14.5215,0
SN_001451,LOT_002,13.3976,13.9074,14.284,14.7167,0,healthy,0.0,50.0,14.5215,0
SN_001452,LOT_002,17.449,18.2508,18.2213,18.5256,0,healthy,0.0,50.0,14.5215,0
SN_001453,LOT_002,15.0617,15.7163,15.9183,16.1731,0,healthy,0.0,50.0,14.5215,0
SN_001454,LOT_002,14.9147,16.3868,16.8297,17.245,0,healthy,0.0,50.0,14.5215,0
SN_001455,LOT_002,14.3457,15.3021,15.5305,15.8949,0,healthy,0.0,50.0,14.5215,0
SN_001456,LOT_002,14.0577,14.6532,14.9121,14.8959,0,healthy,0.0,50.0,14.5215,0
SN_001457,LOT_002,17.9007,19.3904,19.5141,19.9279,0,healthy,0.0,50.0,14.5215,0
SN_001458,LOT_002,19.2335,21.1923,22.3005,23.0735,0,healthy,0.0,50.0,14.5215,0
SN_001459,LOT_002,15.8459,17.2221,18.0609,18.142,0,healthy,0.0,50.0,14.5215,0
SN_001460,LOT_002,13.849,15.5459,15.9607,16.4732,0,healthy,0.0,50.0,14.5215,0
SN_001461,LOT_002,14.388,14.7518,15.1676,14.9417,0,healthy,0.0,50.0,14.5215,0
SN_001462,LOT_002,13.5514,15.2533,15.7937,16.0197,0,healthy,0.0,50.0,14.5215,0
SN_001463,LOT_002,13.5131,15.3505,16.0581,16.1875,0,healthy,0.0,50.0,14.5215,0
SN_001464,LOT_002,14.5398,16.0174,16.5989,16.9697,0,healthy,0.0,50.0,14.5215,0
SN_001465,LOT_002,13.7146,15.2612,15.8463,16.2991,0,healthy,0.0,50.0,14.5215,0
SN_001466,LOT_002,12.3175,12.7063,13.0646,13.109,0,healthy,0.0,50.0,14.5215,0
SN_001467,LOT_002,14.1892,15.9113,16.526,16.8111,0,healthy,0.0,50.0,14.5215,0
SN_001468,LOT_002,16.7347,17.6049,17.6503,17.8376,0,healthy,0.0,50.0,14.5215,0
SN_001469,LOT_002,13.1932,13.8388,14.0972,14.1687,0,healthy,0.0,50.0,14.5215,0
SN_001470,LOT_002,16.4444,18.1161,18.8709,19.0741,0,healthy,0.0,50.0,14.5215,0
SN_001471,LOT_002,16.499,18.6189,19.129,19.3365,0,healthy,0.0,50.0,14.5215,0
SN_001472,LOT_002,15.7939,16.7773,17.3178,17.4932,0,healthy,0.0,50.0,14.5215,0
SN_001473,LOT_002,13.3647,14.1143,14.3598,14.8419,0,healthy,0.0,50.0,14.5215,0
SN_001474,LOT_002,11.4557,13.1578,13.6014,13.9481,0,healthy,0.0,50.0,14.5215,0
SN_001475,LOT_002,16.0797,18.0959,18.9786,19.2953,0,healthy,0.0,50.0,14.5215,0
SN_001476,LOT_002,13.6597,15.1086,15.3691,15.7729,0,healthy,0.0,50.0,14.5215,0
SN_001477,LOT_002,12.643,23.8962,25.8932,25.8357,1,mobile_ion,0.3661,50.0,14.5215,0
SN_001478,LOT_002,12.5508,13.0699,13.1858,13.3055,0,healthy,0.0,50.0,14.5215,0
SN_001479,LOT_002,13.9747,15.4541,16.0559,16.2244,0,healthy,0.0,50.0,14.5215,0
SN_001480,LOT_002,13.3458,14.7153,15.2781,15.7662,0,healthy,0.0,50.0,14.5215,0
SN_001481,LOT_002,12.504,18.2663,20.6143,20.7452,1,mobile_ion,0.1595,50.0,14.5215,0
SN_001482,LOT_002,12.6025,13.6114,13.7288,14.2159,0,healthy,0.0,50.0,14.5215,0
SN_001483,LOT_002,17.1589,17.8821,18.1276,18.2338,0,healthy,0.0,50.0,14.5215,0
SN_001484,LOT_002,17.1814,18.483,18.8118,19.0802,0,healthy,0.0,50.0,14.5215,0
SN_001485,LOT_002,14.2399,15.2004,15.7766,16.0973,0,healthy,0.0,50.0,14.5215,0
SN_001486,LOT_002,15.0529,16.8821,17.4842,17.6889,0,healthy,0.0,50.0,14.5215,0
SN_001487,LOT_002,14.1565,15.8519,16.5075,16.7925,0,healthy,0.0,50.0,14.5215,0
SN_001488,LOT_002,16.6292,18.5565,19.2693,19.3006,0,healthy,0.0,50.0,14.5215,0
SN_001489,LOT_002,12.4142,13.4478,13.7295,13.8662,0,healthy,0.0,50.0,14.5215,0
SN_001490,LOT_002,12.6951,13.2915,13.3721,13.554,0,healthy,0.0,50.0,14.5215,0
SN_001491,LOT_002,14.3285,14.8186,14.9779,15.3832,0,healthy,0.0,50.0,14.5215,0
SN_001492,LOT_002,15.6014,16.7957,17.0017,17.4177,0,healthy,0.0,50.0,14.5215,0
SN_001493,LOT_002,13.1204,14.3444,14.5425,14.8819,0,healthy,0.0,50.0,14.5215,0
SN_001494,LOT_002,16.9977,18.0282,18.3383,18.4044,0,healthy,0.0,50.0,14.5215,0
SN_001495,LOT_002,13.4599,13.9465,14.6072,14.4383,0,healthy,0.0,50.0,14.5215,0
SN_001496,LOT_002,12.3768,13.9933,14.4971,14.7455,0,healthy,0.0,50.0,14.5215,0
SN_001497,LOT_002,16.4291,18.099,18.7689,18.7588,0,healthy,0.0,50.0,14.5215,0
SN_001498,LOT_002,13.7605,15.3642,15.7827,16.1196,0,healthy,0.0,50.0,14.5215,0
SN_001499,LOT_002,13.7079,15.3953,15.6786,16.2793,0,healthy,0.0,50.0,14.5215,0
SN_001500,LOT_002,13.8074,15.2961,15.8817,16.2054,0,healthy,0.0,50.0,14.5215,0
SN_001501,LOT_002,14.2108,14.7191,14.6621,14.9732,0,healthy,0.0,50.0,14.5215,0
SN_001502,LOT_002,15.1629,16.4611,16.9992,17.4002,0,healthy,0.0,50.0,14.5215,0
SN_001503,LOT_002,15.7718,17.9045,18.5059,18.6159,0,healthy,0.0,50.0,14.5215,0
SN_001504,LOT_002,14.2514,15.6404,16.1943,16.4255,0,healthy,0.0,50.0,14.5215,0
SN_001505,LOT_002,17.8953,19.7418,20.2704,20.1757,0,healthy,0.0,50.0,14.5215,0
SN_001506,LOT_002,15.4398,16.9659,17.6781,18.1766,0,healthy,0.0,50.0,14.5215,0
SN_001507,LOT_002,12.2723,12.7954,13.0946,13.1565,0,healthy,0.0,50.0,14.5215,0
SN_001508,LOT_002,14.223,15.2294,15.6307,15.4072,0,healthy,0.0,50.0,14.5215,0
SN_001509,LOT_002,14.2072,14.6448,14.8428,14.9275,0,healthy,0.0,50.0,14.5215,0
SN_001510,LOT_002,12.124,13.5941,14.1926,14.5253,0,healthy,0.0,50.0,14.5215,0
SN_001511,LOT_002,14.2869,14.7656,15.2558,15.1781,0,healthy,0.0,50.0,14.5215,0
SN_001512,LOT_002,14.4175,15.3608,16.0041,16.1694,0,healthy,0.0,50.0,14.5215,0
SN_001513,LOT_002,16.2846,17.0276,17.3264,17.2205,0,healthy,0.0,50.0,14.5215,0
SN_001514,LOT_002,13.8326,15.0109,15.7503,15.6528,0,healthy,0.0,50.0,14.5215,0
SN_001515,LOT_002,13.4585,14.9899,15.3957,15.7881,0,healthy,0.0,50.0,14.5215,0
SN_001516,LOT_002,14.7634,15.9289,16.2655,16.4828,0,healthy,0.0,50.0,14.5215,0
SN_001517,LOT_002,16.3327,16.8809,17.2371,17.476,0,healthy,0.0,50.0,14.5215,0
SN_001518,LOT_002,13.2772,14.1588,14.0632,14.1277,0,healthy,0.0,50.0,14.5215,0
SN_001519,LOT_002,17.9032,19.195,20.1571,21.0214,0,healthy,0.0,50.0,14.5215,0
SN_001520,LOT_002,14.3949,14.8984,15.251,15.3037,0,healthy,0.0,50.0,14.5215,0
SN_001521,LOT_002,15.5129,17.0314,17.6994,18.1675,0,healthy,0.0,50.0,14.5215,0
SN_001522,LOT_002,11.2327,12.2044,12.6278,12.8734,0,healthy,0.0,50.0,14.5215,0
SN_001523,LOT_002,15.2496,16.5627,17.3259,17.5162,0,healthy,0.0,50.0,14.5215,0
SN_001524,LOT_002,11.9689,13.1666,13.6133,13.4949,0,healthy,0.0,50.0,14.5215,0
SN_001525,LOT_002,16.2097,17.2067,17.6098,18.2247,0,healthy,0.0,50.0,14.5215,0
SN_001526,LOT_002,16.0184,16.8431,16.9883,16.9667,0,healthy,0.0,50.0,14.5215,0
SN_001527,LOT_002,13.4283,14.519,15.2251,15.3459,0,healthy,0.0,50.0,14.5215,0
SN_001528,LOT_002,14.1603,15.5429,15.6086,16.0055,0,healthy,0.0,50.0,14.5215,0
SN_001529,LOT_002,13.5103,15.0393,15.8078,16.1461,0,healthy,0.0,50.0,14.5215,0
SN_001530,LOT_002,13.679,14.6429,15.1731,15.1324,0,healthy,0.0,50.0,14.5215,0
SN_001531,LOT_002,14.8597,15.951,16.8441,17.1897,0,healthy,0.0,50.0,14.5215,0
SN_001532,LOT_002,15.4013,16.9725,17.8754,18.2224,0,healthy,0.0,50.0,14.5215,0
SN_001533,LOT_002,15.8494,16.7058,17.0336,17.0341,0,healthy,0.0,50.0,14.5215,0
SN_001534,LOT_002,15.5456,17.0992,17.2494,17.6922,0,healthy,0.0,50.0,14.5215,0
SN_001535,LOT_002,17.472,18.2016,18.6324,18.6745,0,healthy,0.0,50.0,14.5215,0
SN_001536,LOT_002,13.4133,14.7577,15.4497,15.4314,0,healthy,0.0,50.0,14.5215,0
SN_001537,LOT_002,13.8422,14.4448,14.9388,15.0065,0,healthy,0.0,50.0,14.5215,0
SN_001538,LOT_002,14.5821,15.2928,15.3727,15.5594,0,healthy,0.0,50.0,14.5215,0
SN_001539,LOT_002,16.2249,18.1449,18.7925,19.2914,0,healthy,0.0,50.0,14.5215,0
SN_001540,LOT_002,15.4759,16.147,16.0768,16.5051,0,healthy,0.0,50.0,14.5215,0
SN_001541,LOT_002,14.9347,16.0701,16.5925,16.8018,0,healthy,0.0,50.0,14.5215,0
SN_001542,LOT_002,13.8435,15.6536,15.9506,16.0759,0,healthy,0.0,50.0,14.5215,0
SN_001543,LOT_002,12.7714,13.2489,13.6293,13.6669,0,healthy,0.0,50.0,14.5215,0
SN_001544,LOT_002,15.0465,16.5443,17.2,17.6699,0,healthy,0.0,50.0,14.5215,0
SN_001545,LOT_002,17.3306,19.8193,20.4802,20.4768,0,healthy,0.0,50.0,14.5215,0
SN_001546,LOT_002,14.3145,15.3636,16.4219,16.5047,0,healthy,0.0,50.0,14.5215,0
SN_001547,LOT_002,12.8575,14.415,14.6957,14.685,0,healthy,0.0,50.0,14.5215,0
SN_001548,LOT_002,13.8262,14.529,14.9333,14.9458,0,healthy,0.0,50.0,14.5215,0
SN_001549,LOT_002,15.7829,16.845,17.0286,17.1244,0,healthy,0.0,50.0,14.5215,0
SN_001550,LOT_002,14.3173,15.3302,15.6675,16.2198,0,healthy,0.0,50.0,14.5215,0
SN_001551,LOT_002,14.5932,15.7215,15.7393,16.1159,0,healthy,0.0,50.0,14.5215,0
SN_001552,LOT_002,12.619,13.9399,14.3791,14.7827,0,healthy,0.0,50.0,14.5215,0
SN_001553,LOT_002,14.694,15.8256,15.9153,16.3211,0,healthy,0.0,50.0,14.5215,0
SN_001554,LOT_002,16.8984,18.1951,18.6435,18.6052,0,healthy,0.0,50.0,14.5215,0
SN_001555,LOT_002,12.0187,12.5227,12.9387,13.0887,0,healthy,0.0,50.0,14.5215,0
SN_001556,LOT_002,14.4022,15.6756,16.0962,16.437,0,healthy,0.0,50.0,14.5215,0
SN_001557,LOT_002,14.6032,15.5403,15.9042,15.9338,0,healthy,0.0,50.0,14.5215,0
SN_001558,LOT_002,13.6611,14.482,14.6848,14.9238,0,healthy,0.0,50.0,14.5215,0
SN_001559,LOT_002,14.1967,16.0284,16.3625,16.7378,0,healthy,0.0,50.0,14.5215,0
SN_001560,LOT_002,14.0188,14.3079,19.467,32.5859,1,tddb_dielectric,0.2658,50.0,14.5215,0
SN_001561,LOT_002,13.0859,14.5312,14.7212,14.8084,0,healthy,0.0,50.0,14.5215,0
SN_001562,LOT_002,13.2723,14.2995,15.1875,15.516,0,healthy,0.0,50.0,14.5215,0
SN_001563,LOT_002,13.4991,14.3449,14.5695,15.067,0,healthy,0.0,50.0,14.5215,0
SN_001564,LOT_002,13.5625,15.1991,15.6374,15.9289,0,healthy,0.0,50.0,14.5215,0
SN_001565,LOT_002,17.033,18.8507,18.963,19.4491,0,healthy,0.0,50.0,14.5215,0
SN_001566,LOT_002,14.3974,16.2091,16.8221,17.1869,0,healthy,0.0,50.0,14.5215,0
SN_001567,LOT_002,16.14,16.9023,16.7151,17.0074,0,healthy,0.0,50.0,14.5215,0
SN_001568,LOT_002,15.8929,17.6776,18.2493,18.7035,0,healthy,0.0,50.0,14.5215,0
SN_001569,LOT_002,13.8677,15.4076,16.3285,16.4245,0,healthy,0.0,50.0,14.5215,0
SN_001570,LOT_002,14.3767,15.6697,15.7863,16.2683,0,healthy,0.0,50.0,14.5215,0
SN_001571,LOT_002,15.0197,15.4391,15.6434,15.7382,0,healthy,0.0,50.0,14.5215,0
SN_001572,LOT_002,14.5368,15.2192,15.866,15.7718,0,healthy,0.0,50.0,14.5215,0
SN_001573,LOT_002,14.9578,16.2208,16.6976,16.9746,0,healthy,0.0,50.0,14.5215,0
SN_001574,LOT_002,14.354,15.54,16.0885,16.2028,0,healthy,0.0,50.0,14.5215,0
SN_001575,LOT_002,15.3436,16.435,16.7641,17.0575,0,healthy,0.0,50.0,14.5215,0
SN_001576,LOT_002,14.7268,15.6141,15.7038,15.9119,0,healthy,0.0,50.0,14.5215,0
SN_001577,LOT_002,14.9042,16.1677,16.5407,16.8505,0,healthy,0.0,50.0,14.5215,0
SN_001578,LOT_002,12.1096,12.8839,13.2501,13.5709,0,healthy,0.0,50.0,14.5215,0
SN_001579,LOT_002,14.6651,16.3006,16.6181,16.7656,0,healthy,0.0,50.0,14.5215,0
SN_001580,LOT_002,16.5962,17.5891,17.7629,18.1905,0,healthy,0.0,50.0,14.5215,0
SN_001581,LOT_002,11.9394,13.2228,13.8846,14.1441,0,healthy,0.0,50.0,14.5215,0
SN_001582,LOT_002,13.3748,14.133,14.339,14.6407,0,healthy,0.0,50.0,14.5215,0
SN_001583,LOT_002,16.3273,18.2055,18.9529,19.3599,0,healthy,0.0,50.0,14.5215,0
SN_001584,LOT_002,14.8581,16.5539,17.0058,17.6232,0,healthy,0.0,50.0,14.5215,0
SN_001585,LOT_002,16.8013,17.9424,18.4901,18.334,0,healthy,0.0,50.0,14.5215,0
SN_001586,LOT_002,12.6591,12.9456,13.2871,13.2865,0,healthy,0.0,50.0,14.5215,0
SN_001587,LOT_002,17.7228,19.9383,20.7969,21.1827,0,healthy,0.0,50.0,14.5215,0
SN_001588,LOT_002,15.0524,15.7072,16.2168,16.5525,0,healthy,0.0,50.0,14.5215,0
SN_001589,LOT_002,13.6359,14.7692,15.0937,15.1266,0,healthy,0.0,50.0,14.5215,0
SN_001590,LOT_002,15.8047,16.6162,16.7001,16.9401,0,healthy,0.0,50.0,14.5215,0
SN_001591,LOT_002,13.4339,14.703,15.0875,15.3756,0,healthy,0.0,50.0,14.5215,0
SN_001592,LOT_002,11.8377,12.2227,12.2013,12.4516,0,healthy,0.0,50.0,14.5215,0
SN_001593,LOT_002,13.9447,15.0941,15.317,15.7491,0,healthy,0.0,50.0,14.5215,0
SN_001594,LOT_002,12.1838,15.4128,17.2321,18.1478,1,nbti_ageing,0.1908,50.0,14.5215,0
SN_001595,LOT_002,15.0258,24.7574,25.7617,25.6043,1,mobile_ion,0.1985,50.0,14.5215,0
SN_001596,LOT_002,13.6014,15.0744,15.9263,16.365,0,healthy,0.0,50.0,14.5215,0
SN_001597,LOT_002,14.7805,18.2079,29.3982,40.0627,1,electromigration,0.3641,50.0,14.5215,0
SN_001598,LOT_002,20.1028,21.7819,22.2858,22.3906,0,healthy,0.0,50.0,14.5215,0
SN_001599,LOT_002,15.2249,16.6354,16.987,16.9744,0,healthy,0.0,50.0,14.5215,0
SN_001600,LOT_002,12.3045,13.5048,13.4745,13.5074,0,healthy,0.0,50.0,14.5215,0
SN_001601,LOT_002,16.8938,17.3459,17.8591,17.5916,0,healthy,0.0,50.0,14.5215,0
SN_001602,LOT_002,17.7553,18.4775,18.6286,18.5416,0,healthy,0.0,50.0,14.5215,0
SN_001603,LOT_002,16.0222,17.3265,17.6964,18.1991,0,healthy,0.0,50.0,14.5215,0
SN_001604,LOT_002,14.1383,15.8461,16.5695,17.0241,0,healthy,0.0,50.0,14.5215,0
SN_001605,LOT_002,16.4835,17.5947,18.4872,18.5861,0,healthy,0.0,50.0,14.5215,0
SN_001606,LOT_002,13.4549,14.7054,14.8714,15.0806,0,healthy,0.0,50.0,14.5215,0
SN_001607,LOT_002,14.4943,16.1456,16.4185,16.9504,0,healthy,0.0,50.0,14.5215,0
SN_001608,LOT_002,12.974,13.9425,13.8493,14.2195,0,healthy,0.0,50.0,14.5215,0
SN_001609,LOT_002,16.7582,17.2887,17.788,18.0503,0,healthy,0.0,50.0,14.5215,0
SN_001610,LOT_002,16.7607,18.3642,19.5911,20.1475,0,healthy,0.0,50.0,14.5215,0
SN_001611,LOT_002,12.9482,14.3009,15.0289,15.1346,0,healthy,0.0,50.0,14.5215,0
SN_001612,LOT_002,14.4726,16.1543,16.9398,17.5209,0,healthy,0.0,50.0,14.5215,0
SN_001613,LOT_002,16.1238,16.9681,17.1592,17.1575,0,healthy,0.0,50.0,14.5215,0
SN_001614,LOT_002,13.8285,14.3433,14.4734,14.6442,0,healthy,0.0,50.0,14.5215,0
SN_001615,LOT_002,14.2638,15.5813,16.1953,16.4935,0,healthy,0.0,50.0,14.5215,0
SN_001616,LOT_002,13.335,14.769,14.7949,15.0308,0,healthy,0.0,50.0,14.5215,0
SN_001617,LOT_002,9.4524,9.902,10.3559,10.2689,0,healthy,0.0,50.0,14.5215,0
SN_001618,LOT_002,14.707,15.4855,15.4268,15.6744,0,healthy,0.0,50.0,14.5215,0
SN_001619,LOT_002,12.7299,13.6114,13.9388,13.8213,0,healthy,0.0,50.0,14.5215,0
SN_001620,LOT_002,14.7883,15.2388,15.5121,15.6153,0,healthy,0.0,50.0,14.5215,0
SN_001621,LOT_002,16.3888,18.2411,19.0108,19.6256,0,healthy,0.0,50.0,14.5215,0
SN_001622,LOT_002,17.9713,19.9746,20.5095,20.9327,0,healthy,0.0,50.0,14.5215,0
SN_001623,LOT_002,16.645,17.2174,17.381,17.508,0,healthy,0.0,50.0,14.5215,0
SN_001624,LOT_002,17.367,19.2147,19.7768,19.9222,0,healthy,0.0,50.0,14.5215,0
SN_001625,LOT_002,14.6823,16.1728,16.7086,17.1623,0,healthy,0.0,50.0,14.5215,0
SN_001626,LOT_002,13.0268,13.6176,13.7103,13.937,0,healthy,0.0,50.0,14.5215,0
SN_001627,LOT_002,17.3933,19.3669,19.8781,20.34,0,healthy,0.0,50.0,14.5215,0
SN_001628,LOT_002,13.0767,13.6844,14.0101,14.2844,0,healthy,0.0,50.0,14.5215,0
SN_001629,LOT_002,14.1524,15.1,15.8928,15.7609,0,healthy,0.0,50.0,14.5215,0
SN_001630,LOT_002,15.8722,17.2534,17.9037,18.2229,0,healthy,0.0,50.0,14.5215,0
SN_001631,LOT_002,15.1801,16.0031,16.1267,16.1125,0,healthy,0.0,50.0,14.5215,0
SN_001632,LOT_002,14.947,16.6907,17.0741,17.4697,0,healthy,0.0,50.0,14.5215,0
SN_001633,LOT_002,16.8962,18.6619,19.1563,19.2846,0,healthy,0.0,50.0,14.5215,0
SN_001634,LOT_002,17.5273,18.9839,19.4365,19.8598,0,healthy,0.0,50.0,14.5215,0
SN_001635,LOT_002,12.5733,13.6907,14.196,14.4236,0,healthy,0.0,50.0,14.5215,0
SN_001636,LOT_002,13.7286,14.7829,14.9355,15.1045,0,healthy,0.0,50.0,14.5215,0
SN_001637,LOT_002,16.9355,18.3054,18.7131,19.1225,0,healthy,0.0,50.0,14.5215,0
SN_001638,LOT_002,15.9162,16.9356,17.1422,17.1862,0,healthy,0.0,50.0,14.5215,0
SN_001639,LOT_002,15.0561,15.8171,15.9062,16.1768,0,healthy,0.0,50.0,14.5215,0
SN_001640,LOT_002,14.7716,16.3809,16.7958,17.013,0,healthy,0.0,50.0,14.5215,0
SN_001641,LOT_002,13.0628,13.7383,13.6859,13.8755,0,healthy,0.0,50.0,14.5215,0
SN_001642,LOT_002,17.6171,18.3357,18.7272,18.6992,0,healthy,0.0,50.0,14.5215,0
SN_001643,LOT_002,14.302,15.2518,15.7822,15.852,0,healthy,0.0,50.0,14.5215,0
SN_001644,LOT_002,13.9964,15.8472,16.3694,16.6768,0,healthy,0.0,50.0,14.5215,0
SN_001645,LOT_002,14.1083,15.5001,16.0621,16.3278,0,healthy,0.0,50.0,14.5215,0
SN_001646,LOT_002,13.0571,13.9495,14.0896,13.9857,0,healthy,0.0,50.0,14.5215,0
SN_001647,LOT_002,15.4705,16.3853,16.6025,16.521,0,healthy,0.0,50.0,14.5215,0
SN_001648,LOT_002,15.5697,16.6229,16.4949,16.8503,0,healthy,0.0,50.0,14.5215,0
SN_001649,LOT_002,17.8004,19.3043,19.3708,19.3667,0,healthy,0.0,50.0,14.5215,0
SN_001650,LOT_002,14.3959,15.9806,16.7604,17.1136,0,healthy,0.0,50.0,14.5215,0
SN_001651,LOT_002,15.8429,17.9461,18.3353,18.8909,0,healthy,0.0,50.0,14.5215,0
SN_001652,LOT_002,13.9337,15.2,15.3716,15.5387,0,healthy,0.0,50.0,14.5215,0
SN_001653,LOT_003,6.9826,7.819,8.0186,8.1989,0,healthy,0.0,50.0,7.6987,0
SN_001654,LOT_003,8.0711,8.548,8.7111,8.6607,0,healthy,0.0,50.0,7.6987,0
SN_001655,LOT_003,8.1324,8.9927,9.3117,9.5536,0,healthy,0.0,50.0,7.6987,0
SN_001656,LOT_003,7.2194,7.5428,7.7981,7.8524,0,healthy,0.0,50.0,7.6987,0
SN_001657,LOT_003,6.6964,7.2265,7.4501,7.5409,0,healthy,0.0,50.0,7.6987,0
SN_001658,LOT_003,8.2302,8.9742,9.0937,8.9512,0,healthy,0.0,50.0,7.6987,0
SN_001659,LOT_003,7.9355,8.4303,8.6007,8.6325,0,healthy,0.0,50.0,7.6987,0
SN_001660,LOT_003,6.6427,7.4445,7.6106,7.6321,0,healthy,0.0,50.0,7.6987,0
SN_001661,LOT_003,7.3748,8.0888,8.3626,8.294,0,healthy,0.0,50.0,7.6987,0
SN_001662,LOT_003,7.5199,8.2496,8.5228,8.6356,0,healthy,0.0,50.0,7.6987,0
SN_001663,LOT_003,7.6109,8.1198,8.1613,8.2464,0,healthy,0.0,50.0,7.6987,0
SN_001664,LOT_003,7.6026,8.1402,8.6064,8.6864,0,healthy,0.0,50.0,7.6987,0
SN_001665,LOT_003,7.3517,7.865,8.109,8.1823,0,healthy,0.0,50.0,7.6987,0
SN_001666,LOT_003,8.2895,8.8824,9.1635,9.1584,0,healthy,0.0,50.0,7.6987,0
SN_001667,LOT_003,8.2974,9.0641,9.2367,9.5056,0,healthy,0.0,50.0,7.6987,0
SN_001668,LOT_003,6.8728,7.1482,7.2211,7.2238,0,healthy,0.0,50.0,7.6987,0
SN_001669,LOT_003,8.8277,9.5554,9.6003,9.9766,0,healthy,0.0,50.0,7.6987,0
SN_001670,LOT_003,7.0822,7.4737,7.6847,7.7099,0,healthy,0.0,50.0,7.6987,0
SN_001671,LOT_003,7.5699,7.9331,8.1287,8.2111,0,healthy,0.0,50.0,7.6987,0
SN_001672,LOT_003,7.4058,8.251,8.5203,8.6709,0,healthy,0.0,50.0,7.6987,0
SN_001673,LOT_003,8.3474,9.3495,9.6039,9.6107,0,healthy,0.0,50.0,7.6987,0
SN_001674,LOT_003,8.0503,8.9501,9.2847,9.4641,0,healthy,0.0,50.0,7.6987,0
SN_001675,LOT_003,7.8111,8.5763,8.8436,9.0015,0,healthy,0.0,50.0,7.6987,0
SN_001676,LOT_003,7.4851,8.1755,8.2805,8.2847,0,healthy,0.0,50.0,7.6987,0
SN_001677,LOT_003,8.3377,9.3121,9.437,9.5526,0,healthy,0.0,50.0,7.6987,0
SN_001678,LOT_003,8.1675,8.5831,8.7776,8.8661,0,healthy,0.0,50.0,7.6987,0
SN_001679,LOT_003,7.8224,8.8748,9.2002,9.3166,0,healthy,0.0,50.0,7.6987,0
SN_001680,LOT_003,7.7353,8.6514,9.149,9.1568,0,healthy,0.0,50.0,7.6987,0
SN_001681,LOT_003,7.6606,8.0911,8.3096,8.3434,0,healthy,0.0,50.0,7.6987,0
SN_001682,LOT_003,8.1223,9.1059,9.3464,9.5264,0,healthy,0.0,50.0,7.6987,0
SN_001683,LOT_003,7.6027,8.3916,8.8109,8.8693,0,healthy,0.0,50.0,7.6987,0
SN_001684,LOT_003,7.4948,8.0269,8.3135,8.4256,0,healthy,0.0,50.0,7.6987,0
SN_001685,LOT_003,7.9761,8.7332,9.0322,9.1873,0,healthy,0.0,50.0,7.6987,0
SN_001686,LOT_003,8.8326,9.5486,9.898,10.0493,0,healthy,0.0,50.0,7.6987,0
SN_001687,LOT_003,8.4191,9.4813,9.8337,9.9938,0,healthy,0.0,50.0,7.6987,0
SN_001688,LOT_003,8.3608,9.0841,9.4729,9.409,0,healthy,0.0,50.0,7.6987,0
SN_001689,LOT_003,6.8477,7.9295,8.1118,8.1352,0,healthy,0.0,50.0,7.6987,0
SN_001690,LOT_003,7.911,8.7531,8.8987,9.1138,0,healthy,0.0,50.0,7.6987,0
SN_001691,LOT_003,7.9703,8.2409,8.5879,8.5826,0,healthy,0.0,50.0,7.6987,0
SN_001692,LOT_003,7.4365,7.8137,8.3789,8.5127,0,healthy,0.0,50.0,7.6987,0
SN_001693,LOT_003,8.0042,8.2363,8.5341,8.5574,0,healthy,0.0,50.0,7.6987,0
SN_001694,LOT_003,8.7652,9.3963,9.7319,10.0364,0,healthy,0.0,50.0,7.6987,0
SN_001695,LOT_003,7.5563,7.8418,8.1618,7.9627,0,healthy,0.0,50.0,7.6987,0
SN_001696,LOT_003,8.3938,9.4814,9.772,10.071,0,healthy,0.0,50.0,7.6987,0
SN_001697,LOT_003,7.4994,8.3597,8.6757,8.786,0,healthy,0.0,50.0,7.6987,0
SN_001698,LOT_003,7.0117,8.022,8.3714,8.382,0,healthy,0.0,50.0,7.6987,0
SN_001699,LOT_003,7.4514,8.0909,8.2008,8.3621,0,healthy,0.0,50.0,7.6987,0
SN_001700,LOT_003,7.6891,8.5505,8.8705,9.106,0,healthy,0.0,50.0,7.6987,0
SN_001701,LOT_003,7.3592,7.9788,8.0236,8.0565,0,healthy,0.0,50.0,7.6987,0
SN_001702,LOT_003,7.0882,7.5543,7.8364,7.9409,0,healthy,0.0,50.0,7.6987,0
SN_001703,LOT_003,6.9485,7.8703,8.018,8.246,0,healthy,0.0,50.0,7.6987,0
SN_001704,LOT_003,6.9343,7.8417,7.8877,7.9446,0,healthy,0.0,50.0,7.6987,0
SN_001705,LOT_003,7.998,8.3302,8.5235,8.6839,0,healthy,0.0,50.0,7.6987,0
SN_001706,LOT_003,7.6197,8.467,8.7451,8.9511,0,healthy,0.0,50.0,7.6987,0
SN_001707,LOT_003,7.6368,7.921,8.1053,8.0895,0,healthy,0.0,50.0,7.6987,0
SN_001708,LOT_003,7.4581,8.0417,8.429,8.4994,0,healthy,0.0,50.0,7.6987,0
SN_001709,LOT_003,7.8762,8.6382,8.8857,9.0115,0,healthy,0.0,50.0,7.6987,0
SN_001710,LOT_003,8.0613,8.2646,8.5842,8.3809,0,healthy,0.0,50.0,7.6987,0
SN_001711,LOT_003,7.6501,8.4397,8.7535,8.8336,0,healthy,0.0,50.0,7.6987,0
SN_001712,LOT_003,6.8264,7.6824,7.9942,7.9559,0,healthy,0.0,50.0,7.6987,0
SN_001713,LOT_003,7.2444,7.8245,8.0531,7.9569,0,healthy,0.0,50.0,7.6987,0
SN_001714,LOT_003,7.4462,7.9517,8.069,8.2745,0,healthy,0.0,50.0,7.6987,0
SN_001715,LOT_003,7.6374,7.9602,8.2146,8.1807,0,healthy,0.0,50.0,7.6987,0
SN_001716,LOT_003,8.4533,9.3165,9.5755,9.6526,0,healthy,0.0,50.0,7.6987,0
SN_001717,LOT_003,7.5276,7.997,8.2403,8.2245,0,healthy,0.0,50.0,7.6987,0
SN_001718,LOT_003,6.7531,7.2115,7.5836,7.5137,0,healthy,0.0,50.0,7.6987,0
SN_001719,LOT_003,7.7261,8.2406,8.5356,8.6595,0,healthy,0.0,50.0,7.6987,0
SN_001720,LOT_003,8.6869,9.497,9.823,10.1267,0,healthy,0.0,50.0,7.6987,0
SN_001721,LOT_003,6.818,7.3709,7.5282,7.6033,0,healthy,0.0,50.0,7.6987,0
SN_001722,LOT_003,8.2668,9.3218,9.5284,9.7329,0,healthy,0.0,50.0,7.6987,0
SN_001723,LOT_003,7.7956,8.7584,8.9118,9.0867,0,healthy,0.0,50.0,7.6987,0
SN_001724,LOT_003,8.3348,8.6996,8.8284,9.0453,0,healthy,0.0,50.0,7.6987,0
SN_001725,LOT_003,8.4719,9.8157,10.0041,10.1495,0,healthy,0.0,50.0,7.6987,0
SN_001726,LOT_003,6.2925,6.8174,6.921,7.0701,0,healthy,0.0,50.0,7.6987,0
SN_001727,LOT_003,7.0485,7.4567,7.6898,7.7706,0,healthy,0.0,50.0,7.6987,0
SN_001728,LOT_003,7.7365,8.7137,9.1324,9.2115,0,healthy,0.0,50.0,7.6987,0
SN_001729,LOT_003,8.1705,8.4026,8.6827,8.7322,0,healthy,0.0,50.0,7.6987,0
SN_001730,LOT_003,8.9983,9.6605,9.9772,10.3283,0,healthy,0.0,50.0,7.6987,0
SN_001731,LOT_003,8.6698,9.6574,9.7784,10.0634,0,healthy,0.0,50.0,7.6987,0
SN_001732,LOT_003,8.2299,8.8484,9.2775,9.2798,0,healthy,0.0,50.0,7.6987,0
SN_001733,LOT_003,8.6795,9.8444,10.2127,10.3372,0,healthy,0.0,50.0,7.6987,0
SN_001734,LOT_003,6.739,7.2515,7.4717,7.6034,0,healthy,0.0,50.0,7.6987,0
SN_001735,LOT_003,7.8261,8.0673,8.211,8.3835,0,healthy,0.0,50.0,7.6987,0
SN_001736,LOT_003,7.3198,7.7946,8.0245,8.094,0,healthy,0.0,50.0,7.6987,0
SN_001737,LOT_003,6.9772,7.519,7.6906,7.9133,0,healthy,0.0,50.0,7.6987,0
SN_001738,LOT_003,7.9179,8.9829,9.2071,9.3948,0,healthy,0.0,50.0,7.6987,0
SN_001739,LOT_003,7.0944,7.4178,7.4872,7.4485,0,healthy,0.0,50.0,7.6987,0
SN_001740,LOT_003,7.4557,7.828,7.8834,7.8766,0,healthy,0.0,50.0,7.6987,0
SN_001741,LOT_003,7.8044,8.7106,8.825,8.942,0,healthy,0.0,50.0,7.6987,0
SN_001742,LOT_003,7.8275,8.5859,8.8614,8.8636,0,healthy,0.0,50.0,7.6987,0
SN_001743,LOT_003,8.2822,8.8627,8.9858,8.9452,0,healthy,0.0,50.0,7.6987,0
SN_001744,LOT_003,6.9647,7.8128,8.1263,8.2304,0,healthy,0.0,50.0,7.6987,0
SN_001745,LOT_003,7.2511,8.1157,8.2729,8.5978,0,healthy,0.0,50.0,7.6987,0
SN_001746,LOT_003,9.27,10.4702,10.8778,11.1259,0,healthy,0.0,50.0,7.6987,0
SN_001747,LOT_003,7.4217,7.8102,7.9647,8.0524,0,healthy,0.0,50.0,7.6987,0
SN_001748,LOT_003,7.7576,8.3606,8.4148,8.6151,0,healthy,0.0,50.0,7.6987,0
SN_001749,LOT_003,9.6927,10.5935,10.8881,11.1168,0,healthy,0.0,50.0,7.6987,0
SN_001750,LOT_003,8.7905,9.1708,9.2532,9.3779,0,healthy,0.0,50.0,7.6987,0
SN_001751,LOT_003,7.1914,7.4903,7.5303,7.7018,0,healthy,0.0,50.0,7.6987,0
SN_001752,LOT_003,7.4447,7.7551,8.1758,8.1679,0,healthy,0.0,50.0,7.6987,0
SN_001753,LOT_003,7.8047,8.3233,8.487,8.6674,0,healthy,0.0,50.0,7.6987,0
SN_001754,LOT_003,7.387,7.6152,7.7307,7.676,0,healthy,0.0,50.0,7.6987,0
SN_001755,LOT_003,7.0638,7.6168,7.7509,7.9404,0,healthy,0.0,50.0,7.6987,0
SN_001756,LOT_003,7.1174,7.4855,7.637,7.5832,0,healthy,0.0,50.0,7.6987,0
SN_001757,LOT_003,7.4886,8.2294,8.5654,8.6874,0,healthy,0.0,50.0,7.6987,0
SN_001758,LOT_003,8.4846,8.7607,8.9219,8.7902,0,healthy,0.0,50.0,7.6987,0
SN_001759,LOT_003,8.3823,9.0088,9.3397,9.408,0,healthy,0.0,50.0,7.6987,0
SN_001760,LOT_003,8.7435,9.1602,9.2071,9.4829,0,healthy,0.0,50.0,7.6987,0
SN_001761,LOT_003,7.6351,8.4903,8.7589,8.7765,0,healthy,0.0,50.0,7.6987,0
SN_001762,LOT_003,6.4445,6.7842,6.8145,6.8568,0,healthy,0.0,50.0,7.6987,0
SN_001763,LOT_003,7.5032,7.8331,8.112,8.1438,0,healthy,0.0,50.0,7.6987,0
SN_001764,LOT_003,6.985,7.7251,8.1121,8.3559,0,healthy,0.0,50.0,7.6987,0
SN_001765,LOT_003,7.4681,8.3558,8.621,8.8592,0,healthy,0.0,50.0,7.6987,0
SN_001766,LOT_003,7.7256,8.5914,8.837,8.8529,0,healthy,0.0,50.0,7.6987,0
SN_001767,LOT_003,8.231,8.5138,8.7348,8.7859,0,healthy,0.0,50.0,7.6987,0
SN_001768,LOT_003,8.6623,9.3588,9.7798,9.9641,0,healthy,0.0,50.0,7.6987,0
SN_001769,LOT_003,7.4799,7.8854,7.9645,8.0283,0,healthy,0.0,50.0,7.6987,0
SN_001770,LOT_003,7.9445,8.4335,8.5428,8.5389,0,healthy,0.0,50.0,7.6987,0
SN_001771,LOT_003,6.9649,7.174,7.3101,7.4281,0,healthy,0.0,50.0,7.6987,0
SN_001772,LOT_003,7.2116,7.5578,7.6919,7.7547,0,healthy,0.0,50.0,7.6987,0
SN_001773,LOT_003,8.5298,9.4404,9.6105,9.7125,0,healthy,0.0,50.0,7.6987,0
SN_001774,LOT_003,7.2374,8.0322,8.3661,8.5885,0,healthy,0.0,50.0,7.6987,0
SN_001775,LOT_003,7.9878,8.7149,8.8925,8.831,0,healthy,0.0,50.0,7.6987,0
SN_001776,LOT_003,7.6686,8.2166,8.1439,8.2592,0,healthy,0.0,50.0,7.6987,0
SN_001777,LOT_003,7.0567,8.0466,8.2595,8.3296,0,healthy,0.0,50.0,7.6987,0
SN_001778,LOT_003,7.5966,8.2683,8.3977,8.5251,0,healthy,0.0,50.0,7.6987,0
SN_001779,LOT_003,8.8454,9.6345,9.8331,10.0936,0,healthy,0.0,50.0,7.6987,0
SN_001780,LOT_003,8.7151,9.3512,9.7647,10.009,0,healthy,0.0,50.0,7.6987,0
SN_001781,LOT_003,6.8522,7.7488,8.0446,8.3172,0,healthy,0.0,50.0,7.6987,0
SN_001782,LOT_003,7.8726,8.675,8.828,8.9287,0,healthy,0.0,50.0,7.6987,0
SN_001783,LOT_003,8.0916,8.982,9.5354,9.5953,0,healthy,0.0,50.0,7.6987,0
SN_001784,LOT_003,7.5999,7.9229,8.2377,8.2869,0,healthy,0.0,50.0,7.6987,0
SN_001785,LOT_003,9.1491,10.0063,10.0966,10.3642,0,healthy,0.0,50.0,7.6987,0
SN_001786,LOT_003,7.6672,8.1724,8.4047,8.44,0,healthy,0.0,50.0,7.6987,0
SN_001787,LOT_003,9.5058,10.4436,10.7696,11.0246,0,healthy,0.0,50.0,7.6987,0
SN_001788,LOT_003,6.5959,6.8808,6.9505,7.0896,0,healthy,0.0,50.0,7.6987,0
SN_001789,LOT_003,8.0041,8.4959,8.5024,8.6877,0,healthy,0.0,50.0,7.6987,0
SN_001790,LOT_003,8.4051,9.0606,9.3358,9.4029,0,healthy,0.0,50.0,7.6987,0
SN_001791,LOT_003,8.4698,11.725,13.4806,14.6547,1,nbti_ageing,0.3478,50.0,7.6987,0
SN_001792,LOT_003,7.2343,7.847,7.934,8.0964,0,healthy,0.0,50.0,7.6987,0
SN_001793,LOT_003,7.3301,7.9447,7.9616,8.0514,0,healthy,0.0,50.0,7.6987,0
SN_001794,LOT_003,6.5496,7.0084,7.2993,7.4755,0,healthy,0.0,50.0,7.6987,0
SN_001795,LOT_003,6.4229,7.0932,7.4665,7.4746,0,healthy,0.0,50.0,7.6987,0
SN_001796,LOT_003,7.1693,7.6263,7.9718,8.1494,0,healthy,0.0,50.0,7.6987,0
SN_001797,LOT_003,7.1534,7.4939,7.6061,7.604,0,healthy,0.0,50.0,7.6987,0
SN_001798,LOT_003,7.1966,7.801,7.903,8.012,0,healthy,0.0,50.0,7.6987,0
SN_001799,LOT_003,8.2528,9.1452,9.3984,9.4608,0,healthy,0.0,50.0,7.6987,0
SN_001800,LOT_003,8.9563,9.5938,9.7942,10.2199,0,healthy,0.0,50.0,7.6987,0
SN_001801,LOT_003,7.4866,8.0021,8.1629,8.3231,0,healthy,0.0,50.0,7.6987,0
SN_001802,LOT_003,7.3239,8.1291,8.338,8.4794,0,healthy,0.0,50.0,7.6987,0
SN_001803,LOT_003,7.5801,7.9581,8.049,8.0981,0,healthy,0.0,50.0,7.6987,0
SN_001804,LOT_003,6.9807,7.6591,7.9743,8.1072,0,healthy,0.0,50.0,7.6987,0
SN_001805,LOT_003,7.7391,8.2557,8.2236,8.4496,0,healthy,0.0,50.0,7.6987,0
SN_001806,LOT_003,7.3951,7.8628,7.7657,7.987,0,healthy,0.0,50.0,7.6987,0
SN_001807,LOT_003,7.5336,7.8429,8.1119,8.2135,0,healthy,0.0,50.0,7.6987,0
SN_001808,LOT_003,9.1487,10.2499,10.5585,10.7408,0,healthy,0.0,50.0,7.6987,0
SN_001809,LOT_003,7.953,8.4574,8.6077,8.7099,0,healthy,0.0,50.0,7.6987,0
SN_001810,LOT_003,8.028,8.607,8.6099,8.6535,0,healthy,0.0,50.0,7.6987,0
SN_001811,LOT_003,8.1199,8.6597,8.7784,9.0847,0,healthy,0.0,50.0,7.6987,0
SN_001812,LOT_003,8.9547,9.2934,9.5251,9.4986,0,healthy,0.0,50.0,7.6987,0
SN_001813,LOT_003,8.1521,8.6771,8.8442,8.8387,0,healthy,0.0,50.0,7.6987,0
SN_001814,LOT_003,7.1469,7.6318,7.8952,8.0242,0,healthy,0.0,50.0,7.6987,0
SN_001815,LOT_003,7.7176,8.1499,8.4848,8.5364,0,healthy,0.0,50.0,7.6987,0
SN_001816,LOT_003,8.746,9.8062,10.0919,10.2,0,healthy,0.0,50.0,7.6987,0
SN_001817,LOT_003,8.0621,9.1829,9.3304,9.5035,0,healthy,0.0,50.0,7.6987,0
SN_001818,LOT_003,7.2373,7.595,7.5241,7.5105,0,healthy,0.0,50.0,7.6987,0
SN_001819,LOT_003,6.9867,7.5229,7.8383,8.0575,0,healthy,0.0,50.0,7.6987,0
SN_001820,LOT_003,8.2848,8.7025,8.8091,8.9703,0,healthy,0.0,50.0,7.6987,0
SN_001821,LOT_003,8.325,8.6912,8.8355,8.9546,0,healthy,0.0,50.0,7.6987,0
SN_001822,LOT_003,7.45,7.9013,7.9794,7.9844,0,healthy,0.0,50.0,7.6987,0
SN_001823,LOT_003,7.6488,7.8218,8.1014,8.0648,0,healthy,0.0,50.0,7.6987,0
SN_001824,LOT_003,7.5439,8.3109,8.6582,8.6869,0,healthy,0.0,50.0,7.6987,0
SN_001825,LOT_003,8.8745,9.8033,10.0043,10.2442,0,healthy,0.0,50.0,7.6987,0
SN_001826,LOT_003,7.4846,8.3128,8.6362,8.8334,0,healthy,0.0,50.0,7.6987,0
SN_001827,LOT_003,8.0559,8.7738,9.0175,9.1811,0,healthy,0.0,50.0,7.6987,0
SN_001828,LOT_003,7.3398,7.7332,8.0084,7.844,0,healthy,0.0,50.0,7.6987,0
SN_001829,LOT_003,8.1398,8.7943,9.0461,9.1507,0,healthy,0.0,50.0,7.6987,0
SN_001830,LOT_003,8.671,9.3149,9.339,9.4369,0,healthy,0.0,50.0,7.6987,0
SN_001831,LOT_003,7.8355,8.4621,8.5264,8.5705,0,healthy,0.0,50.0,7.6987,0
SN_001832,LOT_003,7.1111,7.5374,7.5597,7.8094,0,healthy,0.0,50.0,7.6987,0
SN_001833,LOT_003,7.8562,8.6098,8.7041,8.77,0,healthy,0.0,50.0,7.6987,0
SN_001834,LOT_003,7.7042,8.5396,8.9237,9.0189,0,healthy,0.0,50.0,7.6987,0
SN_001835,LOT_003,7.3189,8.2057,8.5343,8.6599,0,healthy,0.0,50.0,7.6987,0
SN_001836,LOT_003,8.4272,9.2304,9.7068,9.8074,0,healthy,0.0,50.0,7.6987,0
SN_001837,LOT_003,7.4484,8.0296,8.3789,8.4395,0,healthy,0.0,50.0,7.6987,0
SN_001838,LOT_003,7.7368,8.8903,8.9486,9.1828,0,healthy,0.0,50.0,7.6987,0
SN_001839,LOT_003,7.1365,7.9506,8.2298,8.3847,0,healthy,0.0,50.0,7.6987,0
SN_001840,LOT_003,7.8382,8.082,8.2186,8.2656,0,healthy,0.0,50.0,7.6987,0
SN_001841,LOT_003,8.0736,8.4813,8.8916,8.9079,0,healthy,0.0,50.0,7.6987,0
SN_001842,LOT_003,7.3188,7.9972,8.3784,8.6844,0,healthy,0.0,50.0,7.6987,0
SN_001843,LOT_003,7.4851,7.8403,8.0896,8.2122,0,healthy,0.0,50.0,7.6987,0
SN_001844,LOT_003,8.2677,9.1422,9.2036,9.2636,0,healthy,0.0,50.0,7.6987,0
SN_001845,LOT_003,8.2507,9.0298,9.4502,9.7277,0,healthy,0.0,50.0,7.6987,0
SN_001846,LOT_003,7.3031,8.0416,8.3157,8.4271,0,healthy,0.0,50.0,7.6987,0
SN_001847,LOT_003,7.7705,8.3509,8.7836,8.9401,0,healthy,0.0,50.0,7.6987,0
SN_001848,LOT_003,7.9278,8.3713,8.4678,8.5657,0,healthy,0.0,50.0,7.6987,0
SN_001849,LOT_003,8.2183,9.3659,9.7489,9.8337,0,healthy,0.0,50.0,7.6987,0
SN_001850,LOT_003,8.1768,8.6028,8.6682,8.5719,0,healthy,0.0,50.0,7.6987,0
SN_001851,LOT_003,7.476,7.7313,7.9982,7.9934,0,healthy,0.0,50.0,7.6987,0
SN_001852,LOT_003,20.8612,21.2979,22.2442,23.6179,1,esd_oxide,0.1049,50.0,7.6987,0
SN_001853,LOT_003,8.2589,9.0536,9.3888,9.7325,0,healthy,0.0,50.0,7.6987,0
SN_001854,LOT_003,7.2662,7.7844,7.8534,8.0269,0,healthy,0.0,50.0,7.6987,0
SN_001855,LOT_003,7.6013,8.2129,8.5568,8.5941,0,healthy,0.0,50.0,7.6987,0
SN_001856,LOT_003,7.6978,8.2779,8.491,8.6509,0,healthy,0.0,50.0,7.6987,0
SN_001857,LOT_003,6.9111,7.6239,7.9901,8.0473,0,healthy,0.0,50.0,7.6987,0
SN_001858,LOT_003,7.6673,8.4519,8.7387,8.829,0,healthy,0.0,50.0,7.6987,0
SN_001859,LOT_003,7.3369,7.5847,7.7692,7.7064,0,healthy,0.0,50.0,7.6987,0
SN_001860,LOT_003,6.951,7.7342,8.0271,8.1754,0,healthy,0.0,50.0,7.6987,0
SN_001861,LOT_003,7.284,7.7249,7.8692,7.8801,0,healthy,0.0,50.0,7.6987,0
SN_001862,LOT_003,8.0911,9.1313,9.3427,9.5135,0,healthy,0.0,50.0,7.6987,0
SN_001863,LOT_003,8.36,9.2425,9.5476,9.6594,0,healthy,0.0,50.0,7.6987,0
SN_001864,LOT_003,8.3683,8.6718,8.7476,8.8886,0,healthy,0.0,50.0,7.6987,0
SN_001865,LOT_003,7.7894,8.1167,8.2039,8.3144,0,healthy,0.0,50.0,7.6987,0
SN_001866,LOT_003,7.8255,8.8707,9.053,9.1201,0,healthy,0.0,50.0,7.6987,0
SN_001867,LOT_003,7.6972,8.0455,8.1915,8.2044,0,healthy,0.0,50.0,7.6987,0
SN_001868,LOT_003,7.3315,7.3902,10.1508,16.3643,1,tddb_dielectric,0.2378,50.0,7.6987,0
SN_001869,LOT_003,7.953,8.5786,8.7558,8.7514,0,healthy,0.0,50.0,7.6987,0
SN_001870,LOT_003,7.7166,8.0281,8.1067,8.1163,0,healthy,0.0,50.0,7.6987,0
SN_001871,LOT_003,8.4637,8.7738,8.9041,8.9555,0,healthy,0.0,50.0,7.6987,0
SN_001872,LOT_003,8.0818,8.8397,9.2306,9.4898,0,healthy,0.0,50.0,7.6987,0
SN_001873,LOT_003,7.6106,7.9764,8.0807,8.1642,0,healthy,0.0,50.0,7.6987,0
SN_001874,LOT_003,7.5645,8.4019,8.7692,8.8754,0,healthy,0.0,50.0,7.6987,0
SN_001875,LOT_003,7.87,8.8907,9.21,9.3791,0,healthy,0.0,50.0,7.6987,0
SN_001876,LOT_003,7.5786,8.408,8.6798,8.9764,0,healthy,0.0,50.0,7.6987,0
SN_001877,LOT_003,7.769,8.2633,8.461,8.6833,0,healthy,0.0,50.0,7.6987,0
SN_001878,LOT_003,7.3855,7.9672,8.0657,8.2289,0,healthy,0.0,50.0,7.6987,0
SN_001879,LOT_003,7.9602,8.6717,9.1117,9.1298,0,healthy,0.0,50.0,7.6987,0
SN_001880,LOT_003,7.6812,8.5544,8.8016,9.0941,0,healthy,0.0,50.0,7.6987,0
SN_001881,LOT_003,6.9678,7.4933,7.6295,7.621,0,healthy,0.0,50.0,7.6987,0
SN_001882,LOT_003,7.2978,8.2421,8.5634,8.845,0,healthy,0.0,50.0,7.6987,0
SN_001883,LOT_003,7.8836,8.1158,8.3587,8.3231,0,healthy,0.0,50.0,7.6987,0
SN_001884,LOT_003,8.0463,8.9565,9.1614,9.2549,0,healthy,0.0,50.0,7.6987,0
SN_001885,LOT_003,7.9685,8.7319,9.0576,9.1859,0,healthy,0.0,50.0,7.6987,0
SN_001886,LOT_003,8.308,8.9385,9.1284,9.1537,0,healthy,0.0,50.0,7.6987,0
SN_001887,LOT_003,8.0468,9.2037,9.3506,9.4047,0,healthy,0.0,50.0,7.6987,0
SN_001888,LOT_003,7.9092,8.4456,8.6692,8.9358,0,healthy,0.0,50.0,7.6987,0
SN_001889,LOT_003,7.4653,8.1514,8.4844,8.6391,0,healthy,0.0,50.0,7.6987,0
SN_001890,LOT_003,7.7327,8.4368,8.6026,8.7185,0,healthy,0.0,50.0,7.6987,0
SN_001891,LOT_003,6.5293,7.3484,7.5923,7.6908,0,healthy,0.0,50.0,7.6987,0
SN_001892,LOT_003,7.4783,7.6799,7.8497,7.828,0,healthy,0.0,50.0,7.6987,0
SN_001893,LOT_003,7.282,8.0118,8.1084,8.3273,0,healthy,0.0,50.0,7.6987,0
SN_001894,LOT_003,6.7614,7.1981,7.3505,7.3569,0,healthy,0.0,50.0,7.6987,0
SN_001895,LOT_003,6.8762,7.674,7.769,8.0098,0,healthy,0.0,50.0,7.6987,0
SN_001896,LOT_003,9.3163,10.0124,10.5439,10.6342,0,healthy,0.0,50.0,7.6987,0
SN_001897,LOT_003,8.2737,8.5963,8.9521,9.1245,0,healthy,0.0,50.0,7.6987,0
SN_001898,LOT_003,7.1802,7.4184,7.5729,7.5423,0,healthy,0.0,50.0,7.6987,0
SN_001899,LOT_003,7.6027,8.1969,8.3545,8.5289,0,healthy,0.0,50.0,7.6987,0
SN_001900,LOT_003,7.9747,9.4124,10.0895,10.5613,1,nbti_ageing,0.081,50.0,7.6987,0
SN_001901,LOT_003,8.1739,8.6286,8.7185,8.8765,0,healthy,0.0,50.0,7.6987,0
SN_001902,LOT_003,7.6548,8.183,8.3645,8.3594,0,healthy,0.0,50.0,7.6987,0
SN_001903,LOT_003,7.8782,8.5304,8.6181,8.8442,0,healthy,0.0,50.0,7.6987,0
SN_001904,LOT_003,7.7776,8.4987,8.7227,8.9172,0,healthy,0.0,50.0,7.6987,0
SN_001905,LOT_003,7.2998,7.9796,8.3226,8.5272,0,healthy,0.0,50.0,7.6987,0
SN_001906,LOT_003,7.2213,8.0457,8.3089,8.282,0,healthy,0.0,50.0,7.6987,0
SN_001907,LOT_003,7.5387,7.9739,8.3234,8.4174,0,healthy,0.0,50.0,7.6987,0
SN_001908,LOT_003,6.533,7.091,7.1725,7.3267,0,healthy,0.0,50.0,7.6987,0
SN_001909,LOT_003,7.2504,7.6531,7.7721,8.0047,0,healthy,0.0,50.0,7.6987,0
SN_001910,LOT_003,7.9693,8.6602,8.9288,9.1334,0,healthy,0.0,50.0,7.6987,0
SN_001911,LOT_003,7.469,8.2631,8.7092,8.9096,0,healthy,0.0,50.0,7.6987,0
SN_001912,LOT_003,7.2151,8.0883,8.4299,8.4625,0,healthy,0.0,50.0,7.6987,0
SN_001913,LOT_003,6.7407,7.6622,8.0754,8.1356,0,healthy,0.0,50.0,7.6987,0
SN_001914,LOT_003,8.787,9.038,9.2222,9.2263,0,healthy,0.0,50.0,7.6987,0
SN_001915,LOT_003,8.2223,8.5381,8.5761,8.6686,0,healthy,0.0,50.0,7.6987,0
SN_001916,LOT_003,7.5468,8.3031,8.568,8.7249,0,healthy,0.0,50.0,7.6987,0
SN_001917,LOT_003,8.1188,8.7402,8.9343,9.1006,0,healthy,0.0,50.0,7.6987,0
SN_001918,LOT_003,6.6727,7.2342,7.3546,7.5109,0,healthy,0.0,50.0,7.6987,0
SN_001919,LOT_003,6.6128,7.2013,7.4835,7.6935,0,healthy,0.0,50.0,7.6987,0
SN_001920,LOT_003,6.9482,7.5958,7.9104,8.0621,0,healthy,0.0,50.0,7.6987,0
SN_001921,LOT_003,8.3573,9.2502,9.56,9.7302,0,healthy,0.0,50.0,7.6987,0
SN_001922,LOT_003,7.9456,8.3393,8.6309,8.7416,0,healthy,0.0,50.0,7.6987,0
SN_001923,LOT_003,7.8743,8.3527,8.4991,8.6319,0,healthy,0.0,50.0,7.6987,0
SN_001924,LOT_003,8.5144,9.6628,9.7567,9.9704,0,healthy,0.0,50.0,7.6987,0
SN_001925,LOT_003,7.8987,8.6245,8.6425,8.7138,0,healthy,0.0,50.0,7.6987,0
SN_001926,LOT_003,7.907,8.5671,8.9979,9.1901,0,healthy,0.0,50.0,7.6987,0
SN_001927,LOT_003,8.4555,9.5257,9.8878,10.0781,0,healthy,0.0,50.0,7.6987,0
SN_001928,LOT_003,7.0072,7.7111,8.0306,8.3347,0,healthy,0.0,50.0,7.6987,0
SN_001929,LOT_003,7.1293,7.5099,7.5977,7.5928,0,healthy,0.0,50.0,7.6987,0
SN_001930,LOT_003,7.0295,7.2771,7.2972,7.3738,0,healthy,0.0,50.0,7.6987,0
SN_001931,LOT_003,7.5041,8.2566,8.3728,8.472,0,healthy,0.0,50.0,7.6987,0
SN_001932,LOT_003,8.4106,9.3417,9.7121,9.8424,0,healthy,0.0,50.0,7.6987,0
SN_001933,LOT_003,8.3888,9.2114,9.3915,9.7177,0,healthy,0.0,50.0,7.6987,0
SN_001934,LOT_003,7.2802,8.104,8.3711,8.5023,0,healthy,0.0,50.0,7.6987,0
SN_001935,LOT_003,8.121,8.4877,8.6904,8.5291,0,healthy,0.0,50.0,7.6987,0
SN_001936,LOT_003,7.4404,7.9863,8.1757,8.2092,0,healthy,0.0,50.0,7.6987,0
SN_001937,LOT_003,8.8053,9.4312,9.7094,9.8126,0,healthy,0.0,50.0,7.6987,0
SN_001938,LOT_003,8.5955,9.7884,10.3294,10.3984,0,healthy,0.0,50.0,7.6987,0
SN_001939,LOT_003,6.8155,7.1724,7.4087,7.342,0,healthy,0.0,50.0,7.6987,0
SN_001940,LOT_003,7.1121,8.1221,8.4443,8.454,0,healthy,0.0,50.0,7.6987,0
SN_001941,LOT_003,8.9121,9.6568,9.787,9.8749,0,healthy,0.0,50.0,7.6987,0
SN_001942,LOT_003,7.3952,8.2754,8.563,8.8844,0,healthy,0.0,50.0,7.6987,0
SN_001943,LOT_003,6.8418,7.3177,7.4672,7.5189,0,healthy,0.0,50.0,7.6987,0
SN_001944,LOT_003,6.1419,6.3235,6.4547,6.4259,0,healthy,0.0,50.0,7.6987,0
SN_001945,LOT_003,8.2777,9.1403,9.6052,9.7886,0,healthy,0.0,50.0,7.6987,0
SN_001946,LOT_003,8.6439,9.1445,9.2821,9.3604,0,healthy,0.0,50.0,7.6987,0
SN_001947,LOT_003,7.6574,8.514,8.7089,8.7934,0,healthy,0.0,50.0,7.6987,0
SN_001948,LOT_003,7.8893,8.9092,9.2674,9.3223,0,healthy,0.0,50.0,7.6987,0
SN_001949,LOT_003,7.3832,7.704,7.7183,7.8682,0,healthy,0.0,50.0,7.6987,0
SN_001950,LOT_003,7.5295,8.078,8.3886,8.5674,0,healthy,0.0,50.0,7.6987,0
SN_001951,LOT_003,7.8388,8.7,9.0721,9.232,0,healthy,0.0,50.0,7.6987,0
SN_001952,LOT_003,7.4633,8.1443,8.4079,8.6728,0,healthy,0.0,50.0,7.6987,0
SN_001953,LOT_003,7.5106,8.3081,8.4918,8.7366,0,healthy,0.0,50.0,7.6987,0
SN_001954,LOT_003,7.5495,8.003,8.1488,8.2823,0,healthy,0.0,50.0,7.6987,0
SN_001955,LOT_003,7.9443,8.8525,9.1238,9.1835,0,healthy,0.0,50.0,7.6987,0
SN_001956,LOT_003,7.305,7.6617,8.0034,7.9493,0,healthy,0.0,50.0,7.6987,0
SN_001957,LOT_003,7.8077,8.692,9.0235,9.252,0,healthy,0.0,50.0,7.6987,0
SN_001958,LOT_003,6.803,7.4696,7.6721,7.8608,0,healthy,0.0,50.0,7.6987,0
SN_001959,LOT_003,7.9753,8.5019,8.6188,8.9173,0,healthy,0.0,50.0,7.6987,0
SN_001960,LOT_003,8.3678,8.6846,9.0317,9.0387,0,healthy,0.0,50.0,7.6987,0
SN_001961,LOT_003,7.8497,8.3373,8.6909,8.8508,0,healthy,0.0,50.0,7.6987,0
SN_001962,LOT_003,6.1535,6.7852,7.1596,7.0832,0,healthy,0.0,50.0,7.6987,0
SN_001963,LOT_003,8.5662,9.3776,9.7196,9.8359,0,healthy,0.0,50.0,7.6987,0
SN_001964,LOT_003,9.0227,9.5538,9.7603,10.0206,0,healthy,0.0,50.0,7.6987,0
SN_001965,LOT_003,7.8444,8.3908,8.5156,8.5304,0,healthy,0.0,50.0,7.6987,0
SN_001966,LOT_003,7.9386,8.5517,8.6555,8.8454,0,healthy,0.0,50.0,7.6987,0
SN_001967,LOT_003,6.6336,7.3963,7.633,7.8252,0,healthy,0.0,50.0,7.6987,0
SN_001968,LOT_004,8.471,9.2313,9.3818,9.7046,0,healthy,0.0,50.0,8.6491,0
SN_001969,LOT_004,9.939,10.4384,10.6674,10.8511,0,healthy,0.0,50.0,8.6491,0
SN_001970,LOT_004,9.2517,9.8129,9.9438,10.217,0,healthy,0.0,50.0,8.6491,0
SN_001971,LOT_004,9.1219,9.8034,9.9247,10.0641,0,healthy,0.0,50.0,8.6491,0
SN_001972,LOT_004,6.7006,6.7902,7.1326,6.9358,0,healthy,0.0,50.0,8.6491,0
SN_001973,LOT_004,9.3782,10.0844,10.3007,10.2974,0,healthy,0.0,50.0,8.6491,0
SN_001974,LOT_004,8.4746,9.1302,9.1781,9.3087,0,healthy,0.0,50.0,8.6491,0
SN_001975,LOT_004,8.9969,9.7584,10.0435,10.1328,0,healthy,0.0,50.0,8.6491,0
SN_001976,LOT_004,8.5806,9.0626,9.3302,9.4627,0,healthy,0.0,50.0,8.6491,0
SN_001977,LOT_004,8.9133,9.8776,10.4187,10.5427,0,healthy,0.0,50.0,8.6491,0
SN_001978,LOT_004,7.1813,8.0213,8.1169,8.1819,0,healthy,0.0,50.0,8.6491,0
SN_001979,LOT_004,7.836,8.6104,8.7589,8.885,0,healthy,0.0,50.0,8.6491,0
SN_001980,LOT_004,8.3954,9.3668,9.7613,9.9194,0,healthy,0.0,50.0,8.6491,0
SN_001981,LOT_004,7.1865,7.4551,7.4953,7.6197,0,healthy,0.0,50.0,8.6491,0
SN_001982,LOT_004,8.1632,8.7296,8.9648,9.1202,0,healthy,0.0,50.0,8.6491,0
SN_001983,LOT_004,8.6245,9.1412,9.2903,9.3205,0,healthy,0.0,50.0,8.6491,0
SN_001984,LOT_004,7.6437,8.6024,8.799,9.0551,0,healthy,0.0,50.0,8.6491,0
SN_001985,LOT_004,10.2191,11.2605,11.6542,12.0548,0,healthy,0.0,50.0,8.6491,0
SN_001986,LOT_004,7.4915,8.1782,8.3679,8.531,0,healthy,0.0,50.0,8.6491,0
SN_001987,LOT_004,7.1157,7.4426,7.5494,7.4384,0,healthy,0.0,50.0,8.6491,0
SN_001988,LOT_004,8.2789,9.0773,9.4288,9.7546,0,healthy,0.0,50.0,8.6491,0
SN_001989,LOT_004,8.2118,9.0597,9.3133,9.4791,0,healthy,0.0,50.0,8.6491,0
SN_001990,LOT_004,7.3039,7.9079,8.1393,8.317,0,healthy,0.0,50.0,8.6491,0
SN_001991,LOT_004,8.4914,9.6423,9.9882,10.0721,0,healthy,0.0,50.0,8.6491,0
SN_001992,LOT_004,11.1505,11.4616,11.9335,11.7855,0,healthy,0.0,50.0,8.6491,0
SN_001993,LOT_004,9.4886,9.8368,9.9625,10.0676,0,healthy,0.0,50.0,8.6491,0
SN_001994,LOT_004,8.1696,9.0496,9.2749,9.2822,0,healthy,0.0,50.0,8.6491,0
SN_001995,LOT_004,10.917,11.94,12.6909,13.1449,0,healthy,0.0,50.0,8.6491,0
SN_001996,LOT_004,7.3337,7.6585,7.7911,7.8304,0,healthy,0.0,50.0,8.6491,0
SN_001997,LOT_004,9.3618,9.9152,9.9461,10.1694,0,healthy,0.0,50.0,8.6491,0
SN_001998,LOT_004,9.7486,10.9947,11.2209,11.28,0,healthy,0.0,50.0,8.6491,0
SN_001999,LOT_004,8.0743,8.336,8.5248,8.6418,0,healthy,0.0,50.0,8.6491,0
SN_002000,LOT_004,10.1218,11.5107,11.6803,11.6689,0,healthy,0.0,50.0,8.6491,0
SN_002001,LOT_004,10.197,11.3543,12.0036,12.2604,0,healthy,0.0,50.0,8.6491,0
SN_002002,LOT_004,10.1757,11.0783,11.2836,11.2497,0,healthy,0.0,50.0,8.6491,0
SN_002003,LOT_004,9.6844,10.6459,11.0655,11.0678,0,healthy,0.0,50.0,8.6491,0
SN_002004,LOT_004,8.3122,8.6702,8.9967,8.8752,0,healthy,0.0,50.0,8.6491,0
SN_002005,LOT_004,6.2923,6.7406,6.8944,6.9709,0,healthy,0.0,50.0,8.6491,0
SN_002006,LOT_004,9.3964,14.991,16.7433,17.003,1,mobile_ion,0.2315,50.0,8.6491,0
SN_002007,LOT_004,7.7855,8.1798,8.3476,8.4563,0,healthy,0.0,50.0,8.6491,0
SN_002008,LOT_004,9.186,9.9643,10.1785,10.543,0,healthy,0.0,50.0,8.6491,0
SN_002009,LOT_004,9.3552,10.2794,10.3622,10.5968,0,healthy,0.0,50.0,8.6491,0
SN_002010,LOT_004,9.4959,10.2014,10.5375,10.5589,0,healthy,0.0,50.0,8.6491,0
SN_002011,LOT_004,8.2192,9.0127,9.0136,9.2889,0,healthy,0.0,50.0,8.6491,0
SN_002012,LOT_004,7.9223,8.7803,9.026,9.0579,0,healthy,0.0,50.0,8.6491,0
SN_002013,LOT_004,7.6344,8.5807,8.9628,9.0249,0,healthy,0.0,50.0,8.6491,0
SN_002014,LOT_004,7.3906,8.343,8.4347,8.5092,0,healthy,0.0,50.0,8.6491,0
SN_002015,LOT_004,8.6947,9.0826,9.2056,9.3769,0,healthy,0.0,50.0,8.6491,0
SN_002016,LOT_004,8.8262,9.8433,10.205,10.5152,0,healthy,0.0,50.0,8.6491,0
SN_002017,LOT_004,9.9698,10.6385,11.1175,11.2258,0,healthy,0.0,50.0,8.6491,0
SN_002018,LOT_004,10.6182,11.509,11.9692,12.0375,0,healthy,0.0,50.0,8.6491,0
SN_002019,LOT_004,6.8972,7.1477,7.36,7.5099,0,healthy,0.0,50.0,8.6491,0
SN_002020,LOT_004,10.0011,10.4277,10.5585,10.3651,0,healthy,0.0,50.0,8.6491,0
SN_002021,LOT_004,6.9045,7.5618,7.8044,8.0429,0,healthy,0.0,50.0,8.6491,0
SN_002022,LOT_004,9.179,10.2484,10.4852,10.4924,0,healthy,0.0,50.0,8.6491,0
SN_002023,LOT_004,7.8212,8.1742,8.5089,8.5414,0,healthy,0.0,50.0,8.6491,0
SN_002024,LOT_004,9.7136,10.5965,10.6792,10.7321,0,healthy,0.0,50.0,8.6491,0
SN_002025,LOT_004,9.9239,10.471,10.7648,11.1747,0,healthy,0.0,50.0,8.6491,0
SN_002026,LOT_004,11.9944,12.8184,12.9861,13.2065,0,healthy,0.0,50.0,8.6491,0
SN_002027,LOT_004,8.3646,9.1587,9.2232,9.4657,0,healthy,0.0,50.0,8.6491,0
SN_002028,LOT_004,10.7039,11.658,11.7791,12.0024,0,healthy,0.0,50.0,8.6491,0
SN_002029,LOT_004,8.2821,9.0106,9.2489,9.4995,0,healthy,0.0,50.0,8.6491,0
SN_002030,LOT_004,7.7125,8.2138,8.511,8.6472,0,healthy,0.0,50.0,8.6491,0
SN_002031,LOT_004,8.7496,9.6491,10.1429,10.3951,0,healthy,0.0,50.0,8.6491,0
SN_002032,LOT_004,8.4702,9.2163,9.731,9.8075,0,healthy,0.0,50.0,8.6491,0
SN_002033,LOT_004,7.2111,7.8831,8.1948,8.436,0,healthy,0.0,50.0,8.6491,0
SN_002034,LOT_004,8.9347,9.4766,9.5911,9.7592,0,healthy,0.0,50.0,8.6491,0
SN_002035,LOT_004,8.2008,8.8555,9.0269,9.3275,0,healthy,0.0,50.0,8.6491,0
SN_002036,LOT_004,9.9081,11.0445,11.2391,11.5641,0,healthy,0.0,50.0,8.6491,0
SN_002037,LOT_004,10.1002,10.8056,11.0005,11.1679,0,healthy,0.0,50.0,8.6491,0
SN_002038,LOT_004,8.8208,9.4879,9.6638,9.8476,0,healthy,0.0,50.0,8.6491,0
SN_002039,LOT_004,8.6532,9.8952,10.0671,10.2943,0,healthy,0.0,50.0,8.6491,0
SN_002040,LOT_004,8.8078,9.3084,9.4429,9.6612,0,healthy,0.0,50.0,8.6491,0
SN_002041,LOT_004,11.3173,12.2702,12.8631,13.0437,0,healthy,0.0,50.0,8.6491,0
SN_002042,LOT_004,9.9778,10.4693,10.7614,10.6869,0,healthy,0.0,50.0,8.6491,0
SN_002043,LOT_004,8.2905,8.7981,8.8188,8.8214,0,healthy,0.0,50.0,8.6491,0
SN_002044,LOT_004,7.877,8.8756,9.2147,9.2955,0,healthy,0.0,50.0,8.6491,0
SN_002045,LOT_004,11.6241,12.0521,12.1828,12.216,0,healthy,0.0,50.0,8.6491,0
SN_002046,LOT_004,8.5309,9.2616,9.4106,9.506,0,healthy,0.0,50.0,8.6491,0
SN_002047,LOT_004,9.3881,10.7648,10.9685,11.2052,0,healthy,0.0,50.0,8.6491,0
SN_002048,LOT_004,8.926,9.6931,9.9273,10.0785,0,healthy,0.0,50.0,8.6491,0
SN_002049,LOT_004,8.8519,9.705,10.0448,10.415,0,healthy,0.0,50.0,8.6491,0
SN_002050,LOT_004,8.5043,8.7195,8.9265,8.859,0,healthy,0.0,50.0,8.6491,0
SN_002051,LOT_004,9.1465,9.7792,9.8873,9.9263,0,healthy,0.0,50.0,8.6491,0
SN_002052,LOT_004,9.1647,9.9154,10.0226,10.2006,0,healthy,0.0,50.0,8.6491,0
SN_002053,LOT_004,8.9423,9.8227,10.0338,10.2681,0,healthy,0.0,50.0,8.6491,0
SN_002054,LOT_004,10.46,11.3434,11.8037,11.8512,0,healthy,0.0,50.0,8.6491,0
SN_002055,LOT_004,10.052,10.9756,11.4942,11.6524,0,healthy,0.0,50.0,8.6491,0
SN_002056,LOT_004,8.4901,9.4887,9.7914,9.8627,0,healthy,0.0,50.0,8.6491,0
SN_002057,LOT_004,7.6293,8.0659,8.1966,8.1608,0,healthy,0.0,50.0,8.6491,0
SN_002058,LOT_004,8.6097,8.9938,9.0735,9.0579,0,healthy,0.0,50.0,8.6491,0
SN_002059,LOT_004,8.6469,9.2326,9.347,9.4304,0,healthy,0.0,50.0,8.6491,0
SN_002060,LOT_004,8.5828,9.6347,9.6474,10.2384,0,healthy,0.0,50.0,8.6491,0
SN_002061,LOT_004,8.5583,9.3587,9.7437,9.6982,0,healthy,0.0,50.0,8.6491,0
SN_002062,LOT_004,7.1679,7.518,7.5968,7.6177,0,healthy,0.0,50.0,8.6491,0
SN_002063,LOT_004,9.89,10.4563,10.45,10.6867,0,healthy,0.0,50.0,8.6491,0
SN_002064,LOT_004,8.0206,8.3209,8.3554,8.5848,0,healthy,0.0,50.0,8.6491,0
SN_002065,LOT_004,7.2059,7.382,7.6236,7.6905,0,healthy,0.0,50.0,8.6491,0
SN_002066,LOT_004,8.3323,8.9706,9.2506,9.2612,0,healthy,0.0,50.0,8.6491,0
SN_002067,LOT_004,8.4329,9.0137,9.1901,9.2324,0,healthy,0.0,50.0,8.6491,0
SN_002068,LOT_004,7.9715,8.996,9.2261,9.4289,0,healthy,0.0,50.0,8.6491,0
SN_002069,LOT_004,10.8559,12.4327,12.7398,12.9791,0,healthy,0.0,50.0,8.6491,0
SN_002070,LOT_004,9.3805,10.3024,10.7057,10.8501,0,healthy,0.0,50.0,8.6491,0
SN_002071,LOT_004,9.5056,10.3422,10.7817,10.9655,0,healthy,0.0,50.0,8.6491,0
SN_002072,LOT_004,8.9965,9.9079,10.1627,10.0322,0,healthy,0.0,50.0,8.6491,0
SN_002073,LOT_004,9.3216,10.4026,10.7931,10.9743,0,healthy,0.0,50.0,8.6491,0
SN_002074,LOT_004,8.9557,9.3879,9.6631,9.6961,0,healthy,0.0,50.0,8.6491,0
SN_002075,LOT_004,10.0672,11.1854,11.8985,11.7883,0,healthy,0.0,50.0,8.6491,0
SN_002076,LOT_004,8.5069,9.2456,9.5644,9.6292,0,healthy,0.0,50.0,8.6491,0
SN_002077,LOT_004,10.4833,11.5454,11.7073,11.6882,0,healthy,0.0,50.0,8.6491,0
SN_002078,LOT_004,9.1929,9.8615,10.1624,10.2553,0,healthy,0.0,50.0,8.6491,0
SN_002079,LOT_004,9.2713,10.3147,10.678,10.9266,0,healthy,0.0,50.0,8.6491,0
SN_002080,LOT_004,7.6129,8.4981,8.8764,8.8584,0,healthy,0.0,50.0,8.6491,0
SN_002081,LOT_004,8.0632,8.458,8.4004,8.5854,0,healthy,0.0,50.0,8.6491,0
SN_002082,LOT_004,9.6528,10.0973,10.1926,10.3471,0,healthy,0.0,50.0,8.6491,0
SN_002083,LOT_004,7.413,8.1914,8.6967,8.6807,0,healthy,0.0,50.0,8.6491,0
SN_002084,LOT_004,9.2229,9.8807,10.0992,10.2771,0,healthy,0.0,50.0,8.6491,0
SN_002085,LOT_004,7.8024,8.1828,8.2297,8.1853,0,healthy,0.0,50.0,8.6491,0
SN_002086,LOT_004,8.0082,8.8676,9.0583,9.1662,0,healthy,0.0,50.0,8.6491,0
SN_002087,LOT_004,8.0493,9.0001,9.2142,9.2618,0,healthy,0.0,50.0,8.6491,0
SN_002088,LOT_004,9.1328,9.845,10.1075,10.3701,0,healthy,0.0,50.0,8.6491,0
SN_002089,LOT_004,7.5832,8.2434,8.5125,8.6367,0,healthy,0.0,50.0,8.6491,0
SN_002090,LOT_004,9.354,9.8607,10.0368,10.1059,0,healthy,0.0,50.0,8.6491,0
SN_002091,LOT_004,9.4592,10.6008,10.7727,10.7952,0,healthy,0.0,50.0,8.6491,0
SN_002092,LOT_004,9.0249,9.3027,9.5163,9.3953,0,healthy,0.0,50.0,8.6491,0
SN_002093,LOT_004,7.2431,7.5811,7.8693,7.9521,0,healthy,0.0,50.0,8.6491,0
SN_002094,LOT_004,7.6801,8.4326,8.647,8.823,0,healthy,0.0,50.0,8.6491,0
SN_002095,LOT_004,7.5774,8.4996,8.8416,8.9868,0,healthy,0.0,50.0,8.6491,0
SN_002096,LOT_004,9.2785,10.2149,10.5015,10.5335,0,healthy,0.0,50.0,8.6491,0
SN_002097,LOT_004,9.9619,10.4216,10.6549,10.6301,0,healthy,0.0,50.0,8.6491,0
SN_002098,LOT_004,9.394,10.1126,10.0657,10.3429,0,healthy,0.0,50.0,8.6491,0
SN_002099,LOT_004,8.7601,9.1696,9.29,9.3877,0,healthy,0.0,50.0,8.6491,0
SN_002100,LOT_004,7.8224,8.5441,9.0521,9.1648,0,healthy,0.0,50.0,8.6491,0
SN_002101,LOT_004,8.8084,9.6174,10.0822,10.2623,0,healthy,0.0,50.0,8.6491,0
SN_002102,LOT_004,8.5357,9.245,9.7658,9.9008,0,healthy,0.0,50.0,8.6491,0
SN_002103,LOT_004,9.2384,9.6892,9.8311,9.8469,0,healthy,0.0,50.0,8.6491,0
SN_002104,LOT_004,7.1239,7.8195,8.0042,8.2629,0,healthy,0.0,50.0,8.6491,0
SN_002105,LOT_004,8.8434,9.2029,9.3821,9.2466,0,healthy,0.0,50.0,8.6491,0
SN_002106,LOT_004,11.2436,12.0216,12.1628,12.3094,0,healthy,0.0,50.0,8.6491,0
SN_002107,LOT_004,8.5451,9.4593,9.8228,9.8751,0,healthy,0.0,50.0,8.6491,0
SN_002108,LOT_004,11.1262,11.4375,11.7482,11.8969,0,healthy,0.0,50.0,8.6491,0
SN_002109,LOT_004,8.0613,8.8845,9.1785,9.2644,0,healthy,0.0,50.0,8.6491,0
SN_002110,LOT_004,7.472,8.0123,8.2901,8.3406,0,healthy,0.0,50.0,8.6491,0
SN_002111,LOT_004,6.9953,7.6296,7.9352,8.0076,0,healthy,0.0,50.0,8.6491,0
SN_002112,LOT_004,8.8628,13.2219,15.0092,14.9843,1,mobile_ion,0.1875,50.0,8.6491,0
SN_002113,LOT_004,9.0675,10.0951,10.3807,10.4745,0,healthy,0.0,50.0,8.6491,0
SN_002114,LOT_004,7.9491,8.6644,8.9525,8.9217,0,healthy,0.0,50.0,8.6491,0
SN_002115,LOT_004,8.9011,9.5119,9.9049,10.0578,0,healthy,0.0,50.0,8.6491,0
SN_002116,LOT_004,8.8312,9.2833,9.6161,9.9073,0,healthy,0.0,50.0,8.6491,0
SN_002117,LOT_004,10.3049,11.2293,11.5783,11.8716,0,healthy,0.0,50.0,8.6491,0
SN_002118,LOT_004,8.1245,8.9796,9.3989,9.5374,0,healthy,0.0,50.0,8.6491,0
SN_002119,LOT_004,8.5878,8.9262,9.0746,9.2138,0,healthy,0.0,50.0,8.6491,0
SN_002120,LOT_004,8.3577,9.1956,9.4172,9.386,0,healthy,0.0,50.0,8.6491,0
SN_002121,LOT_004,8.2592,8.7352,8.9451,8.8,0,healthy,0.0,50.0,8.6491,0
SN_002122,LOT_004,9.3832,9.8281,10.0203,10.091,0,healthy,0.0,50.0,8.6491,0
SN_002123,LOT_004,7.5803,8.5663,8.8152,8.8453,0,healthy,0.0,50.0,8.6491,0
SN_002124,LOT_004,9.5141,10.8079,11.0301,11.1307,0,healthy,0.0,50.0,8.6491,0
SN_002125,LOT_004,8.1484,9.0229,9.2089,9.3176,0,healthy,0.0,50.0,8.6491,0
SN_002126,LOT_004,7.0019,7.5399,7.6625,7.7685,0,healthy,0.0,50.0,8.6491,0
SN_002127,LOT_004,8.0219,8.8448,9.2225,9.2583,0,healthy,0.0,50.0,8.6491,0
SN_002128,LOT_004,8.0996,8.8986,9.1225,9.3204,0,healthy,0.0,50.0,8.6491,0
SN_002129,LOT_004,8.0672,9.2118,9.4594,9.5389,0,healthy,0.0,50.0,8.6491,0
SN_002130,LOT_004,9.6526,10.0508,10.4014,10.5169,0,healthy,0.0,50.0,8.6491,0
SN_002131,LOT_004,8.3337,8.9083,8.9939,9.0506,0,healthy,0.0,50.0,8.6491,0
SN_002132,LOT_004,8.2135,8.5972,8.7733,8.7077,0,healthy,0.0,50.0,8.6491,0
SN_002133,LOT_004,9.7329,10.6452,11.0871,11.2944,0,healthy,0.0,50.0,8.6491,0
SN_002134,LOT_004,9.4474,9.7769,9.9862,10.0433,0,healthy,0.0,50.0,8.6491,0
SN_002135,LOT_004,7.9388,8.759,9.0893,9.1734,0,healthy,0.0,50.0,8.6491,0
SN_002136,LOT_004,8.581,9.3535,9.5078,9.6774,0,healthy,0.0,50.0,8.6491,0
SN_002137,LOT_004,7.7383,8.6218,8.7827,8.9079,0,healthy,0.0,50.0,8.6491,0
SN_002138,LOT_004,9.4181,10.0006,10.2931,10.4176,0,healthy,0.0,50.0,8.6491,0
SN_002139,LOT_004,8.5843,9.7415,10.1937,10.2445,0,healthy,0.0,50.0,8.6491,0
SN_002140,LOT_004,7.855,8.8999,9.1186,9.2375,0,healthy,0.0,50.0,8.6491,0
SN_002141,LOT_004,9.6753,10.2774,10.2976,10.4528,0,healthy,0.0,50.0,8.6491,0
SN_002142,LOT_004,7.6489,8.7297,8.8786,9.0541,0,healthy,0.0,50.0,8.6491,0
SN_002143,LOT_004,8.5578,9.6267,9.7614,10.0244,0,healthy,0.0,50.0,8.6491,0
SN_002144,LOT_004,8.2443,9.0126,9.4224,9.5356,0,healthy,0.0,50.0,8.6491,0
SN_002145,LOT_004,9.4055,10.3329,10.7025,10.6491,0,healthy,0.0,50.0,8.6491,0
SN_002146,LOT_004,7.9974,8.8063,9.1289,9.2845,0,healthy,0.0,50.0,8.6491,0
SN_002147,LOT_004,10.939,10.9294,13.8423,18.7864,1,tddb_dielectric,0.0767,50.0,8.6491,0
SN_002148,LOT_004,10.8015,12.2578,12.507,12.5802,0,healthy,0.0,50.0,8.6491,0
SN_002149,LOT_004,8.6685,9.5623,9.9272,10.2293,0,healthy,0.0,50.0,8.6491,0
SN_002150,LOT_004,7.4284,7.9195,7.9991,7.9961,0,healthy,0.0,50.0,8.6491,0
SN_002151,LOT_004,8.9269,9.4333,9.5378,9.6519,0,healthy,0.0,50.0,8.6491,0
SN_002152,LOT_004,8.3605,9.1917,9.5836,9.8891,0,healthy,0.0,50.0,8.6491,0
SN_002153,LOT_004,7.8617,8.8109,9.2712,9.2546,0,healthy,0.0,50.0,8.6491,0
SN_002154,LOT_004,8.3996,8.6527,8.7587,8.8667,0,healthy,0.0,50.0,8.6491,0
SN_002155,LOT_004,8.0863,9.1927,9.5524,9.7282,0,healthy,0.0,50.0,8.6491,0
SN_002156,LOT_004,7.6193,8.4489,8.6237,8.6797,0,healthy,0.0,50.0,8.6491,0
SN_002157,LOT_004,7.4065,8.262,8.4785,8.6192,0,healthy,0.0,50.0,8.6491,0
SN_002158,LOT_004,8.2967,8.8841,9.2072,9.4141,0,healthy,0.0,50.0,8.6491,0
SN_002159,LOT_004,8.8092,9.1642,9.3561,9.3383,0,healthy,0.0,50.0,8.6491,0
SN_002160,LOT_004,9.5218,10.6651,10.8429,11.2684,0,healthy,0.0,50.0,8.6491,0
SN_002161,LOT_004,8.493,9.4622,9.9007,10.0001,0,healthy,0.0,50.0,8.6491,0
SN_002162,LOT_004,8.4171,9.5356,9.9114,9.9926,0,healthy,0.0,50.0,8.6491,0
SN_002163,LOT_004,8.9279,10.0176,10.3228,10.3315,0,healthy,0.0,50.0,8.6491,0
SN_002164,LOT_004,7.9956,8.5671,8.6843,8.7173,0,healthy,0.0,50.0,8.6491,0
SN_002165,LOT_004,7.7051,8.1462,8.4049,8.4429,0,healthy,0.0,50.0,8.6491,0
SN_002166,LOT_004,9.8022,10.6466,10.9008,11.167,0,healthy,0.0,50.0,8.6491,0
SN_002167,LOT_004,9.5134,10.5554,11.1564,11.3385,0,healthy,0.0,50.0,8.6491,0
SN_002168,LOT_004,8.7928,9.8957,10.3464,10.597,0,healthy,0.0,50.0,8.6491,0
SN_002169,LOT_004,8.4388,9.5679,9.9479,10.1094,0,healthy,0.0,50.0,8.6491,0
SN_002170,LOT_004,7.958,8.3403,8.5366,8.62,0,healthy,0.0,50.0,8.6491,0
SN_002171,LOT_004,9.4047,9.8882,10.2858,10.3319,0,healthy,0.0,50.0,8.6491,0
SN_002172,LOT_004,6.3261,6.869,7.021,7.1105,0,healthy,0.0,50.0,8.6491,0
SN_002173,LOT_004,8.6738,8.983,9.341,9.455,0,healthy,0.0,50.0,8.6491,0
SN_002174,LOT_004,8.6583,9.0213,9.1881,9.3486,0,healthy,0.0,50.0,8.6491,0
SN_002175,LOT_004,7.814,8.2168,8.4026,8.4805,0,healthy,0.0,50.0,8.6491,0
SN_002176,LOT_004,6.8605,7.6916,8.0525,8.0966,0,healthy,0.0,50.0,8.6491,0
SN_002177,LOT_004,7.6312,8.3502,8.5619,8.7164,0,healthy,0.0,50.0,8.6491,0
SN_002178,LOT_004,7.62,8.1409,8.3456,8.2859,0,healthy,0.0,50.0,8.6491,0
SN_002179,LOT_004,8.193,9.118,9.5618,9.7359,0,healthy,0.0,50.0,8.6491,0
SN_002180,LOT_004,7.4626,7.9341,8.2256,8.2791,0,healthy,0.0,50.0,8.6491,0
SN_002181,LOT_004,9.1763,9.538,9.9305,9.9781,0,healthy,0.0,50.0,8.6491,0
SN_002182,LOT_004,8.072,8.6244,8.8871,8.8485,0,healthy,0.0,50.0,8.6491,0
SN_002183,LOT_004,7.3681,7.8311,7.9399,8.0549,0,healthy,0.0,50.0,8.6491,0
SN_002184,LOT_004,6.546,7.0066,7.2489,7.2406,0,healthy,0.0,50.0,8.6491,0
SN_002185,LOT_004,7.8985,8.374,8.4132,8.4643,0,healthy,0.0,50.0,8.6491,0
SN_002186,LOT_004,8.5472,9.7189,9.9861,10.1933,0,healthy,0.0,50.0,8.6491,0
SN_002187,LOT_004,9.8406,10.453,10.478,10.6036,0,healthy,0.0,50.0,8.6491,0
SN_002188,LOT_004,7.1354,7.4766,7.5352,7.5928,0,healthy,0.0,50.0,8.6491,0
SN_002189,LOT_004,7.5944,8.4149,8.5362,8.7839,0,healthy,0.0,50.0,8.6491,0
SN_002190,LOT_004,7.6802,8.506,8.6767,8.6862,0,healthy,0.0,50.0,8.6491,0
SN_002191,LOT_004,10.2432,10.975,11.1336,11.2298,0,healthy,0.0,50.0,8.6491,0
SN_002192,LOT_004,9.6879,10.9181,11.1925,11.4514,0,healthy,0.0,50.0,8.6491,0
SN_002193,LOT_004,7.9367,8.6063,8.8174,8.9372,0,healthy,0.0,50.0,8.6491,0
SN_002194,LOT_004,9.6452,10.9744,11.0902,11.3021,0,healthy,0.0,50.0,8.6491,0
SN_002195,LOT_004,9.9605,10.9433,11.1413,11.1532,0,healthy,0.0,50.0,8.6491,0
SN_002196,LOT_004,9.6648,9.9251,10.3242,10.3543,0,healthy,0.0,50.0,8.6491,0
SN_002197,LOT_004,8.4605,8.9001,9.3539,9.4214,0,healthy,0.0,50.0,8.6491,0
SN_002198,LOT_004,8.2951,9.2088,9.421,9.4534,0,healthy,0.0,50.0,8.6491,0
SN_002199,LOT_004,8.0252,9.0342,9.2349,9.3458,0,healthy,0.0,50.0,8.6491,0
SN_002200,LOT_004,7.9036,8.2828,8.3788,8.3432,0,healthy,0.0,50.0,8.6491,0
SN_002201,LOT_004,7.4916,8.338,8.4834,8.6891,0,healthy,0.0,50.0,8.6491,0
SN_002202,LOT_004,7.4366,7.7589,8.0257,8.059,0,healthy,0.0,50.0,8.6491,0
SN_002203,LOT_004,7.5566,8.2923,8.4922,8.6293,0,healthy,0.0,50.0,8.6491,0
SN_002204,LOT_004,7.9425,8.3377,8.8287,8.9897,0,healthy,0.0,50.0,8.6491,0
SN_002205,LOT_004,9.5948,10.2161,10.181,10.4727,0,healthy,0.0,50.0,8.6491,0
SN_002206,LOT_004,12.6948,13.8623,14.2207,14.576,0,healthy,0.0,50.0,8.6491,0
SN_002207,LOT_004,6.7726,7.3669,7.6894,7.9426,0,healthy,0.0,50.0,8.6491,0
SN_002208,LOT_004,8.0126,9.0647,9.2226,9.4598,0,healthy,0.0,50.0,8.6491,0
SN_002209,LOT_004,6.32,7.0109,7.1176,7.1889,0,healthy,0.0,50.0,8.6491,0
SN_002210,LOT_004,9.1955,9.6743,9.8251,9.9004,0,healthy,0.0,50.0,8.6491,0
SN_002211,LOT_004,8.8582,9.8928,10.2335,10.3198,0,healthy,0.0,50.0,8.6491,0
SN_002212,LOT_004,6.7595,7.0183,7.1966,7.1019,0,healthy,0.0,50.0,8.6491,0
SN_002213,LOT_004,8.3046,9.3435,9.6186,9.6396,0,healthy,0.0,50.0,8.6491,0
SN_002214,LOT_004,9.7153,10.7621,10.7998,10.9971,0,healthy,0.0,50.0,8.6491,0
SN_002215,LOT_004,9.7716,10.9237,11.2637,11.429,0,healthy,0.0,50.0,8.6491,0
SN_002216,LOT_004,9.048,9.8595,10.1193,10.3721,0,healthy,0.0,50.0,8.6491,0
SN_002217,LOT_004,8.3752,9.363,9.7296,9.8289,0,healthy,0.0,50.0,8.6491,0
SN_002218,LOT_004,8.6871,9.0561,9.2857,9.3723,0,healthy,0.0,50.0,8.6491,0
SN_002219,LOT_004,6.7705,7.3431,7.4888,7.6985,0,healthy,0.0,50.0,8.6491,0
SN_002220,LOT_004,8.4003,9.3878,9.6227,9.8463,0,healthy,0.0,50.0,8.6491,0
SN_002221,LOT_004,7.5496,8.2876,8.5832,8.8661,0,healthy,0.0,50.0,8.6491,0
SN_002222,LOT_004,8.1241,8.4632,8.6327,8.7908,0,healthy,0.0,50.0,8.6491,0
SN_002223,LOT_004,9.6814,10.9005,11.237,11.4597,0,healthy,0.0,50.0,8.6491,0
SN_002224,LOT_004,7.2734,8.1787,8.4375,8.5294,0,healthy,0.0,50.0,8.6491,0
SN_002225,LOT_004,7.8639,8.4939,8.6717,8.6234,0,healthy,0.0,50.0,8.6491,0
SN_002226,LOT_004,7.3132,7.8181,7.9726,8.0026,0,healthy,0.0,50.0,8.6491,0
SN_002227,LOT_004,8.7984,9.5749,9.9279,9.9677,0,healthy,0.0,50.0,8.6491,0
SN_002228,LOT_004,9.2781,10.1435,10.0097,10.2293,0,healthy,0.0,50.0,8.6491,0
SN_002229,LOT_004,7.3885,7.9942,8.1107,8.2761,0,healthy,0.0,50.0,8.6491,0
SN_002230,LOT_004,10.6404,11.6626,11.8212,11.8365,0,healthy,0.0,50.0,8.6491,0
SN_002231,LOT_004,10.3498,11.0542,10.958,11.1562,0,healthy,0.0,50.0,8.6491,0
SN_002232,LOT_004,7.9517,8.7981,9.1868,9.308,0,healthy,0.0,50.0,8.6491,0
SN_002233,LOT_004,10.715,10.9816,11.2737,11.3086,0,healthy,0.0,50.0,8.6491,0
SN_002234,LOT_004,12.3122,12.6084,12.7787,12.7531,0,healthy,0.0,50.0,8.6491,0
SN_002235,LOT_004,9.2359,10.0651,10.2463,10.4808,0,healthy,0.0,50.0,8.6491,0
SN_002236,LOT_004,8.3047,9.0342,9.1301,9.3657,0,healthy,0.0,50.0,8.6491,0
SN_002237,LOT_004,7.1421,7.6053,7.7094,7.8736,0,healthy,0.0,50.0,8.6491,0
SN_002238,LOT_004,10.5589,10.9959,11.1147,11.1793,0,healthy,0.0,50.0,8.6491,0
SN_002239,LOT_004,8.5382,9.5585,9.848,10.0684,0,healthy,0.0,50.0,8.6491,0
SN_002240,LOT_004,6.8667,7.3787,7.6238,7.6699,0,healthy,0.0,50.0,8.6491,0
SN_002241,LOT_004,8.6856,9.1442,9.4815,9.3728,0,healthy,0.0,50.0,8.6491,0
SN_002242,LOT_004,12.4999,13.2001,13.5756,13.5605,0,healthy,0.0,50.0,8.6491,0
SN_002243,LOT_004,9.1622,10.1719,10.5587,10.7009,0,healthy,0.0,50.0,8.6491,0
SN_002244,LOT_004,8.5298,9.3538,9.8312,10.0837,0,healthy,0.0,50.0,8.6491,0
SN_002245,LOT_004,8.5761,9.6967,9.8401,10.0709,0,healthy,0.0,50.0,8.6491,0
SN_002246,LOT_004,8.3789,9.3158,9.7679,9.9176,0,healthy,0.0,50.0,8.6491,0
SN_002247,LOT_004,7.7277,8.2588,8.1876,8.3998,0,healthy,0.0,50.0,8.6491,0
SN_002248,LOT_004,9.2601,9.7498,9.8912,9.9093,0,healthy,0.0,50.0,8.6491,0
SN_002249,LOT_004,7.7378,8.1648,8.3711,8.4784,0,healthy,0.0,50.0,8.6491,0
SN_002250,LOT_004,7.1915,7.9393,8.2835,8.5081,0,healthy,0.0,50.0,8.6491,0
SN_002251,LOT_004,8.2047,9.2208,9.2523,9.3706,0,healthy,0.0,50.0,8.6491,0
SN_002252,LOT_004,6.5524,7.4092,7.7638,7.769,0,healthy,0.0,50.0,8.6491,0
SN_002253,LOT_004,7.723,8.2694,8.4997,8.5305,0,healthy,0.0,50.0,8.6491,0
SN_002254,LOT_004,7.0724,7.5704,7.8633,7.9133,0,healthy,0.0,50.0,8.6491,0
SN_002255,LOT_004,9.6826,10.1861,10.4158,10.5694,0,healthy,0.0,50.0,8.6491,0
SN_002256,LOT_004,9.2669,10.1577,10.4495,10.6344,0,healthy,0.0,50.0,8.6491,0
SN_002257,LOT_004,10.2306,10.6914,10.9118,10.9574,0,healthy,0.0,50.0,8.6491,0
SN_002258,LOT_004,9.7528,10.6102,11.0185,11.3411,0,healthy,0.0,50.0,8.6491,0
SN_002259,LOT_004,8.8171,9.5823,9.655,9.7051,0,healthy,0.0,50.0,8.6491,0
SN_002260,LOT_004,8.5285,9.7237,10.0867,10.118,0,healthy,0.0,50.0,8.6491,0
SN_002261,LOT_004,7.23,7.877,8.0156,8.0938,0,healthy,0.0,50.0,8.6491,0
SN_002262,LOT_004,9.1254,9.5378,9.5898,9.687,0,healthy,0.0,50.0,8.6491,0
SN_002263,LOT_004,9.4069,9.9742,10.3045,10.5943,0,healthy,0.0,50.0,8.6491,0
SN_002264,LOT_004,8.9458,9.475,9.7263,9.9385,0,healthy,0.0,50.0,8.6491,0
SN_002265,LOT_004,10.832,11.6779,11.723,11.8622,0,healthy,0.0,50.0,8.6491,0
SN_002266,LOT_004,9.573,10.7703,11.3428,11.3567,0,healthy,0.0,50.0,8.6491,0
SN_002267,LOT_004,8.1459,8.4924,8.6258,8.6791,0,healthy,0.0,50.0,8.6491,0
SN_002268,LOT_004,7.5713,8.3115,8.4387,8.6265,0,healthy,0.0,50.0,8.6491,0
SN_002269,LOT_004,9.5114,9.6543,9.8821,10.0997,0,healthy,0.0,50.0,8.6491,0
SN_002270,LOT_004,9.3729,10.7519,10.9209,11.151,0,healthy,0.0,50.0,8.6491,0
SN_002271,LOT_004,9.2504,10.2678,10.7462,10.9006,0,healthy,0.0,50.0,8.6491,0
SN_002272,LOT_004,8.9249,9.7529,9.9958,10.2587,0,healthy,0.0,50.0,8.6491,0
SN_002273,LOT_004,7.7352,8.5155,8.7318,8.868,0,healthy,0.0,50.0,8.6491,0
SN_002274,LOT_004,8.3596,8.7493,8.8822,8.872,0,healthy,0.0,50.0,8.6491,0
SN_002275,LOT_004,8.6991,9.6861,10.0298,10.3255,0,healthy,0.0,50.0,8.6491,0
SN_002276,LOT_004,8.1261,8.9026,9.2218,9.4338,0,healthy,0.0,50.0,8.6491,0
SN_002277,LOT_004,9.2368,10.4047,10.891,10.8359,0,healthy,0.0,50.0,8.6491,0
SN_002278,LOT_004,7.5701,7.893,7.9872,7.9989,0,healthy,0.0,50.0,8.6491,0
SN_002279,LOT_004,7.7158,8.1001,8.2004,8.2861,0,healthy,0.0,50.0,8.6491,0
SN_002280,LOT_004,7.6674,8.303,8.6729,8.5307,0,healthy,0.0,50.0,8.6491,0
SN_002281,LOT_004,8.0326,9.0526,9.2098,9.3338,0,healthy,0.0,50.0,8.6491,0
SN_002282,LOT_004,9.2514,9.9714,10.1196,10.2506,0,healthy,0.0,50.0,8.6491,0
SN_002283,LOT_004,8.3108,8.7177,8.7767,8.7774,0,healthy,0.0,50.0,8.6491,0
SN_002284,LOT_004,6.7191,7.5095,7.7277,7.7366,0,healthy,0.0,50.0,8.6491,0
SN_002285,LOT_004,8.5925,9.0257,9.0398,9.1547,0,healthy,0.0,50.0,8.6491,0
SN_002286,LOT_004,10.3527,11.2824,11.4612,11.6634,0,healthy,0.0,50.0,8.6491,0
SN_002287,LOT_004,8.2768,8.7483,8.9668,9.1456,0,healthy,0.0,50.0,8.6491,0
SN_002288,LOT_005,6.6999,6.9785,7.0357,7.1267,0,healthy,0.0,50.0,6.1114,1
SN_002289,LOT_005,6.7012,7.0921,7.3669,7.5435,0,healthy,0.0,50.0,6.1114,1
SN_002290,LOT_005,5.4983,5.7125,5.8327,5.9566,0,healthy,0.0,50.0,6.1114,1
SN_002291,LOT_005,5.2492,5.5406,5.6671,5.6955,0,healthy,0.0,50.0,6.1114,1
SN_002292,LOT_005,5.7271,6.0103,6.0415,6.1428,0,healthy,0.0,50.0,6.1114,1
SN_002293,LOT_005,4.5347,5.1015,5.2882,5.3959,0,healthy,0.0,50.0,6.1114,1
SN_002294,LOT_005,5.5133,5.8303,5.9178,5.9683,0,healthy,0.0,50.0,6.1114,1
SN_002295,LOT_005,5.7408,6.4111,6.4892,6.6226,0,healthy,0.0,50.0,6.1114,1
SN_002296,LOT_005,9.9229,10.2951,10.4455,10.5552,0,healthy,0.0,50.0,6.1114,1
SN_002297,LOT_005,8.6077,9.4495,9.6586,9.9035,0,healthy,0.0,50.0,6.1114,1
SN_002298,LOT_005,8.0877,8.358,8.6965,8.7585,0,healthy,0.0,50.0,6.1114,1
SN_002299,LOT_005,4.8744,5.1705,5.227,5.1421,0,healthy,0.0,50.0,6.1114,1
SN_002300,LOT_005,8.2726,8.7584,9.1053,9.1614,0,healthy,0.0,50.0,6.1114,1
SN_002301,LOT_005,5.9989,6.6755,7.0116,7.1321,0,healthy,0.0,50.0,6.1114,1
SN_002302,LOT_005,5.5433,6.0942,6.3038,6.3928,0,healthy,0.0,50.0,6.1114,1
SN_002303,LOT_005,6.4965,7.0043,7.2262,7.4017,0,healthy,0.0,50.0,6.1114,1
SN_002304,LOT_005,5.5013,5.8732,6.1343,6.2326,0,healthy,0.0,50.0,6.1114,1
SN_002305,LOT_005,7.7234,8.606,8.9771,9.2641,0,healthy,0.0,50.0,6.1114,1
SN_002306,LOT_005,7.4063,7.9894,8.1572,8.2943,0,healthy,0.0,50.0,6.1114,1
SN_002307,LOT_005,5.217,5.3873,5.4234,5.5838,0,healthy,0.0,50.0,6.1114,1
SN_002308,LOT_005,5.6353,6.1354,6.3345,6.4453,0,healthy,0.0,50.0,6.1114,1
SN_002309,LOT_005,9.3024,10.2386,10.3158,10.5266,0,healthy,0.0,50.0,6.1114,1
SN_002310,LOT_005,9.9051,11.0845,11.4251,11.5383,0,healthy,0.0,50.0,6.1114,1
SN_002311,LOT_005,3.9817,4.2103,4.2764,4.3802,0,healthy,0.0,50.0,6.1114,1
SN_002312,LOT_005,4.5471,5.0664,5.2725,5.5042,0,healthy,0.0,50.0,6.1114,1
SN_002313,LOT_005,4.3393,4.7321,4.8722,4.9695,0,healthy,0.0,50.0,6.1114,1
SN_002314,LOT_005,6.5961,7.4271,7.5894,7.8019,0,healthy,0.0,50.0,6.1114,1
SN_002315,LOT_005,7.4117,7.8106,8.1114,8.2029,0,healthy,0.0,50.0,6.1114,1
SN_002316,LOT_005,7.0554,7.8058,8.1471,8.4395,0,healthy,0.0,50.0,6.1114,1
SN_002317,LOT_005,4.5229,4.7299,4.7645,4.7881,0,healthy,0.0,50.0,6.1114,1
SN_002318,LOT_005,4.8566,5.3014,5.4722,5.6581,0,healthy,0.0,50.0,6.1114,1
SN_002319,LOT_005,6.8715,7.4431,7.4979,7.5519,0,healthy,0.0,50.0,6.1114,1
SN_002320,LOT_005,11.2565,11.6412,12.0292,12.2355,0,healthy,0.0,50.0,6.1114,1
SN_002321,LOT_005,7.7739,8.1645,8.4268,8.6258,0,healthy,0.0,50.0,6.1114,1
SN_002322,LOT_005,4.8411,5.3327,5.5009,5.7659,0,healthy,0.0,50.0,6.1114,1
SN_002323,LOT_005,3.9462,4.1562,4.2504,4.2741,0,healthy,0.0,50.0,6.1114,1
SN_002324,LOT_005,5.3523,5.7463,5.9655,6.0601,0,healthy,0.0,50.0,6.1114,1
SN_002325,LOT_005,10.7647,11.6973,11.7936,12.1568,0,healthy,0.0,50.0,6.1114,1
SN_002326,LOT_005,6.1583,6.5956,6.6816,6.6511,0,healthy,0.0,50.0,6.1114,1
SN_002327,LOT_005,7.3054,7.8516,7.983,8.0924,0,healthy,0.0,50.0,6.1114,1
SN_002328,LOT_005,5.6431,6.1822,6.1182,6.1072,0,healthy,0.0,50.0,6.1114,1
SN_002329,LOT_005,3.786,4.0786,4.114,4.2176,0,healthy,0.0,50.0,6.1114,1
SN_002330,LOT_005,3.7428,4.0981,4.2733,4.3236,0,healthy,0.0,50.0,6.1114,1
SN_002331,LOT_005,7.7897,8.6442,8.918,9.0257,0,healthy,0.0,50.0,6.1114,1
SN_002332,LOT_005,4.6105,4.875,4.9629,5.1821,0,healthy,0.0,50.0,6.1114,1
SN_002333,LOT_005,3.7576,4.2601,4.3059,4.3903,0,healthy,0.0,50.0,6.1114,1
SN_002334,LOT_005,6.048,6.2395,6.4034,6.4847,0,healthy,0.0,50.0,6.1114,1
SN_002335,LOT_005,9.4661,9.9065,9.9629,10.0556,0,healthy,0.0,50.0,6.1114,1
SN_002336,LOT_005,5.5971,5.9374,6.0522,6.1927,0,healthy,0.0,50.0,6.1114,1
SN_002337,LOT_005,5.5442,6.1739,6.2984,6.407,0,healthy,0.0,50.0,6.1114,1
SN_002338,LOT_005,4.1432,4.4671,4.6044,4.6859,0,healthy,0.0,50.0,6.1114,1
SN_002339,LOT_005,8.8839,9.2268,9.4283,9.573,0,healthy,0.0,50.0,6.1114,1
SN_002340,LOT_005,6.2194,6.6902,6.7658,6.9355,0,healthy,0.0,50.0,6.1114,1
SN_002341,LOT_005,4.847,5.3459,5.5902,5.7305,0,healthy,0.0,50.0,6.1114,1
SN_002342,LOT_005,4.024,4.5224,4.6531,4.6733,0,healthy,0.0,50.0,6.1114,1
SN_002343,LOT_005,5.1076,5.5943,5.8249,5.9228,0,healthy,0.0,50.0,6.1114,1
SN_002344,LOT_005,6.0605,6.5413,6.8017,6.8927,0,healthy,0.0,50.0,6.1114,1
SN_002345,LOT_005,5.9267,6.4607,6.5885,6.865,0,healthy,0.0,50.0,6.1114,1
SN_002346,LOT_005,3.8768,4.1834,4.1992,4.2519,0,healthy,0.0,50.0,6.1114,1
SN_002347,LOT_005,8.533,8.7869,9.0397,9.0077,0,healthy,0.0,50.0,6.1114,1
SN_002348,LOT_005,6.1342,6.523,6.7518,6.8506,0,healthy,0.0,50.0,6.1114,1
SN_002349,LOT_005,6.995,7.4883,7.8708,8.0216,0,healthy,0.0,50.0,6.1114,1
SN_002350,LOT_005,7.9269,8.1543,8.1508,8.3954,0,healthy,0.0,50.0,6.1114,1
SN_002351,LOT_005,5.6688,6.2347,6.3443,6.4238,0,healthy,0.0,50.0,6.1114,1
SN_002352,LOT_005,5.0479,5.6825,5.7946,5.896,0,healthy,0.0,50.0,6.1114,1
SN_002353,LOT_005,8.7532,9.3481,9.7443,9.8597,0,healthy,0.0,50.0,6.1114,1
SN_002354,LOT_005,4.0009,4.2381,4.3382,4.3687,0,healthy,0.0,50.0,6.1114,1
SN_002355,LOT_005,4.4427,4.8147,5.0181,5.0876,0,healthy,0.0,50.0,6.1114,1
SN_002356,LOT_005,6.454,6.7561,7.1157,7.0824,0,healthy,0.0,50.0,6.1114,1
SN_002357,LOT_005,5.4336,6.055,6.1718,6.3132,0,healthy,0.0,50.0,6.1114,1
SN_002358,LOT_005,5.0774,5.4991,5.628,5.7106,0,healthy,0.0,50.0,6.1114,1
SN_002359,LOT_005,9.4223,10.2493,10.3651,10.4639,0,healthy,0.0,50.0,6.1114,1
SN_002360,LOT_005,5.8604,6.2229,6.4215,6.4785,0,healthy,0.0,50.0,6.1114,1
SN_002361,LOT_005,8.477,8.8445,8.9924,9.1718,0,healthy,0.0,50.0,6.1114,1
SN_002362,LOT_005,4.2697,4.6204,4.7683,4.8228,0,healthy,0.0,50.0,6.1114,1
SN_002363,LOT_005,7.3526,8.6845,12.5016,16.4634,1,electromigration,0.1736,50.0,6.1114,1
SN_002364,LOT_005,4.4648,4.6811,4.829,4.8141,0,healthy,0.0,50.0,6.1114,1
SN_002365,LOT_005,6.2366,6.6959,6.9686,7.2204,0,healthy,0.0,50.0,6.1114,1
SN_002366,LOT_005,4.686,5.2081,5.4727,5.4988,0,healthy,0.0,50.0,6.1114,1
SN_002367,LOT_005,4.4795,4.6476,4.7381,4.8207,0,healthy,0.0,50.0,6.1114,1
SN_002368,LOT_005,7.4461,8.3316,8.5278,8.6536,0,healthy,0.0,50.0,6.1114,1
SN_002369,LOT_005,4.7459,4.9279,4.9356,4.9728,0,healthy,0.0,50.0,6.1114,1
SN_002370,LOT_005,5.1333,5.5757,5.6179,5.7222,0,healthy,0.0,50.0,6.1114,1
SN_002371,LOT_005,7.1313,7.7734,8.1083,8.189,0,healthy,0.0,50.0,6.1114,1
SN_002372,LOT_005,5.1727,5.7795,5.8349,6.0199,0,healthy,0.0,50.0,6.1114,1
SN_002373,LOT_005,5.7677,6.5462,6.659,6.8494,0,healthy,0.0,50.0,6.1114,1
SN_002374,LOT_005,4.5519,4.7779,4.7635,4.8342,0,healthy,0.0,50.0,6.1114,1
SN_002375,LOT_005,8.9668,9.335,9.5195,9.6871,0,healthy,0.0,50.0,6.1114,1
SN_002376,LOT_005,8.3995,8.799,9.1701,9.2583,0,healthy,0.0,50.0,6.1114,1
SN_002377,LOT_005,4.9177,5.4951,5.6621,5.7573,0,healthy,0.0,50.0,6.1114,1
SN_002378,LOT_005,5.567,6.0195,6.3036,6.3557,0,healthy,0.0,50.0,6.1114,1
SN_002379,LOT_005,5.5279,6.1781,6.3015,6.4126,0,healthy,0.0,50.0,6.1114,1
SN_002380,LOT_005,7.8421,8.8672,9.1249,9.5089,0,healthy,0.0,50.0,6.1114,1
SN_002381,LOT_005,5.1908,5.5631,5.7998,5.8657,0,healthy,0.0,50.0,6.1114,1
SN_002382,LOT_005,8.1385,9.101,9.3199,9.449,0,healthy,0.0,50.0,6.1114,1
SN_002383,LOT_005,4.0806,4.4044,4.5593,4.7098,0,healthy,0.0,50.0,6.1114,1
SN_002384,LOT_005,5.9471,6.7976,6.9449,7.094,0,healthy,0.0,50.0,6.1114,1
SN_002385,LOT_005,6.3509,6.5004,6.6761,6.7321,0,healthy,0.0,50.0,6.1114,1
SN_002386,LOT_005,4.5843,5.2461,5.2919,5.3542,0,healthy,0.0,50.0,6.1114,1
SN_002387,LOT_005,6.1289,6.3137,6.4873,6.5016,0,healthy,0.0,50.0,6.1114,1
SN_002388,LOT_005,5.1241,5.6647,6.0364,6.0423,0,healthy,0.0,50.0,6.1114,1
SN_002389,LOT_005,7.4091,8.5664,8.7018,8.789,0,healthy,0.0,50.0,6.1114,1
SN_002390,LOT_005,9.0153,9.62,9.7776,9.7742,0,healthy,0.0,50.0,6.1114,1
SN_002391,LOT_005,5.694,6.2364,6.4403,6.514,0,healthy,0.0,50.0,6.1114,1
SN_002392,LOT_005,5.0894,5.7098,5.9685,6.0267,0,healthy,0.0,50.0,6.1114,1
SN_002393,LOT_005,5.2076,5.4288,5.6185,5.608,0,healthy,0.0,50.0,6.1114,1
SN_002394,LOT_005,5.1769,5.6116,5.7814,5.8187,0,healthy,0.0,50.0,6.1114,1
SN_002395,LOT_005,5.5305,5.9955,6.1333,6.2001,0,healthy,0.0,50.0,6.1114,1
SN_002396,LOT_005,5.3602,5.8549,6.0122,6.1729,0,healthy,0.0,50.0,6.1114,1
SN_002397,LOT_005,5.5233,6.1487,6.2889,6.2891,0,healthy,0.0,50.0,6.1114,1
SN_002398,LOT_005,5.5427,6.09,6.2462,6.4235,0,healthy,0.0,50.0,6.1114,1
SN_002399,LOT_005,7.1754,7.9464,8.1945,8.2988,0,healthy,0.0,50.0,6.1114,1
SN_002400,LOT_005,6.6741,7.1382,7.4351,7.5418,0,healthy,0.0,50.0,6.1114,1
SN_002401,LOT_005,2.7583,3.0268,3.1324,3.1115,0,healthy,0.0,50.0,6.1114,1
SN_002402,LOT_005,5.8842,6.2588,6.3857,6.4131,0,healthy,0.0,50.0,6.1114,1
SN_002403,LOT_005,6.1421,6.5383,6.5539,6.6745,0,healthy,0.0,50.0,6.1114,1
SN_002404,LOT_005,5.0544,5.757,5.9552,5.9909,0,healthy,0.0,50.0,6.1114,1
SN_002405,LOT_005,7.0033,7.6959,8.066,8.2516,0,healthy,0.0,50.0,6.1114,1
SN_002406,LOT_005,4.8604,5.3052,5.6392,5.6484,0,healthy,0.0,50.0,6.1114,1
SN_002407,LOT_005,5.3018,5.335,7.085,10.5806,1,tddb_dielectric,0.1628,50.0,6.1114,1
SN_002408,LOT_005,5.1243,5.6549,5.7246,5.889,0,healthy,0.0,50.0,6.1114,1
SN_002409,LOT_005,5.0295,5.2916,5.4591,5.5538,0,healthy,0.0,50.0,6.1114,1
SN_002410,LOT_005,8.6837,9.808,10.0647,10.3568,0,healthy,0.0,50.0,6.1114,1
SN_002411,LOT_005,5.0881,5.4638,5.6371,5.7161,0,healthy,0.0,50.0,6.1114,1
SN_002412,LOT_005,9.7302,10.7505,11.2986,11.6267,0,healthy,0.0,50.0,6.1114,1
SN_002413,LOT_005,8.9076,9.8722,10.1072,9.9601,0,healthy,0.0,50.0,6.1114,1
SN_002414,LOT_005,8.6241,9.4876,9.9681,10.1394,0,healthy,0.0,50.0,6.1114,1
SN_002415,LOT_005,5.447,5.9742,6.1928,6.32,0,healthy,0.0,50.0,6.1114,1
SN_002416,LOT_005,5.909,6.1755,6.2958,6.3243,0,healthy,0.0,50.0,6.1114,1
SN_002417,LOT_005,6.4499,7.2786,7.5057,7.5998,0,healthy,0.0,50.0,6.1114,1
SN_002418,LOT_005,5.6336,6.0164,6.2367,6.2012,0,healthy,0.0,50.0,6.1114,1
SN_002419,LOT_005,4.8883,5.3984,5.6242,5.6832,0,healthy,0.0,50.0,6.1114,1
SN_002420,LOT_005,5.2347,5.7456,5.8672,5.9885,0,healthy,0.0,50.0,6.1114,1
SN_002421,LOT_005,7.1288,7.8342,8.0854,8.1007,0,healthy,0.0,50.0,6.1114,1
SN_002422,LOT_005,6.5031,6.6646,6.8567,6.9098,0,healthy,0.0,50.0,6.1114,1
SN_002423,LOT_005,21.8455,22.7762,25.1673,27.4124,1,esd_oxide,0.5373,50.0,6.1114,1
SN_002424,LOT_005,5.5508,5.9503,6.1352,6.308,0,healthy,0.0,50.0,6.1114,1
SN_002425,LOT_005,7.3361,7.8034,7.8043,8.0298,0,healthy,0.0,50.0,6.1114,1
SN_002426,LOT_005,5.8355,5.9939,6.2161,6.3066,0,healthy,0.0,50.0,6.1114,1
SN_002427,LOT_005,7.7716,8.3743,8.3858,8.4001,0,healthy,0.0,50.0,6.1114,1
SN_002428,LOT_005,12.3981,13.2371,13.6992,13.6968,0,healthy,0.0,50.0,6.1114,1
SN_002429,LOT_005,6.1445,6.6847,7.071,7.3098,0,healthy,0.0,50.0,6.1114,1
SN_002430,LOT_005,5.1914,5.5812,5.718,5.7007,0,healthy,0.0,50.0,6.1114,1
SN_002431,LOT_005,7.9756,8.2545,8.5774,8.5678,0,healthy,0.0,50.0,6.1114,1
SN_002432,LOT_005,5.9252,6.6996,6.9848,6.9308,0,healthy,0.0,50.0,6.1114,1
SN_002433,LOT_005,5.4289,5.6232,5.8061,5.8655,0,healthy,0.0,50.0,6.1114,1
SN_002434,LOT_005,7.4297,8.0205,8.2838,8.453,0,healthy,0.0,50.0,6.1114,1
SN_002435,LOT_005,8.421,8.9178,9.054,9.0789,0,healthy,0.0,50.0,6.1114,1
SN_002436,LOT_005,6.3209,7.1886,7.4323,7.5689,0,healthy,0.0,50.0,6.1114,1
SN_002437,LOT_005,7.1729,7.9732,8.3453,8.4838,0,healthy,0.0,50.0,6.1114,1
SN_002438,LOT_005,5.0943,5.387,5.5967,5.7199,0,healthy,0.0,50.0,6.1114,1
SN_002439,LOT_005,3.9371,4.2452,4.3515,4.4043,0,healthy,0.0,50.0,6.1114,1
SN_002440,LOT_005,6.3588,7.0711,7.1989,7.2697,0,healthy,0.0,50.0,6.1114,1
SN_002441,LOT_005,4.7801,5.2934,5.5995,5.6579,0,healthy,0.0,50.0,6.1114,1
SN_002442,LOT_005,9.9732,11.028,11.4474,11.5691,0,healthy,0.0,50.0,6.1114,1
SN_002443,LOT_005,5.0709,5.4056,5.5698,5.5578,0,healthy,0.0,50.0,6.1114,1
SN_002444,LOT_005,5.3042,5.8821,6.1293,6.2831,0,healthy,0.0,50.0,6.1114,1
SN_002445,LOT_005,6.3607,7.0067,7.3141,7.3776,0,healthy,0.0,50.0,6.1114,1
SN_002446,LOT_005,6.5383,7.294,7.563,7.6137,0,healthy,0.0,50.0,6.1114,1
SN_002447,LOT_006,15.9187,17.3969,18.0719,18.2325,0,healthy,0.0,50.0,15.93,0
SN_002448,LOT_006,18.6902,19.4744,19.7897,20.1062,0,healthy,0.0,50.0,15.93,0
SN_002449,LOT_006,18.7975,20.098,20.6667,20.7154,0,healthy,0.0,50.0,15.93,0
SN_002450,LOT_006,17.9729,19.9676,20.33,20.5584,0,healthy,0.0,50.0,15.93,0
SN_002451,LOT_006,15.4901,16.7152,17.1725,17.3333,0,healthy,0.0,50.0,15.93,0
SN_002452,LOT_006,15.6446,16.9915,17.6855,17.974,0,healthy,0.0,50.0,15.93,0
SN_002453,LOT_006,15.1924,16.1817,16.7534,17.0814,0,healthy,0.0,50.0,15.93,0
SN_002454,LOT_006,15.6448,16.8739,17.0405,17.3112,0,healthy,0.0,50.0,15.93,0
SN_002455,LOT_006,13.1209,13.5311,13.9086,14.2592,0,healthy,0.0,50.0,15.93,0
SN_002456,LOT_006,15.8249,17.1457,17.9824,18.1474,0,healthy,0.0,50.0,15.93,0
SN_002457,LOT_006,15.1769,16.8742,17.3275,17.5212,0,healthy,0.0,50.0,15.93,0
SN_002458,LOT_006,15.9305,16.4341,16.9769,17.1579,0,healthy,0.0,50.0,15.93,0
SN_002459,LOT_006,14.1094,14.7265,14.9229,14.7847,0,healthy,0.0,50.0,15.93,0
SN_002460,LOT_006,15.5876,16.4632,17.2384,17.3813,0,healthy,0.0,50.0,15.93,0
SN_002461,LOT_006,17.542,18.8173,18.7716,19.0918,0,healthy,0.0,50.0,15.93,0
SN_002462,LOT_006,15.367,16.7706,17.3718,17.1524,0,healthy,0.0,50.0,15.93,0
SN_002463,LOT_006,14.1534,14.8697,15.2662,15.3936,0,healthy,0.0,50.0,15.93,0
SN_002464,LOT_006,16.7236,17.8029,17.9797,18.5253,0,healthy,0.0,50.0,15.93,0
SN_002465,LOT_006,14.0655,15.808,16.5622,16.8069,0,healthy,0.0,50.0,15.93,0
SN_002466,LOT_006,18.5737,20.7392,21.0167,21.658,0,healthy,0.0,50.0,15.93,0
SN_002467,LOT_006,14.3671,15.6299,16.103,16.3528,0,healthy,0.0,50.0,15.93,0
SN_002468,LOT_006,15.5968,17.7081,17.8799,18.1706,0,healthy,0.0,50.0,15.93,0
SN_002469,LOT_006,15.6177,17.1773,17.8256,17.8855,0,healthy,0.0,50.0,15.93,0
SN_002470,LOT_006,17.2811,19.4855,20.2253,20.7765,0,healthy,0.0,50.0,15.93,0
SN_002471,LOT_006,17.4223,19.1466,19.7332,20.1218,0,healthy,0.0,50.0,15.93,0
SN_002472,LOT_006,17.3586,19.0341,19.1554,19.4001,0,healthy,0.0,50.0,15.93,0
SN_002473,LOT_006,14.5,15.341,15.5526,15.547,0,healthy,0.0,50.0,15.93,0
SN_002474,LOT_006,15.865,16.6245,17.028,17.1183,0,healthy,0.0,50.0,15.93,0
SN_002475,LOT_006,16.8615,18.5987,19.6388,20.1557,0,healthy,0.0,50.0,15.93,0
SN_002476,LOT_006,18.1711,19.4682,19.9734,20.2121,0,healthy,0.0,50.0,15.93,0
SN_002477,LOT_006,14.6673,16.514,17.1407,17.3448,0,healthy,0.0,50.0,15.93,0
SN_002478,LOT_006,14.2248,14.9676,15.7227,16.0537,0,healthy,0.0,50.0,15.93,0
SN_002479,LOT_006,15.3414,16.7272,17.128,17.4086,0,healthy,0.0,50.0,15.93,0
SN_002480,LOT_006,14.0282,14.7262,14.7577,14.6058,0,healthy,0.0,50.0,15.93,0
SN_002481,LOT_006,14.5505,16.2748,16.8613,17.29,0,healthy,0.0,50.0,15.93,0
SN_002482,LOT_006,17.2338,18.1164,18.4968,18.9344,0,healthy,0.0,50.0,15.93,0
SN_002483,LOT_006,16.4943,17.9985,18.1454,18.3912,0,healthy,0.0,50.0,15.93,0
SN_002484,LOT_006,15.7951,16.8674,17.0482,16.7161,0,healthy,0.0,50.0,15.93,0
SN_002485,LOT_006,14.7123,15.3042,15.8958,16.0261,0,healthy,0.0,50.0,15.93,0
SN_002486,LOT_006,17.8735,19.0288,19.7018,19.7,0,healthy,0.0,50.0,15.93,0
SN_002487,LOT_006,13.8323,15.8662,16.2267,16.4998,0,healthy,0.0,50.0,15.93,0
SN_002488,LOT_006,15.9092,17.374,18.1866,18.4336,0,healthy,0.0,50.0,15.93,0
SN_002489,LOT_006,16.099,17.3274,17.8409,17.9094,0,healthy,0.0,50.0,15.93,0
SN_002490,LOT_006,18.4591,42.3937,43.3075,43.6672,1,mobile_ion,0.4952,50.0,15.93,0
SN_002491,LOT_006,16.7296,17.6821,18.2231,18.216,0,healthy,0.0,50.0,15.93,0
SN_002492,LOT_006,17.0601,18.8835,19.5238,19.8545,0,healthy,0.0,50.0,15.93,0
SN_002493,LOT_006,17.5823,18.2324,18.9933,18.8327,0,healthy,0.0,50.0,15.93,0
SN_002494,LOT_006,14.3786,16.1367,16.7272,16.8297,0,healthy,0.0,50.0,15.93,0
SN_002495,LOT_006,16.0322,17.5992,18.2251,18.7621,0,healthy,0.0,50.0,15.93,0
SN_002496,LOT_006,13.4111,15.2029,15.3103,15.6617,0,healthy,0.0,50.0,15.93,0
SN_002497,LOT_006,15.433,15.7896,16.2419,16.4751,0,healthy,0.0,50.0,15.93,0
SN_002498,LOT_006,15.6776,19.9077,22.1188,23.2557,1,nbti_ageing,0.1869,50.0,15.93,0
SN_002499,LOT_006,16.3441,18.0601,18.4841,19.0469,0,healthy,0.0,50.0,15.93,0
SN_002500,LOT_006,16.4136,18.2516,18.6038,18.7605,0,healthy,0.0,50.0,15.93,0
SN_002501,LOT_006,13.3382,14.1525,14.4385,14.5058,0,healthy,0.0,50.0,15.93,0
SN_002502,LOT_006,16.4386,17.3108,17.3897,17.6275,0,healthy,0.0,50.0,15.93,0
SN_002503,LOT_006,14.9005,15.5807,15.8086,15.9855,0,healthy,0.0,50.0,15.93,0
SN_002504,LOT_006,17.8074,18.9883,19.3407,19.2239,0,healthy,0.0,50.0,15.93,0
SN_002505,LOT_006,12.8083,14.1627,14.7967,14.998,0,healthy,0.0,50.0,15.93,0
SN_002506,LOT_006,16.7685,18.7572,19.6157,19.8941,0,healthy,0.0,50.0,15.93,0
SN_002507,LOT_006,13.6407,15.0293,15.4966,15.6083,0,healthy,0.0,50.0,15.93,0
SN_002508,LOT_006,17.6211,19.107,20.1022,20.4093,0,healthy,0.0,50.0,15.93,0
SN_002509,LOT_006,18.0702,19.5049,19.8545,19.823,0,healthy,0.0,50.0,15.93,0
SN_002510,LOT_006,18.1904,19.4967,19.8165,20.1576,0,healthy,0.0,50.0,15.93,0
SN_002511,LOT_006,20.1776,21.5724,22.0781,22.1626,0,healthy,0.0,50.0,15.93,0
SN_002512,LOT_006,17.8354,19.8474,20.1943,20.3752,0,healthy,0.0,50.0,15.93,0
SN_002513,LOT_006,16.4049,17.5486,17.941,17.9192,0,healthy,0.0,50.0,15.93,0
SN_002514,LOT_006,15.6189,17.0462,17.6745,18.2018,0,healthy,0.0,50.0,15.93,0
SN_002515,LOT_006,14.7222,16.0132,16.3482,16.8536,0,healthy,0.0,50.0,15.93,0
SN_002516,LOT_006,17.6885,19.2862,20.0963,20.6865,0,healthy,0.0,50.0,15.93,0
SN_002517,LOT_006,12.8534,13.8699,14.3338,14.3321,0,healthy,0.0,50.0,15.93,0
SN_002518,LOT_006,15.077,15.7724,16.0438,16.3812,0,healthy,0.0,50.0,15.93,0
SN_002519,LOT_006,13.4209,15.0064,15.4232,15.7003,0,healthy,0.0,50.0,15.93,0
SN_002520,LOT_006,16.1494,17.3404,17.877,18.1171,0,healthy,0.0,50.0,15.93,0
SN_002521,LOT_006,19.5368,20.5873,20.4537,20.7534,0,healthy,0.0,50.0,15.93,0
SN_002522,LOT_006,14.7093,15.9208,16.5382,16.8359,0,healthy,0.0,50.0,15.93,0
SN_002523,LOT_006,16.9004,19.0426,19.7174,20.048,0,healthy,0.0,50.0,15.93,0
SN_002524,LOT_006,14.7994,15.8229,16.4583,16.7807,0,healthy,0.0,50.0,15.93,0
SN_002525,LOT_006,12.1771,13.362,13.9225,14.188,0,healthy,0.0,50.0,15.93,0
SN_002526,LOT_006,16.085,17.2933,18.1306,18.0237,0,healthy,0.0,50.0,15.93,0
SN_002527,LOT_006,17.6535,19.3683,19.6711,20.06,0,healthy,0.0,50.0,15.93,0
SN_002528,LOT_006,15.6344,17.6381,18.0966,18.4793,0,healthy,0.0,50.0,15.93,0
SN_002529,LOT_006,17.6306,19.157,19.5704,20.1603,0,healthy,0.0,50.0,15.93,0
SN_002530,LOT_006,15.5773,16.3154,16.6292,16.9745,0,healthy,0.0,50.0,15.93,0
SN_002531,LOT_006,13.5235,14.381,14.4865,14.3915,0,healthy,0.0,50.0,15.93,0
SN_002532,LOT_006,12.8517,13.7898,14.2378,14.7253,0,healthy,0.0,50.0,15.93,0
SN_002533,LOT_006,14.2619,15.8367,16.2652,16.9084,0,healthy,0.0,50.0,15.93,0
SN_002534,LOT_006,15.4983,16.1854,16.324,16.59,0,healthy,0.0,50.0,15.93,0
SN_002535,LOT_006,15.7567,16.2419,16.8452,17.1976,0,healthy,0.0,50.0,15.93,0
SN_002536,LOT_006,16.2575,17.0555,17.547,17.7775,0,healthy,0.0,50.0,15.93,0
SN_002537,LOT_006,14.4245,15.4507,15.8747,16.0211,0,healthy,0.0,50.0,15.93,0
SN_002538,LOT_006,12.8198,13.7861,14.047,14.2325,0,healthy,0.0,50.0,15.93,0
SN_002539,LOT_006,12.8121,13.8618,14.2835,14.5439,0,healthy,0.0,50.0,15.93,0
SN_002540,LOT_006,16.9864,19.0,19.693,19.8049,0,healthy,0.0,50.0,15.93,0
SN_002541,LOT_006,17.5113,18.8208,19.3174,19.5185,0,healthy,0.0,50.0,15.93,0
SN_002542,LOT_006,15.8774,17.2747,18.3164,18.6361,0,healthy,0.0,50.0,15.93,0
SN_002543,LOT_006,15.6764,16.6137,17.007,17.2117,0,healthy,0.0,50.0,15.93,0
SN_002544,LOT_006,17.4127,18.5507,18.6045,18.7798,0,healthy,0.0,50.0,15.93,0
SN_002545,LOT_006,18.4365,20.5627,21.1004,21.6125,0,healthy,0.0,50.0,15.93,0
SN_002546,LOT_006,17.1823,18.6506,19.4397,20.0594,0,healthy,0.0,50.0,15.93,0
SN_002547,LOT_006,17.4784,19.1732,19.8705,20.2857,0,healthy,0.0,50.0,15.93,0
SN_002548,LOT_006,16.1444,17.4878,18.1734,18.495,0,healthy,0.0,50.0,15.93,0
SN_002549,LOT_006,15.0863,15.4705,15.8111,15.9787,0,healthy,0.0,50.0,15.93,0
SN_002550,LOT_006,15.2365,16.3896,17.294,17.3335,0,healthy,0.0,50.0,15.93,0
SN_002551,LOT_006,13.8773,15.9574,16.2117,16.524,0,healthy,0.0,50.0,15.93,0
SN_002552,LOT_006,18.1817,19.8339,20.4946,20.8743,0,healthy,0.0,50.0,15.93,0
SN_002553,LOT_006,15.4442,16.695,16.7419,16.9699,0,healthy,0.0,50.0,15.93,0
SN_002554,LOT_006,15.1221,15.7038,16.0573,15.968,0,healthy,0.0,50.0,15.93,0
SN_002555,LOT_006,15.2261,16.4979,17.3829,17.6103,0,healthy,0.0,50.0,15.93,0
SN_002556,LOT_006,44.0,45.1437,48.4639,51.433,1,subtle_in_spec,0.2034,50.0,15.93,0
SN_002557,LOT_006,16.4064,17.7557,18.6487,18.5456,0,healthy,0.0,50.0,15.93,0
SN_002558,LOT_006,15.2465,16.9627,17.84,17.9019,0,healthy,0.0,50.0,15.93,0
SN_002559,LOT_006,15.6161,17.5621,18.1058,18.5887,0,healthy,0.0,50.0,15.93,0
SN_002560,LOT_006,16.0704,18.106,18.7097,19.244,0,healthy,0.0,50.0,15.93,0
SN_002561,LOT_006,14.3204,15.0663,15.3543,15.5037,0,healthy,0.0,50.0,15.93,0
SN_002562,LOT_006,16.5032,18.4388,18.7661,19.2246,0,healthy,0.0,50.0,15.93,0
SN_002563,LOT_006,14.2836,14.987,15.0727,15.3177,0,healthy,0.0,50.0,15.93,0
SN_002564,LOT_006,13.9915,15.0459,15.6498,15.9258,0,healthy,0.0,50.0,15.93,0
SN_002565,LOT_006,16.4363,17.321,17.3108,17.4487,0,healthy,0.0,50.0,15.93,0
SN_002566,LOT_006,15.5877,17.0847,17.7676,18.2979,0,healthy,0.0,50.0,15.93,0
SN_002567,LOT_006,14.2519,15.9862,16.5319,16.6393,0,healthy,0.0,50.0,15.93,0
SN_002568,LOT_006,15.1255,16.0025,16.5088,16.9115,0,healthy,0.0,50.0,15.93,0
SN_002569,LOT_006,15.5589,17.0528,17.5265,17.9542,0,healthy,0.0,50.0,15.93,0
SN_002570,LOT_006,13.4115,14.424,14.5835,14.7148,0,healthy,0.0,50.0,15.93,0
SN_002571,LOT_006,14.1608,15.3597,15.5977,15.9065,0,healthy,0.0,50.0,15.93,0
SN_002572,LOT_006,16.6355,17.6685,17.9109,18.356,0,healthy,0.0,50.0,15.93,0
SN_002573,LOT_006,16.959,17.9125,18.3609,18.4852,0,healthy,0.0,50.0,15.93,0
SN_002574,LOT_006,16.6543,17.3989,17.681,18.0497,0,healthy,0.0,50.0,15.93,0
SN_002575,LOT_006,16.5554,17.3143,17.7672,18.0586,0,healthy,0.0,50.0,15.93,0
SN_002576,LOT_006,16.6543,18.4988,18.6631,18.8045,0,healthy,0.0,50.0,15.93,0
SN_002577,LOT_006,16.4228,17.1317,17.5911,17.7308,0,healthy,0.0,50.0,15.93,0
SN_002578,LOT_006,17.9875,18.9269,19.3172,19.8253,0,healthy,0.0,50.0,15.93,0
SN_002579,LOT_006,17.7182,19.359,20.1642,20.7802,0,healthy,0.0,50.0,15.93,0
SN_002580,LOT_006,14.7347,15.7177,16.31,16.6495,0,healthy,0.0,50.0,15.93,0
SN_002581,LOT_006,15.9112,17.4022,17.8367,18.2686,0,healthy,0.0,50.0,15.93,0
SN_002582,LOT_006,16.2982,17.465,17.5978,17.8346,0,healthy,0.0,50.0,15.93,0
SN_002583,LOT_006,15.327,16.8399,17.865,18.0782,0,healthy,0.0,50.0,15.93,0
SN_002584,LOT_006,14.5391,16.2273,16.7646,17.2895,0,healthy,0.0,50.0,15.93,0
SN_002585,LOT_006,17.8772,20.2123,20.7484,21.1215,0,healthy,0.0,50.0,15.93,0
SN_002586,LOT_006,15.9757,17.1448,17.3273,17.607,0,healthy,0.0,50.0,15.93,0
SN_002587,LOT_006,14.0207,15.1814,16.0409,15.9663,0,healthy,0.0,50.0,15.93,0
SN_002588,LOT_006,17.0492,18.363,18.8222,19.4654,0,healthy,0.0,50.0,15.93,0
SN_002589,LOT_006,18.366,20.0798,20.7638,21.2698,0,healthy,0.0,50.0,15.93,0
SN_002590,LOT_006,15.4175,16.0991,16.321,16.6211,0,healthy,0.0,50.0,15.93,0
SN_002591,LOT_006,13.9997,15.7485,16.0829,16.1945,0,healthy,0.0,50.0,15.93,0
SN_002592,LOT_006,16.8747,18.8429,19.0365,19.1556,0,healthy,0.0,50.0,15.93,0
SN_002593,LOT_006,16.7105,17.8337,18.4043,18.2338,0,healthy,0.0,50.0,15.93,0
SN_002594,LOT_006,17.5759,19.3724,19.9234,19.898,0,healthy,0.0,50.0,15.93,0
SN_002595,LOT_006,13.768,15.6645,15.9681,16.3348,0,healthy,0.0,50.0,15.93,0
SN_002596,LOT_006,14.4788,15.1892,15.662,15.7304,0,healthy,0.0,50.0,15.93,0
SN_002597,LOT_006,15.4538,17.2161,17.5731,17.5751,0,healthy,0.0,50.0,15.93,0
SN_002598,LOT_006,12.6484,13.8824,14.3564,14.4778,0,healthy,0.0,50.0,15.93,0
SN_002599,LOT_006,15.0205,17.0224,17.4047,17.3482,0,healthy,0.0,50.0,15.93,0
SN_002600,LOT_006,17.5096,18.499,18.953,19.1354,0,healthy,0.0,50.0,15.93,0
SN_002601,LOT_006,15.9987,17.6816,18.5573,18.9515,0,healthy,0.0,50.0,15.93,0
SN_002602,LOT_006,13.0407,13.7821,14.0859,14.4505,0,healthy,0.0,50.0,15.93,0
SN_002603,LOT_006,14.9694,16.2362,16.6853,16.9394,0,healthy,0.0,50.0,15.93,0
SN_002604,LOT_006,14.2318,15.1374,15.2169,15.8277,0,healthy,0.0,50.0,15.93,0
SN_002605,LOT_006,17.2933,19.3754,20.1278,20.3432,0,healthy,0.0,50.0,15.93,0
SN_002606,LOT_006,15.6546,17.2137,18.0882,18.2651,0,healthy,0.0,50.0,15.93,0
SN_002607,LOT_006,13.6564,15.0307,15.574,16.0638,0,healthy,0.0,50.0,15.93,0
SN_002608,LOT_006,17.7015,19.3978,19.6749,20.3869,0,healthy,0.0,50.0,15.93,0
SN_002609,LOT_006,14.1417,14.8778,15.2165,15.3032,0,healthy,0.0,50.0,15.93,0
SN_002610,LOT_006,14.6097,16.7673,17.3505,17.5196,0,healthy,0.0,50.0,15.93,0
SN_002611,LOT_006,17.1869,18.3748,18.7917,19.0104,0,healthy,0.0,50.0,15.93,0
SN_002612,LOT_006,12.7454,13.41,13.5476,13.9051,0,healthy,0.0,50.0,15.93,0
SN_002613,LOT_006,19.1749,21.1846,21.6969,22.1391,0,healthy,0.0,50.0,15.93,0
SN_002614,LOT_006,15.3625,17.0093,17.6942,18.3749,0,healthy,0.0,50.0,15.93,0
SN_002615,LOT_006,14.4557,15.7915,16.2952,16.3935,0,healthy,0.0,50.0,15.93,0
SN_002616,LOT_006,19.1332,20.0854,20.2138,20.4691,0,healthy,0.0,50.0,15.93,0
SN_002617,LOT_006,17.5761,19.1373,19.7186,20.0688,0,healthy,0.0,50.0,15.93,0
SN_002618,LOT_006,16.6694,18.229,18.7496,19.4818,0,healthy,0.0,50.0,15.93,0
SN_002619,LOT_006,15.2685,17.1119,17.8958,18.2901,0,healthy,0.0,50.0,15.93,0
SN_002620,LOT_006,16.2036,16.8404,17.4599,17.5344,0,healthy,0.0,50.0,15.93,0
SN_002621,LOT_006,14.245,15.463,15.9817,16.0306,0,healthy,0.0,50.0,15.93,0
SN_002622,LOT_006,14.9584,15.4487,15.7441,15.6529,0,healthy,0.0,50.0,15.93,0
SN_002623,LOT_006,16.8416,17.3182,17.9597,18.0809,0,healthy,0.0,50.0,15.93,0
SN_002624,LOT_006,17.6457,20.0463,20.296,20.3535,0,healthy,0.0,50.0,15.93,0
SN_002625,LOT_006,17.0639,18.1923,18.3958,18.528,0,healthy,0.0,50.0,15.93,0
SN_002626,LOT_006,16.9438,18.6776,19.0307,19.3231,0,healthy,0.0,50.0,15.93,0
SN_002627,LOT_006,16.6027,18.2088,18.9743,19.1662,0,healthy,0.0,50.0,15.93,0
SN_002628,LOT_006,17.0805,18.5239,19.2941,19.3984,0,healthy,0.0,50.0,15.93,0
SN_002629,LOT_006,14.156,15.5937,16.1524,16.1315,0,healthy,0.0,50.0,15.93,0
SN_002630,LOT_006,13.4195,14.5905,14.8,14.9566,0,healthy,0.0,50.0,15.93,0
SN_002631,LOT_006,15.7552,17.6245,18.4738,18.639,0,healthy,0.0,50.0,15.93,0
SN_002632,LOT_006,18.2016,19.3584,19.8121,20.0553,0,healthy,0.0,50.0,15.93,0
SN_002633,LOT_006,17.5572,18.6801,19.1383,19.4124,0,healthy,0.0,50.0,15.93,0
SN_002634,LOT_006,17.1064,17.7183,18.2634,18.3995,0,healthy,0.0,50.0,15.93,0
SN_002635,LOT_006,12.5878,13.2721,13.3967,13.7308,0,healthy,0.0,50.0,15.93,0
SN_002636,LOT_006,14.4134,15.9914,16.7386,16.8625,0,healthy,0.0,50.0,15.93,0
SN_002637,LOT_006,14.5563,15.38,15.2906,15.2154,0,healthy,0.0,50.0,15.93,0
SN_002638,LOT_006,17.1618,18.2293,18.6813,18.8639,0,healthy,0.0,50.0,15.93,0
SN_002639,LOT_006,13.867,14.8003,14.9584,15.2423,0,healthy,0.0,50.0,15.93,0
SN_002640,LOT_006,15.8713,16.8495,17.3117,17.7353,0,healthy,0.0,50.0,15.93,0
SN_002641,LOT_006,14.6533,16.3334,17.0912,17.3358,0,healthy,0.0,50.0,15.93,0
SN_002642,LOT_006,15.162,16.7373,16.9871,17.4474,0,healthy,0.0,50.0,15.93,0
SN_002643,LOT_006,14.8319,15.9524,16.4492,16.7288,0,healthy,0.0,50.0,15.93,0
SN_002644,LOT_006,17.6076,18.2069,18.3749,18.5243,0,healthy,0.0,50.0,15.93,0
SN_002645,LOT_006,15.3755,16.5648,16.9996,16.8732,0,healthy,0.0,50.0,15.93,0
SN_002646,LOT_006,17.8587,19.1737,19.7667,19.4877,0,healthy,0.0,50.0,15.93,0
SN_002647,LOT_006,13.7634,15.2604,15.6056,15.7894,0,healthy,0.0,50.0,15.93,0
SN_002648,LOT_006,15.1145,16.5304,17.3115,17.1831,0,healthy,0.0,50.0,15.93,0
SN_002649,LOT_006,15.8903,16.5987,16.9942,17.311,0,healthy,0.0,50.0,15.93,0
SN_002650,LOT_006,16.1964,18.2957,18.899,19.2999,0,healthy,0.0,50.0,15.93,0
SN_002651,LOT_006,15.4404,16.6719,17.2321,17.3065,0,healthy,0.0,50.0,15.93,0
SN_002652,LOT_006,15.5231,17.3139,17.862,17.9437,0,healthy,0.0,50.0,15.93,0
SN_002653,LOT_006,16.4131,18.5862,19.2778,19.4756,0,healthy,0.0,50.0,15.93,0
SN_002654,LOT_006,14.267,15.5245,15.9601,16.06,0,healthy,0.0,50.0,15.93,0
SN_002655,LOT_006,17.8299,18.6992,19.0553,19.0316,0,healthy,0.0,50.0,15.93,0
SN_002656,LOT_006,15.1365,17.0982,17.5868,17.7848,0,healthy,0.0,50.0,15.93,0
SN_002657,LOT_006,16.1084,17.7975,18.2398,18.5089,0,healthy,0.0,50.0,15.93,0
SN_002658,LOT_006,16.2268,18.168,18.2136,18.8508,0,healthy,0.0,50.0,15.93,0
SN_002659,LOT_006,15.9761,17.595,18.0553,18.1052,0,healthy,0.0,50.0,15.93,0
SN_002660,LOT_006,15.132,15.9889,16.1321,16.1706,0,healthy,0.0,50.0,15.93,0
SN_002661,LOT_006,15.5623,16.9194,18.03,18.3714,0,healthy,0.0,50.0,15.93,0
SN_002662,LOT_006,18.4547,19.1823,19.0609,19.3293,0,healthy,0.0,50.0,15.93,0
SN_002663,LOT_006,17.5773,18.9904,19.74,20.0504,0,healthy,0.0,50.0,15.93,0
SN_002664,LOT_006,14.9489,16.8582,17.2785,17.5884,0,healthy,0.0,50.0,15.93,0
SN_002665,LOT_006,14.0104,15.1529,15.3078,15.4023,0,healthy,0.0,50.0,15.93,0
SN_002666,LOT_006,14.9689,15.5544,15.8766,15.8669,0,healthy,0.0,50.0,15.93,0
SN_002667,LOT_006,16.1021,17.8513,18.1366,18.2809,0,healthy,0.0,50.0,15.93,0
SN_002668,LOT_006,15.6145,17.3774,18.2514,18.4726,0,healthy,0.0,50.0,15.93,0
SN_002669,LOT_006,15.966,17.6677,18.5622,18.6401,0,healthy,0.0,50.0,15.93,0
SN_002670,LOT_006,13.3518,14.27,14.4129,14.5142,0,healthy,0.0,50.0,15.93,0
SN_002671,LOT_006,15.8011,16.9924,17.2709,17.9168,0,healthy,0.0,50.0,15.93,0
SN_002672,LOT_006,17.1583,18.33,18.9932,19.2143,0,healthy,0.0,50.0,15.93,0
SN_002673,LOT_006,18.105,18.9625,19.1114,19.756,0,healthy,0.0,50.0,15.93,0
SN_002674,LOT_006,16.4387,18.7695,19.4477,19.7293,0,healthy,0.0,50.0,15.93,0
SN_002675,LOT_006,15.9528,16.9005,17.3283,17.5168,0,healthy,0.0,50.0,15.93,0
SN_002676,LOT_006,15.6356,16.4474,16.3733,16.7553,0,healthy,0.0,50.0,15.93,0
SN_002677,LOT_006,16.38,17.8978,18.8724,18.9271,0,healthy,0.0,50.0,15.93,0
SN_002678,LOT_006,17.9987,19.9553,20.6086,21.1473,0,healthy,0.0,50.0,15.93,0
SN_002679,LOT_006,16.4355,17.2552,17.3329,17.5449,0,healthy,0.0,50.0,15.93,0
SN_002680,LOT_006,17.5467,18.0694,18.9165,18.9303,0,healthy,0.0,50.0,15.93,0
SN_002681,LOT_006,18.7384,21.1903,22.151,22.4498,0,healthy,0.0,50.0,15.93,0
SN_002682,LOT_007,10.903,11.7279,11.7962,12.1717,0,healthy,0.0,50.0,12.0132,1
SN_002683,LOT_007,18.4478,18.8479,19.6933,19.504,0,healthy,0.0,50.0,12.0132,1
SN_002684,LOT_007,7.9341,8.6215,8.8914,9.0011,0,healthy,0.0,50.0,12.0132,1
SN_002685,LOT_007,12.5926,13.8228,14.234,14.119,0,healthy,0.0,50.0,12.0132,1
SN_002686,LOT_007,16.3846,17.6245,18.2021,18.458,0,healthy,0.0,50.0,12.0132,1
SN_002687,LOT_007,14.0287,15.1111,16.1767,16.3041,0,healthy,0.0,50.0,12.0132,1
SN_002688,LOT_007,16.7226,17.9219,18.4624,18.6806,0,healthy,0.0,50.0,12.0132,1
SN_002689,LOT_007,8.9592,10.1658,10.4794,10.5434,0,healthy,0.0,50.0,12.0132,1
SN_002690,LOT_007,11.028,12.3865,12.8168,12.9837,0,healthy,0.0,50.0,12.0132,1
SN_002691,LOT_007,15.0627,16.48,17.0999,17.4454,0,healthy,0.0,50.0,12.0132,1
SN_002692,LOT_007,11.1164,11.8731,12.2706,12.5599,0,healthy,0.0,50.0,12.0132,1
SN_002693,LOT_007,12.0442,13.1107,13.4122,13.7539,0,healthy,0.0,50.0,12.0132,1
SN_002694,LOT_007,14.5638,16.1865,16.5816,16.9146,0,healthy,0.0,50.0,12.0132,1
SN_002695,LOT_007,13.9971,15.0941,15.7134,16.0286,0,healthy,0.0,50.0,12.0132,1
SN_002696,LOT_007,9.8367,10.7937,11.3145,11.3877,0,healthy,0.0,50.0,12.0132,1
SN_002697,LOT_007,14.9296,16.1377,16.6971,17.2149,0,healthy,0.0,50.0,12.0132,1
SN_002698,LOT_007,10.9164,11.4116,11.4448,11.6384,0,healthy,0.0,50.0,12.0132,1
SN_002699,LOT_007,17.5415,19.2589,19.4377,19.7967,0,healthy,0.0,50.0,12.0132,1
SN_002700,LOT_007,12.9089,13.5262,13.6399,13.8002,0,healthy,0.0,50.0,12.0132,1
SN_002701,LOT_007,15.4576,16.0376,16.5297,16.3862,0,healthy,0.0,50.0,12.0132,1
SN_002702,LOT_007,13.5515,14.6499,15.01,15.1626,0,healthy,0.0,50.0,12.0132,1
SN_002703,LOT_007,10.4964,10.8966,11.0656,11.2192,0,healthy,0.0,50.0,12.0132,1
SN_002704,LOT_007,8.3178,8.9669,9.4168,9.5443,0,healthy,0.0,50.0,12.0132,1
SN_002705,LOT_007,9.519,10.639,10.7386,10.9831,0,healthy,0.0,50.0,12.0132,1
SN_002706,LOT_007,12.6048,13.8416,14.3346,14.2921,0,healthy,0.0,50.0,12.0132,1
SN_002707,LOT_007,10.19,11.2053,11.569,11.9119,0,healthy,0.0,50.0,12.0132,1
SN_002708,LOT_007,10.1755,11.5241,11.8765,12.0353,0,healthy,0.0,50.0,12.0132,1
SN_002709,LOT_007,12.1621,12.6337,12.8186,13.0013,0,healthy,0.0,50.0,12.0132,1
SN_002710,LOT_007,15.0607,16.8597,17.7083,17.6903,0,healthy,0.0,50.0,12.0132,1
SN_002711,LOT_007,14.9871,15.7279,16.1028,16.3045,0,healthy,0.0,50.0,12.0132,1
SN_002712,LOT_007,8.666,9.7996,10.0946,10.2885,0,healthy,0.0,50.0,12.0132,1
SN_002713,LOT_007,44.0,46.2867,53.8182,60.8352,1,subtle_in_spec,0.6875,50.0,12.0132,1
SN_002714,LOT_007,9.506,9.8909,10.2157,10.3115,0,healthy,0.0,50.0,12.0132,1
SN_002715,LOT_007,7.3709,7.7928,7.9909,7.9225,0,healthy,0.0,50.0,12.0132,1
SN_002716,LOT_007,7.9206,8.1122,8.4042,8.3923,0,healthy,0.0,50.0,12.0132,1
SN_002717,LOT_007,7.4392,7.6371,7.7988,7.9136,0,healthy,0.0,50.0,12.0132,1
SN_002718,LOT_007,10.9651,11.7999,12.2152,12.4964,0,healthy,0.0,50.0,12.0132,1
SN_002719,LOT_007,14.4942,15.0183,15.4808,15.6223,0,healthy,0.0,50.0,12.0132,1
SN_002720,LOT_007,13.5983,14.0618,14.4243,14.7709,0,healthy,0.0,50.0,12.0132,1
SN_002721,LOT_007,10.6493,11.5877,11.8486,12.1961,0,healthy,0.0,50.0,12.0132,1
SN_002722,LOT_007,11.2154,12.0044,12.3944,12.4287,0,healthy,0.0,50.0,12.0132,1
SN_002723,LOT_007,11.1534,11.9541,12.2856,12.2499,0,healthy,0.0,50.0,12.0132,1
SN_002724,LOT_007,16.0066,16.9495,17.0272,17.2293,0,healthy,0.0,50.0,12.0132,1
SN_002725,LOT_007,12.7827,13.6851,13.7357,14.1245,0,healthy,0.0,50.0,12.0132,1
SN_002726,LOT_007,12.8566,13.4215,13.7454,13.9833,0,healthy,0.0,50.0,12.0132,1
SN_002727,LOT_007,10.0635,11.0149,11.4268,11.6653,0,healthy,0.0,50.0,12.0132,1
SN_002728,LOT_007,12.7429,13.9994,14.3766,14.6019,0,healthy,0.0,50.0,12.0132,1
SN_002729,LOT_007,11.9253,12.2213,12.3663,12.6793,0,healthy,0.0,50.0,12.0132,1
SN_002730,LOT_007,9.0741,10.1229,10.4515,10.785,0,healthy,0.0,50.0,12.0132,1
SN_002731,LOT_007,14.6145,15.3346,15.6291,15.4916,0,healthy,0.0,50.0,12.0132,1
SN_002732,LOT_007,10.5977,11.3755,11.3864,11.4944,0,healthy,0.0,50.0,12.0132,1
SN_002733,LOT_007,11.5835,12.7686,13.0954,13.3009,0,healthy,0.0,50.0,12.0132,1
SN_002734,LOT_007,14.1089,15.2022,15.6317,15.9162,0,healthy,0.0,50.0,12.0132,1
SN_002735,LOT_007,11.4744,12.3058,12.7505,12.8459,0,healthy,0.0,50.0,12.0132,1
SN_002736,LOT_007,9.5672,10.3963,10.8346,10.8295,0,healthy,0.0,50.0,12.0132,1
SN_002737,LOT_007,11.5124,12.0605,12.3773,12.394,0,healthy,0.0,50.0,12.0132,1
SN_002738,LOT_007,11.8254,13.084,13.5492,13.8743,0,healthy,0.0,50.0,12.0132,1
SN_002739,LOT_007,17.8452,18.745,19.4342,19.3585,0,healthy,0.0,50.0,12.0132,1
SN_002740,LOT_007,10.5529,11.6628,11.9628,12.0,0,healthy,0.0,50.0,12.0132,1
SN_002741,LOT_007,10.4872,11.6181,11.9641,12.2321,0,healthy,0.0,50.0,12.0132,1
SN_002742,LOT_007,8.4093,8.7642,8.8664,8.8136,0,healthy,0.0,50.0,12.0132,1
SN_002743,LOT_007,10.0196,10.6358,10.9075,10.911,0,healthy,0.0,50.0,12.0132,1
SN_002744,LOT_007,14.9903,15.9455,16.12,16.1433,0,healthy,0.0,50.0,12.0132,1
SN_002745,LOT_007,8.6265,9.2359,9.4686,9.5757,0,healthy,0.0,50.0,12.0132,1
SN_002746,LOT_007,14.574,16.4115,16.7956,17.0662,0,healthy,0.0,50.0,12.0132,1
SN_002747,LOT_007,14.0716,15.0553,15.5084,15.4943,0,healthy,0.0,50.0,12.0132,1
SN_002748,LOT_007,11.886,12.6714,12.8252,13.0762,0,healthy,0.0,50.0,12.0132,1
SN_002749,LOT_007,10.4749,10.8977,11.1248,11.0744,0,healthy,0.0,50.0,12.0132,1
SN_002750,LOT_007,15.1394,15.7555,15.9241,16.2329,0,healthy,0.0,50.0,12.0132,1
SN_002751,LOT_007,7.1128,7.8384,8.1721,8.3416,0,healthy,0.0,50.0,12.0132,1
SN_002752,LOT_007,11.1574,11.7382,11.8362,11.9953,0,healthy,0.0,50.0,12.0132,1
SN_002753,LOT_007,11.364,12.0667,12.3138,12.3826,0,healthy,0.0,50.0,12.0132,1
SN_002754,LOT_007,10.6856,11.4621,12.0361,12.1264,0,healthy,0.0,50.0,12.0132,1
SN_002755,LOT_007,11.4488,12.5714,13.0411,13.4619,0,healthy,0.0,50.0,12.0132,1
SN_002756,LOT_007,10.5916,11.2769,11.4022,11.45,0,healthy,0.0,50.0,12.0132,1
SN_002757,LOT_007,10.5403,11.753,11.9029,12.0546,0,healthy,0.0,50.0,12.0132,1
SN_002758,LOT_007,16.3428,16.8737,17.3122,17.4338,0,healthy,0.0,50.0,12.0132,1
SN_002759,LOT_007,12.1282,12.7784,13.1339,13.2825,0,healthy,0.0,50.0,12.0132,1
SN_002760,LOT_007,7.1823,7.7699,7.8118,7.9062,0,healthy,0.0,50.0,12.0132,1
SN_002761,LOT_007,6.6769,6.9159,7.1358,7.246,0,healthy,0.0,50.0,12.0132,1
SN_002762,LOT_007,16.4447,17.4838,18.1332,18.4999,0,healthy,0.0,50.0,12.0132,1
SN_002763,LOT_007,16.7247,18.0923,18.783,19.2147,0,healthy,0.0,50.0,12.0132,1
SN_002764,LOT_007,17.465,18.3555,18.4978,18.5527,0,healthy,0.0,50.0,12.0132,1
SN_002765,LOT_007,10.4262,11.7027,12.2077,12.3115,0,healthy,0.0,50.0,12.0132,1
SN_002766,LOT_007,13.613,15.3373,15.398,15.6766,0,healthy,0.0,50.0,12.0132,1
SN_002767,LOT_007,9.2965,10.3137,10.7381,10.9246,0,healthy,0.0,50.0,12.0132,1
SN_002768,LOT_007,8.2122,8.8927,9.0552,9.3878,0,healthy,0.0,50.0,12.0132,1
SN_002769,LOT_007,16.5327,17.4627,18.1122,18.4393,0,healthy,0.0,50.0,12.0132,1
SN_002770,LOT_007,15.8841,17.4865,18.0643,18.4774,0,healthy,0.0,50.0,12.0132,1
SN_002771,LOT_007,12.6484,14.4973,14.8127,15.1731,0,healthy,0.0,50.0,12.0132,1
SN_002772,LOT_007,11.3748,12.3135,13.0492,13.2715,0,healthy,0.0,50.0,12.0132,1
SN_002773,LOT_007,16.1428,17.4402,17.9139,18.2985,0,healthy,0.0,50.0,12.0132,1
SN_002774,LOT_007,8.246,9.0103,9.4128,9.4571,0,healthy,0.0,50.0,12.0132,1
SN_002775,LOT_007,12.7357,13.2153,13.2231,13.3919,0,healthy,0.0,50.0,12.0132,1
SN_002776,LOT_007,8.3709,9.3448,9.711,9.8448,0,healthy,0.0,50.0,12.0132,1
SN_002777,LOT_007,11.528,12.8765,13.2261,13.5643,0,healthy,0.0,50.0,12.0132,1
SN_002778,LOT_007,13.5965,14.1244,14.3234,14.7819,0,healthy,0.0,50.0,12.0132,1
SN_002779,LOT_007,10.9249,12.2122,12.5975,12.9358,0,healthy,0.0,50.0,12.0132,1
SN_002780,LOT_007,7.7424,8.5393,8.686,8.8568,0,healthy,0.0,50.0,12.0132,1
SN_002781,LOT_007,7.8526,8.6215,8.8471,8.9767,0,healthy,0.0,50.0,12.0132,1
SN_002782,LOT_007,8.436,8.8346,9.0009,9.1308,0,healthy,0.0,50.0,12.0132,1
SN_002783,LOT_007,9.2144,9.6237,9.875,10.1261,0,healthy,0.0,50.0,12.0132,1
SN_002784,LOT_007,8.1588,8.7672,8.9671,8.9546,0,healthy,0.0,50.0,12.0132,1
SN_002785,LOT_007,7.0537,7.7796,8.027,8.132,0,healthy,0.0,50.0,12.0132,1
SN_002786,LOT_007,10.7324,11.3324,11.5636,11.7809,0,healthy,0.0,50.0,12.0132,1
SN_002787,LOT_007,12.2751,13.3154,13.709,14.0751,0,healthy,0.0,50.0,12.0132,1
SN_002788,LOT_007,15.1534,15.7568,16.4263,16.484,0,healthy,0.0,50.0,12.0132,1
SN_002789,LOT_007,12.0123,13.2182,13.5032,13.6233,0,healthy,0.0,50.0,12.0132,1
SN_002790,LOT_007,7.985,8.5335,8.6265,8.791,0,healthy,0.0,50.0,12.0132,1
SN_002791,LOT_007,13.2637,15.0638,15.5166,16.0563,0,healthy,0.0,50.0,12.0132,1
SN_002792,LOT_007,12.5089,13.4048,13.4269,13.7908,0,healthy,0.0,50.0,12.0132,1
SN_002793,LOT_007,5.7985,6.3312,6.4418,6.3927,0,healthy,0.0,50.0,12.0132,1
SN_002794,LOT_007,13.1852,13.984,14.3888,14.4289,0,healthy,0.0,50.0,12.0132,1
SN_002795,LOT_007,10.7074,11.7229,12.139,12.4252,0,healthy,0.0,50.0,12.0132,1
SN_002796,LOT_007,11.8505,13.4153,13.9143,14.2535,0,healthy,0.0,50.0,12.0132,1
SN_002797,LOT_007,17.9509,19.232,19.8104,19.5273,0,healthy,0.0,50.0,12.0132,1
SN_002798,LOT_007,7.0382,7.9176,8.0403,8.295,0,healthy,0.0,50.0,12.0132,1
SN_002799,LOT_007,9.9883,10.8253,11.1492,11.3443,0,healthy,0.0,50.0,12.0132,1
SN_002800,LOT_007,11.1716,11.9434,12.0966,12.1121,0,healthy,0.0,50.0,12.0132,1
SN_002801,LOT_007,8.0827,8.3895,8.5811,8.6843,0,healthy,0.0,50.0,12.0132,1
SN_002802,LOT_007,12.4395,13.4442,14.1821,14.5105,0,healthy,0.0,50.0,12.0132,1
SN_002803,LOT_007,11.9118,12.6675,12.8018,13.2714,0,healthy,0.0,50.0,12.0132,1
SN_002804,LOT_007,12.8761,13.5699,13.8428,13.852,0,healthy,0.0,50.0,12.0132,1
SN_002805,LOT_007,13.6648,14.6604,15.0515,15.206,0,healthy,0.0,50.0,12.0132,1
SN_002806,LOT_007,22.5,24.5985,26.1134,26.9679,0,healthy,0.0,50.0,12.0132,1
SN_002807,LOT_007,8.4183,8.9757,9.2909,9.4503,0,healthy,0.0,50.0,12.0132,1
SN_002808,LOT_007,15.0116,16.775,17.3511,17.5127,0,healthy,0.0,50.0,12.0132,1
SN_002809,LOT_007,17.6484,18.3713,18.8358,18.8992,0,healthy,0.0,50.0,12.0132,1
SN_002810,LOT_007,10.7154,11.3431,11.6027,11.5346,0,healthy,0.0,50.0,12.0132,1
SN_002811,LOT_007,11.8198,13.1258,13.4643,13.8896,0,healthy,0.0,50.0,12.0132,1
SN_002812,LOT_007,16.1913,17.022,17.2698,17.061,0,healthy,0.0,50.0,12.0132,1
SN_002813,LOT_007,15.0022,15.7271,15.9465,16.0621,0,healthy,0.0,50.0,12.0132,1
SN_002814,LOT_007,13.8607,15.1189,15.9031,16.0261,0,healthy,0.0,50.0,12.0132,1
SN_002815,LOT_007,10.6647,11.8956,12.4381,12.6771,0,healthy,0.0,50.0,12.0132,1
SN_002816,LOT_007,10.329,11.1791,11.6746,11.7156,0,healthy,0.0,50.0,12.0132,1
SN_002817,LOT_007,17.5902,18.9383,20.0358,20.2926,0,healthy,0.0,50.0,12.0132,1
SN_002818,LOT_007,11.0303,12.5139,12.9425,13.1751,0,healthy,0.0,50.0,12.0132,1
SN_002819,LOT_007,7.3899,7.8307,7.9587,8.0137,0,healthy,0.0,50.0,12.0132,1
SN_002820,LOT_007,13.9621,15.5524,16.0605,16.4765,0,healthy,0.0,50.0,12.0132,1
SN_002821,LOT_007,12.8987,13.2439,13.5462,13.8044,0,healthy,0.0,50.0,12.0132,1
SN_002822,LOT_007,17.2382,18.4594,18.9475,19.0839,0,healthy,0.0,50.0,12.0132,1
SN_002823,LOT_007,14.84,16.0574,16.8389,17.128,0,healthy,0.0,50.0,12.0132,1
SN_002824,LOT_007,9.1046,9.499,9.6106,9.6537,0,healthy,0.0,50.0,12.0132,1
SN_002825,LOT_007,10.4533,12.0016,12.1931,12.373,0,healthy,0.0,50.0,12.0132,1
SN_002826,LOT_007,12.6204,13.7339,13.8838,14.1708,0,healthy,0.0,50.0,12.0132,1
SN_002827,LOT_007,13.3623,14.5028,15.0984,15.1955,0,healthy,0.0,50.0,12.0132,1
SN_002828,LOT_007,16.2414,18.0058,18.978,19.2361,0,healthy,0.0,50.0,12.0132,1
SN_002829,LOT_007,12.2976,13.7413,13.9172,14.3737,0,healthy,0.0,50.0,12.0132,1
SN_002830,LOT_007,8.8482,9.6733,9.9506,10.4368,0,healthy,0.0,50.0,12.0132,1
SN_002831,LOT_007,10.3254,11.5373,11.8912,12.0831,0,healthy,0.0,50.0,12.0132,1
SN_002832,LOT_007,9.6409,9.957,10.1809,10.1007,0,healthy,0.0,50.0,12.0132,1
SN_002833,LOT_007,9.798,10.9173,11.0766,11.2512,0,healthy,0.0,50.0,12.0132,1
SN_002834,LOT_007,12.7066,13.1581,13.483,13.4946,0,healthy,0.0,50.0,12.0132,1
SN_002835,LOT_007,16.2017,16.6491,17.3877,17.6211,0,healthy,0.0,50.0,12.0132,1
SN_002836,LOT_007,12.1483,12.7107,12.8963,12.9335,0,healthy,0.0,50.0,12.0132,1
SN_002837,LOT_007,11.3827,12.0718,12.5313,12.7122,0,healthy,0.0,50.0,12.0132,1
SN_002838,LOT_007,7.439,8.0716,8.2924,8.4566,0,healthy,0.0,50.0,12.0132,1
SN_002839,LOT_007,17.1117,18.5869,19.0945,19.6833,0,healthy,0.0,50.0,12.0132,1
SN_002840,LOT_007,10.6552,11.3142,11.402,11.6255,0,healthy,0.0,50.0,12.0132,1
SN_002841,LOT_007,15.241,16.0737,16.7774,16.8282,0,healthy,0.0,50.0,12.0132,1
SN_002842,LOT_007,10.4667,11.4954,11.8735,12.1747,0,healthy,0.0,50.0,12.0132,1
SN_002843,LOT_007,22.2885,23.0556,23.2164,23.2717,0,healthy,0.0,50.0,12.0132,1
SN_002844,LOT_007,12.5877,13.4374,13.4955,13.5578,0,healthy,0.0,50.0,12.0132,1
SN_002845,LOT_007,15.1484,17.0277,17.5502,17.8118,0,healthy,0.0,50.0,12.0132,1
SN_002846,LOT_007,12.5782,13.7277,14.4225,14.7708,0,healthy,0.0,50.0,12.0132,1
SN_002847,LOT_007,8.1522,8.6865,8.9113,9.1486,0,healthy,0.0,50.0,12.0132,1
SN_002848,LOT_007,7.0246,7.6088,8.009,8.0557,0,healthy,0.0,50.0,12.0132,1
SN_002849,LOT_007,9.5631,10.4974,11.1124,11.269,0,healthy,0.0,50.0,12.0132,1
SN_002850,LOT_007,13.4748,14.8298,15.3842,15.5546,0,healthy,0.0,50.0,12.0132,1
SN_002851,LOT_008,10.0845,10.5958,11.0118,11.148,0,healthy,0.0,50.0,13.9685,0
SN_002852,LOT_008,11.9323,12.8238,12.7968,12.7915,0,healthy,0.0,50.0,13.9685,0
SN_002853,LOT_008,15.4944,16.5949,16.865,17.0467,0,healthy,0.0,50.0,13.9685,0
SN_002854,LOT_008,15.0803,16.4446,17.0086,17.1793,0,healthy,0.0,50.0,13.9685,0
SN_002855,LOT_008,16.609,18.2134,18.7653,19.1617,0,healthy,0.0,50.0,13.9685,0
SN_002856,LOT_008,12.9547,14.2074,14.723,14.8096,0,healthy,0.0,50.0,13.9685,0
SN_002857,LOT_008,12.5864,13.9735,14.5092,14.5353,0,healthy,0.0,50.0,13.9685,0
SN_002858,LOT_008,15.4758,16.6881,17.3035,17.3062,0,healthy,0.0,50.0,13.9685,0
SN_002859,LOT_008,10.1153,10.7465,11.1017,11.1201,0,healthy,0.0,50.0,13.9685,0
SN_002860,LOT_008,15.1645,16.2507,16.5836,16.5892,0,healthy,0.0,50.0,13.9685,0
SN_002861,LOT_008,15.4014,17.1149,17.458,17.653,0,healthy,0.0,50.0,13.9685,0
SN_002862,LOT_008,10.0899,10.5402,10.6945,10.8414,0,healthy,0.0,50.0,13.9685,0
SN_002863,LOT_008,13.3266,14.6495,15.0177,15.3548,0,healthy,0.0,50.0,13.9685,0
SN_002864,LOT_008,14.5648,16.5099,17.1828,17.5357,0,healthy,0.0,50.0,13.9685,0
SN_002865,LOT_008,11.1663,11.6648,11.6147,11.6327,0,healthy,0.0,50.0,13.9685,0
SN_002866,LOT_008,14.1158,15.7685,16.5903,16.9481,0,healthy,0.0,50.0,13.9685,0
SN_002867,LOT_008,14.3585,15.1437,15.5877,15.7888,0,healthy,0.0,50.0,13.9685,0
SN_002868,LOT_008,15.2701,16.2863,16.745,17.107,0,healthy,0.0,50.0,13.9685,0
SN_002869,LOT_008,14.3552,15.4986,15.8583,16.0372,0,healthy,0.0,50.0,13.9685,0
SN_002870,LOT_008,13.5947,14.5958,14.8089,15.0927,0,healthy,0.0,50.0,13.9685,0
SN_002871,LOT_008,13.5322,15.0113,15.5766,15.819,0,healthy,0.0,50.0,13.9685,0
SN_002872,LOT_008,16.4609,18.1642,18.6298,19.0163,0,healthy,0.0,50.0,13.9685,0
SN_002873,LOT_008,14.1788,15.2419,16.1116,16.3128,0,healthy,0.0,50.0,13.9685,0
SN_002874,LOT_008,13.6428,15.1938,15.8607,16.1693,0,healthy,0.0,50.0,13.9685,0
SN_002875,LOT_008,14.1007,15.3853,16.0706,16.4362,0,healthy,0.0,50.0,13.9685,0
SN_002876,LOT_008,14.9595,15.7341,15.8988,15.7467,0,healthy,0.0,50.0,13.9685,0
SN_002877,LOT_008,16.5705,17.4514,17.8893,18.2892,0,healthy,0.0,50.0,13.9685,0
SN_002878,LOT_008,12.4017,13.8513,14.5084,14.8629,0,healthy,0.0,50.0,13.9685,0
SN_002879,LOT_008,12.1532,21.2277,22.9768,23.3669,1,mobile_ion,0.2792,50.0,13.9685,0
SN_002880,LOT_008,14.0827,15.6021,16.2343,16.6836,0,healthy,0.0,50.0,13.9685,0
SN_002881,LOT_008,13.1677,13.6936,13.9385,14.111,0,healthy,0.0,50.0,13.9685,0
SN_002882,LOT_008,17.6735,19.9317,20.6363,20.8791,0,healthy,0.0,50.0,13.9685,0
SN_002883,LOT_008,11.1672,12.16,12.5024,12.3802,0,healthy,0.0,50.0,13.9685,0
SN_002884,LOT_008,12.9489,13.436,13.659,13.8605,0,healthy,0.0,50.0,13.9685,0
SN_002885,LOT_008,12.8904,13.6921,13.7324,13.6898,0,healthy,0.0,50.0,13.9685,0
SN_002886,LOT_008,18.1715,19.8871,20.9458,21.2826,0,healthy,0.0,50.0,13.9685,0
SN_002887,LOT_008,16.1462,17.0521,17.7081,18.1106,0,healthy,0.0,50.0,13.9685,0
SN_002888,LOT_008,12.4257,17.64,21.0096,23.1457,1,nbti_ageing,0.437,50.0,13.9685,0
SN_002889,LOT_008,17.0669,17.9602,18.2839,18.4263,0,healthy,0.0,50.0,13.9685,0
SN_002890,LOT_008,11.5059,11.8046,11.9847,12.0671,0,healthy,0.0,50.0,13.9685,0
SN_002891,LOT_008,14.869,15.5897,15.745,16.0594,0,healthy,0.0,50.0,13.9685,0
SN_002892,LOT_008,10.906,11.2137,11.586,11.4569,0,healthy,0.0,50.0,13.9685,0
SN_002893,LOT_008,10.8079,11.8624,12.2098,12.3568,0,healthy,0.0,50.0,13.9685,0
SN_002894,LOT_008,11.6876,13.3069,13.7641,13.9473,0,healthy,0.0,50.0,13.9685,0
SN_002895,LOT_008,16.2519,17.0771,17.0091,17.2906,0,healthy,0.0,50.0,13.9685,0
SN_002896,LOT_008,12.0926,13.2966,13.8437,14.0993,0,healthy,0.0,50.0,13.9685,0
SN_002897,LOT_008,15.5898,17.4327,18.3047,18.5609,0,healthy,0.0,50.0,13.9685,0
SN_002898,LOT_008,10.4822,11.036,11.2445,11.4965,0,healthy,0.0,50.0,13.9685,0
SN_002899,LOT_008,12.5195,13.0105,13.0192,12.9953,0,healthy,0.0,50.0,13.9685,0
SN_002900,LOT_008,14.4329,15.1016,15.298,15.2428,0,healthy,0.0,50.0,13.9685,0
SN_002901,LOT_008,44.0,45.522,51.0034,57.614,1,subtle_in_spec,0.504,50.0,13.9685,0
SN_002902,LOT_008,12.0099,12.4963,12.7224,12.8497,0,healthy,0.0,50.0,13.9685,0
SN_002903,LOT_008,12.3582,13.563,13.6754,14.1274,0,healthy,0.0,50.0,13.9685,0
SN_002904,LOT_008,13.2444,14.7236,15.2671,15.7108,0,healthy,0.0,50.0,13.9685,0
SN_002905,LOT_008,14.6222,16.5023,17.0147,17.2634,0,healthy,0.0,50.0,13.9685,0
SN_002906,LOT_008,15.4824,16.6262,17.0442,16.7905,0,healthy,0.0,50.0,13.9685,0
SN_002907,LOT_008,12.5497,13.3057,13.2757,13.391,0,healthy,0.0,50.0,13.9685,0
SN_002908,LOT_008,12.8999,14.0258,14.772,14.8021,0,healthy,0.0,50.0,13.9685,0
SN_002909,LOT_008,13.6521,14.3972,14.9695,14.9609,0,healthy,0.0,50.0,13.9685,0
SN_002910,LOT_008,13.5381,14.446,15.277,15.2112,0,healthy,0.0,50.0,13.9685,0
SN_002911,LOT_008,19.0623,20.9086,21.2761,21.7143,0,healthy,0.0,50.0,13.9685,0
SN_002912,LOT_008,13.9969,15.3584,15.6103,16.0214,0,healthy,0.0,50.0,13.9685,0
SN_002913,LOT_008,14.9754,16.032,16.4492,16.6206,0,healthy,0.0,50.0,13.9685,0
SN_002914,LOT_008,18.289,19.4704,19.6166,20.0058,0,healthy,0.0,50.0,13.9685,0
SN_002915,LOT_008,14.3328,14.9039,15.243,15.5055,0,healthy,0.0,50.0,13.9685,0
SN_002916,LOT_008,11.9178,13.2702,13.9495,14.3085,0,healthy,0.0,50.0,13.9685,0
SN_002917,LOT_008,16.332,17.7646,18.4896,18.8162,0,healthy,0.0,50.0,13.9685,0
SN_002918,LOT_008,16.5777,18.2307,18.6905,19.318,0,healthy,0.0,50.0,13.9685,0
SN_002919,LOT_008,13.4936,14.9381,15.4908,15.6104,0,healthy,0.0,50.0,13.9685,0
SN_002920,LOT_008,13.5672,14.9272,15.559,15.7613,0,healthy,0.0,50.0,13.9685,0
SN_002921,LOT_008,13.981,14.6105,15.0819,15.3422,0,healthy,0.0,50.0,13.9685,0
SN_002922,LOT_008,10.2994,11.7782,12.1569,12.3727,0,healthy,0.0,50.0,13.9685,0
SN_002923,LOT_008,17.197,17.7471,18.178,18.3275,0,healthy,0.0,50.0,13.9685,0
SN_002924,LOT_008,13.4418,15.0002,15.5581,15.8603,0,healthy,0.0,50.0,13.9685,0
SN_002925,LOT_008,14.0878,15.0065,15.415,15.4441,0,healthy,0.0,50.0,13.9685,0
SN_002926,LOT_008,12.6054,13.613,13.674,14.0489,0,healthy,0.0,50.0,13.9685,0
SN_002927,LOT_008,12.6089,13.1174,13.3238,13.4705,0,healthy,0.0,50.0,13.9685,0
SN_002928,LOT_008,17.0563,18.8835,19.6701,20.1624,0,healthy,0.0,50.0,13.9685,0
SN_002929,LOT_008,17.2758,18.9155,19.5333,19.5895,0,healthy,0.0,50.0,13.9685,0
SN_002930,LOT_008,14.0692,14.735,14.8908,15.0737,0,healthy,0.0,50.0,13.9685,0
SN_002931,LOT_008,13.2029,14.0974,14.6139,14.6286,0,healthy,0.0,50.0,13.9685,0
SN_002932,LOT_008,15.119,17.044,17.4958,17.5274,0,healthy,0.0,50.0,13.9685,0
SN_002933,LOT_008,17.156,18.4505,18.8401,19.0206,0,healthy,0.0,50.0,13.9685,0
SN_002934,LOT_008,15.8519,16.4911,17.0912,17.0425,0,healthy,0.0,50.0,13.9685,0
SN_002935,LOT_008,17.6728,18.9145,19.5208,19.8506,0,healthy,0.0,50.0,13.9685,0
SN_002936,LOT_008,13.7122,15.1157,15.3826,15.6558,0,healthy,0.0,50.0,13.9685,0
SN_002937,LOT_008,15.5907,16.1323,16.5397,16.6079,0,healthy,0.0,50.0,13.9685,0
SN_002938,LOT_008,13.3581,14.9523,15.4782,15.8223,0,healthy,0.0,50.0,13.9685,0
SN_002939,LOT_008,11.87,13.2416,13.7851,14.2605,0,healthy,0.0,50.0,13.9685,0
SN_002940,LOT_008,15.7502,17.7992,17.9697,18.3807,0,healthy,0.0,50.0,13.9685,0
SN_002941,LOT_008,13.7361,14.6587,14.8829,14.8087,0,healthy,0.0,50.0,13.9685,0
SN_002942,LOT_008,15.603,17.6945,18.1381,18.3724,0,healthy,0.0,50.0,13.9685,0
SN_002943,LOT_008,16.7731,17.6177,17.4644,17.7807,0,healthy,0.0,50.0,13.9685,0
SN_002944,LOT_008,14.5198,15.347,15.8336,16.1208,0,healthy,0.0,50.0,13.9685,0
SN_002945,LOT_008,13.3319,15.0915,15.5099,16.0026,0,healthy,0.0,50.0,13.9685,0
SN_002946,LOT_008,14.2712,14.6568,14.9246,15.0089,0,healthy,0.0,50.0,13.9685,0
SN_002947,LOT_008,15.29,16.4898,17.2885,17.6983,0,healthy,0.0,50.0,13.9685,0
SN_002948,LOT_008,14.5303,15.4928,15.3894,15.4616,0,healthy,0.0,50.0,13.9685,0
SN_002949,LOT_008,10.2196,10.4383,10.748,10.8881,0,healthy,0.0,50.0,13.9685,0
SN_002950,LOT_008,15.9575,16.733,17.1054,17.1188,0,healthy,0.0,50.0,13.9685,0
SN_002951,LOT_008,14.8139,15.7602,16.2108,16.4851,0,healthy,0.0,50.0,13.9685,0
SN_002952,LOT_008,13.4542,14.3982,14.6437,14.6094,0,healthy,0.0,50.0,13.9685,0
SN_002953,LOT_008,14.5027,15.1267,15.1222,15.4008,0,healthy,0.0,50.0,13.9685,0
SN_002954,LOT_008,13.4328,13.8782,14.3623,14.5798,0,healthy,0.0,50.0,13.9685,0
SN_002955,LOT_008,14.6303,16.4455,17.1875,17.4721,0,healthy,0.0,50.0,13.9685,0
SN_002956,LOT_008,15.9426,17.66,18.4683,18.8917,0,healthy,0.0,50.0,13.9685,0
SN_002957,LOT_008,14.0848,15.2538,15.6669,15.6017,0,healthy,0.0,50.0,13.9685,0
SN_002958,LOT_008,12.2715,13.3453,13.8295,13.8946,0,healthy,0.0,50.0,13.9685,0
SN_002959,LOT_008,14.1008,15.2309,16.0614,16.566,0,healthy,0.0,50.0,13.9685,0
SN_002960,LOT_008,13.0326,13.8415,14.5169,14.6829,0,healthy,0.0,50.0,13.9685,0
SN_002961,LOT_008,12.2036,13.2147,13.4904,13.6381,0,healthy,0.0,50.0,13.9685,0
SN_002962,LOT_008,13.4187,15.0478,15.9272,15.9617,0,healthy,0.0,50.0,13.9685,0
SN_002963,LOT_008,14.6013,16.4168,16.9099,17.2777,0,healthy,0.0,50.0,13.9685,0
SN_002964,LOT_008,14.8543,16.0728,16.7496,17.1706,0,healthy,0.0,50.0,13.9685,0
SN_002965,LOT_008,16.2638,18.379,18.6958,19.3691,0,healthy,0.0,50.0,13.9685,0
SN_002966,LOT_008,13.7499,15.6088,16.1887,16.2109,0,healthy,0.0,50.0,13.9685,0
SN_002967,LOT_008,12.4223,12.8922,13.1555,12.9519,0,healthy,0.0,50.0,13.9685,0
SN_002968,LOT_008,15.7029,16.6798,17.2258,17.7245,0,healthy,0.0,50.0,13.9685,0
SN_002969,LOT_008,14.8814,15.9185,16.5996,16.7862,0,healthy,0.0,50.0,13.9685,0
SN_002970,LOT_008,13.1234,14.2514,14.822,15.3132,0,healthy,0.0,50.0,13.9685,0
SN_002971,LOT_008,12.7454,14.1745,14.6719,14.8702,0,healthy,0.0,50.0,13.9685,0
SN_002972,LOT_008,11.757,12.5852,13.1167,13.154,0,healthy,0.0,50.0,13.9685,0
SN_002973,LOT_008,13.9716,14.9173,15.2515,15.6064,0,healthy,0.0,50.0,13.9685,0
SN_002974,LOT_008,12.904,13.9314,14.3861,14.7522,0,healthy,0.0,50.0,13.9685,0
SN_002975,LOT_008,14.2564,15.6348,16.2068,16.626,0,healthy,0.0,50.0,13.9685,0
SN_002976,LOT_008,15.8456,17.5101,18.2859,18.4407,0,healthy,0.0,50.0,13.9685,0
SN_002977,LOT_008,16.6332,18.1224,18.8764,18.9916,0,healthy,0.0,50.0,13.9685,0
SN_002978,LOT_008,13.9364,14.8499,15.3136,15.4307,0,healthy,0.0,50.0,13.9685,0
SN_002979,LOT_008,15.6784,16.6238,17.3923,17.4929,0,healthy,0.0,50.0,13.9685,0
SN_002980,LOT_008,10.3591,10.673,10.7934,10.914,0,healthy,0.0,50.0,13.9685,0
SN_002981,LOT_008,16.6248,17.6021,17.2391,17.5224,0,healthy,0.0,50.0,13.9685,0
SN_002982,LOT_008,14.8769,16.7009,17.2238,17.5906,0,healthy,0.0,50.0,13.9685,0
SN_002983,LOT_008,13.6,14.5392,14.7518,14.8806,0,healthy,0.0,50.0,13.9685,0
SN_002984,LOT_008,15.6296,16.09,16.548,16.6327,0,healthy,0.0,50.0,13.9685,0
SN_002985,LOT_008,17.4489,19.0332,19.6186,20.1309,0,healthy,0.0,50.0,13.9685,0
SN_002986,LOT_008,13.1381,14.7459,14.8887,15.33,0,healthy,0.0,50.0,13.9685,0
SN_002987,LOT_008,10.6479,11.3357,11.6132,11.5774,0,healthy,0.0,50.0,13.9685,0
SN_002988,LOT_008,17.5038,17.831,25.351,43.4904,1,tddb_dielectric,0.3198,50.0,13.9685,0
SN_002989,LOT_008,12.092,13.5189,13.8633,14.187,0,healthy,0.0,50.0,13.9685,0
SN_002990,LOT_008,10.7485,11.9501,12.6963,12.6452,0,healthy,0.0,50.0,13.9685,0
SN_002991,LOT_008,16.6042,17.2876,17.5831,17.7412,0,healthy,0.0,50.0,13.9685,0
SN_002992,LOT_008,13.5821,13.823,21.4543,47.9105,1,tddb_dielectric,0.6769,50.0,13.9685,0
SN_002993,LOT_008,12.1068,12.7913,13.395,13.6885,0,healthy,0.0,50.0,13.9685,0
SN_002994,LOT_008,14.0282,14.8007,15.1153,15.127,0,healthy,0.0,50.0,13.9685,0
SN_002995,LOT_008,11.1426,12.3849,12.9299,13.3646,0,healthy,0.0,50.0,13.9685,0
SN_002996,LOT_008,12.6673,13.8866,14.1404,14.3837,0,healthy,0.0,50.0,13.9685,0
SN_002997,LOT_008,13.1121,13.9844,14.5398,14.9587,0,healthy,0.0,50.0,13.9685,0
SN_002998,LOT_008,14.4263,15.7498,16.392,16.9381,0,healthy,0.0,50.0,13.9685,0
SN_002999,LOT_008,11.3501,12.4071,12.8128,12.7091,0,healthy,0.0,50.0,13.9685,0
SN_003000,LOT_008,14.803,16.4761,17.0568,17.6941,0,healthy,0.0,50.0,13.9685,0
SN_003001,LOT_008,16.103,18.3129,18.816,18.9649,0,healthy,0.0,50.0,13.9685,0
SN_003002,LOT_008,15.5248,16.2072,16.4639,16.729,0,healthy,0.0,50.0,13.9685,0
SN_003003,LOT_008,13.9375,15.4166,16.1141,16.5706,0,healthy,0.0,50.0,13.9685,0
SN_003004,LOT_008,10.2127,10.8037,11.1138,10.9578,0,healthy,0.0,50.0,13.9685,0
SN_003005,LOT_008,14.0977,15.2673,16.0495,16.1758,0,healthy,0.0,50.0,13.9685,0
SN_003006,LOT_008,13.2268,14.9624,15.6229,15.7289,0,healthy,0.0,50.0,13.9685,0
SN_003007,LOT_008,12.0782,12.6733,12.9695,13.1289,0,healthy,0.0,50.0,13.9685,0
SN_003008,LOT_008,16.6707,17.7282,18.4242,18.5397,0,healthy,0.0,50.0,13.9685,0
SN_003009,LOT_008,12.4926,13.3789,14.0901,14.3375,0,healthy,0.0,50.0,13.9685,0
SN_003010,LOT_008,12.8118,13.5127,13.7795,13.9652,0,healthy,0.0,50.0,13.9685,0
SN_003011,LOT_008,12.3919,13.4286,13.6299,13.7714,0,healthy,0.0,50.0,13.9685,0
SN_003012,LOT_008,12.546,13.6558,13.8488,14.0278,0,healthy,0.0,50.0,13.9685,0
SN_003013,LOT_008,12.5488,13.8903,14.2702,14.4332,0,healthy,0.0,50.0,13.9685,0
SN_003014,LOT_008,15.0988,16.6515,16.7953,16.8936,0,healthy,0.0,50.0,13.9685,0
SN_003015,LOT_008,13.4544,14.7745,15.428,15.4284,0,healthy,0.0,50.0,13.9685,0
SN_003016,LOT_008,16.4826,18.2866,18.6252,19.0581,0,healthy,0.0,50.0,13.9685,0
SN_003017,LOT_008,12.9623,13.7845,14.357,14.732,0,healthy,0.0,50.0,13.9685,0
SN_003018,LOT_008,13.7083,14.4449,14.7183,14.8617,0,healthy,0.0,50.0,13.9685,0
SN_003019,LOT_008,14.0305,15.3715,15.8066,15.9239,0,healthy,0.0,50.0,13.9685,0
SN_003020,LOT_008,9.7015,10.3497,10.4024,10.4831,0,healthy,0.0,50.0,13.9685,0
SN_003021,LOT_008,13.4225,14.3282,14.657,14.6617,0,healthy,0.0,50.0,13.9685,0
SN_003022,LOT_008,14.7032,16.0878,16.4713,16.7705,0,healthy,0.0,50.0,13.9685,0
SN_003023,LOT_008,15.5292,16.6349,17.065,16.9997,0,healthy,0.0,50.0,13.9685,0
SN_003024,LOT_008,11.4103,12.7455,13.37,13.545,0,healthy,0.0,50.0,13.9685,0
SN_003025,LOT_008,14.117,15.504,15.8394,16.0969,0,healthy,0.0,50.0,13.9685,0
SN_003026,LOT_008,13.0642,14.2692,14.9652,15.4557,0,healthy,0.0,50.0,13.9685,0
SN_003027,LOT_008,12.7963,13.311,13.5481,13.6843,0,healthy,0.0,50.0,13.9685,0
SN_003028,LOT_008,14.2786,14.6883,15.0191,15.0442,0,healthy,0.0,50.0,13.9685,0
SN_003029,LOT_008,13.23,13.8633,14.4041,14.2466,0,healthy,0.0,50.0,13.9685,0
SN_003030,LOT_008,10.793,11.5064,11.6169,11.8606,0,healthy,0.0,50.0,13.9685,0
SN_003031,LOT_008,11.8037,12.861,13.3923,13.4439,0,healthy,0.0,50.0,13.9685,0
SN_003032,LOT_008,17.3673,19.2287,20.0405,20.7523,0,healthy,0.0,50.0,13.9685,0
SN_003033,LOT_008,17.9107,19.3367,19.6812,20.4339,0,healthy,0.0,50.0,13.9685,0
SN_003034,LOT_008,16.4663,17.655,18.2917,18.8121,0,healthy,0.0,50.0,13.9685,0
SN_003035,LOT_008,15.556,16.3344,16.2196,16.5026,0,healthy,0.0,50.0,13.9685,0
SN_003036,LOT_008,14.3961,15.9491,16.549,16.5715,0,healthy,0.0,50.0,13.9685,0
SN_003037,LOT_008,12.7668,13.4132,13.6146,13.6804,0,healthy,0.0,50.0,13.9685,0
SN_003038,LOT_008,12.013,13.2784,14.0739,14.3076,0,healthy,0.0,50.0,13.9685,0
SN_003039,LOT_008,15.1463,16.9754,17.6057,17.7981,0,healthy,0.0,50.0,13.9685,0
SN_003040,LOT_008,17.5412,18.3513,18.5715,18.4491,0,healthy,0.0,50.0,13.9685,0
SN_003041,LOT_008,12.8056,13.7807,14.0856,13.9462,0,healthy,0.0,50.0,13.9685,0
SN_003042,LOT_008,15.1901,16.2215,16.452,16.4287,0,healthy,0.0,50.0,13.9685,0
SN_003043,LOT_008,14.3525,16.0274,16.3011,16.6633,0,healthy,0.0,50.0,13.9685,0
SN_003044,LOT_008,13.9999,15.2678,15.7194,15.8376,0,healthy,0.0,50.0,13.9685,0
SN_003045,LOT_008,12.7353,13.2214,13.6727,13.4961,0,healthy,0.0,50.0,13.9685,0
SN_003046,LOT_008,12.9526,13.8656,14.2792,14.3299,0,healthy,0.0,50.0,13.9685,0
SN_003047,LOT_008,14.0606,15.3242,15.9064,16.182,0,healthy,0.0,50.0,13.9685,0
SN_003048,LOT_008,14.1538,15.9174,16.7977,17.0116,0,healthy,0.0,50.0,13.9685,0
SN_003049,LOT_008,14.7654,15.9899,16.9562,17.3225,0,healthy,0.0,50.0,13.9685,0
SN_003050,LOT_008,16.3225,16.7394,17.0918,17.2989,0,healthy,0.0,50.0,13.9685,0
SN_003051,LOT_008,10.8254,11.7967,12.1164,12.2779,0,healthy,0.0,50.0,13.9685,0
SN_003052,LOT_008,13.7459,14.1584,14.4872,14.8794,0,healthy,0.0,50.0,13.9685,0
SN_003053,LOT_008,12.6131,14.2034,14.9309,14.9553,0,healthy,0.0,50.0,13.9685,0
SN_003054,LOT_008,13.949,14.9234,15.3175,15.489,0,healthy,0.0,50.0,13.9685,0
SN_003055,LOT_008,16.6021,18.3811,19.005,19.3338,0,healthy,0.0,50.0,13.9685,0
SN_003056,LOT_008,17.4498,18.3051,18.3472,18.8588,0,healthy,0.0,50.0,13.9685,0
SN_003057,LOT_008,13.9207,15.9034,16.3621,16.5,0,healthy,0.0,50.0,13.9685,0
SN_003058,LOT_008,10.5522,11.5215,11.7651,12.0144,0,healthy,0.0,50.0,13.9685,0
SN_003059,LOT_008,20.5475,21.865,22.5424,23.2135,0,healthy,0.0,50.0,13.9685,0
SN_003060,LOT_008,12.2286,13.1857,13.3376,13.4918,0,healthy,0.0,50.0,13.9685,0
SN_003061,LOT_008,13.2097,13.7033,14.11,14.1369,0,healthy,0.0,50.0,13.9685,0
SN_003062,LOT_008,11.8139,13.1989,13.6346,13.8268,0,healthy,0.0,50.0,13.9685,0
SN_003063,LOT_008,12.8299,13.5089,13.7453,13.92,0,healthy,0.0,50.0,13.9685,0
SN_003064,LOT_008,19.3264,21.5007,22.1766,22.3685,0,healthy,0.0,50.0,13.9685,0
SN_003065,LOT_008,13.5917,14.2817,14.5968,14.7159,0,healthy,0.0,50.0,13.9685,0
SN_003066,LOT_008,14.846,15.5465,15.5649,15.8666,0,healthy,0.0,50.0,13.9685,0
SN_003067,LOT_008,12.4889,13.9713,14.3151,14.7173,0,healthy,0.0,50.0,13.9685,0
SN_003068,LOT_008,14.8031,15.2756,15.6868,15.6639,0,healthy,0.0,50.0,13.9685,0
SN_003069,LOT_008,10.7139,11.2973,11.5311,11.4646,0,healthy,0.0,50.0,13.9685,0
SN_003070,LOT_008,14.2548,15.0303,15.5842,15.8619,0,healthy,0.0,50.0,13.9685,0
SN_003071,LOT_008,10.9525,11.8207,12.2176,12.147,0,healthy,0.0,50.0,13.9685,0
SN_003072,LOT_008,17.3947,18.4526,18.9676,18.5856,0,healthy,0.0,50.0,13.9685,0
SN_003073,LOT_008,16.6594,19.1163,19.5646,20.0989,0,healthy,0.0,50.0,13.9685,0
SN_003074,LOT_008,16.8721,17.3514,18.132,18.2801,0,healthy,0.0,50.0,13.9685,0
SN_003075,LOT_008,13.5735,14.9097,15.6944,15.7739,0,healthy,0.0,50.0,13.9685,0
SN_003076,LOT_008,12.1826,13.2428,13.67,13.6602,0,healthy,0.0,50.0,13.9685,0
SN_003077,LOT_008,14.1065,15.2694,15.2415,15.4697,0,healthy,0.0,50.0,13.9685,0
SN_003078,LOT_008,11.5079,11.6865,12.1245,12.0306,0,healthy,0.0,50.0,13.9685,0
SN_003079,LOT_008,14.3222,15.6502,16.0494,16.3923,0,healthy,0.0,50.0,13.9685,0
SN_003080,LOT_008,15.1755,16.3354,16.1741,16.5241,0,healthy,0.0,50.0,13.9685,0
SN_003081,LOT_008,10.7963,11.5223,11.8043,12.1449,0,healthy,0.0,50.0,13.9685,0
SN_003082,LOT_008,12.7511,14.1242,14.7908,14.9697,0,healthy,0.0,50.0,13.9685,0
SN_003083,LOT_008,13.6863,14.8343,15.1691,15.2401,0,healthy,0.0,50.0,13.9685,0
SN_003084,LOT_008,11.6527,12.9028,13.1729,13.3709,0,healthy,0.0,50.0,13.9685,0
SN_003085,LOT_008,13.2861,14.3158,14.7836,14.738,0,healthy,0.0,50.0,13.9685,0
SN_003086,LOT_008,15.0957,16.1291,16.2917,16.4007,0,healthy,0.0,50.0,13.9685,0
SN_003087,LOT_008,15.5494,17.6111,18.1916,18.7586,0,healthy,0.0,50.0,13.9685,0
SN_003088,LOT_008,13.2022,14.7154,15.3187,15.8133,0,healthy,0.0,50.0,13.9685,0
SN_003089,LOT_008,14.7324,15.8971,16.756,17.0733,0,healthy,0.0,50.0,13.9685,0
SN_003090,LOT_008,15.8271,16.7504,17.1238,17.4246,0,healthy,0.0,50.0,13.9685,0
SN_003091,LOT_008,19.1395,20.2405,20.7067,20.608,0,healthy,0.0,50.0,13.9685,0
SN_003092,LOT_008,13.9114,14.3142,14.2833,14.9545,0,healthy,0.0,50.0,13.9685,0
SN_003093,LOT_008,11.3448,12.0721,12.6352,12.7174,0,healthy,0.0,50.0,13.9685,0
SN_003094,LOT_008,15.0293,16.6294,17.2313,17.5366,0,healthy,0.0,50.0,13.9685,0
SN_003095,LOT_008,15.6922,17.0377,17.8669,18.2688,0,healthy,0.0,50.0,13.9685,0
SN_003096,LOT_008,16.0238,16.9661,17.1257,17.337,0,healthy,0.0,50.0,13.9685,0
SN_003097,LOT_008,10.233,11.3138,12.0585,12.3477,0,healthy,0.0,50.0,13.9685,0
SN_003098,LOT_008,13.0947,14.5672,14.7075,14.8847,0,healthy,0.0,50.0,13.9685,0
SN_003099,LOT_008,13.4365,14.8867,15.4432,16.0584,0,healthy,0.0,50.0,13.9685,0
SN_003100,LOT_008,12.9946,13.1429,13.5142,13.6431,0,healthy,0.0,50.0,13.9685,0
SN_003101,LOT_008,16.4303,17.2325,17.5411,17.5921,0,healthy,0.0,50.0,13.9685,0
SN_003102,LOT_008,12.3582,13.3442,13.6007,13.7368,0,healthy,0.0,50.0,13.9685,0
SN_003103,LOT_008,12.7357,13.404,13.7506,13.874,0,healthy,0.0,50.0,13.9685,0
SN_003104,LOT_008,10.3334,11.6741,11.8613,12.1421,0,healthy,0.0,50.0,13.9685,0
SN_003105,LOT_008,13.6661,15.0875,15.4837,15.506,0,healthy,0.0,50.0,13.9685,0
SN_003106,LOT_008,12.1531,13.6951,14.07,14.413,0,healthy,0.0,50.0,13.9685,0
SN_003107,LOT_008,13.8946,14.9494,15.2571,15.0826,0,healthy,0.0,50.0,13.9685,0
SN_003108,LOT_008,12.7732,14.1955,14.9855,15.1352,0,healthy,0.0,50.0,13.9685,0
SN_003109,LOT_008,13.4225,14.2654,14.7255,14.9107,0,healthy,0.0,50.0,13.9685,0
SN_003110,LOT_008,15.1838,17.4571,17.7181,17.9305,0,healthy,0.0,50.0,13.9685,0
SN_003111,LOT_008,14.5158,15.6144,15.5711,15.8678,0,healthy,0.0,50.0,13.9685,0
SN_003112,LOT_008,14.4982,15.4936,15.9128,16.3492,0,healthy,0.0,50.0,13.9685,0
SN_003113,LOT_008,18.0146,18.7772,19.3937,19.8166,0,healthy,0.0,50.0,13.9685,0
SN_003114,LOT_008,11.8099,12.8343,13.2735,13.5362,0,healthy,0.0,50.0,13.9685,0
SN_003115,LOT_008,14.9279,17.2983,17.6706,17.9859,0,healthy,0.0,50.0,13.9685,0
SN_003116,LOT_008,12.8549,13.4819,13.8116,14.0761,0,healthy,0.0,50.0,13.9685,0
SN_003117,LOT_008,12.6979,13.3948,13.5555,13.5342,0,healthy,0.0,50.0,13.9685,0
SN_003118,LOT_008,14.5005,15.7283,16.1179,16.2739,0,healthy,0.0,50.0,13.9685,0
SN_003119,LOT_008,16.595,17.5525,17.7215,17.8053,0,healthy,0.0,50.0,13.9685,0
SN_003120,LOT_008,13.3365,13.9813,14.4914,14.45,0,healthy,0.0,50.0,13.9685,0
SN_003121,LOT_008,11.5848,12.4233,12.738,12.7116,0,healthy,0.0,50.0,13.9685,0
SN_003122,LOT_008,11.6027,12.4071,12.8938,12.9277,0,healthy,0.0,50.0,13.9685,0
SN_003123,LOT_008,13.3838,14.7225,15.646,16.1044,0,healthy,0.0,50.0,13.9685,0
SN_003124,LOT_008,17.4716,18.2929,18.5385,18.324,0,healthy,0.0,50.0,13.9685,0
SN_003125,LOT_008,11.3696,12.1698,12.4504,12.698,0,healthy,0.0,50.0,13.9685,0
SN_003126,LOT_008,13.4884,14.3158,14.8207,15.0555,0,healthy,0.0,50.0,13.9685,0
SN_003127,LOT_008,13.0654,14.9709,15.3062,15.5795,0,healthy,0.0,50.0,13.9685,0
SN_003128,LOT_008,17.197,17.9425,17.8714,18.3231,0,healthy,0.0,50.0,13.9685,0
SN_003129,LOT_008,13.3231,14.2255,14.2276,14.4846,0,healthy,0.0,50.0,13.9685,0
SN_003130,LOT_008,13.2779,15.0007,15.4076,15.5119,0,healthy,0.0,50.0,13.9685,0
SN_003131,LOT_008,13.0337,13.9122,14.2206,14.2383,0,healthy,0.0,50.0,13.9685,0
SN_003132,LOT_008,12.8979,13.8985,14.1723,14.2916,0,healthy,0.0,50.0,13.9685,0
SN_003133,LOT_008,16.6744,18.2128,18.8099,19.4635,0,healthy,0.0,50.0,13.9685,0
SN_003134,LOT_008,11.7649,12.3345,12.5706,12.8283,0,healthy,0.0,50.0,13.9685,0
SN_003135,LOT_008,13.7412,14.7013,14.999,15.1596,0,healthy,0.0,50.0,13.9685,0
SN_003136,LOT_008,12.28,12.6349,12.8448,12.867,0,healthy,0.0,50.0,13.9685,0
SN_003137,LOT_008,14.2534,14.9263,15.3315,15.1394,0,healthy,0.0,50.0,13.9685,0
SN_003138,LOT_008,16.6076,17.667,18.3442,18.4328,0,healthy,0.0,50.0,13.9685,0
SN_003139,LOT_008,17.035,17.9142,18.5688,18.9197,0,healthy,0.0,50.0,13.9685,0
SN_003140,LOT_008,12.7107,13.6554,13.7864,14.0939,0,healthy,0.0,50.0,13.9685,0
SN_003141,LOT_008,11.8365,12.5817,13.1,13.2621,0,healthy,0.0,50.0,13.9685,0
SN_003142,LOT_008,12.4615,14.0016,14.5953,14.8929,0,healthy,0.0,50.0,13.9685,0
SN_003143,LOT_008,13.7262,15.3347,15.6891,16.0596,0,healthy,0.0,50.0,13.9685,0
SN_003144,LOT_008,21.0956,22.1538,22.483,22.2649,0,healthy,0.0,50.0,13.9685,0
SN_003145,LOT_008,12.1314,12.4423,12.7221,12.6909,0,healthy,0.0,50.0,13.9685,0
SN_003146,LOT_008,20.2629,22.0592,22.8371,23.2595,0,healthy,0.0,50.0,13.9685,0
SN_003147,LOT_008,13.6799,14.3751,14.643,14.8101,0,healthy,0.0,50.0,13.9685,0
SN_003148,LOT_008,14.0054,15.0338,15.184,15.094,0,healthy,0.0,50.0,13.9685,0
SN_003149,LOT_008,13.6769,15.1923,15.724,15.871,0,healthy,0.0,50.0,13.9685,0
SN_003150,LOT_008,15.3013,16.0253,16.3282,16.5214,0,healthy,0.0,50.0,13.9685,0
SN_003151,LOT_008,12.0757,12.7157,12.6201,12.8455,0,healthy,0.0,50.0,13.9685,0
SN_003152,LOT_008,16.8796,18.2977,18.8849,18.7814,0,healthy,0.0,50.0,13.9685,0
SN_003153,LOT_008,15.4464,17.1206,18.1387,18.5694,0,healthy,0.0,50.0,13.9685,0
SN_003154,LOT_008,13.3576,14.721,15.1897,15.1052,0,healthy,0.0,50.0,13.9685,0
SN_003155,LOT_008,14.1615,15.4897,16.4168,16.5608,0,healthy,0.0,50.0,13.9685,0
SN_003156,LOT_008,10.3773,10.6774,11.0689,11.2415,0,healthy,0.0,50.0,13.9685,0
SN_003157,LOT_008,17.5035,19.8437,20.6169,20.8133,0,healthy,0.0,50.0,13.9685,0
SN_003158,LOT_008,14.863,16.5828,16.592,16.7119,0,healthy,0.0,50.0,13.9685,0
SN_003159,LOT_008,16.4068,17.3538,17.726,17.6791,0,healthy,0.0,50.0,13.9685,0
SN_003160,LOT_008,14.1565,15.1982,15.6497,15.9372,0,healthy,0.0,50.0,13.9685,0
SN_003161,LOT_008,15.4463,17.1097,17.654,18.181,0,healthy,0.0,50.0,13.9685,0
SN_003162,LOT_008,16.5948,17.4362,17.6241,17.6295,0,healthy,0.0,50.0,13.9685,0
SN_003163,LOT_008,13.3714,14.0926,14.3229,14.3438,0,healthy,0.0,50.0,13.9685,0
SN_003164,LOT_008,15.0858,16.1592,16.6911,16.8292,0,healthy,0.0,50.0,13.9685,0
SN_003165,LOT_008,12.4421,13.3822,13.8307,13.9884,0,healthy,0.0,50.0,13.9685,0
SN_003166,LOT_008,12.7814,13.713,14.2196,14.4958,0,healthy,0.0,50.0,13.9685,0
SN_003167,LOT_008,15.5588,16.1369,16.3977,16.4817,0,healthy,0.0,50.0,13.9685,0
SN_003168,LOT_008,11.1675,11.5695,11.7502,12.0073,0,healthy,0.0,50.0,13.9685,0
SN_003169,LOT_008,16.2183,16.9941,17.3791,17.5858,0,healthy,0.0,50.0,13.9685,0
SN_003170,LOT_008,14.3744,15.3866,15.5357,15.6094,0,healthy,0.0,50.0,13.9685,0
SN_003171,LOT_008,10.7356,11.2313,11.4265,11.3939,0,healthy,0.0,50.0,13.9685,0
SN_003172,LOT_008,12.4426,13.4281,14.1426,14.1764,0,healthy,0.0,50.0,13.9685,0
SN_003173,LOT_008,13.7478,14.6133,15.1922,15.4655,0,healthy,0.0,50.0,13.9685,0
SN_003174,LOT_008,16.3063,17.1239,17.4462,17.2828,0,healthy,0.0,50.0,13.9685,0
SN_003175,LOT_008,16.2317,18.3145,18.8249,18.7171,0,healthy,0.0,50.0,13.9685,0
SN_003176,LOT_008,13.3419,14.1644,14.2635,14.4872,0,healthy,0.0,50.0,13.9685,0
SN_003177,LOT_008,12.0847,12.6304,12.8748,13.2149,0,healthy,0.0,50.0,13.9685,0
SN_003178,LOT_008,14.2149,14.8423,15.1606,15.2806,0,healthy,0.0,50.0,13.9685,0
SN_003179,LOT_008,12.6812,13.7997,14.2244,14.6486,0,healthy,0.0,50.0,13.9685,0
SN_003180,LOT_008,14.6072,15.2034,15.3372,15.5436,0,healthy,0.0,50.0,13.9685,0
SN_003181,LOT_008,13.5668,14.2283,14.1846,14.2739,0,healthy,0.0,50.0,13.9685,0
SN_003182,LOT_008,13.3733,13.692,14.1189,14.0683,0,healthy,0.0,50.0,13.9685,0
SN_003183,LOT_008,12.4827,14.0183,14.5315,15.026,0,healthy,0.0,50.0,13.9685,0
SN_003184,LOT_008,15.2563,16.46,16.6285,16.8607,0,healthy,0.0,50.0,13.9685,0
SN_003185,LOT_008,14.4272,15.8393,16.4775,17.2499,0,healthy,0.0,50.0,13.9685,0
SN_003186,LOT_008,11.5949,12.8942,13.0736,13.073,0,healthy,0.0,50.0,13.9685,0
SN_003187,LOT_008,15.5378,16.4782,17.0256,17.4765,0,healthy,0.0,50.0,13.9685,0
SN_003188,LOT_008,13.3468,14.4842,14.8119,15.1248,0,healthy,0.0,50.0,13.9685,0
SN_003189,LOT_008,12.9708,14.1585,14.3146,14.6197,0,healthy,0.0,50.0,13.9685,0
SN_003190,LOT_008,14.6394,16.6171,17.0055,17.2323,0,healthy,0.0,50.0,13.9685,0
SN_003191,LOT_008,13.1076,13.9347,14.3567,14.4786,0,healthy,0.0,50.0,13.9685,0
SN_003192,LOT_008,17.0502,18.7143,18.9474,19.5849,0,healthy,0.0,50.0,13.9685,0
SN_003193,LOT_008,12.5482,13.5177,13.8667,13.9034,0,healthy,0.0,50.0,13.9685,0
SN_003194,LOT_008,11.2009,12.3478,12.8482,13.1557,0,healthy,0.0,50.0,13.9685,0
SN_003195,LOT_008,12.4822,13.4101,13.7541,14.0562,0,healthy,0.0,50.0,13.9685,0
SN_003196,LOT_008,15.1819,17.0475,17.5451,17.6756,0,healthy,0.0,50.0,13.9685,0
SN_003197,LOT_008,11.5033,12.2995,12.0913,12.2669,0,healthy,0.0,50.0,13.9685,0
SN_003198,LOT_008,10.8556,11.4149,11.6856,11.8469,0,healthy,0.0,50.0,13.9685,0
SN_003199,LOT_008,15.1372,16.8394,17.6052,17.9249,0,healthy,0.0,50.0,13.9685,0
SN_003200,LOT_009,8.5721,8.997,9.0237,9.112,0,healthy,0.0,50.0,8.1643,0
SN_003201,LOT_009,9.0158,9.7455,10.0011,10.1616,0,healthy,0.0,50.0,8.1643,0
SN_003202,LOT_009,7.1305,7.7525,8.169,8.0764,0,healthy,0.0,50.0,8.1643,0
SN_003203,LOT_009,8.4412,9.0327,9.0184,9.113,0,healthy,0.0,50.0,8.1643,0
SN_003204,LOT_009,8.1596,9.1302,9.6038,9.8256,0,healthy,0.0,50.0,8.1643,0
SN_003205,LOT_009,7.4929,7.8572,8.0756,8.1142,0,healthy,0.0,50.0,8.1643,0
SN_003206,LOT_009,9.4926,10.4181,10.8201,10.9477,0,healthy,0.0,50.0,8.1643,0
SN_003207,LOT_009,10.0188,10.8244,10.8672,11.0257,0,healthy,0.0,50.0,8.1643,0
SN_003208,LOT_009,8.5246,9.673,10.1031,10.24,0,healthy,0.0,50.0,8.1643,0
SN_003209,LOT_009,8.726,9.5961,10.1029,10.3679,0,healthy,0.0,50.0,8.1643,0
SN_003210,LOT_009,7.8968,9.0879,9.2861,9.4483,0,healthy,0.0,50.0,8.1643,0
SN_003211,LOT_009,9.0867,9.724,10.0558,10.2163,0,healthy,0.0,50.0,8.1643,0
SN_003212,LOT_009,7.8037,8.4395,8.7449,8.7902,0,healthy,0.0,50.0,8.1643,0
SN_003213,LOT_009,10.2486,11.1497,11.4859,11.5479,0,healthy,0.0,50.0,8.1643,0
SN_003214,LOT_009,8.121,8.9539,9.1769,9.3193,0,healthy,0.0,50.0,8.1643,0
SN_003215,LOT_009,8.7292,9.9571,10.1265,10.3697,0,healthy,0.0,50.0,8.1643,0
SN_003216,LOT_009,7.2056,7.9111,8.052,8.2757,0,healthy,0.0,50.0,8.1643,0
SN_003217,LOT_009,7.7268,8.3951,8.6699,8.5618,0,healthy,0.0,50.0,8.1643,0
SN_003218,LOT_009,8.4378,8.887,8.7583,8.7811,0,healthy,0.0,50.0,8.1643,0
SN_003219,LOT_009,27.2585,28.0195,30.8151,34.0485,1,subtle_in_spec,0.3355,50.0,8.1643,0
SN_003220,LOT_009,7.7475,8.286,8.3851,8.6344,0,healthy,0.0,50.0,8.1643,0
SN_003221,LOT_009,7.1729,7.4596,7.7432,7.7831,0,healthy,0.0,50.0,8.1643,0
SN_003222,LOT_009,8.9144,9.4232,9.9151,9.9649,0,healthy,0.0,50.0,8.1643,0
SN_003223,LOT_009,9.0309,9.5692,9.9244,9.8546,0,healthy,0.0,50.0,8.1643,0
SN_003224,LOT_009,8.4108,9.51,9.7777,9.8162,0,healthy,0.0,50.0,8.1643,0
SN_003225,LOT_009,9.828,10.6968,11.2063,11.5422,0,healthy,0.0,50.0,8.1643,0
SN_003226,LOT_009,8.1214,8.6711,8.8952,8.8976,0,healthy,0.0,50.0,8.1643,0
SN_003227,LOT_009,8.7009,9.0425,9.3104,9.4034,0,healthy,0.0,50.0,8.1643,0
SN_003228,LOT_009,8.3775,9.1768,9.4805,9.6623,0,healthy,0.0,50.0,8.1643,0
SN_003229,LOT_009,7.3517,7.7972,7.9326,8.0371,0,healthy,0.0,50.0,8.1643,0
SN_003230,LOT_009,9.3681,10.0529,10.3697,10.5289,0,healthy,0.0,50.0,8.1643,0
SN_003231,LOT_009,7.6931,8.2175,8.4317,8.3983,0,healthy,0.0,50.0,8.1643,0
SN_003232,LOT_009,8.171,8.6604,8.7556,8.8433,0,healthy,0.0,50.0,8.1643,0
SN_003233,LOT_009,7.7399,8.2298,8.3145,8.2649,0,healthy,0.0,50.0,8.1643,0
SN_003234,LOT_009,7.6293,8.526,8.6184,8.7585,0,healthy,0.0,50.0,8.1643,0
SN_003235,LOT_009,8.0059,8.3291,8.3943,8.4772,0,healthy,0.0,50.0,8.1643,0
SN_003236,LOT_009,8.6527,9.5938,10.0266,10.1469,0,healthy,0.0,50.0,8.1643,0
SN_003237,LOT_009,7.5356,7.9769,8.0674,8.0878,0,healthy,0.0,50.0,8.1643,0
SN_003238,LOT_009,9.4003,10.2707,10.5418,10.7668,0,healthy,0.0,50.0,8.1643,0
SN_003239,LOT_009,9.9935,10.6447,10.9651,10.9961,0,healthy,0.0,50.0,8.1643,0
SN_003240,LOT_009,8.684,9.172,9.3976,9.6631,0,healthy,0.0,50.0,8.1643,0
SN_003241,LOT_009,8.0643,8.5797,8.706,8.926,0,healthy,0.0,50.0,8.1643,0
SN_003242,LOT_009,10.742,11.7186,12.1016,12.201,0,healthy,0.0,50.0,8.1643,0
SN_003243,LOT_009,10.0336,10.8918,10.8653,11.0505,0,healthy,0.0,50.0,8.1643,0
SN_003244,LOT_009,7.6184,8.2393,8.7009,8.7019,0,healthy,0.0,50.0,8.1643,0
SN_003245,LOT_009,9.7608,10.8512,11.1956,11.4932,0,healthy,0.0,50.0,8.1643,0
SN_003246,LOT_009,8.3872,8.997,9.4361,9.6011,0,healthy,0.0,50.0,8.1643,0
SN_003247,LOT_009,7.5894,8.3704,8.6423,8.7881,0,healthy,0.0,50.0,8.1643,0
SN_003248,LOT_009,8.5433,9.4721,9.6069,9.8594,0,healthy,0.0,50.0,8.1643,0
SN_003249,LOT_009,8.4487,8.985,9.0306,9.0951,0,healthy,0.0,50.0,8.1643,0
SN_003250,LOT_009,9.4128,10.3084,10.4693,10.713,0,healthy,0.0,50.0,8.1643,0
SN_003251,LOT_009,7.6598,8.1374,8.3826,8.414,0,healthy,0.0,50.0,8.1643,0
SN_003252,LOT_009,9.3646,9.6384,9.7846,9.7069,0,healthy,0.0,50.0,8.1643,0
SN_003253,LOT_009,8.5838,8.9122,8.9177,9.1938,0,healthy,0.0,50.0,8.1643,0
SN_003254,LOT_009,9.2566,10.1265,10.2997,10.3346,0,healthy,0.0,50.0,8.1643,0
SN_003255,LOT_009,7.3793,8.0694,8.2015,8.3805,0,healthy,0.0,50.0,8.1643,0
SN_003256,LOT_009,6.9418,7.2641,7.3775,7.4297,0,healthy,0.0,50.0,8.1643,0
SN_003257,LOT_009,7.8316,8.3729,8.4924,8.3779,0,healthy,0.0,50.0,8.1643,0
SN_003258,LOT_009,7.9647,8.5077,8.7605,8.7648,0,healthy,0.0,50.0,8.1643,0
SN_003259,LOT_009,8.503,9.522,9.8426,9.7724,0,healthy,0.0,50.0,8.1643,0
SN_003260,LOT_009,7.3492,7.5132,7.6404,7.7355,0,healthy,0.0,50.0,8.1643,0
SN_003261,LOT_009,9.5206,10.7531,11.2247,11.5104,0,healthy,0.0,50.0,8.1643,0
SN_003262,LOT_009,7.2732,7.4792,7.6801,7.8216,0,healthy,0.0,50.0,8.1643,0
SN_003263,LOT_009,8.8119,9.525,9.7872,10.1572,0,healthy,0.0,50.0,8.1643,0
SN_003264,LOT_009,6.6771,7.4371,7.6439,7.7497,0,healthy,0.0,50.0,8.1643,0
SN_003265,LOT_009,7.7558,8.0293,8.1705,8.311,0,healthy,0.0,50.0,8.1643,0
SN_003266,LOT_009,7.6986,7.9109,7.9743,8.2759,0,healthy,0.0,50.0,8.1643,0
SN_003267,LOT_009,7.0402,7.4448,7.5443,7.5698,0,healthy,0.0,50.0,8.1643,0
SN_003268,LOT_009,7.7279,8.1344,8.3089,8.491,0,healthy,0.0,50.0,8.1643,0
SN_003269,LOT_009,8.4331,9.1199,9.283,9.568,0,healthy,0.0,50.0,8.1643,0
SN_003270,LOT_009,8.5563,9.5645,9.9485,10.0706,0,healthy,0.0,50.0,8.1643,0
SN_003271,LOT_009,9.8654,10.794,11.0998,11.3264,0,healthy,0.0,50.0,8.1643,0
SN_003272,LOT_009,8.2768,8.9078,9.0696,9.1927,0,healthy,0.0,50.0,8.1643,0
SN_003273,LOT_009,7.4147,7.564,7.8884,7.7947,0,healthy,0.0,50.0,8.1643,0
SN_003274,LOT_009,8.3562,9.1084,9.3812,9.3563,0,healthy,0.0,50.0,8.1643,0
SN_003275,LOT_009,7.9873,8.5662,8.8,8.9461,0,healthy,0.0,50.0,8.1643,0
SN_003276,LOT_009,8.2596,9.1426,9.4168,9.3942,0,healthy,0.0,50.0,8.1643,0
SN_003277,LOT_009,7.4736,7.7041,7.7853,7.833,0,healthy,0.0,50.0,8.1643,0
SN_003278,LOT_009,8.9937,9.8342,10.2104,10.1849,0,healthy,0.0,50.0,8.1643,0
SN_003279,LOT_009,8.1288,9.199,9.5896,9.6293,0,healthy,0.0,50.0,8.1643,0
SN_003280,LOT_009,8.8704,9.8917,10.0864,10.2503,0,healthy,0.0,50.0,8.1643,0
SN_003281,LOT_009,8.2962,9.0097,9.2372,9.3156,0,healthy,0.0,50.0,8.1643,0
SN_003282,LOT_009,8.8612,9.1137,9.3717,9.2614,0,healthy,0.0,50.0,8.1643,0
SN_003283,LOT_009,7.839,8.3329,8.6287,8.5223,0,healthy,0.0,50.0,8.1643,0
SN_003284,LOT_009,10.5047,11.4547,12.0321,11.9327,0,healthy,0.0,50.0,8.1643,0
SN_003285,LOT_009,10.8389,12.0626,12.3342,12.6945,0,healthy,0.0,50.0,8.1643,0
SN_003286,LOT_009,7.0361,7.543,7.736,7.8272,0,healthy,0.0,50.0,8.1643,0
SN_003287,LOT_009,7.4666,8.335,8.7499,8.8605,0,healthy,0.0,50.0,8.1643,0
SN_003288,LOT_009,8.2073,8.594,8.7464,8.8602,0,healthy,0.0,50.0,8.1643,0
SN_003289,LOT_009,7.9695,8.6498,8.8361,8.9816,0,healthy,0.0,50.0,8.1643,0
SN_003290,LOT_009,8.1081,9.0169,9.382,9.6112,0,healthy,0.0,50.0,8.1643,0
SN_003291,LOT_009,7.1898,7.8159,8.1867,8.2728,0,healthy,0.0,50.0,8.1643,0
SN_003292,LOT_009,7.8949,8.6016,9.0264,9.28,0,healthy,0.0,50.0,8.1643,0
SN_003293,LOT_009,9.7343,10.4037,10.7652,10.6754,0,healthy,0.0,50.0,8.1643,0
SN_003294,LOT_009,7.9476,8.4164,8.5214,8.4351,0,healthy,0.0,50.0,8.1643,0
SN_003295,LOT_009,8.2504,9.0749,9.3655,9.3632,0,healthy,0.0,50.0,8.1643,0
SN_003296,LOT_009,6.8775,7.205,7.2743,7.3694,0,healthy,0.0,50.0,8.1643,0
SN_003297,LOT_009,7.6853,8.6636,9.0507,9.1254,0,healthy,0.0,50.0,8.1643,0
SN_003298,LOT_009,8.8579,9.9031,10.1955,10.2949,0,healthy,0.0,50.0,8.1643,0
SN_003299,LOT_009,9.128,10.1178,10.4369,10.4683,0,healthy,0.0,50.0,8.1643,0
SN_003300,LOT_009,7.0629,7.5041,7.6177,7.7408,0,healthy,0.0,50.0,8.1643,0
SN_003301,LOT_009,7.7684,8.0483,8.1997,8.2172,0,healthy,0.0,50.0,8.1643,0
SN_003302,LOT_009,7.7931,8.3217,8.6115,8.6723,0,healthy,0.0,50.0,8.1643,0
SN_003303,LOT_009,7.9717,8.4407,8.552,8.4301,0,healthy,0.0,50.0,8.1643,0
SN_003304,LOT_009,8.9464,9.2973,9.2982,9.5408,0,healthy,0.0,50.0,8.1643,0
SN_003305,LOT_009,8.0669,8.7057,9.0064,9.1838,0,healthy,0.0,50.0,8.1643,0
SN_003306,LOT_009,6.9747,7.6218,7.9413,7.9987,0,healthy,0.0,50.0,8.1643,0
SN_003307,LOT_009,8.2457,9.1789,9.369,9.6509,0,healthy,0.0,50.0,8.1643,0
SN_003308,LOT_009,7.6013,8.6056,8.9785,8.9467,0,healthy,0.0,50.0,8.1643,0
SN_003309,LOT_009,9.2881,9.9592,10.2619,10.4934,0,healthy,0.0,50.0,8.1643,0
SN_003310,LOT_009,8.7005,9.0563,9.2353,9.1219,0,healthy,0.0,50.0,8.1643,0
SN_003311,LOT_009,8.4789,9.567,9.9748,10.1199,0,healthy,0.0,50.0,8.1643,0
SN_003312,LOT_009,9.3095,9.5598,9.9633,9.8788,0,healthy,0.0,50.0,8.1643,0
SN_003313,LOT_009,8.6834,9.562,9.9395,10.0409,0,healthy,0.0,50.0,8.1643,0
SN_003314,LOT_009,7.9249,8.7091,9.2552,9.4996,0,healthy,0.0,50.0,8.1643,0
SN_003315,LOT_009,8.9649,9.8873,10.3263,10.3993,0,healthy,0.0,50.0,8.1643,0
SN_003316,LOT_009,7.6256,8.5847,8.9309,9.0665,0,healthy,0.0,50.0,8.1643,0
SN_003317,LOT_009,7.9779,8.8823,9.1804,9.3175,0,healthy,0.0,50.0,8.1643,0
SN_003318,LOT_009,8.0261,8.4815,8.741,8.7493,0,healthy,0.0,50.0,8.1643,0
SN_003319,LOT_009,7.5361,8.4264,8.8372,8.8948,0,healthy,0.0,50.0,8.1643,0
SN_003320,LOT_009,9.0991,9.7165,9.9887,9.9444,0,healthy,0.0,50.0,8.1643,0
SN_003321,LOT_009,7.256,8.1419,8.5023,8.7763,0,healthy,0.0,50.0,8.1643,0
SN_003322,LOT_009,8.2968,8.6149,8.6246,8.8745,0,healthy,0.0,50.0,8.1643,0
SN_003323,LOT_009,8.2613,8.8809,9.274,9.4719,0,healthy,0.0,50.0,8.1643,0
SN_003324,LOT_009,8.8916,9.4018,9.7578,9.9241,0,healthy,0.0,50.0,8.1643,0
SN_003325,LOT_009,7.4363,8.2675,8.5959,8.7879,0,healthy,0.0,50.0,8.1643,0
SN_003326,LOT_009,7.5999,8.3387,8.6719,8.751,0,healthy,0.0,50.0,8.1643,0
SN_003327,LOT_009,8.7462,9.2027,9.4323,9.7069,0,healthy,0.0,50.0,8.1643,0
SN_003328,LOT_009,8.2314,9.0746,9.4131,9.6204,0,healthy,0.0,50.0,8.1643,0
SN_003329,LOT_009,7.9107,8.9234,9.3225,9.3836,0,healthy,0.0,50.0,8.1643,0
SN_003330,LOT_009,7.3382,8.0148,8.0511,8.1679,0,healthy,0.0,50.0,8.1643,0
SN_003331,LOT_009,7.623,8.5374,8.9143,9.1345,0,healthy,0.0,50.0,8.1643,0
SN_003332,LOT_009,8.9947,9.4584,9.6403,9.7561,0,healthy,0.0,50.0,8.1643,0
SN_003333,LOT_009,24.4344,25.0326,27.0244,28.6406,1,subtle_in_spec,0.1971,50.0,8.1643,0
SN_003334,LOT_009,8.9302,9.9536,10.4382,10.454,0,healthy,0.0,50.0,8.1643,0
SN_003335,LOT_009,8.2537,8.6318,8.887,8.7985,0,healthy,0.0,50.0,8.1643,0
SN_003336,LOT_009,7.3912,7.9512,8.2929,8.2939,0,healthy,0.0,50.0,8.1643,0
SN_003337,LOT_009,8.8483,9.7784,10.1068,10.496,0,healthy,0.0,50.0,8.1643,0
SN_003338,LOT_009,8.2855,9.2698,9.5168,9.7634,0,healthy,0.0,50.0,8.1643,0
SN_003339,LOT_009,8.2169,9.2971,9.4487,9.6584,0,healthy,0.0,50.0,8.1643,0
SN_003340,LOT_009,6.1297,6.8648,7.1417,7.1954,0,healthy,0.0,50.0,8.1643,0
SN_003341,LOT_009,8.6852,9.3899,9.5334,9.7236,0,healthy,0.0,50.0,8.1643,0
SN_003342,LOT_009,7.3438,8.2475,8.5871,8.7011,0,healthy,0.0,50.0,8.1643,0
SN_003343,LOT_009,8.9036,9.1277,9.3277,9.2831,0,healthy,0.0,50.0,8.1643,0
SN_003344,LOT_009,6.9571,7.2021,7.3225,7.3922,0,healthy,0.0,50.0,8.1643,0
SN_003345,LOT_009,9.4937,9.9425,10.1605,10.3549,0,healthy,0.0,50.0,8.1643,0
SN_003346,LOT_009,7.4648,7.8978,8.0223,8.2355,0,healthy,0.0,50.0,8.1643,0
SN_003347,LOT_009,7.9562,8.8508,8.9215,9.0375,0,healthy,0.0,50.0,8.1643,0
SN_003348,LOT_009,8.0916,8.5863,8.6975,8.7068,0,healthy,0.0,50.0,8.1643,0
SN_003349,LOT_009,9.1084,9.8772,10.0755,10.0528,0,healthy,0.0,50.0,8.1643,0
SN_003350,LOT_009,7.9938,8.7738,9.2525,9.658,0,healthy,0.0,50.0,8.1643,0
SN_003351,LOT_009,8.7534,9.8447,10.1448,10.148,0,healthy,0.0,50.0,8.1643,0
SN_003352,LOT_009,8.3117,8.7967,9.02,9.1511,0,healthy,0.0,50.0,8.1643,0
SN_003353,LOT_009,8.7485,9.3475,9.4923,9.7092,0,healthy,0.0,50.0,8.1643,0
SN_003354,LOT_009,7.495,8.3089,8.4192,8.6858,0,healthy,0.0,50.0,8.1643,0
SN_003355,LOT_009,8.312,8.7743,9.0515,9.0904,0,healthy,0.0,50.0,8.1643,0
SN_003356,LOT_009,7.0892,7.5546,7.6367,7.8253,0,healthy,0.0,50.0,8.1643,0
SN_003357,LOT_009,8.3676,8.7251,8.7501,8.7355,0,healthy,0.0,50.0,8.1643,0
SN_003358,LOT_009,9.0846,9.8079,9.9251,10.1822,0,healthy,0.0,50.0,8.1643,0
SN_003359,LOT_009,7.7285,8.6144,8.9473,9.1276,0,healthy,0.0,50.0,8.1643,0
SN_003360,LOT_009,6.9375,7.3126,7.5081,7.4885,0,healthy,0.0,50.0,8.1643,0
SN_003361,LOT_009,8.893,9.7858,9.8874,9.8863,0,healthy,0.0,50.0,8.1643,0
SN_003362,LOT_009,22.5994,23.3407,24.3345,26.045,1,subtle_in_spec,0.1072,50.0,8.1643,0
SN_003363,LOT_009,7.6691,8.4667,8.598,8.5102,0,healthy,0.0,50.0,8.1643,0
SN_003364,LOT_009,8.6398,9.33,9.5425,9.8704,0,healthy,0.0,50.0,8.1643,0
SN_003365,LOT_009,7.1135,7.4558,7.77,7.7616,0,healthy,0.0,50.0,8.1643,0
SN_003366,LOT_009,7.8854,8.511,8.6362,8.6692,0,healthy,0.0,50.0,8.1643,0
SN_003367,LOT_009,8.8937,9.4955,9.6766,9.8879,0,healthy,0.0,50.0,8.1643,0
SN_003368,LOT_009,7.4793,7.7998,7.9235,7.9217,0,healthy,0.0,50.0,8.1643,0
SN_003369,LOT_009,8.8776,9.5209,9.9116,10.0808,0,healthy,0.0,50.0,8.1643,0
SN_003370,LOT_009,8.5246,8.8597,9.2607,9.1926,0,healthy,0.0,50.0,8.1643,0
SN_003371,LOT_009,8.688,9.2187,9.3396,9.4447,0,healthy,0.0,50.0,8.1643,0
SN_003372,LOT_009,6.3022,7.0585,7.2583,7.4256,0,healthy,0.0,50.0,8.1643,0
SN_003373,LOT_009,9.8563,10.4689,10.825,10.8428,0,healthy,0.0,50.0,8.1643,0
SN_003374,LOT_009,28.1239,29.2823,31.8299,35.505,1,subtle_in_spec,0.3779,50.0,8.1643,0
SN_003375,LOT_009,9.1731,9.9473,9.9311,10.2419,0,healthy,0.0,50.0,8.1643,0
SN_003376,LOT_009,8.779,9.8265,10.0866,10.1648,0,healthy,0.0,50.0,8.1643,0
SN_003377,LOT_009,9.1625,10.3163,10.5105,10.6256,0,healthy,0.0,50.0,8.1643,0
SN_003378,LOT_009,7.4863,8.2777,8.627,8.7349,0,healthy,0.0,50.0,8.1643,0
SN_003379,LOT_009,8.2185,8.7829,8.7858,9.0304,0,healthy,0.0,50.0,8.1643,0
SN_003380,LOT_009,7.8961,8.7832,8.9976,9.1598,0,healthy,0.0,50.0,8.1643,0
SN_003381,LOT_009,8.1302,8.351,8.498,8.6721,0,healthy,0.0,50.0,8.1643,0
SN_003382,LOT_009,7.5431,8.1918,8.496,8.4985,0,healthy,0.0,50.0,8.1643,0
SN_003383,LOT_009,7.8055,8.5437,8.5745,8.663,0,healthy,0.0,50.0,8.1643,0
SN_003384,LOT_009,8.365,9.0715,9.5181,9.6115,0,healthy,0.0,50.0,8.1643,0
SN_003385,LOT_009,8.6336,9.2762,9.461,9.4203,0,healthy,0.0,50.0,8.1643,0
SN_003386,LOT_009,8.1489,8.8922,9.1651,9.2514,0,healthy,0.0,50.0,8.1643,0
SN_003387,LOT_009,7.9564,8.1944,8.3372,8.2691,0,healthy,0.0,50.0,8.1643,0
SN_003388,LOT_009,8.5524,9.5206,9.6879,9.9626,0,healthy,0.0,50.0,8.1643,0
SN_003389,LOT_009,9.0641,9.6197,9.6886,9.8021,0,healthy,0.0,50.0,8.1643,0
SN_003390,LOT_009,8.1688,9.3222,9.4308,9.4723,0,healthy,0.0,50.0,8.1643,0
SN_003391,LOT_009,8.5584,9.314,9.5557,9.8783,0,healthy,0.0,50.0,8.1643,0
SN_003392,LOT_009,8.3013,9.4383,9.6784,9.8883,0,healthy,0.0,50.0,8.1643,0
SN_003393,LOT_009,7.2774,7.6604,7.6436,7.5603,0,healthy,0.0,50.0,8.1643,0
SN_003394,LOT_009,8.7112,9.7976,10.077,10.2365,0,healthy,0.0,50.0,8.1643,0
SN_003395,LOT_009,7.3994,7.9122,8.0953,8.1859,0,healthy,0.0,50.0,8.1643,0
SN_003396,LOT_009,8.9143,9.2519,9.2963,9.4138,0,healthy,0.0,50.0,8.1643,0
SN_003397,LOT_009,8.9387,10.0616,10.2194,10.5367,0,healthy,0.0,50.0,8.1643,0
SN_003398,LOT_009,7.4124,7.8022,7.8796,7.9171,0,healthy,0.0,50.0,8.1643,0
SN_003399,LOT_009,9.2343,9.9824,10.1184,10.2734,0,healthy,0.0,50.0,8.1643,0
SN_003400,LOT_010,11.9943,13.5112,13.9605,14.1905,0,healthy,0.0,50.0,10.8143,0
SN_003401,LOT_010,10.7474,11.3367,11.4581,11.5672,0,healthy,0.0,50.0,10.8143,0
SN_003402,LOT_010,9.1457,10.4288,10.7197,10.9854,0,healthy,0.0,50.0,10.8143,0
SN_003403,LOT_010,9.773,10.9659,11.1854,11.44,0,healthy,0.0,50.0,10.8143,0
SN_003404,LOT_010,9.0595,9.9045,10.3663,10.4539,0,healthy,0.0,50.0,10.8143,0
SN_003405,LOT_010,13.1108,13.9905,14.4667,14.6407,0,healthy,0.0,50.0,10.8143,0
SN_003406,LOT_010,11.8848,13.4357,13.7355,14.1055,0,healthy,0.0,50.0,10.8143,0
SN_003407,LOT_010,9.8202,10.7105,10.8791,11.0847,0,healthy,0.0,50.0,10.8143,0
SN_003408,LOT_010,11.3773,12.2404,12.4444,12.4635,0,healthy,0.0,50.0,10.8143,0
SN_003409,LOT_010,12.3974,13.6325,14.0647,14.4537,0,healthy,0.0,50.0,10.8143,0
SN_003410,LOT_010,12.1915,12.7786,13.2363,13.3327,0,healthy,0.0,50.0,10.8143,0
SN_003411,LOT_010,8.8228,9.2589,9.4595,9.5819,0,healthy,0.0,50.0,10.8143,0
SN_003412,LOT_010,11.594,12.6062,12.9501,12.7215,0,healthy,0.0,50.0,10.8143,0
SN_003413,LOT_010,12.1053,12.6005,12.7004,12.7514,0,healthy,0.0,50.0,10.8143,0
SN_003414,LOT_010,12.0111,12.595,12.6901,12.8908,0,healthy,0.0,50.0,10.8143,0
SN_003415,LOT_010,9.3879,10.3615,10.841,10.8404,0,healthy,0.0,50.0,10.8143,0
SN_003416,LOT_010,13.4148,14.5929,15.0909,15.2131,0,healthy,0.0,50.0,10.8143,0
SN_003417,LOT_010,9.8102,10.6804,10.8344,11.0193,0,healthy,0.0,50.0,10.8143,0
SN_003418,LOT_010,9.7037,10.6312,10.637,10.9027,0,healthy,0.0,50.0,10.8143,0
SN_003419,LOT_010,10.2121,11.0795,11.5956,11.5951,0,healthy,0.0,50.0,10.8143,0
SN_003420,LOT_010,9.7069,10.3449,10.4859,10.6125,0,healthy,0.0,50.0,10.8143,0
SN_003421,LOT_010,12.249,13.0306,13.6071,13.3719,0,healthy,0.0,50.0,10.8143,0
SN_003422,LOT_010,11.3415,12.024,12.3453,12.4159,0,healthy,0.0,50.0,10.8143,0
SN_003423,LOT_010,11.246,12.662,13.1521,13.3202,0,healthy,0.0,50.0,10.8143,0
SN_003424,LOT_010,9.3269,10.2564,10.6221,10.7372,0,healthy,0.0,50.0,10.8143,0
SN_003425,LOT_010,8.6441,8.9589,8.9565,9.0831,0,healthy,0.0,50.0,10.8143,0
SN_003426,LOT_010,10.3178,11.024,11.3316,11.4867,0,healthy,0.0,50.0,10.8143,0
SN_003427,LOT_010,13.9276,15.4727,16.2161,16.4468,0,healthy,0.0,50.0,10.8143,0
SN_003428,LOT_010,8.9023,9.7276,10.1914,10.2874,0,healthy,0.0,50.0,10.8143,0
SN_003429,LOT_010,10.3295,11.1161,11.3086,11.4053,0,healthy,0.0,50.0,10.8143,0
SN_003430,LOT_010,10.2443,10.8142,11.0545,11.2117,0,healthy,0.0,50.0,10.8143,0
SN_003431,LOT_010,10.485,11.101,11.1691,11.1181,0,healthy,0.0,50.0,10.8143,0
SN_003432,LOT_010,11.6444,12.334,12.4993,12.5545,0,healthy,0.0,50.0,10.8143,0
SN_003433,LOT_010,10.1889,10.6386,10.6022,10.7939,0,healthy,0.0,50.0,10.8143,0
SN_003434,LOT_010,10.0938,11.1263,11.438,11.515,0,healthy,0.0,50.0,10.8143,0
SN_003435,LOT_010,10.6408,11.1372,11.2997,11.3598,0,healthy,0.0,50.0,10.8143,0
SN_003436,LOT_010,35.1737,36.5613,41.4193,46.2237,1,esd_oxide,0.3763,50.0,10.8143,0
SN_003437,LOT_010,11.8064,12.5817,12.9331,12.9681,0,healthy,0.0,50.0,10.8143,0
SN_003438,LOT_010,11.5799,12.8421,13.2106,13.6899,0,healthy,0.0,50.0,10.8143,0
SN_003439,LOT_010,10.733,11.8468,12.3365,12.5392,0,healthy,0.0,50.0,10.8143,0
SN_003440,LOT_010,13.1772,13.6301,13.9113,14.1075,0,healthy,0.0,50.0,10.8143,0
SN_003441,LOT_010,12.4316,12.7982,13.3003,13.4782,0,healthy,0.0,50.0,10.8143,0
SN_003442,LOT_010,9.9149,10.4093,10.5064,10.7461,0,healthy,0.0,50.0,10.8143,0
SN_003443,LOT_010,11.8628,12.558,12.8902,12.7678,0,healthy,0.0,50.0,10.8143,0
SN_003444,LOT_010,10.1618,10.8023,10.8202,10.9257,0,healthy,0.0,50.0,10.8143,0
SN_003445,LOT_010,11.3513,12.8871,13.2938,13.586,0,healthy,0.0,50.0,10.8143,0
SN_003446,LOT_010,10.9656,11.9605,12.4599,12.578,0,healthy,0.0,50.0,10.8143,0
SN_003447,LOT_010,9.9377,10.33,10.4266,10.5342,0,healthy,0.0,50.0,10.8143,0
SN_003448,LOT_010,9.0733,9.7081,10.0538,10.1473,0,healthy,0.0,50.0,10.8143,0
SN_003449,LOT_010,10.6018,11.2568,11.4813,11.7071,0,healthy,0.0,50.0,10.8143,0
SN_003450,LOT_010,11.1288,12.3852,12.4889,12.8358,0,healthy,0.0,50.0,10.8143,0
SN_003451,LOT_010,11.0772,11.9729,12.1767,12.1866,0,healthy,0.0,50.0,10.8143,0
SN_003452,LOT_010,11.8057,12.7049,13.3009,13.3393,0,healthy,0.0,50.0,10.8143,0
SN_003453,LOT_010,10.9017,12.1998,12.8143,12.8677,0,healthy,0.0,50.0,10.8143,0
SN_003454,LOT_010,11.7612,12.4374,12.5952,12.7406,0,healthy,0.0,50.0,10.8143,0
SN_003455,LOT_010,9.7479,10.7711,11.2876,11.5754,0,healthy,0.0,50.0,10.8143,0
SN_003456,LOT_010,10.1524,10.5052,10.47,10.7127,0,healthy,0.0,50.0,10.8143,0
SN_003457,LOT_010,9.5115,10.7714,10.8579,10.9265,0,healthy,0.0,50.0,10.8143,0
SN_003458,LOT_010,10.0666,10.7868,10.8437,10.8498,0,healthy,0.0,50.0,10.8143,0
SN_003459,LOT_010,10.3709,11.1476,11.5731,12.0511,0,healthy,0.0,50.0,10.8143,0
SN_003460,LOT_010,8.1898,8.9376,9.2439,9.3489,0,healthy,0.0,50.0,10.8143,0
SN_003461,LOT_010,11.8801,12.4647,12.5473,12.8279,0,healthy,0.0,50.0,10.8143,0
SN_003462,LOT_010,12.6682,13.7063,13.9109,14.2202,0,healthy,0.0,50.0,10.8143,0
SN_003463,LOT_010,10.688,11.3411,11.7535,11.8169,0,healthy,0.0,50.0,10.8143,0
SN_003464,LOT_010,9.6547,10.4236,10.8505,10.9208,0,healthy,0.0,50.0,10.8143,0
SN_003465,LOT_010,10.1765,11.0371,11.1736,11.3918,0,healthy,0.0,50.0,10.8143,0
SN_003466,LOT_010,10.4008,11.4661,11.8261,12.0912,0,healthy,0.0,50.0,10.8143,0
SN_003467,LOT_010,11.5032,11.7682,18.3834,42.1964,1,tddb_dielectric,0.7237,50.0,10.8143,0
SN_003468,LOT_010,12.4919,14.4715,14.8343,14.8552,0,healthy,0.0,50.0,10.8143,0
SN_003469,LOT_010,10.9297,11.6512,11.8121,12.0327,0,healthy,0.0,50.0,10.8143,0
SN_003470,LOT_010,10.803,11.6055,12.0065,12.1799,0,healthy,0.0,50.0,10.8143,0
SN_003471,LOT_010,11.4509,12.3146,12.4058,12.8936,0,healthy,0.0,50.0,10.8143,0
SN_003472,LOT_010,12.7805,13.2313,13.588,13.5839,0,healthy,0.0,50.0,10.8143,0
SN_003473,LOT_010,10.2574,11.0856,11.5054,11.5324,0,healthy,0.0,50.0,10.8143,0
SN_003474,LOT_010,12.0914,13.1893,13.6414,13.855,0,healthy,0.0,50.0,10.8143,0
SN_003475,LOT_010,8.936,9.5349,9.6758,9.7784,0,healthy,0.0,50.0,10.8143,0
SN_003476,LOT_010,10.8845,12.1396,12.2563,12.6619,0,healthy,0.0,50.0,10.8143,0
SN_003477,LOT_010,10.4917,10.833,10.9599,11.1506,0,healthy,0.0,50.0,10.8143,0
SN_003478,LOT_010,9.7679,10.9666,11.2957,11.343,0,healthy,0.0,50.0,10.8143,0
SN_003479,LOT_010,12.3579,13.4258,13.802,14.278,0,healthy,0.0,50.0,10.8143,0
SN_003480,LOT_010,10.9681,11.6432,11.7756,11.9429,0,healthy,0.0,50.0,10.8143,0
SN_003481,LOT_010,12.0016,12.7399,13.2566,13.6153,0,healthy,0.0,50.0,10.8143,0
SN_003482,LOT_010,11.4814,13.0173,13.2281,13.4565,0,healthy,0.0,50.0,10.8143,0
SN_003483,LOT_010,10.2671,11.6264,11.8922,12.1394,0,healthy,0.0,50.0,10.8143,0
SN_003484,LOT_010,9.2566,9.7099,9.7512,9.7514,0,healthy,0.0,50.0,10.8143,0
SN_003485,LOT_010,11.1503,12.1322,12.5875,12.6106,0,healthy,0.0,50.0,10.8143,0
SN_003486,LOT_010,12.2881,13.2713,13.8978,13.8903,0,healthy,0.0,50.0,10.8143,0
SN_003487,LOT_010,10.3458,10.7867,11.0712,11.2523,0,healthy,0.0,50.0,10.8143,0
SN_003488,LOT_010,9.8166,10.9312,11.3468,11.6633,0,healthy,0.0,50.0,10.8143,0
SN_003489,LOT_010,11.2831,11.9635,12.4627,12.4416,0,healthy,0.0,50.0,10.8143,0
SN_003490,LOT_010,10.4039,10.963,11.0822,11.2753,0,healthy,0.0,50.0,10.8143,0
SN_003491,LOT_010,12.484,13.1164,13.5041,13.2908,0,healthy,0.0,50.0,10.8143,0
SN_003492,LOT_010,10.3457,10.6132,10.8888,11.0298,0,healthy,0.0,50.0,10.8143,0
SN_003493,LOT_010,10.1416,10.845,11.1161,11.5536,0,healthy,0.0,50.0,10.8143,0
SN_003494,LOT_010,11.9414,12.8755,13.1842,13.0455,0,healthy,0.0,50.0,10.8143,0
SN_003495,LOT_010,12.367,12.9669,13.2034,13.3489,0,healthy,0.0,50.0,10.8143,0
SN_003496,LOT_010,10.7983,11.8982,12.3498,12.554,0,healthy,0.0,50.0,10.8143,0
SN_003497,LOT_010,10.0741,11.1876,11.44,11.471,0,healthy,0.0,50.0,10.8143,0
SN_003498,LOT_010,11.848,12.4192,12.7127,13.0002,0,healthy,0.0,50.0,10.8143,0
SN_003499,LOT_010,9.0869,9.7892,9.9886,10.0566,0,healthy,0.0,50.0,10.8143,0
SN_003500,LOT_010,9.7035,10.7831,11.405,11.5689,0,healthy,0.0,50.0,10.8143,0
SN_003501,LOT_010,10.5324,10.9813,10.8685,11.104,0,healthy,0.0,50.0,10.8143,0
SN_003502,LOT_010,10.4645,11.4652,11.9774,12.0682,0,healthy,0.0,50.0,10.8143,0
SN_003503,LOT_010,10.5256,11.5013,11.7408,11.7691,0,healthy,0.0,50.0,10.8143,0
SN_003504,LOT_010,10.8605,11.1881,11.3707,11.3519,0,healthy,0.0,50.0,10.8143,0
SN_003505,LOT_010,9.0623,9.9172,10.392,10.7276,0,healthy,0.0,50.0,10.8143,0
SN_003506,LOT_010,11.1803,12.2275,12.355,12.5028,0,healthy,0.0,50.0,10.8143,0
SN_003507,LOT_010,9.2166,9.5538,9.6804,9.6442,0,healthy,0.0,50.0,10.8143,0
SN_003508,LOT_010,10.763,11.3284,11.5507,11.5412,0,healthy,0.0,50.0,10.8143,0
SN_003509,LOT_010,10.5811,11.0557,11.33,11.4761,0,healthy,0.0,50.0,10.8143,0
SN_003510,LOT_010,9.7274,10.5359,10.9319,11.0434,0,healthy,0.0,50.0,10.8143,0
SN_003511,LOT_010,12.3082,12.7426,12.8691,13.1109,0,healthy,0.0,50.0,10.8143,0
SN_003512,LOT_010,11.4222,12.8726,13.0745,13.376,0,healthy,0.0,50.0,10.8143,0
SN_003513,LOT_010,11.8163,12.387,12.4497,12.3276,0,healthy,0.0,50.0,10.8143,0
SN_003514,LOT_010,10.8947,11.365,11.4737,11.6279,0,healthy,0.0,50.0,10.8143,0
SN_003515,LOT_010,9.9841,10.6981,11.1674,11.095,0,healthy,0.0,50.0,10.8143,0
SN_003516,LOT_010,10.5194,11.5051,11.9391,12.1677,0,healthy,0.0,50.0,10.8143,0
SN_003517,LOT_010,7.3823,8.243,8.5823,8.8335,0,healthy,0.0,50.0,10.8143,0
SN_003518,LOT_010,9.2757,10.1584,10.3108,10.4559,0,healthy,0.0,50.0,10.8143,0
SN_003519,LOT_010,10.8039,11.3984,11.4447,11.8241,0,healthy,0.0,50.0,10.8143,0
SN_003520,LOT_010,9.6738,10.9686,11.1818,11.5611,0,healthy,0.0,50.0,10.8143,0
SN_003521,LOT_010,14.7253,16.8807,17.4021,17.608,0,healthy,0.0,50.0,10.8143,0
SN_003522,LOT_010,12.9966,14.0218,14.1812,14.4649,0,healthy,0.0,50.0,10.8143,0
SN_003523,LOT_010,9.064,9.5397,9.6361,9.7675,0,healthy,0.0,50.0,10.8143,0
SN_003524,LOT_010,13.33,14.308,14.7536,14.9187,0,healthy,0.0,50.0,10.8143,0
SN_003525,LOT_010,10.9914,11.3668,11.5797,11.5533,0,healthy,0.0,50.0,10.8143,0
SN_003526,LOT_010,10.3425,11.5616,12.1381,12.1283,0,healthy,0.0,50.0,10.8143,0
SN_003527,LOT_010,11.526,12.136,12.3089,12.4616,0,healthy,0.0,50.0,10.8143,0
SN_003528,LOT_010,11.8415,12.636,12.7103,12.7176,0,healthy,0.0,50.0,10.8143,0
SN_003529,LOT_010,10.1952,10.6925,10.7415,11.0173,0,healthy,0.0,50.0,10.8143,0
SN_003530,LOT_010,14.1357,15.7384,16.0669,16.3285,0,healthy,0.0,50.0,10.8143,0
SN_003531,LOT_010,10.7395,11.0187,11.4478,11.3919,0,healthy,0.0,50.0,10.8143,0
SN_003532,LOT_010,9.72,10.3212,10.8856,10.9595,0,healthy,0.0,50.0,10.8143,0
SN_003533,LOT_010,9.3911,10.0931,10.3453,10.486,0,healthy,0.0,50.0,10.8143,0
SN_003534,LOT_010,9.9462,10.4568,10.6616,10.7642,0,healthy,0.0,50.0,10.8143,0
SN_003535,LOT_010,10.7006,11.9266,12.2724,12.5471,0,healthy,0.0,50.0,10.8143,0
SN_003536,LOT_010,11.234,11.9514,12.2184,12.3267,0,healthy,0.0,50.0,10.8143,0
SN_003537,LOT_010,7.9074,8.2225,8.3628,8.4433,0,healthy,0.0,50.0,10.8143,0
SN_003538,LOT_010,12.1208,13.0028,13.1122,13.2282,0,healthy,0.0,50.0,10.8143,0
SN_003539,LOT_010,11.9747,12.4518,12.526,12.8168,0,healthy,0.0,50.0,10.8143,0
SN_003540,LOT_010,8.8032,9.3767,9.6301,9.8783,0,healthy,0.0,50.0,10.8143,0
SN_003541,LOT_010,10.975,11.6896,11.691,11.6559,0,healthy,0.0,50.0,10.8143,0
SN_003542,LOT_010,10.3508,11.3647,11.7678,12.0405,0,healthy,0.0,50.0,10.8143,0
SN_003543,LOT_010,9.8984,11.0012,11.3788,11.4413,0,healthy,0.0,50.0,10.8143,0
SN_003544,LOT_010,11.9877,13.5082,13.888,14.0762,0,healthy,0.0,50.0,10.8143,0
SN_003545,LOT_010,11.5195,12.0675,12.5155,12.5076,0,healthy,0.0,50.0,10.8143,0
SN_003546,LOT_010,9.3894,10.5922,10.7663,11.0711,0,healthy,0.0,50.0,10.8143,0
SN_003547,LOT_010,12.1686,12.4856,12.8194,12.8136,0,healthy,0.0,50.0,10.8143,0
SN_003548,LOT_010,10.5676,11.5992,12.09,12.4163,0,healthy,0.0,50.0,10.8143,0
SN_003549,LOT_010,10.5388,10.9522,11.0776,11.2115,0,healthy,0.0,50.0,10.8143,0
SN_003550,LOT_010,10.9801,12.2389,12.4736,12.6384,0,healthy,0.0,50.0,10.8143,0
SN_003551,LOT_010,11.0007,12.4813,13.0493,13.0567,0,healthy,0.0,50.0,10.8143,0
SN_003552,LOT_010,9.4692,9.9818,10.319,10.3463,0,healthy,0.0,50.0,10.8143,0
SN_003553,LOT_011,8.0097,8.6346,8.6948,8.8213,0,healthy,0.0,50.0,7.6196,0
SN_003554,LOT_011,7.5802,8.1374,8.3229,8.3537,0,healthy,0.0,50.0,7.6196,0
SN_003555,LOT_011,7.573,7.8931,8.2287,8.3297,0,healthy,0.0,50.0,7.6196,0
SN_003556,LOT_011,6.5893,6.9691,7.003,7.1,0,healthy,0.0,50.0,7.6196,0
SN_003557,LOT_011,7.8369,8.1604,8.4276,8.5178,0,healthy,0.0,50.0,7.6196,0
SN_003558,LOT_011,7.0089,7.3846,7.5957,7.6837,0,healthy,0.0,50.0,7.6196,0
SN_003559,LOT_011,6.4252,6.9713,7.2622,7.373,0,healthy,0.0,50.0,7.6196,0
SN_003560,LOT_011,6.9952,7.6603,7.9769,8.2095,0,healthy,0.0,50.0,7.6196,0
SN_003561,LOT_011,7.2247,7.5613,7.5631,7.754,0,healthy,0.0,50.0,7.6196,0
SN_003562,LOT_011,7.6491,8.0126,8.0181,8.1889,0,healthy,0.0,50.0,7.6196,0
SN_003563,LOT_011,6.4653,6.6584,6.8679,6.8107,0,healthy,0.0,50.0,7.6196,0
SN_003564,LOT_011,8.0506,8.7233,9.0577,9.2509,0,healthy,0.0,50.0,7.6196,0
SN_003565,LOT_011,8.0947,9.0738,9.3535,9.5946,0,healthy,0.0,50.0,7.6196,0
SN_003566,LOT_011,8.5203,9.3824,9.6258,9.7558,0,healthy,0.0,50.0,7.6196,0
SN_003567,LOT_011,7.9594,8.6865,8.9551,9.0908,0,healthy,0.0,50.0,7.6196,0
SN_003568,LOT_011,8.4771,8.7771,9.0284,8.9406,0,healthy,0.0,50.0,7.6196,0
SN_003569,LOT_011,6.6862,7.2931,7.5373,7.7619,0,healthy,0.0,50.0,7.6196,0
SN_003570,LOT_011,8.2544,8.597,8.8272,8.9897,0,healthy,0.0,50.0,7.6196,0
SN_003571,LOT_011,7.8684,8.9715,9.2953,9.3526,0,healthy,0.0,50.0,7.6196,0
SN_003572,LOT_011,8.5029,9.1119,9.2165,9.4624,0,healthy,0.0,50.0,7.6196,0
SN_003573,LOT_011,8.2653,9.382,9.6159,9.766,0,healthy,0.0,50.0,7.6196,0
SN_003574,LOT_011,7.5452,8.4886,8.679,8.9118,0,healthy,0.0,50.0,7.6196,0
SN_003575,LOT_011,7.4363,8.1813,8.5172,8.7958,0,healthy,0.0,50.0,7.6196,0
SN_003576,LOT_011,8.9265,10.2365,10.3351,10.5124,0,healthy,0.0,50.0,7.6196,0
SN_003577,LOT_011,7.3838,7.768,7.7751,7.9042,0,healthy,0.0,50.0,7.6196,0
SN_003578,LOT_011,8.0717,9.1122,9.5053,9.559,0,healthy,0.0,50.0,7.6196,0
SN_003579,LOT_011,8.2535,9.4114,9.6681,9.8755,0,healthy,0.0,50.0,7.6196,0
SN_003580,LOT_011,7.5599,8.5851,8.8143,9.045,0,healthy,0.0,50.0,7.6196,0
SN_003581,LOT_011,8.3419,8.8097,8.9403,9.087,0,healthy,0.0,50.0,7.6196,0
SN_003582,LOT_011,7.5079,7.9465,8.1229,8.3239,0,healthy,0.0,50.0,7.6196,0
SN_003583,LOT_011,6.8817,7.6748,7.768,7.9622,0,healthy,0.0,50.0,7.6196,0
SN_003584,LOT_011,7.7059,8.265,8.3907,8.498,0,healthy,0.0,50.0,7.6196,0
SN_003585,LOT_011,7.2618,7.992,8.4686,8.6249,0,healthy,0.0,50.0,7.6196,0
SN_003586,LOT_011,9.3815,10.6755,11.002,11.3167,0,healthy,0.0,50.0,7.6196,0
SN_003587,LOT_011,8.4196,9.1299,9.1884,9.2826,0,healthy,0.0,50.0,7.6196,0
SN_003588,LOT_011,7.3664,7.9544,8.2293,8.4949,0,healthy,0.0,50.0,7.6196,0
SN_003589,LOT_011,6.5433,7.1293,7.4287,7.5865,0,healthy,0.0,50.0,7.6196,0
SN_003590,LOT_011,8.1981,8.4112,8.5787,8.7931,0,healthy,0.0,50.0,7.6196,0
SN_003591,LOT_011,7.7438,8.6143,8.7429,8.7695,0,healthy,0.0,50.0,7.6196,0
SN_003592,LOT_011,8.1651,9.1676,9.4791,9.6296,0,healthy,0.0,50.0,7.6196,0
SN_003593,LOT_011,7.6834,8.7334,8.8945,9.1269,0,healthy,0.0,50.0,7.6196,0
SN_003594,LOT_011,6.9815,7.5159,7.6414,7.8078,0,healthy,0.0,50.0,7.6196,0
SN_003595,LOT_011,7.06,7.4687,7.7007,7.6862,0,healthy,0.0,50.0,7.6196,0
SN_003596,LOT_011,6.4885,6.9978,7.2635,7.2184,0,healthy,0.0,50.0,7.6196,0
SN_003597,LOT_011,7.976,9.0878,9.2788,9.4665,0,healthy,0.0,50.0,7.6196,0
SN_003598,LOT_011,9.4789,10.1815,10.4137,10.8385,0,healthy,0.0,50.0,7.6196,0
SN_003599,LOT_011,6.6584,6.9827,7.1011,7.1238,0,healthy,0.0,50.0,7.6196,0
SN_003600,LOT_011,6.5887,7.0305,7.2909,7.3359,0,healthy,0.0,50.0,7.6196,0
SN_003601,LOT_011,7.91,8.3895,8.6686,8.8976,0,healthy,0.0,50.0,7.6196,0
SN_003602,LOT_011,8.7768,9.0679,9.1852,9.2494,0,healthy,0.0,50.0,7.6196,0
SN_003603,LOT_011,7.9204,8.6881,9.3303,9.4958,0,healthy,0.0,50.0,7.6196,0
SN_003604,LOT_011,8.1813,8.5211,8.7129,8.8528,0,healthy,0.0,50.0,7.6196,0
SN_003605,LOT_011,8.0222,8.6491,8.7269,8.6579,0,healthy,0.0,50.0,7.6196,0
SN_003606,LOT_011,7.7117,8.126,8.5046,8.5908,0,healthy,0.0,50.0,7.6196,0
SN_003607,LOT_011,8.3378,8.8484,8.7819,9.1165,0,healthy,0.0,50.0,7.6196,0
SN_003608,LOT_011,7.3295,7.8833,8.268,8.2618,0,healthy,0.0,50.0,7.6196,0
SN_003609,LOT_011,7.3394,7.6922,7.8626,7.8231,0,healthy,0.0,50.0,7.6196,0
SN_003610,LOT_011,7.196,7.7285,7.9452,8.0112,0,healthy,0.0,50.0,7.6196,0
SN_003611,LOT_011,6.6601,7.2559,7.4715,7.541,0,healthy,0.0,50.0,7.6196,0
SN_003612,LOT_011,7.3162,7.6594,7.7179,7.7612,0,healthy,0.0,50.0,7.6196,0
SN_003613,LOT_011,8.8806,9.2762,9.5695,9.5398,0,healthy,0.0,50.0,7.6196,0
SN_003614,LOT_011,6.9046,7.4539,7.8641,8.1447,0,healthy,0.0,50.0,7.6196,0
SN_003615,LOT_011,9.1102,9.7911,10.1105,10.0805,0,healthy,0.0,50.0,7.6196,0
SN_003616,LOT_011,7.0398,7.9033,8.0357,8.0856,0,healthy,0.0,50.0,7.6196,0
SN_003617,LOT_011,8.3352,8.564,8.6972,8.7722,0,healthy,0.0,50.0,7.6196,0
SN_003618,LOT_011,6.6279,7.0896,7.2219,7.2996,0,healthy,0.0,50.0,7.6196,0
SN_003619,LOT_011,7.2139,7.9549,8.3513,8.4933,0,healthy,0.0,50.0,7.6196,0
SN_003620,LOT_011,8.3547,9.1052,9.3454,9.2789,0,healthy,0.0,50.0,7.6196,0
SN_003621,LOT_011,7.6565,8.3459,8.6198,8.8308,0,healthy,0.0,50.0,7.6196,0
SN_003622,LOT_011,7.5043,8.4196,8.5611,8.6802,0,healthy,0.0,50.0,7.6196,0
SN_003623,LOT_011,8.3905,9.1731,9.5433,9.6663,0,healthy,0.0,50.0,7.6196,0
SN_003624,LOT_011,8.9544,9.7092,9.9909,9.946,0,healthy,0.0,50.0,7.6196,0
SN_003625,LOT_011,6.2652,6.6968,6.9955,7.062,0,healthy,0.0,50.0,7.6196,0
SN_003626,LOT_011,7.0882,7.487,7.6065,7.6382,0,healthy,0.0,50.0,7.6196,0
SN_003627,LOT_011,8.0637,8.8243,8.9455,9.1742,0,healthy,0.0,50.0,7.6196,0
SN_003628,LOT_011,7.7104,8.0544,8.2343,8.2296,0,healthy,0.0,50.0,7.6196,0
SN_003629,LOT_011,7.6751,8.4034,8.7678,8.947,0,healthy,0.0,50.0,7.6196,0
SN_003630,LOT_011,8.4239,9.2088,9.7425,9.9651,0,healthy,0.0,50.0,7.6196,0
SN_003631,LOT_011,7.7162,8.6189,8.9551,9.0932,0,healthy,0.0,50.0,7.6196,0
SN_003632,LOT_011,8.0843,8.7893,9.0326,9.1795,0,healthy,0.0,50.0,7.6196,0
SN_003633,LOT_011,8.1673,9.3691,9.6212,9.7349,0,healthy,0.0,50.0,7.6196,0
SN_003634,LOT_011,7.1358,7.5577,7.7439,7.7514,0,healthy,0.0,50.0,7.6196,0
SN_003635,LOT_011,6.5636,7.2139,7.2089,7.3522,0,healthy,0.0,50.0,7.6196,0
SN_003636,LOT_011,7.4845,7.8003,7.7858,7.8674,0,healthy,0.0,50.0,7.6196,0
SN_003637,LOT_011,9.6317,10.4258,10.7094,11.08,0,healthy,0.0,50.0,7.6196,0
SN_003638,LOT_011,8.7839,9.5226,9.638,9.8723,0,healthy,0.0,50.0,7.6196,0
SN_003639,LOT_011,7.305,7.8527,8.0121,8.0797,0,healthy,0.0,50.0,7.6196,0
SN_003640,LOT_011,7.3009,8.0122,8.2299,8.4616,0,healthy,0.0,50.0,7.6196,0
SN_003641,LOT_011,7.1058,7.983,8.3426,8.459,0,healthy,0.0,50.0,7.6196,0
SN_003642,LOT_011,8.2872,8.9987,9.1856,9.2448,0,healthy,0.0,50.0,7.6196,0
SN_003643,LOT_011,7.756,8.2155,8.3021,8.3956,0,healthy,0.0,50.0,7.6196,0
SN_003644,LOT_011,8.8667,9.4089,9.8033,9.9586,0,healthy,0.0,50.0,7.6196,0
SN_003645,LOT_011,7.6589,8.2703,8.2712,8.5343,0,healthy,0.0,50.0,7.6196,0
SN_003646,LOT_011,6.7454,7.4556,7.661,7.878,0,healthy,0.0,50.0,7.6196,0
SN_003647,LOT_011,7.9163,8.7592,9.1258,9.1945,0,healthy,0.0,50.0,7.6196,0
SN_003648,LOT_011,6.897,7.7197,8.0632,8.2537,0,healthy,0.0,50.0,7.6196,0
SN_003649,LOT_011,7.8027,8.6452,8.9802,9.0636,0,healthy,0.0,50.0,7.6196,0
SN_003650,LOT_011,8.2907,9.2172,9.4582,9.5326,0,healthy,0.0,50.0,7.6196,0
SN_003651,LOT_011,8.4797,9.7022,9.9958,10.099,0,healthy,0.0,50.0,7.6196,0
SN_003652,LOT_011,6.8872,7.5712,7.8151,7.996,0,healthy,0.0,50.0,7.6196,0
SN_003653,LOT_011,9.1903,10.0023,10.3903,10.5448,0,healthy,0.0,50.0,7.6196,0
SN_003654,LOT_011,7.645,8.0344,8.3627,8.566,0,healthy,0.0,50.0,7.6196,0
SN_003655,LOT_011,7.3861,8.2666,8.4363,8.5197,0,healthy,0.0,50.0,7.6196,0
SN_003656,LOT_011,7.8804,8.5931,8.9588,9.1291,0,healthy,0.0,50.0,7.6196,0
SN_003657,LOT_011,7.717,8.4733,8.7174,8.8796,0,healthy,0.0,50.0,7.6196,0
SN_003658,LOT_011,7.3827,7.9594,8.3785,8.6765,0,healthy,0.0,50.0,7.6196,0
SN_003659,LOT_011,7.6353,8.434,8.5893,8.6652,0,healthy,0.0,50.0,7.6196,0
SN_003660,LOT_011,7.8682,8.1634,8.5452,8.555,0,healthy,0.0,50.0,7.6196,0
SN_003661,LOT_011,6.6822,7.5782,7.7829,8.0032,0,healthy,0.0,50.0,7.6196,0
SN_003662,LOT_011,7.537,7.8473,8.0702,8.1569,0,healthy,0.0,50.0,7.6196,0
SN_003663,LOT_011,8.5153,9.2752,9.514,9.7523,0,healthy,0.0,50.0,7.6196,0
SN_003664,LOT_011,8.2748,9.0069,9.1978,9.1096,0,healthy,0.0,50.0,7.6196,0
SN_003665,LOT_011,7.532,8.4449,8.6572,8.6652,0,healthy,0.0,50.0,7.6196,0
SN_003666,LOT_011,7.731,8.5806,8.8957,9.2518,0,healthy,0.0,50.0,7.6196,0
SN_003667,LOT_011,6.7195,7.5266,7.6928,7.7085,0,healthy,0.0,50.0,7.6196,0
SN_003668,LOT_011,8.3241,8.8038,9.0173,9.0859,0,healthy,0.0,50.0,7.6196,0
SN_003669,LOT_011,7.584,8.6521,8.8992,9.0114,0,healthy,0.0,50.0,7.6196,0
SN_003670,LOT_011,6.7391,7.1424,7.156,7.1537,0,healthy,0.0,50.0,7.6196,0
SN_003671,LOT_011,7.6698,8.5342,8.6951,8.7109,0,healthy,0.0,50.0,7.6196,0
SN_003672,LOT_011,7.4764,7.8628,8.0219,8.0875,0,healthy,0.0,50.0,7.6196,0
SN_003673,LOT_011,8.5033,8.793,8.966,8.8651,0,healthy,0.0,50.0,7.6196,0
SN_003674,LOT_011,8.1875,8.7814,9.1806,9.2489,0,healthy,0.0,50.0,7.6196,0
SN_003675,LOT_011,7.8966,8.5037,8.7291,8.7946,0,healthy,0.0,50.0,7.6196,0
SN_003676,LOT_011,8.0094,8.6567,8.8993,9.0081,0,healthy,0.0,50.0,7.6196,0
SN_003677,LOT_011,7.8576,8.5688,8.9652,8.9788,0,healthy,0.0,50.0,7.6196,0
SN_003678,LOT_011,7.4696,7.8151,7.8178,7.9306,0,healthy,0.0,50.0,7.6196,0
SN_003679,LOT_011,7.9539,8.2959,8.2786,8.2791,0,healthy,0.0,50.0,7.6196,0
SN_003680,LOT_011,8.4933,9.3611,9.6092,9.8565,0,healthy,0.0,50.0,7.6196,0
SN_003681,LOT_011,7.8186,8.4189,8.8413,9.0638,0,healthy,0.0,50.0,7.6196,0
SN_003682,LOT_011,7.4596,7.7205,7.9569,8.2019,0,healthy,0.0,50.0,7.6196,0
SN_003683,LOT_011,7.9486,8.7627,8.7984,8.8851,0,healthy,0.0,50.0,7.6196,0
SN_003684,LOT_011,7.1641,7.4654,7.6092,7.6819,0,healthy,0.0,50.0,7.6196,0
SN_003685,LOT_011,8.1702,8.4735,8.671,8.7378,0,healthy,0.0,50.0,7.6196,0
SN_003686,LOT_011,7.5289,8.332,8.6806,8.8573,0,healthy,0.0,50.0,7.6196,0
SN_003687,LOT_011,7.8576,8.3295,8.7303,8.7644,0,healthy,0.0,50.0,7.6196,0
SN_003688,LOT_011,8.0527,8.6571,8.7857,8.9209,0,healthy,0.0,50.0,7.6196,0
SN_003689,LOT_011,6.5646,7.2209,7.4317,7.5269,0,healthy,0.0,50.0,7.6196,0
SN_003690,LOT_011,7.2698,7.9252,8.0249,8.1306,0,healthy,0.0,50.0,7.6196,0
SN_003691,LOT_011,7.5042,8.1622,8.5952,8.7754,0,healthy,0.0,50.0,7.6196,0
SN_003692,LOT_011,7.5043,8.0808,8.4074,8.4828,0,healthy,0.0,50.0,7.6196,0
SN_003693,LOT_011,7.575,7.8607,7.9781,7.9237,0,healthy,0.0,50.0,7.6196,0
SN_003694,LOT_011,7.3053,8.0624,8.3805,8.5565,0,healthy,0.0,50.0,7.6196,0
SN_003695,LOT_011,6.8656,7.2706,7.3667,7.4218,0,healthy,0.0,50.0,7.6196,0
SN_003696,LOT_011,6.7862,7.4161,7.6702,7.7812,0,healthy,0.0,50.0,7.6196,0
SN_003697,LOT_011,7.4456,7.6778,7.8161,7.9617,0,healthy,0.0,50.0,7.6196,0
SN_003698,LOT_011,6.6671,7.2379,7.5666,7.6572,0,healthy,0.0,50.0,7.6196,0
SN_003699,LOT_011,8.5072,9.2332,9.4706,9.6207,0,healthy,0.0,50.0,7.6196,0
SN_003700,LOT_011,7.5844,8.4154,8.7307,9.0467,0,healthy,0.0,50.0,7.6196,0
SN_003701,LOT_011,8.908,9.5439,9.7342,9.9154,0,healthy,0.0,50.0,7.6196,0
SN_003702,LOT_011,7.8654,8.7619,9.2073,9.3384,0,healthy,0.0,50.0,7.6196,0
SN_003703,LOT_011,7.4165,8.2091,8.582,8.7235,0,healthy,0.0,50.0,7.6196,0
SN_003704,LOT_011,7.7793,8.4334,8.6306,8.8045,0,healthy,0.0,50.0,7.6196,0
SN_003705,LOT_011,7.6644,8.4718,8.6123,8.7663,0,healthy,0.0,50.0,7.6196,0
SN_003706,LOT_011,8.8457,9.3024,9.527,9.5489,0,healthy,0.0,50.0,7.6196,0
SN_003707,LOT_011,7.1048,7.8681,7.9429,8.0544,0,healthy,0.0,50.0,7.6196,0
SN_003708,LOT_011,7.9249,8.2816,8.3675,8.4309,0,healthy,0.0,50.0,7.6196,0
SN_003709,LOT_011,7.931,8.1642,8.4675,8.4837,0,healthy,0.0,50.0,7.6196,0
SN_003710,LOT_011,7.3881,8.3567,8.6165,8.6987,0,healthy,0.0,50.0,7.6196,0
SN_003711,LOT_011,7.6619,8.1897,8.2992,8.501,0,healthy,0.0,50.0,7.6196,0
SN_003712,LOT_011,7.2169,7.5283,7.7623,7.8141,0,healthy,0.0,50.0,7.6196,0
SN_003713,LOT_011,8.0824,9.0778,9.3062,9.5768,0,healthy,0.0,50.0,7.6196,0
SN_003714,LOT_011,6.1727,6.5824,6.7163,6.7502,0,healthy,0.0,50.0,7.6196,0
SN_003715,LOT_011,7.2164,7.5856,7.6836,7.7396,0,healthy,0.0,50.0,7.6196,0
SN_003716,LOT_011,6.9169,7.6567,7.8174,8.0202,0,healthy,0.0,50.0,7.6196,0
SN_003717,LOT_011,7.2157,7.5708,7.4471,7.6933,0,healthy,0.0,50.0,7.6196,0
SN_003718,LOT_011,6.9804,7.9227,8.1694,8.4098,0,healthy,0.0,50.0,7.6196,0
SN_003719,LOT_011,6.713,7.4976,7.5913,7.7967,0,healthy,0.0,50.0,7.6196,0
SN_003720,LOT_011,8.171,8.741,8.9528,8.8419,0,healthy,0.0,50.0,7.6196,0
SN_003721,LOT_011,7.6603,8.3887,8.8155,8.9286,0,healthy,0.0,50.0,7.6196,0
SN_003722,LOT_011,7.6409,8.0349,8.4596,8.5192,0,healthy,0.0,50.0,7.6196,0
SN_003723,LOT_011,8.4113,9.0391,9.2303,9.2311,0,healthy,0.0,50.0,7.6196,0
SN_003724,LOT_011,7.8061,8.2199,8.4897,8.513,0,healthy,0.0,50.0,7.6196,0
SN_003725,LOT_011,6.9732,7.398,7.593,7.7158,0,healthy,0.0,50.0,7.6196,0
SN_003726,LOT_011,9.2923,9.6964,9.8804,10.1243,0,healthy,0.0,50.0,7.6196,0
SN_003727,LOT_011,8.5141,8.8424,8.9316,8.8951,0,healthy,0.0,50.0,7.6196,0
SN_003728,LOT_011,6.9943,7.2886,7.3718,7.545,0,healthy,0.0,50.0,7.6196,0
SN_003729,LOT_011,7.9386,8.7695,8.9825,9.1431,0,healthy,0.0,50.0,7.6196,0
SN_003730,LOT_011,7.534,7.9116,7.9929,8.1924,0,healthy,0.0,50.0,7.6196,0
SN_003731,LOT_011,7.1261,7.8144,8.0467,8.1535,0,healthy,0.0,50.0,7.6196,0
SN_003732,LOT_011,7.5836,10.5975,12.7448,13.8177,1,nbti_ageing,0.4154,50.0,7.6196,0
SN_003733,LOT_011,6.5574,7.1812,7.6042,7.7058,0,healthy,0.0,50.0,7.6196,0
SN_003734,LOT_011,7.5193,8.1098,8.2087,8.3237,0,healthy,0.0,50.0,7.6196,0
SN_003735,LOT_011,7.3193,7.8896,7.969,8.0455,0,healthy,0.0,50.0,7.6196,0
SN_003736,LOT_011,6.7697,7.4494,7.7045,7.7965,0,healthy,0.0,50.0,7.6196,0
SN_003737,LOT_011,8.3901,9.0979,9.1379,9.4347,0,healthy,0.0,50.0,7.6196,0
SN_003738,LOT_011,8.7127,8.991,9.1031,9.2355,0,healthy,0.0,50.0,7.6196,0
SN_003739,LOT_011,7.8608,8.4385,8.6428,8.7022,0,healthy,0.0,50.0,7.6196,0
SN_003740,LOT_011,7.3144,8.3753,8.5283,8.6808,0,healthy,0.0,50.0,7.6196,0
SN_003741,LOT_011,6.5128,7.0104,7.1302,7.3463,0,healthy,0.0,50.0,7.6196,0
SN_003742,LOT_011,6.1455,6.6501,6.7226,6.8161,0,healthy,0.0,50.0,7.6196,0
SN_003743,LOT_011,7.3546,7.5737,7.7627,7.7634,0,healthy,0.0,50.0,7.6196,0
SN_003744,LOT_011,7.8938,8.1853,8.4103,8.3434,0,healthy,0.0,50.0,7.6196,0
SN_003745,LOT_011,8.4451,9.4849,9.7862,9.9492,0,healthy,0.0,50.0,7.6196,0
SN_003746,LOT_011,6.2508,6.9208,7.0061,7.0768,0,healthy,0.0,50.0,7.6196,0
SN_003747,LOT_011,8.1119,8.6596,8.7864,8.6808,0,healthy,0.0,50.0,7.6196,0
SN_003748,LOT_011,8.2029,8.9086,9.1724,9.3426,0,healthy,0.0,50.0,7.6196,0
SN_003749,LOT_011,8.3859,9.2681,9.5471,9.5653,0,healthy,0.0,50.0,7.6196,0
SN_003750,LOT_011,8.2615,8.652,8.776,8.8644,0,healthy,0.0,50.0,7.6196,0
SN_003751,LOT_011,7.9183,8.4493,8.5576,8.6083,0,healthy,0.0,50.0,7.6196,0
SN_003752,LOT_011,7.4393,7.94,8.0596,8.2292,0,healthy,0.0,50.0,7.6196,0
SN_003753,LOT_011,7.3002,7.6937,7.9429,8.0803,0,healthy,0.0,50.0,7.6196,0
SN_003754,LOT_011,7.0972,7.9365,8.1492,8.4681,0,healthy,0.0,50.0,7.6196,0
SN_003755,LOT_011,7.6497,8.3379,8.7909,8.8324,0,healthy,0.0,50.0,7.6196,0
SN_003756,LOT_011,7.7804,8.6821,8.9966,8.954,0,healthy,0.0,50.0,7.6196,0
SN_003757,LOT_011,7.8671,8.4295,8.5516,8.5208,0,healthy,0.0,50.0,7.6196,0
SN_003758,LOT_011,6.5018,6.8485,6.9098,7.2065,0,healthy,0.0,50.0,7.6196,0
SN_003759,LOT_011,7.3159,7.7791,7.9328,7.979,0,healthy,0.0,50.0,7.6196,0
SN_003760,LOT_011,7.5027,8.0986,8.0949,8.012,0,healthy,0.0,50.0,7.6196,0
SN_003761,LOT_011,6.7832,7.017,7.1595,7.1095,0,healthy,0.0,50.0,7.6196,0
SN_003762,LOT_011,7.5355,8.1682,8.2882,8.4217,0,healthy,0.0,50.0,7.6196,0
SN_003763,LOT_011,7.7723,8.4965,8.9181,9.0961,0,healthy,0.0,50.0,7.6196,0
SN_003764,LOT_011,28.5046,29.9512,33.4265,36.6419,1,subtle_in_spec,0.4964,50.0,7.6196,0
SN_003765,LOT_011,7.8342,8.1288,8.2641,8.2518,0,healthy,0.0,50.0,7.6196,0
SN_003766,LOT_011,8.3284,8.9247,8.9345,9.137,0,healthy,0.0,50.0,7.6196,0
SN_003767,LOT_011,8.0089,8.8324,9.1312,9.1603,0,healthy,0.0,50.0,7.6196,0
SN_003768,LOT_011,8.5812,9.5596,9.8209,10.0149,0,healthy,0.0,50.0,7.6196,0
SN_003769,LOT_011,7.1239,7.6306,7.7845,7.8377,0,healthy,0.0,50.0,7.6196,0
SN_003770,LOT_011,7.2908,7.54,7.8229,7.8904,0,healthy,0.0,50.0,7.6196,0
SN_003771,LOT_011,8.0276,8.4646,8.6796,8.9764,0,healthy,0.0,50.0,7.6196,0
SN_003772,LOT_011,8.098,8.641,8.8545,9.022,0,healthy,0.0,50.0,7.6196,0
SN_003773,LOT_011,7.5007,8.2966,8.6533,8.6099,0,healthy,0.0,50.0,7.6196,0
SN_003774,LOT_011,7.3564,8.2566,8.4905,8.6095,0,healthy,0.0,50.0,7.6196,0
SN_003775,LOT_011,7.8407,8.7934,8.973,8.9268,0,healthy,0.0,50.0,7.6196,0
SN_003776,LOT_011,7.9475,8.9806,9.2261,9.3005,0,healthy,0.0,50.0,7.6196,0
SN_003777,LOT_011,6.8832,7.523,7.8926,8.0436,0,healthy,0.0,50.0,7.6196,0
SN_003778,LOT_011,6.9219,7.6585,7.7979,8.014,0,healthy,0.0,50.0,7.6196,0
SN_003779,LOT_011,7.4157,7.8481,7.8497,8.0544,0,healthy,0.0,50.0,7.6196,0
SN_003780,LOT_011,6.7856,7.2909,7.4413,7.5731,0,healthy,0.0,50.0,7.6196,0
SN_003781,LOT_011,7.0418,7.6157,7.7399,7.8337,0,healthy,0.0,50.0,7.6196,0
SN_003782,LOT_011,7.3648,7.484,7.6762,7.7726,0,healthy,0.0,50.0,7.6196,0
SN_003783,LOT_011,8.0028,8.4058,8.4482,8.4699,0,healthy,0.0,50.0,7.6196,0
SN_003784,LOT_011,7.2775,7.8749,8.0312,8.1737,0,healthy,0.0,50.0,7.6196,0
SN_003785,LOT_011,7.3962,7.6162,7.8263,7.9602,0,healthy,0.0,50.0,7.6196,0
SN_003786,LOT_011,6.5113,6.7767,6.7909,6.8545,0,healthy,0.0,50.0,7.6196,0
SN_003787,LOT_011,9.3689,10.2599,10.3064,10.7276,0,healthy,0.0,50.0,7.6196,0
SN_003788,LOT_011,6.4546,6.7727,6.7498,6.8939,0,healthy,0.0,50.0,7.6196,0
SN_003789,LOT_011,7.1447,7.9577,8.2232,8.2215,0,healthy,0.0,50.0,7.6196,0
SN_003790,LOT_011,8.2781,8.6421,8.8242,8.9181,0,healthy,0.0,50.0,7.6196,0
SN_003791,LOT_011,8.0485,8.6156,8.8913,9.0864,0,healthy,0.0,50.0,7.6196,0
SN_003792,LOT_011,7.8185,8.6434,8.622,8.9398,0,healthy,0.0,50.0,7.6196,0
SN_003793,LOT_011,7.2348,7.6043,7.6605,7.8981,0,healthy,0.0,50.0,7.6196,0
SN_003794,LOT_011,8.2498,8.905,9.2634,9.3238,0,healthy,0.0,50.0,7.6196,0
SN_003795,LOT_011,7.5366,8.3412,8.5924,8.8357,0,healthy,0.0,50.0,7.6196,0
SN_003796,LOT_011,7.9204,8.5901,8.8151,8.9949,0,healthy,0.0,50.0,7.6196,0
SN_003797,LOT_011,8.1704,8.5662,8.6989,8.8731,0,healthy,0.0,50.0,7.6196,0
SN_003798,LOT_011,8.0461,8.6738,8.7942,8.7655,0,healthy,0.0,50.0,7.6196,0
SN_003799,LOT_011,6.8528,7.7207,7.8884,8.0862,0,healthy,0.0,50.0,7.6196,0
SN_003800,LOT_011,8.7483,9.0552,9.1846,9.3462,0,healthy,0.0,50.0,7.6196,0
SN_003801,LOT_011,7.9586,8.8728,9.2479,9.2007,0,healthy,0.0,50.0,7.6196,0
SN_003802,LOT_011,8.2435,8.787,8.9113,9.2007,0,healthy,0.0,50.0,7.6196,0
SN_003803,LOT_011,7.4483,7.7149,7.9091,8.05,0,healthy,0.0,50.0,7.6196,0
SN_003804,LOT_012,22.5,23.3616,23.4185,23.9959,0,healthy,0.0,50.0,16.8974,1
SN_003805,LOT_012,20.7045,22.9728,23.4804,24.0918,0,healthy,0.0,50.0,16.8974,1
SN_003806,LOT_012,19.1039,21.0618,22.0792,22.4113,0,healthy,0.0,50.0,16.8974,1
SN_003807,LOT_012,15.3245,16.3741,16.7461,17.0185,0,healthy,0.0,50.0,16.8974,1
SN_003808,LOT_012,21.2493,22.6783,23.2328,23.3258,0,healthy,0.0,50.0,16.8974,1
SN_003809,LOT_012,13.0022,14.5683,14.994,15.2222,0,healthy,0.0,50.0,16.8974,1
SN_003810,LOT_012,13.7919,15.3074,16.102,16.4682,0,healthy,0.0,50.0,16.8974,1
SN_003811,LOT_012,17.4517,18.419,18.5468,18.9036,0,healthy,0.0,50.0,16.8974,1
SN_003812,LOT_012,15.5661,16.6923,17.0346,17.7025,0,healthy,0.0,50.0,16.8974,1
SN_003813,LOT_012,14.2912,15.3373,16.0338,16.2611,0,healthy,0.0,50.0,16.8974,1
SN_003814,LOT_012,17.5466,19.3556,20.0889,20.5023,0,healthy,0.0,50.0,16.8974,1
SN_003815,LOT_012,12.7212,13.7592,14.2844,14.4238,0,healthy,0.0,50.0,16.8974,1
SN_003816,LOT_012,16.0266,16.9613,17.2491,17.4121,0,healthy,0.0,50.0,16.8974,1
SN_003817,LOT_012,13.2504,14.6008,14.911,15.4597,0,healthy,0.0,50.0,16.8974,1
SN_003818,LOT_012,11.9294,13.6223,14.042,14.1146,0,healthy,0.0,50.0,16.8974,1
SN_003819,LOT_012,11.028,11.7429,12.1908,12.1986,0,healthy,0.0,50.0,16.8974,1
SN_003820,LOT_012,14.2288,15.5723,16.3317,16.487,0,healthy,0.0,50.0,16.8974,1
SN_003821,LOT_012,11.7441,12.2548,12.4521,12.643,0,healthy,0.0,50.0,16.8974,1
SN_003822,LOT_012,22.5,23.7767,24.6379,24.9491,0,healthy,0.0,50.0,16.8974,1
SN_003823,LOT_012,16.8124,18.1778,19.0043,19.2371,0,healthy,0.0,50.0,16.8974,1
SN_003824,LOT_012,15.1697,16.0061,16.4591,16.6018,0,healthy,0.0,50.0,16.8974,1
SN_003825,LOT_012,17.4252,19.1179,19.6318,19.8245,0,healthy,0.0,50.0,16.8974,1
SN_003826,LOT_012,11.4919,12.0625,12.3392,12.3783,0,healthy,0.0,50.0,16.8974,1
SN_003827,LOT_012,22.5,24.6158,25.4514,26.1593,0,healthy,0.0,50.0,16.8974,1
SN_003828,LOT_012,21.1312,22.5355,23.672,23.7238,0,healthy,0.0,50.0,16.8974,1
SN_003829,LOT_012,18.991,19.4716,19.9591,20.1141,0,healthy,0.0,50.0,16.8974,1
SN_003830,LOT_012,16.3771,18.0057,18.4579,18.9061,0,healthy,0.0,50.0,16.8974,1
SN_003831,LOT_012,15.4065,16.0131,15.9803,16.1158,0,healthy,0.0,50.0,16.8974,1
SN_003832,LOT_012,16.1353,17.9684,18.121,18.5727,0,healthy,0.0,50.0,16.8974,1
SN_003833,LOT_012,15.3369,16.0717,16.4075,16.4106,0,healthy,0.0,50.0,16.8974,1
SN_003834,LOT_012,11.9022,12.9538,13.536,13.6867,0,healthy,0.0,50.0,16.8974,1
SN_003835,LOT_012,11.0204,11.52,11.5606,11.6394,0,healthy,0.0,50.0,16.8974,1
SN_003836,LOT_012,10.7606,11.8557,12.4322,12.5062,0,healthy,0.0,50.0,16.8974,1
SN_003837,LOT_012,21.488,22.3717,22.9944,23.1577,0,healthy,0.0,50.0,16.8974,1
SN_003838,LOT_012,17.3568,18.2544,18.7183,19.2159,0,healthy,0.0,50.0,16.8974,1
SN_003839,LOT_012,14.1013,14.7057,14.7707,15.0322,0,healthy,0.0,50.0,16.8974,1
SN_003840,LOT_012,14.98,16.2128,16.7516,17.0526,0,healthy,0.0,50.0,16.8974,1
SN_003841,LOT_012,17.448,19.1468,19.8233,20.0668,0,healthy,0.0,50.0,16.8974,1
SN_003842,LOT_012,20.754,22.201,22.8473,22.7655,0,healthy,0.0,50.0,16.8974,1
SN_003843,LOT_012,17.9911,18.9289,19.0804,19.4983,0,healthy,0.0,50.0,16.8974,1
SN_003844,LOT_012,12.884,13.3274,13.659,13.7226,0,healthy,0.0,50.0,16.8974,1
SN_003845,LOT_012,11.8751,12.8431,13.554,13.8229,0,healthy,0.0,50.0,16.8974,1
SN_003846,LOT_012,15.6896,16.6582,16.6787,16.9339,0,healthy,0.0,50.0,16.8974,1
SN_003847,LOT_012,17.1171,18.1242,18.4603,18.6181,0,healthy,0.0,50.0,16.8974,1
SN_003848,LOT_012,14.6981,15.971,16.2148,16.371,0,healthy,0.0,50.0,16.8974,1
SN_003849,LOT_012,20.3759,21.3613,22.1202,22.0605,0,healthy,0.0,50.0,16.8974,1
SN_003850,LOT_012,17.1929,18.4249,18.9155,19.4349,0,healthy,0.0,50.0,16.8974,1
SN_003851,LOT_012,22.5,24.0923,25.437,25.8587,0,healthy,0.0,50.0,16.8974,1
SN_003852,LOT_012,14.3545,14.9701,15.224,15.3238,0,healthy,0.0,50.0,16.8974,1
SN_003853,LOT_012,15.9168,17.8087,18.7266,19.1649,0,healthy,0.0,50.0,16.8974,1
SN_003854,LOT_012,16.9544,17.6158,17.934,18.1635,0,healthy,0.0,50.0,16.8974,1
SN_003855,LOT_012,13.7582,14.7927,15.1471,15.082,0,healthy,0.0,50.0,16.8974,1
SN_003856,LOT_012,16.2846,17.209,17.9005,17.9049,0,healthy,0.0,50.0,16.8974,1
SN_003857,LOT_012,14.72,15.5001,15.8918,15.9232,0,healthy,0.0,50.0,16.8974,1
SN_003858,LOT_012,19.5294,21.3183,21.8282,22.3296,0,healthy,0.0,50.0,16.8974,1
SN_003859,LOT_012,22.5,25.1893,25.8371,26.2452,0,healthy,0.0,50.0,16.8974,1
SN_003860,LOT_012,13.9079,15.0448,15.5213,15.8307,0,healthy,0.0,50.0,16.8974,1
SN_003861,LOT_012,13.7162,14.6108,14.8632,15.3596,0,healthy,0.0,50.0,16.8974,1
SN_003862,LOT_012,18.602,19.7467,20.7417,21.0205,0,healthy,0.0,50.0,16.8974,1
SN_003863,LOT_012,13.1949,14.4311,14.903,15.0217,0,healthy,0.0,50.0,16.8974,1
SN_003864,LOT_012,16.0999,17.5979,18.7121,18.9858,0,healthy,0.0,50.0,16.8974,1
SN_003865,LOT_012,19.3199,20.4117,20.4502,20.7183,0,healthy,0.0,50.0,16.8974,1
SN_003866,LOT_012,16.4498,17.7735,18.5897,18.5461,0,healthy,0.0,50.0,16.8974,1
SN_003867,LOT_012,14.1599,16.2578,16.713,16.9635,0,healthy,0.0,50.0,16.8974,1
SN_003868,LOT_012,13.2309,14.3154,14.6949,14.4564,0,healthy,0.0,50.0,16.8974,1
SN_003869,LOT_012,22.5,23.6906,23.6515,24.0454,0,healthy,0.0,50.0,16.8974,1
SN_003870,LOT_012,20.0129,21.9562,23.2322,23.3285,0,healthy,0.0,50.0,16.8974,1
SN_003871,LOT_012,16.6935,18.2602,19.3277,19.5355,0,healthy,0.0,50.0,16.8974,1
SN_003872,LOT_012,10.2979,10.6858,10.8252,10.7875,0,healthy,0.0,50.0,16.8974,1
SN_003873,LOT_012,15.3082,15.6558,15.9405,16.1119,0,healthy,0.0,50.0,16.8974,1
SN_003874,LOT_012,13.0985,13.932,14.1975,14.2287,0,healthy,0.0,50.0,16.8974,1
SN_003875,LOT_012,14.1759,15.5746,16.1403,16.8195,0,healthy,0.0,50.0,16.8974,1
SN_003876,LOT_012,22.5,23.3897,23.6113,23.7959,0,healthy,0.0,50.0,16.8974,1
SN_003877,LOT_012,46.0,48.3562,51.4136,56.1601,1,esd_oxide,0.3823,50.0,16.8974,1
SN_003878,LOT_012,17.4036,18.2232,18.6164,19.0636,0,healthy,0.0,50.0,16.8974,1
SN_003879,LOT_012,10.834,11.6413,11.9863,12.184,0,healthy,0.0,50.0,16.8974,1
SN_003880,LOT_012,16.4514,18.4906,19.029,19.6872,0,healthy,0.0,50.0,16.8974,1
SN_003881,LOT_012,17.2496,19.185,19.894,20.4023,0,healthy,0.0,50.0,16.8974,1
SN_003882,LOT_012,19.5585,22.2404,22.9513,23.1392,0,healthy,0.0,50.0,16.8974,1
SN_003883,LOT_012,17.66,19.2316,19.9246,20.37,0,healthy,0.0,50.0,16.8974,1
SN_003884,LOT_012,15.2653,16.8632,16.9116,17.2192,0,healthy,0.0,50.0,16.8974,1
SN_003885,LOT_012,18.6453,19.2457,19.4899,19.6984,0,healthy,0.0,50.0,16.8974,1
SN_003886,LOT_012,14.8254,16.2544,16.3837,16.4402,0,healthy,0.0,50.0,16.8974,1
SN_003887,LOT_012,17.6114,19.1264,19.6195,19.8762,0,healthy,0.0,50.0,16.8974,1
SN_003888,LOT_012,22.5,24.6202,25.3479,25.9022,0,healthy,0.0,50.0,16.8974,1
SN_003889,LOT_012,17.8947,19.125,19.7123,19.8536,0,healthy,0.0,50.0,16.8974,1
SN_003890,LOT_012,22.5,23.4927,23.8938,23.8751,0,healthy,0.0,50.0,16.8974,1
SN_003891,LOT_012,20.8644,22.4671,23.3211,23.2453,0,healthy,0.0,50.0,16.8974,1
SN_003892,LOT_012,17.5922,18.6123,19.1089,19.3863,0,healthy,0.0,50.0,16.8974,1
SN_003893,LOT_012,16.0883,16.6512,16.9153,17.0398,0,healthy,0.0,50.0,16.8974,1
SN_003894,LOT_012,19.8574,21.29,22.0298,22.4763,0,healthy,0.0,50.0,16.8974,1
SN_003895,LOT_012,13.4481,14.7195,15.3005,15.5897,0,healthy,0.0,50.0,16.8974,1
SN_003896,LOT_012,9.9277,10.5838,10.7782,10.983,0,healthy,0.0,50.0,16.8974,1
SN_003897,LOT_012,12.3163,13.8146,14.4975,14.8133,0,healthy,0.0,50.0,16.8974,1
SN_003898,LOT_012,21.3903,22.3452,22.494,22.9252,0,healthy,0.0,50.0,16.8974,1
SN_003899,LOT_012,22.1471,24.1844,25.0459,25.3853,0,healthy,0.0,50.0,16.8974,1
SN_003900,LOT_012,22.4588,24.2739,25.1957,24.926,0,healthy,0.0,50.0,16.8974,1
SN_003901,LOT_012,21.5955,23.9235,24.4412,24.4445,0,healthy,0.0,50.0,16.8974,1
SN_003902,LOT_012,14.9573,16.4738,17.2616,17.5858,0,healthy,0.0,50.0,16.8974,1
SN_003903,LOT_012,14.3415,15.7561,16.3894,16.8602,0,healthy,0.0,50.0,16.8974,1
SN_003904,LOT_012,13.239,15.0051,15.2033,15.6213,0,healthy,0.0,50.0,16.8974,1
SN_003905,LOT_012,15.7154,16.8378,17.4853,17.6039,0,healthy,0.0,50.0,16.8974,1
SN_003906,LOT_012,22.4867,24.847,26.1372,26.9192,0,healthy,0.0,50.0,16.8974,1
SN_003907,LOT_012,17.558,20.1346,20.683,21.0783,0,healthy,0.0,50.0,16.8974,1
SN_003908,LOT_012,19.4653,21.0271,21.756,22.1035,0,healthy,0.0,50.0,16.8974,1
SN_003909,LOT_012,19.0839,21.3483,22.202,22.472,0,healthy,0.0,50.0,16.8974,1
SN_003910,LOT_012,7.5047,7.9334,7.8593,7.8753,0,healthy,0.0,50.0,16.8974,1
SN_003911,LOT_012,17.9259,20.1823,21.0032,21.1124,0,healthy,0.0,50.0,16.8974,1
SN_003912,LOT_012,12.5945,14.2453,14.9678,14.8149,0,healthy,0.0,50.0,16.8974,1
SN_003913,LOT_012,21.7844,24.0524,24.5075,24.8433,0,healthy,0.0,50.0,16.8974,1
SN_003914,LOT_012,20.2759,22.8931,23.7238,24.2375,0,healthy,0.0,50.0,16.8974,1
SN_003915,LOT_012,16.6191,18.2353,18.8793,18.9827,0,healthy,0.0,50.0,16.8974,1
SN_003916,LOT_012,22.5,23.2535,23.8416,23.5403,0,healthy,0.0,50.0,16.8974,1
SN_003917,LOT_012,15.0819,16.1445,16.4155,16.5724,0,healthy,0.0,50.0,16.8974,1
SN_003918,LOT_012,16.1261,18.2951,19.057,19.0681,0,healthy,0.0,50.0,16.8974,1
SN_003919,LOT_012,22.4141,24.8186,25.4482,26.0341,0,healthy,0.0,50.0,16.8974,1
SN_003920,LOT_012,14.7296,16.0514,16.6209,16.6923,0,healthy,0.0,50.0,16.8974,1
SN_003921,LOT_012,19.5107,21.0195,21.5103,21.85,0,healthy,0.0,50.0,16.8974,1
SN_003922,LOT_012,14.5222,15.3671,15.8868,15.8623,0,healthy,0.0,50.0,16.8974,1
SN_003923,LOT_012,12.64,13.5992,14.1127,14.0635,0,healthy,0.0,50.0,16.8974,1
SN_003924,LOT_012,13.3331,14.5716,15.3441,15.1848,0,healthy,0.0,50.0,16.8974,1
SN_003925,LOT_012,13.6283,14.5068,15.0356,15.1312,0,healthy,0.0,50.0,16.8974,1
SN_003926,LOT_012,19.1677,21.1751,21.8365,22.1339,0,healthy,0.0,50.0,16.8974,1
SN_003927,LOT_012,22.5,25.0982,26.0069,26.2979,0,healthy,0.0,50.0,16.8974,1
SN_003928,LOT_012,16.7925,17.9439,18.652,18.8249,0,healthy,0.0,50.0,16.8974,1
SN_003929,LOT_012,21.0745,23.3083,24.2288,24.8387,0,healthy,0.0,50.0,16.8974,1
SN_003930,LOT_012,17.5451,19.7476,20.0662,20.5274,0,healthy,0.0,50.0,16.8974,1
SN_003931,LOT_012,22.3248,23.2186,23.5582,23.6374,0,healthy,0.0,50.0,16.8974,1
SN_003932,LOT_012,15.4622,16.7908,17.4419,17.5495,0,healthy,0.0,50.0,16.8974,1
SN_003933,LOT_012,15.5052,17.3061,17.996,18.3738,0,healthy,0.0,50.0,16.8974,1
SN_003934,LOT_012,16.8735,19.0551,19.7774,19.91,0,healthy,0.0,50.0,16.8974,1
SN_003935,LOT_012,13.0266,13.7484,14.0035,14.0927,0,healthy,0.0,50.0,16.8974,1
SN_003936,LOT_012,22.5,25.2143,26.4078,26.9368,0,healthy,0.0,50.0,16.8974,1
SN_003937,LOT_012,21.6587,24.585,25.3224,25.7145,0,healthy,0.0,50.0,16.8974,1
SN_003938,LOT_012,19.7658,20.5829,21.0512,21.0982,0,healthy,0.0,50.0,16.8974,1
SN_003939,LOT_012,19.5954,20.8313,21.5882,22.069,0,healthy,0.0,50.0,16.8974,1
SN_003940,LOT_012,17.3625,19.4923,20.0606,20.6957,0,healthy,0.0,50.0,16.8974,1
SN_003941,LOT_012,22.5,24.7919,26.3428,26.3482,0,healthy,0.0,50.0,16.8974,1
SN_003942,LOT_012,22.5,23.445,23.7521,23.636,0,healthy,0.0,50.0,16.8974,1
SN_003943,LOT_012,22.5,23.5137,23.9185,24.8597,0,healthy,0.0,50.0,16.8974,1
SN_003944,LOT_012,14.0669,14.6087,15.2003,15.3323,0,healthy,0.0,50.0,16.8974,1
SN_003945,LOT_012,8.9795,9.9866,10.3023,10.5808,0,healthy,0.0,50.0,16.8974,1
SN_003946,LOT_012,21.7148,22.9372,23.249,23.5625,0,healthy,0.0,50.0,16.8974,1
SN_003947,LOT_012,16.4999,17.4424,17.7419,17.7465,0,healthy,0.0,50.0,16.8974,1
SN_003948,LOT_012,11.2419,12.3112,12.8234,13.106,0,healthy,0.0,50.0,16.8974,1
SN_003949,LOT_012,17.6365,20.0734,21.0822,21.067,0,healthy,0.0,50.0,16.8974,1
SN_003950,LOT_012,17.707,18.788,19.1236,19.2121,0,healthy,0.0,50.0,16.8974,1
SN_003951,LOT_012,16.5248,17.9492,18.3801,19.0338,0,healthy,0.0,50.0,16.8974,1
SN_003952,LOT_012,11.3145,12.0672,12.5616,12.6326,0,healthy,0.0,50.0,16.8974,1
SN_003953,LOT_012,10.3454,11.7275,12.2413,12.4189,0,healthy,0.0,50.0,16.8974,1
SN_003954,LOT_012,16.8399,18.0204,18.6772,18.9473,0,healthy,0.0,50.0,16.8974,1
SN_003955,LOT_012,15.1861,15.7025,15.7653,16.301,0,healthy,0.0,50.0,16.8974,1
SN_003956,LOT_012,9.7183,10.1171,10.2378,10.2241,0,healthy,0.0,50.0,16.8974,1
SN_003957,LOT_012,16.6794,17.9289,18.1153,18.4155,0,healthy,0.0,50.0,16.8974,1
SN_003958,LOT_012,16.287,16.24,24.1018,44.6868,1,tddb_dielectric,0.4102,50.0,16.8974,1
SN_003959,LOT_012,18.1396,19.8307,20.591,20.7011,0,healthy,0.0,50.0,16.8974,1
SN_003960,LOT_012,11.3843,11.8241,12.1798,11.9197,0,healthy,0.0,50.0,16.8974,1
SN_003961,LOT_012,15.6006,16.7242,16.977,17.212,0,healthy,0.0,50.0,16.8974,1
SN_003962,LOT_012,17.8995,20.0188,20.8494,21.4987,0,healthy,0.0,50.0,16.8974,1
SN_003963,LOT_012,12.7822,13.2803,13.5998,13.8584,0,healthy,0.0,50.0,16.8974,1
SN_003964,LOT_012,14.4139,15.2972,15.7665,16.0706,0,healthy,0.0,50.0,16.8974,1
SN_003965,LOT_012,15.6313,17.2323,17.7603,18.1208,0,healthy,0.0,50.0,16.8974,1
SN_003966,LOT_012,18.6095,19.8875,20.0918,20.2107,0,healthy,0.0,50.0,16.8974,1
SN_003967,LOT_012,14.4314,16.101,16.7107,16.9535,0,healthy,0.0,50.0,16.8974,1
SN_003968,LOT_012,18.8859,21.0762,21.9658,22.2423,0,healthy,0.0,50.0,16.8974,1
SN_003969,LOT_012,16.399,17.4034,17.55,18.1854,0,healthy,0.0,50.0,16.8974,1
SN_003970,LOT_012,15.8282,17.7336,17.9331,17.8291,0,healthy,0.0,50.0,16.8974,1
SN_003971,LOT_012,13.8778,15.0504,15.744,16.0389,0,healthy,0.0,50.0,16.8974,1
SN_003972,LOT_012,17.7911,19.6571,20.5671,21.0109,0,healthy,0.0,50.0,16.8974,1
SN_003973,LOT_012,17.7346,19.1879,19.6762,19.7359,0,healthy,0.0,50.0,16.8974,1
SN_003974,LOT_012,16.7262,18.5312,19.73,20.1622,0,healthy,0.0,50.0,16.8974,1
SN_003975,LOT_012,22.0616,22.6875,23.1862,23.1982,0,healthy,0.0,50.0,16.8974,1
SN_003976,LOT_012,16.5101,18.4387,19.3497,19.7842,0,healthy,0.0,50.0,16.8974,1
SN_003977,LOT_012,10.0607,11.0072,11.3418,11.5618,0,healthy,0.0,50.0,16.8974,1
SN_003978,LOT_012,21.8579,22.7429,23.2481,23.4504,0,healthy,0.0,50.0,16.8974,1
SN_003979,LOT_012,13.621,14.2483,14.2648,14.3377,0,healthy,0.0,50.0,16.8974,1
SN_003980,LOT_012,22.5,24.2011,24.7972,25.2105,0,healthy,0.0,50.0,16.8974,1
SN_003981,LOT_012,17.7689,18.778,19.6932,19.7838,0,healthy,0.0,50.0,16.8974,1
SN_003982,LOT_012,12.2369,13.0116,13.1752,13.4286,0,healthy,0.0,50.0,16.8974,1
SN_003983,LOT_012,19.496,21.6257,22.4587,23.0505,0,healthy,0.0,50.0,16.8974,1
SN_003984,LOT_012,11.4574,12.358,12.49,12.8637,0,healthy,0.0,50.0,16.8974,1
SN_003985,LOT_012,11.1868,12.32,12.7268,12.9442,0,healthy,0.0,50.0,16.8974,1
SN_003986,LOT_012,19.1997,21.927,22.595,22.9626,0,healthy,0.0,50.0,16.8974,1
SN_003987,LOT_012,11.1614,12.5722,13.1041,13.2927,0,healthy,0.0,50.0,16.8974,1
SN_003988,LOT_012,11.5858,12.4727,12.6643,12.6569,0,healthy,0.0,50.0,16.8974,1
SN_003989,LOT_012,11.9635,12.8217,13.4516,13.7065,0,healthy,0.0,50.0,16.8974,1
SN_003990,LOT_012,15.1135,16.4868,17.0174,17.2382,0,healthy,0.0,50.0,16.8974,1
SN_003991,LOT_012,15.233,16.0872,16.4921,16.4699,0,healthy,0.0,50.0,16.8974,1
SN_003992,LOT_012,18.543,18.8911,19.1208,19.3695,0,healthy,0.0,50.0,16.8974,1
SN_003993,LOT_012,12.3479,13.7369,14.063,14.175,0,healthy,0.0,50.0,16.8974,1
SN_003994,LOT_012,22.5,24.0226,24.8144,25.0449,0,healthy,0.0,50.0,16.8974,1
SN_003995,LOT_012,13.4074,13.8152,13.9824,14.257,0,healthy,0.0,50.0,16.8974,1
SN_003996,LOT_012,22.5,24.961,26.1387,27.1834,0,healthy,0.0,50.0,16.8974,1
SN_003997,LOT_012,13.2391,14.8656,15.5445,15.675,0,healthy,0.0,50.0,16.8974,1
SN_003998,LOT_012,21.021,22.4945,23.0454,23.6255,0,healthy,0.0,50.0,16.8974,1
SN_003999,LOT_012,17.89,19.6582,20.3804,20.8643,0,healthy,0.0,50.0,16.8974,1
SN_004000,LOT_012,11.2995,12.1953,12.2373,12.5348,0,healthy,0.0,50.0,16.8974,1
SN_004001,LOT_012,22.5,24.4677,25.0918,25.1982,0,healthy,0.0,50.0,16.8974,1
SN_004002,LOT_012,9.3425,9.668,9.757,9.8062,0,healthy,0.0,50.0,16.8974,1
SN_004003,LOT_012,11.6409,12.4484,12.6076,12.6575,0,healthy,0.0,50.0,16.8974,1
SN_004004,LOT_012,15.7444,17.4153,17.952,18.5746,0,healthy,0.0,50.0,16.8974,1
SN_004005,LOT_012,17.3267,17.9839,18.3734,18.6376,0,healthy,0.0,50.0,16.8974,1
SN_004006,LOT_012,19.9664,21.9708,22.2491,22.9222,0,healthy,0.0,50.0,16.8974,1
SN_004007,LOT_012,15.1964,16.9608,17.3977,17.5542,0,healthy,0.0,50.0,16.8974,1
SN_004008,LOT_012,17.7434,18.8445,18.9584,19.278,0,healthy,0.0,50.0,16.8974,1
SN_004009,LOT_012,20.3108,29.0381,34.7528,38.197,1,nbti_ageing,0.448,50.0,16.8974,1
SN_004010,LOT_013,7.4575,8.1401,8.1968,8.1299,0,healthy,0.0,50.0,9.5639,0
SN_004011,LOT_013,12.1691,13.5524,14.1185,14.3425,0,healthy,0.0,50.0,9.5639,0
SN_004012,LOT_013,10.827,11.7731,12.0413,12.1815,0,healthy,0.0,50.0,9.5639,0
SN_004013,LOT_013,8.0767,8.7218,9.0839,9.1752,0,healthy,0.0,50.0,9.5639,0
SN_004014,LOT_013,9.5349,10.4346,10.4166,10.6881,0,healthy,0.0,50.0,9.5639,0
SN_004015,LOT_013,9.1149,9.9608,10.2983,10.598,0,healthy,0.0,50.0,9.5639,0
SN_004016,LOT_013,9.2562,9.9294,10.2049,10.2616,0,healthy,0.0,50.0,9.5639,0
SN_004017,LOT_013,6.9669,7.1643,7.439,7.4461,0,healthy,0.0,50.0,9.5639,0
SN_004018,LOT_013,9.2123,9.6162,9.9571,10.0213,0,healthy,0.0,50.0,9.5639,0
SN_004019,LOT_013,10.7331,11.7682,12.2452,12.4952,0,healthy,0.0,50.0,9.5639,0
SN_004020,LOT_013,9.9517,10.6456,10.7466,10.7622,0,healthy,0.0,50.0,9.5639,0
SN_004021,LOT_013,9.8417,10.9218,11.5226,11.508,0,healthy,0.0,50.0,9.5639,0
SN_004022,LOT_013,9.5881,10.6078,11.1185,11.2829,0,healthy,0.0,50.0,9.5639,0
SN_004023,LOT_013,8.91,9.7331,10.0682,10.1465,0,healthy,0.0,50.0,9.5639,0
SN_004024,LOT_013,9.606,9.976,9.9802,10.0613,0,healthy,0.0,50.0,9.5639,0
SN_004025,LOT_013,11.1165,12.4116,12.7367,13.0868,0,healthy,0.0,50.0,9.5639,0
SN_004026,LOT_013,9.5308,9.8745,10.0031,10.0277,0,healthy,0.0,50.0,9.5639,0
SN_004027,LOT_013,8.652,9.5663,9.9027,9.9347,0,healthy,0.0,50.0,9.5639,0
SN_004028,LOT_013,9.5007,10.7992,11.0977,11.3974,0,healthy,0.0,50.0,9.5639,0
SN_004029,LOT_013,8.3143,8.5923,8.91,9.1022,0,healthy,0.0,50.0,9.5639,0
SN_004030,LOT_013,9.8847,10.4328,10.4778,10.4598,0,healthy,0.0,50.0,9.5639,0
SN_004031,LOT_013,9.4906,9.7588,9.819,9.9573,0,healthy,0.0,50.0,9.5639,0
SN_004032,LOT_013,8.8466,9.1912,9.3186,9.399,0,healthy,0.0,50.0,9.5639,0
SN_004033,LOT_013,9.0598,10.0428,10.1166,10.4805,0,healthy,0.0,50.0,9.5639,0
SN_004034,LOT_013,9.8037,10.9405,11.4385,11.6303,0,healthy,0.0,50.0,9.5639,0
SN_004035,LOT_013,10.339,10.9169,11.2312,11.1254,0,healthy,0.0,50.0,9.5639,0
SN_004036,LOT_013,9.2738,10.1623,10.4937,10.5483,0,healthy,0.0,50.0,9.5639,0
SN_004037,LOT_013,10.0825,11.0397,11.4102,11.6214,0,healthy,0.0,50.0,9.5639,0
SN_004038,LOT_013,10.5484,11.5196,11.9216,12.0435,0,healthy,0.0,50.0,9.5639,0
SN_004039,LOT_013,11.1892,12.5295,13.2444,13.1758,0,healthy,0.0,50.0,9.5639,0
SN_004040,LOT_013,9.1517,10.0524,10.3988,10.6984,0,healthy,0.0,50.0,9.5639,0
SN_004041,LOT_013,10.165,11.2696,11.6982,12.0095,0,healthy,0.0,50.0,9.5639,0
SN_004042,LOT_013,9.0982,9.1752,14.0806,27.9828,1,tddb_dielectric,0.5236,50.0,9.5639,0
SN_004043,LOT_013,8.818,9.6591,10.0002,10.2778,0,healthy,0.0,50.0,9.5639,0
SN_004044,LOT_013,11.0785,12.1974,12.6316,12.8291,0,healthy,0.0,50.0,9.5639,0
SN_004045,LOT_013,10.6164,11.276,11.5826,11.719,0,healthy,0.0,50.0,9.5639,0
SN_004046,LOT_013,9.0119,9.3822,9.4907,9.5644,0,healthy,0.0,50.0,9.5639,0
SN_004047,LOT_013,8.3761,8.774,8.8349,8.932,0,healthy,0.0,50.0,9.5639,0
SN_004048,LOT_013,9.7931,10.278,10.7895,10.8042,0,healthy,0.0,50.0,9.5639,0
SN_004049,LOT_013,8.516,9.4189,9.8271,9.9301,0,healthy,0.0,50.0,9.5639,0
SN_004050,LOT_013,9.2097,9.9345,10.1583,10.4521,0,healthy,0.0,50.0,9.5639,0
SN_004051,LOT_013,9.9638,10.6647,11.0827,11.1053,0,healthy,0.0,50.0,9.5639,0
SN_004052,LOT_013,10.5464,11.612,11.9181,12.0328,0,healthy,0.0,50.0,9.5639,0
SN_004053,LOT_013,9.629,10.6323,10.7982,10.9261,0,healthy,0.0,50.0,9.5639,0
SN_004054,LOT_013,8.653,9.3029,9.5829,9.6497,0,healthy,0.0,50.0,9.5639,0
SN_004055,LOT_013,9.9255,10.8914,11.2443,11.3231,0,healthy,0.0,50.0,9.5639,0
SN_004056,LOT_013,7.7895,8.6046,8.7964,9.0129,0,healthy,0.0,50.0,9.5639,0
SN_004057,LOT_013,11.2935,12.5531,13.0117,13.3601,0,healthy,0.0,50.0,9.5639,0
SN_004058,LOT_013,8.6555,9.0389,8.9316,9.1148,0,healthy,0.0,50.0,9.5639,0
SN_004059,LOT_013,8.7698,9.5228,9.8272,10.3438,0,healthy,0.0,50.0,9.5639,0
SN_004060,LOT_013,9.7776,10.9549,11.3386,11.5017,0,healthy,0.0,50.0,9.5639,0
SN_004061,LOT_013,9.8696,10.4431,10.4465,10.3618,0,healthy,0.0,50.0,9.5639,0
SN_004062,LOT_013,10.084,11.2765,11.3066,11.7236,0,healthy,0.0,50.0,9.5639,0
SN_004063,LOT_013,10.0815,11.0958,11.7608,12.0066,0,healthy,0.0,50.0,9.5639,0
SN_004064,LOT_013,10.8797,11.2295,11.4671,11.4264,0,healthy,0.0,50.0,9.5639,0
SN_004065,LOT_013,11.4052,12.5249,12.9053,13.1025,0,healthy,0.0,50.0,9.5639,0
SN_004066,LOT_013,8.7496,9.4241,9.7343,10.0498,0,healthy,0.0,50.0,9.5639,0
SN_004067,LOT_013,9.3042,10.4652,10.7011,10.7893,0,healthy,0.0,50.0,9.5639,0
SN_004068,LOT_013,9.5181,10.212,10.5099,10.6757,0,healthy,0.0,50.0,9.5639,0
SN_004069,LOT_013,9.6612,10.3569,10.5832,10.6568,0,healthy,0.0,50.0,9.5639,0
SN_004070,LOT_013,9.116,11.4161,18.8632,25.99,1,electromigration,0.4231,50.0,9.5639,0
SN_004071,LOT_013,8.3305,8.9214,9.1231,9.2555,0,healthy,0.0,50.0,9.5639,0
SN_004072,LOT_013,8.9681,9.5226,9.6971,9.6224,0,healthy,0.0,50.0,9.5639,0
SN_004073,LOT_013,8.677,9.9957,10.3159,10.4139,0,healthy,0.0,50.0,9.5639,0
SN_004074,LOT_013,10.1079,11.2126,11.5911,11.5737,0,healthy,0.0,50.0,9.5639,0
SN_004075,LOT_013,9.9496,10.2567,10.4899,10.4195,0,healthy,0.0,50.0,9.5639,0
SN_004076,LOT_013,9.4903,10.1864,10.5568,10.7,0,healthy,0.0,50.0,9.5639,0
SN_004077,LOT_013,10.3398,11.4646,11.9443,12.0375,0,healthy,0.0,50.0,9.5639,0
SN_004078,LOT_013,9.7504,10.6198,11.0851,11.0778,0,healthy,0.0,50.0,9.5639,0
SN_004079,LOT_013,8.222,9.0016,9.3728,9.5197,0,healthy,0.0,50.0,9.5639,0
SN_004080,LOT_013,9.5332,10.4,10.7252,10.7437,0,healthy,0.0,50.0,9.5639,0
SN_004081,LOT_013,8.9713,10.1189,10.401,10.6721,0,healthy,0.0,50.0,9.5639,0
SN_004082,LOT_013,8.429,9.0595,9.2795,9.4353,0,healthy,0.0,50.0,9.5639,0
SN_004083,LOT_013,8.9173,9.4503,9.7116,9.7404,0,healthy,0.0,50.0,9.5639,0
SN_004084,LOT_013,9.8216,10.2312,10.3085,10.5353,0,healthy,0.0,50.0,9.5639,0
SN_004085,LOT_013,9.5562,10.3002,10.5005,10.6408,0,healthy,0.0,50.0,9.5639,0
SN_004086,LOT_013,9.2638,9.8262,10.0567,10.3516,0,healthy,0.0,50.0,9.5639,0
SN_004087,LOT_013,10.3921,11.0232,11.1788,11.4828,0,healthy,0.0,50.0,9.5639,0
SN_004088,LOT_013,9.0233,9.8289,9.829,10.0557,0,healthy,0.0,50.0,9.5639,0
SN_004089,LOT_013,10.0119,11.014,11.3986,11.4772,0,healthy,0.0,50.0,9.5639,0
SN_004090,LOT_013,10.6235,11.2713,11.559,11.6124,0,healthy,0.0,50.0,9.5639,0
SN_004091,LOT_013,9.9718,10.6705,10.8374,11.0962,0,healthy,0.0,50.0,9.5639,0
SN_004092,LOT_013,9.9144,10.4613,10.6374,10.6334,0,healthy,0.0,50.0,9.5639,0
SN_004093,LOT_013,9.693,10.6871,11.0732,11.4224,0,healthy,0.0,50.0,9.5639,0
SN_004094,LOT_013,9.392,10.0387,10.3906,10.3633,0,healthy,0.0,50.0,9.5639,0
SN_004095,LOT_013,9.1203,9.5202,9.593,9.4703,0,healthy,0.0,50.0,9.5639,0
SN_004096,LOT_013,8.8623,9.5759,10.0204,10.1624,0,healthy,0.0,50.0,9.5639,0
SN_004097,LOT_013,7.5665,8.112,8.4826,8.5629,0,healthy,0.0,50.0,9.5639,0
SN_004098,LOT_013,10.4015,11.5443,12.253,12.3532,0,healthy,0.0,50.0,9.5639,0
SN_004099,LOT_013,10.2404,10.5219,10.7265,10.7155,0,healthy,0.0,50.0,9.5639,0
SN_004100,LOT_013,9.6077,10.566,10.8023,10.8044,0,healthy,0.0,50.0,9.5639,0
SN_004101,LOT_013,9.1967,9.5907,9.6659,9.8657,0,healthy,0.0,50.0,9.5639,0
SN_004102,LOT_013,8.8682,9.5247,9.7625,9.8175,0,healthy,0.0,50.0,9.5639,0
SN_004103,LOT_013,9.5857,10.2916,10.4744,10.6848,0,healthy,0.0,50.0,9.5639,0
SN_004104,LOT_013,10.719,11.5743,11.8465,11.9522,0,healthy,0.0,50.0,9.5639,0
SN_004105,LOT_013,10.0977,10.4597,10.6534,10.7769,0,healthy,0.0,50.0,9.5639,0
SN_004106,LOT_013,9.7963,10.7099,11.232,11.1248,0,healthy,0.0,50.0,9.5639,0
SN_004107,LOT_013,8.5796,9.492,9.8924,10.0358,0,healthy,0.0,50.0,9.5639,0
SN_004108,LOT_013,9.0731,9.5756,9.8382,9.8666,0,healthy,0.0,50.0,9.5639,0
SN_004109,LOT_013,10.0824,11.0331,11.7105,11.7251,0,healthy,0.0,50.0,9.5639,0
SN_004110,LOT_013,10.4813,10.9882,11.0501,11.2771,0,healthy,0.0,50.0,9.5639,0
SN_004111,LOT_013,8.5904,9.1305,9.2655,9.3527,0,healthy,0.0,50.0,9.5639,0
SN_004112,LOT_013,8.823,9.3821,9.5682,9.6323,0,healthy,0.0,50.0,9.5639,0
SN_004113,LOT_013,8.3502,8.5816,8.6915,8.8517,0,healthy,0.0,50.0,9.5639,0
SN_004114,LOT_013,9.8804,10.7759,11.0397,11.1355,0,healthy,0.0,50.0,9.5639,0
SN_004115,LOT_013,9.4126,10.433,10.9297,10.9347,0,healthy,0.0,50.0,9.5639,0
SN_004116,LOT_013,9.9221,10.3753,10.5511,10.828,0,healthy,0.0,50.0,9.5639,0
SN_004117,LOT_013,8.7087,9.8499,10.2095,10.2427,0,healthy,0.0,50.0,9.5639,0
SN_004118,LOT_013,8.8607,9.5469,9.6203,9.847,0,healthy,0.0,50.0,9.5639,0
SN_004119,LOT_013,11.3216,12.7546,12.9757,13.1656,0,healthy,0.0,50.0,9.5639,0
SN_004120,LOT_013,9.7876,10.8882,11.3944,11.6024,0,healthy,0.0,50.0,9.5639,0
SN_004121,LOT_013,8.4193,9.1784,9.4961,9.7515,0,healthy,0.0,50.0,9.5639,0
SN_004122,LOT_013,11.1674,12.0838,12.4258,12.7076,0,healthy,0.0,50.0,9.5639,0
SN_004123,LOT_013,9.3685,9.7804,10.0356,10.0942,0,healthy,0.0,50.0,9.5639,0
SN_004124,LOT_013,10.3416,10.475,13.0227,17.9266,1,tddb_dielectric,0.0675,50.0,9.5639,0
SN_004125,LOT_013,8.4617,9.0948,9.3268,9.5719,0,healthy,0.0,50.0,9.5639,0
SN_004126,LOT_013,8.5508,9.0278,9.1357,9.2783,0,healthy,0.0,50.0,9.5639,0
SN_004127,LOT_013,8.9335,9.7383,10.1125,10.1907,0,healthy,0.0,50.0,9.5639,0
SN_004128,LOT_013,9.2784,10.2489,10.4758,10.6009,0,healthy,0.0,50.0,9.5639,0
SN_004129,LOT_013,32.3942,33.9142,36.4194,39.9702,1,esd_oxide,0.4436,50.0,9.5639,0
SN_004130,LOT_013,8.9663,9.8171,9.9615,10.0548,0,healthy,0.0,50.0,9.5639,0
SN_004131,LOT_013,9.2548,10.0028,10.1401,10.1373,0,healthy,0.0,50.0,9.5639,0
SN_004132,LOT_013,9.9468,10.3195,10.4878,10.7581,0,healthy,0.0,50.0,9.5639,0
SN_004133,LOT_013,10.2248,10.9842,11.4539,11.7371,0,healthy,0.0,50.0,9.5639,0
SN_004134,LOT_013,9.1879,9.7728,10.0,10.0306,0,healthy,0.0,50.0,9.5639,0
SN_004135,LOT_013,9.5003,10.0313,10.4812,10.5968,0,healthy,0.0,50.0,9.5639,0
SN_004136,LOT_013,10.2073,11.0256,11.1611,11.3211,0,healthy,0.0,50.0,9.5639,0
SN_004137,LOT_013,8.6365,8.8542,9.068,9.0379,0,healthy,0.0,50.0,9.5639,0
SN_004138,LOT_013,10.1231,22.1572,23.3267,23.5502,1,mobile_ion,0.4823,50.0,9.5639,0
SN_004139,LOT_013,9.6882,10.1259,10.2033,10.2105,0,healthy,0.0,50.0,9.5639,0
SN_004140,LOT_013,9.3997,9.8758,9.9666,10.1278,0,healthy,0.0,50.0,9.5639,0
SN_004141,LOT_013,9.8517,10.6717,10.913,11.0326,0,healthy,0.0,50.0,9.5639,0
SN_004142,LOT_013,8.9249,9.8056,10.3099,10.4434,0,healthy,0.0,50.0,9.5639,0
SN_004143,LOT_013,9.0933,9.7943,9.9921,10.1378,0,healthy,0.0,50.0,9.5639,0
SN_004144,LOT_013,8.668,9.5972,9.8475,10.0376,0,healthy,0.0,50.0,9.5639,0
SN_004145,LOT_013,9.8008,10.1223,10.4976,10.4852,0,healthy,0.0,50.0,9.5639,0
SN_004146,LOT_013,9.5959,10.0987,10.3584,10.4196,0,healthy,0.0,50.0,9.5639,0
SN_004147,LOT_013,9.5867,10.06,10.273,10.5346,0,healthy,0.0,50.0,9.5639,0
SN_004148,LOT_013,9.1411,9.8321,10.0584,10.2107,0,healthy,0.0,50.0,9.5639,0
SN_004149,LOT_013,8.7831,9.4387,9.628,9.6759,0,healthy,0.0,50.0,9.5639,0
SN_004150,LOT_013,9.9829,10.8604,11.2203,11.4038,0,healthy,0.0,50.0,9.5639,0
SN_004151,LOT_013,10.3361,11.3559,11.4972,11.6182,0,healthy,0.0,50.0,9.5639,0
SN_004152,LOT_013,10.316,10.9025,11.4439,11.6022,0,healthy,0.0,50.0,9.5639,0
SN_004153,LOT_013,9.8804,10.8219,11.1171,11.3031,0,healthy,0.0,50.0,9.5639,0
SN_004154,LOT_013,9.05,9.5412,9.8263,9.8367,0,healthy,0.0,50.0,9.5639,0
SN_004155,LOT_013,9.1115,10.0915,10.2493,10.4496,0,healthy,0.0,50.0,9.5639,0
SN_004156,LOT_013,10.0066,10.5684,10.7179,10.9255,0,healthy,0.0,50.0,9.5639,0
SN_004157,LOT_013,9.0314,9.4427,9.6593,9.7476,0,healthy,0.0,50.0,9.5639,0
SN_004158,LOT_013,9.5777,10.6015,10.9141,11.0779,0,healthy,0.0,50.0,9.5639,0
SN_004159,LOT_013,9.3851,9.8925,10.0157,9.9684,0,healthy,0.0,50.0,9.5639,0
SN_004160,LOT_013,11.0891,11.8497,12.0592,12.3929,0,healthy,0.0,50.0,9.5639,0
SN_004161,LOT_013,8.8795,9.8019,9.9607,10.1925,0,healthy,0.0,50.0,9.5639,0
SN_004162,LOT_013,8.6396,9.1026,9.1533,9.2379,0,healthy,0.0,50.0,9.5639,0
SN_004163,LOT_013,9.9332,10.5094,10.4608,10.4692,0,healthy,0.0,50.0,9.5639,0
SN_004164,LOT_013,8.7601,9.0729,9.3397,9.3133,0,healthy,0.0,50.0,9.5639,0
SN_004165,LOT_013,9.9347,11.0826,11.5616,11.8078,0,healthy,0.0,50.0,9.5639,0
SN_004166,LOT_013,10.3546,11.525,11.9378,12.1966,0,healthy,0.0,50.0,9.5639,0
SN_004167,LOT_013,9.7984,10.7588,11.2043,11.4022,0,healthy,0.0,50.0,9.5639,0
SN_004168,LOT_013,8.9643,10.2357,10.6624,10.727,0,healthy,0.0,50.0,9.5639,0
SN_004169,LOT_013,9.0265,9.9227,10.4765,10.4755,0,healthy,0.0,50.0,9.5639,0
SN_004170,LOT_013,9.8818,10.7807,11.3845,11.494,0,healthy,0.0,50.0,9.5639,0
SN_004171,LOT_013,10.6293,11.3071,11.4163,11.5572,0,healthy,0.0,50.0,9.5639,0
SN_004172,LOT_013,11.0686,11.3573,11.7015,11.6063,0,healthy,0.0,50.0,9.5639,0
SN_004173,LOT_013,8.9645,9.3555,9.431,9.4543,0,healthy,0.0,50.0,9.5639,0
SN_004174,LOT_013,10.7254,11.2015,11.1857,11.3268,0,healthy,0.0,50.0,9.5639,0
SN_004175,LOT_013,8.5021,9.1908,9.5739,9.6827,0,healthy,0.0,50.0,9.5639,0
SN_004176,LOT_013,11.0396,11.5812,11.7139,11.8118,0,healthy,0.0,50.0,9.5639,0
SN_004177,LOT_013,10.0179,10.7229,11.079,11.4352,0,healthy,0.0,50.0,9.5639,0
SN_004178,LOT_013,9.7397,10.5769,10.831,11.1532,0,healthy,0.0,50.0,9.5639,0
SN_004179,LOT_013,9.1224,9.4609,9.9695,9.8775,0,healthy,0.0,50.0,9.5639,0
SN_004180,LOT_013,9.7308,10.4209,10.53,10.6323,0,healthy,0.0,50.0,9.5639,0
SN_004181,LOT_013,8.9354,9.53,9.8839,9.9336,0,healthy,0.0,50.0,9.5639,0
SN_004182,LOT_013,10.1821,10.8028,10.9705,11.0262,0,healthy,0.0,50.0,9.5639,0
SN_004183,LOT_013,8.9299,9.1885,9.2974,9.4407,0,healthy,0.0,50.0,9.5639,0
SN_004184,LOT_013,9.1368,9.9614,10.5891,10.7492,0,healthy,0.0,50.0,9.5639,0
SN_004185,LOT_013,9.2643,10.1287,10.5512,10.6727,0,healthy,0.0,50.0,9.5639,0
SN_004186,LOT_013,11.0069,11.8306,12.3907,12.5134,0,healthy,0.0,50.0,9.5639,0
SN_004187,LOT_013,9.3304,10.3389,10.7412,10.7463,0,healthy,0.0,50.0,9.5639,0
SN_004188,LOT_013,9.8459,11.3036,11.7496,11.7182,0,healthy,0.0,50.0,9.5639,0
SN_004189,LOT_013,9.2771,10.2438,10.6477,10.7323,0,healthy,0.0,50.0,9.5639,0
SN_004190,LOT_013,9.8493,10.9793,11.2123,11.3913,0,healthy,0.0,50.0,9.5639,0
SN_004191,LOT_013,10.9886,11.4832,11.6845,11.6114,0,healthy,0.0,50.0,9.5639,0
SN_004192,LOT_013,9.7921,11.0849,11.4485,11.6259,0,healthy,0.0,50.0,9.5639,0
SN_004193,LOT_013,10.1537,11.1996,11.7697,11.9542,0,healthy,0.0,50.0,9.5639,0
SN_004194,LOT_013,10.5257,10.9439,11.0085,11.0244,0,healthy,0.0,50.0,9.5639,0
SN_004195,LOT_013,9.9129,11.0096,11.5053,11.6101,0,healthy,0.0,50.0,9.5639,0
SN_004196,LOT_013,9.8642,10.7978,11.015,11.3433,0,healthy,0.0,50.0,9.5639,0
SN_004197,LOT_013,10.1645,10.9192,11.4418,11.4895,0,healthy,0.0,50.0,9.5639,0
SN_004198,LOT_013,9.9285,10.3701,10.3567,10.4807,0,healthy,0.0,50.0,9.5639,0
SN_004199,LOT_013,8.3325,9.2974,9.8196,9.9889,0,healthy,0.0,50.0,9.5639,0
SN_004200,LOT_013,9.6516,10.5269,10.6848,10.7329,0,healthy,0.0,50.0,9.5639,0
SN_004201,LOT_013,8.1064,8.5739,8.9282,9.1589,0,healthy,0.0,50.0,9.5639,0
SN_004202,LOT_013,8.9619,9.5598,9.5878,9.6629,0,healthy,0.0,50.0,9.5639,0
SN_004203,LOT_013,8.8459,10.0307,10.4856,10.5393,0,healthy,0.0,50.0,9.5639,0
SN_004204,LOT_013,9.5596,10.2831,10.4645,10.508,0,healthy,0.0,50.0,9.5639,0
SN_004205,LOT_013,9.2775,9.7346,9.7969,9.9925,0,healthy,0.0,50.0,9.5639,0
SN_004206,LOT_013,9.1683,10.1094,10.7382,10.9954,0,healthy,0.0,50.0,9.5639,0
SN_004207,LOT_013,10.2296,11.6348,12.0391,12.229,0,healthy,0.0,50.0,9.5639,0
SN_004208,LOT_013,9.9563,10.8343,11.2052,11.2568,0,healthy,0.0,50.0,9.5639,0
SN_004209,LOT_013,9.7382,10.5223,10.6812,10.8627,0,healthy,0.0,50.0,9.5639,0
SN_004210,LOT_013,10.4948,11.2503,11.7477,11.8686,0,healthy,0.0,50.0,9.5639,0
SN_004211,LOT_013,9.8071,10.931,11.4452,11.5668,0,healthy,0.0,50.0,9.5639,0
SN_004212,LOT_013,9.2949,10.0193,10.0949,10.1142,0,healthy,0.0,50.0,9.5639,0
SN_004213,LOT_013,9.2546,10.0401,10.3765,10.6732,0,healthy,0.0,50.0,9.5639,0
SN_004214,LOT_013,9.8239,10.1719,10.354,10.5051,0,healthy,0.0,50.0,9.5639,0
SN_004215,LOT_013,9.8866,10.9712,11.3858,11.7747,0,healthy,0.0,50.0,9.5639,0
SN_004216,LOT_013,9.7221,10.3964,10.7048,10.8053,0,healthy,0.0,50.0,9.5639,0
SN_004217,LOT_013,9.9672,10.7125,11.2317,11.2899,0,healthy,0.0,50.0,9.5639,0
SN_004218,LOT_013,8.0486,8.7393,9.009,9.1674,0,healthy,0.0,50.0,9.5639,0
SN_004219,LOT_013,9.4928,10.1572,10.5948,10.7064,0,healthy,0.0,50.0,9.5639,0
SN_004220,LOT_013,9.3458,10.1903,10.4835,10.6052,0,healthy,0.0,50.0,9.5639,0
SN_004221,LOT_013,10.1431,11.1771,11.4452,11.6213,0,healthy,0.0,50.0,9.5639,0
SN_004222,LOT_013,9.7029,10.6496,10.9901,11.3422,0,healthy,0.0,50.0,9.5639,0
SN_004223,LOT_013,8.9455,9.602,10.1351,10.1999,0,healthy,0.0,50.0,9.5639,0
SN_004224,LOT_013,9.4083,9.8276,10.0193,9.894,0,healthy,0.0,50.0,9.5639,0
SN_004225,LOT_013,11.429,12.2344,12.5483,12.591,0,healthy,0.0,50.0,9.5639,0
SN_004226,LOT_013,10.1889,10.6567,11.006,10.9857,0,healthy,0.0,50.0,9.5639,0
SN_004227,LOT_013,9.5978,10.3062,10.2367,10.1991,0,healthy,0.0,50.0,9.5639,0
SN_004228,LOT_013,9.3997,9.8553,9.8645,10.046,0,healthy,0.0,50.0,9.5639,0
SN_004229,LOT_013,10.0024,10.58,10.8018,10.8346,0,healthy,0.0,50.0,9.5639,0
SN_004230,LOT_013,10.3854,10.676,10.8895,10.9243,0,healthy,0.0,50.0,9.5639,0
SN_004231,LOT_013,10.0538,11.078,11.3819,11.5779,0,healthy,0.0,50.0,9.5639,0
SN_004232,LOT_013,7.6473,8.7932,8.9181,9.0114,0,healthy,0.0,50.0,9.5639,0
SN_004233,LOT_013,9.1374,9.5431,9.7473,9.919,0,healthy,0.0,50.0,9.5639,0
SN_004234,LOT_013,10.0825,11.208,11.688,12.0779,0,healthy,0.0,50.0,9.5639,0
SN_004235,LOT_013,10.6447,11.1804,11.6052,11.4704,0,healthy,0.0,50.0,9.5639,0
SN_004236,LOT_013,9.5603,10.9184,11.3487,11.3295,0,healthy,0.0,50.0,9.5639,0
SN_004237,LOT_013,9.2243,10.1633,10.2752,10.5348,0,healthy,0.0,50.0,9.5639,0
SN_004238,LOT_013,9.9344,10.7392,11.0252,11.2172,0,healthy,0.0,50.0,9.5639,0
SN_004239,LOT_013,10.3781,11.3566,11.9809,12.0422,0,healthy,0.0,50.0,9.5639,0
SN_004240,LOT_013,8.9062,9.3594,9.3891,9.4612,0,healthy,0.0,50.0,9.5639,0
SN_004241,LOT_013,10.2335,10.6728,10.9149,11.171,0,healthy,0.0,50.0,9.5639,0
SN_004242,LOT_013,11.1584,12.2185,12.7935,13.0588,0,healthy,0.0,50.0,9.5639,0
SN_004243,LOT_013,9.5678,10.5446,10.8948,11.1453,0,healthy,0.0,50.0,9.5639,0
SN_004244,LOT_013,9.4869,9.9601,10.0421,10.0409,0,healthy,0.0,50.0,9.5639,0
SN_004245,LOT_013,9.2178,9.6602,9.9743,9.8579,0,healthy,0.0,50.0,9.5639,0
SN_004246,LOT_013,8.8216,9.9656,10.2148,10.4183,0,healthy,0.0,50.0,9.5639,0
SN_004247,LOT_013,10.5365,11.1694,11.6576,11.6201,0,healthy,0.0,50.0,9.5639,0
SN_004248,LOT_013,9.5832,10.4815,10.9472,11.1009,0,healthy,0.0,50.0,9.5639,0
SN_004249,LOT_013,9.5578,9.8469,10.0073,9.9984,0,healthy,0.0,50.0,9.5639,0
SN_004250,LOT_013,9.4374,9.9328,9.9119,10.0659,0,healthy,0.0,50.0,9.5639,0
SN_004251,LOT_013,8.9909,9.418,9.522,9.5718,0,healthy,0.0,50.0,9.5639,0
SN_004252,LOT_013,8.7774,9.2038,9.4767,9.4704,0,healthy,0.0,50.0,9.5639,0
SN_004253,LOT_013,10.5068,11.6945,11.9873,12.4608,0,healthy,0.0,50.0,9.5639,0
SN_004254,LOT_013,9.2387,9.6732,9.9871,9.9162,0,healthy,0.0,50.0,9.5639,0
SN_004255,LOT_013,8.8971,9.7244,10.2783,10.2203,0,healthy,0.0,50.0,9.5639,0
SN_004256,LOT_013,9.5943,10.4391,10.6639,10.9468,0,healthy,0.0,50.0,9.5639,0
SN_004257,LOT_013,9.094,11.4282,12.6469,13.0897,1,nbti_ageing,0.1669,50.0,9.5639,0
SN_004258,LOT_013,9.7477,10.127,10.173,10.2624,0,healthy,0.0,50.0,9.5639,0
SN_004259,LOT_013,10.174,11.2053,11.5201,11.6854,0,healthy,0.0,50.0,9.5639,0
SN_004260,LOT_013,8.9343,9.7502,10.0353,10.1964,0,healthy,0.0,50.0,9.5639,0
SN_004261,LOT_013,9.0175,10.1711,10.5726,10.5914,0,healthy,0.0,50.0,9.5639,0
SN_004262,LOT_013,10.4453,11.1241,11.5837,11.6276,0,healthy,0.0,50.0,9.5639,0
SN_004263,LOT_013,9.1699,9.8423,10.1288,10.3006,0,healthy,0.0,50.0,9.5639,0
SN_004264,LOT_013,9.7468,10.1236,10.2347,10.3006,0,healthy,0.0,50.0,9.5639,0
SN_004265,LOT_013,8.7561,9.1724,9.3174,9.5678,0,healthy,0.0,50.0,9.5639,0
SN_004266,LOT_013,8.5061,9.2904,9.3693,9.6485,0,healthy,0.0,50.0,9.5639,0
SN_004267,LOT_013,9.4951,9.943,10.3051,10.4155,0,healthy,0.0,50.0,9.5639,0
SN_004268,LOT_013,9.5864,10.3681,10.6638,10.7892,0,healthy,0.0,50.0,9.5639,0
SN_004269,LOT_013,9.7867,10.0536,10.2685,10.2791,0,healthy,0.0,50.0,9.5639,0
SN_004270,LOT_013,9.4931,10.4239,10.541,10.751,0,healthy,0.0,50.0,9.5639,0
SN_004271,LOT_013,9.1621,10.4038,10.6474,10.8437,0,healthy,0.0,50.0,9.5639,0
SN_004272,LOT_013,10.675,11.3358,11.7521,11.9564,0,healthy,0.0,50.0,9.5639,0
SN_004273,LOT_013,7.9275,8.2268,8.3332,8.4502,0,healthy,0.0,50.0,9.5639,0
SN_004274,LOT_013,10.8545,11.8482,12.2075,12.4497,0,healthy,0.0,50.0,9.5639,0
SN_004275,LOT_013,9.1485,9.9834,10.4969,10.8048,0,healthy,0.0,50.0,9.5639,0
SN_004276,LOT_013,9.7873,10.6145,10.9913,11.1362,0,healthy,0.0,50.0,9.5639,0
SN_004277,LOT_013,32.7869,33.8764,37.8577,41.2831,1,subtle_in_spec,0.3713,50.0,9.5639,0
SN_004278,LOT_013,9.5809,10.6256,11.1768,11.297,0,healthy,0.0,50.0,9.5639,0
SN_004279,LOT_013,8.5847,9.0523,9.4164,9.5082,0,healthy,0.0,50.0,9.5639,0
SN_004280,LOT_013,8.9111,9.4336,9.9213,10.0848,0,healthy,0.0,50.0,9.5639,0
SN_004281,LOT_013,8.365,8.9171,9.082,9.2064,0,healthy,0.0,50.0,9.5639,0
SN_004282,LOT_013,9.1944,9.6428,9.7883,9.8169,0,healthy,0.0,50.0,9.5639,0
SN_004283,LOT_013,9.8284,10.8897,11.2876,11.6238,0,healthy,0.0,50.0,9.5639,0
SN_004284,LOT_013,7.8598,8.1803,8.1255,8.2411,0,healthy,0.0,50.0,9.5639,0
SN_004285,LOT_013,9.8759,10.0757,10.3352,10.4818,0,healthy,0.0,50.0,9.5639,0
SN_004286,LOT_013,8.662,9.5335,9.7019,9.9495,0,healthy,0.0,50.0,9.5639,0
SN_004287,LOT_013,9.455,10.2781,10.7751,10.8849,0,healthy,0.0,50.0,9.5639,0
SN_004288,LOT_013,8.7685,9.3573,9.7818,9.94,0,healthy,0.0,50.0,9.5639,0
SN_004289,LOT_013,10.5238,11.6848,11.9438,12.18,0,healthy,0.0,50.0,9.5639,0
SN_004290,LOT_013,10.0932,12.7215,20.2047,27.615,1,electromigration,0.3726,50.0,9.5639,0
SN_004291,LOT_013,9.4304,9.9026,9.9632,10.0536,0,healthy,0.0,50.0,9.5639,0
SN_004292,LOT_013,9.4898,9.8948,9.9528,10.2265,0,healthy,0.0,50.0,9.5639,0
SN_004293,LOT_013,9.9044,10.6551,10.9509,11.2162,0,healthy,0.0,50.0,9.5639,0
SN_004294,LOT_013,9.6667,10.4972,10.6682,10.721,0,healthy,0.0,50.0,9.5639,0
SN_004295,LOT_013,10.504,11.1125,11.3196,11.4361,0,healthy,0.0,50.0,9.5639,0
SN_004296,LOT_013,9.8317,10.6131,10.6013,10.8231,0,healthy,0.0,50.0,9.5639,0
SN_004297,LOT_013,9.2297,10.2369,10.4435,10.7465,0,healthy,0.0,50.0,9.5639,0
SN_004298,LOT_013,9.5428,10.1954,10.6334,10.8824,0,healthy,0.0,50.0,9.5639,0
SN_004299,LOT_013,10.3335,10.9869,11.3464,11.5268,0,healthy,0.0,50.0,9.5639,0
SN_004300,LOT_013,10.2759,11.3967,11.9263,12.2025,0,healthy,0.0,50.0,9.5639,0
SN_004301,LOT_013,10.2194,10.8807,11.4414,11.2774,0,healthy,0.0,50.0,9.5639,0
SN_004302,LOT_013,10.5341,11.281,11.3,11.45,0,healthy,0.0,50.0,9.5639,0
SN_004303,LOT_013,10.5758,11.0969,11.4963,11.3067,0,healthy,0.0,50.0,9.5639,0
SN_004304,LOT_013,8.0612,8.3298,8.5552,8.7353,0,healthy,0.0,50.0,9.5639,0
SN_004305,LOT_013,10.2256,11.4047,11.9929,12.0681,0,healthy,0.0,50.0,9.5639,0
SN_004306,LOT_013,9.2388,10.0856,10.4066,10.4879,0,healthy,0.0,50.0,9.5639,0
SN_004307,LOT_013,9.4206,10.2437,10.6137,10.9005,0,healthy,0.0,50.0,9.5639,0
SN_004308,LOT_013,11.7072,13.1226,13.5968,13.8881,0,healthy,0.0,50.0,9.5639,0
SN_004309,LOT_013,8.238,9.151,9.7228,9.8525,0,healthy,0.0,50.0,9.5639,0
SN_004310,LOT_013,8.0427,8.4599,8.6185,8.7312,0,healthy,0.0,50.0,9.5639,0
SN_004311,LOT_013,8.8123,9.3322,9.44,9.4941,0,healthy,0.0,50.0,9.5639,0
SN_004312,LOT_013,10.6349,12.0467,12.1169,12.6219,0,healthy,0.0,50.0,9.5639,0
SN_004313,LOT_013,9.2884,10.0458,10.3683,10.4382,0,healthy,0.0,50.0,9.5639,0
SN_004314,LOT_013,9.88,10.3683,10.5438,10.7319,0,healthy,0.0,50.0,9.5639,0
SN_004315,LOT_013,9.446,9.8374,10.0692,10.2468,0,healthy,0.0,50.0,9.5639,0
SN_004316,LOT_013,10.7205,11.1913,11.3829,11.7514,0,healthy,0.0,50.0,9.5639,0
SN_004317,LOT_013,7.8985,8.1448,8.3279,8.3607,0,healthy,0.0,50.0,9.5639,0
SN_004318,LOT_013,9.9295,10.7117,10.9391,11.1002,0,healthy,0.0,50.0,9.5639,0
SN_004319,LOT_013,8.3384,8.9074,9.0297,9.1248,0,healthy,0.0,50.0,9.5639,0
SN_004320,LOT_013,10.0683,11.2319,11.6707,11.8926,0,healthy,0.0,50.0,9.5639,0
SN_004321,LOT_013,9.8676,10.2881,10.5678,10.5936,0,healthy,0.0,50.0,9.5639,0
SN_004322,LOT_013,10.1808,11.2488,11.8205,11.8308,0,healthy,0.0,50.0,9.5639,0
SN_004323,LOT_013,10.1534,11.2489,11.6315,11.8486,0,healthy,0.0,50.0,9.5639,0
SN_004324,LOT_013,10.147,10.6358,10.8481,10.9355,0,healthy,0.0,50.0,9.5639,0
SN_004325,LOT_013,10.4392,11.349,11.3461,11.5968,0,healthy,0.0,50.0,9.5639,0
SN_004326,LOT_013,8.41,9.3998,9.698,9.7577,0,healthy,0.0,50.0,9.5639,0
SN_004327,LOT_013,8.4449,9.2621,9.6763,9.8363,0,healthy,0.0,50.0,9.5639,0
SN_004328,LOT_013,9.4263,10.4376,10.8573,11.0367,0,healthy,0.0,50.0,9.5639,0
SN_004329,LOT_013,9.2949,9.9163,9.9935,10.2086,0,healthy,0.0,50.0,9.5639,0
SN_004330,LOT_013,9.7299,10.9042,11.1704,11.5568,0,healthy,0.0,50.0,9.5639,0
SN_004331,LOT_013,9.1074,9.4929,9.722,9.6563,0,healthy,0.0,50.0,9.5639,0
SN_004332,LOT_013,9.0806,9.685,9.8038,10.0051,0,healthy,0.0,50.0,9.5639,0
SN_004333,LOT_013,10.1129,11.3089,11.8478,12.1302,0,healthy,0.0,50.0,9.5639,0
SN_004334,LOT_013,8.505,8.9745,9.2684,9.3965,0,healthy,0.0,50.0,9.5639,0
SN_004335,LOT_013,10.0063,10.7303,11.0406,11.1794,0,healthy,0.0,50.0,9.5639,0
SN_004336,LOT_013,8.8845,9.5894,9.8497,9.9835,0,healthy,0.0,50.0,9.5639,0
SN_004337,LOT_013,8.7808,9.8948,10.1377,10.1894,0,healthy,0.0,50.0,9.5639,0
SN_004338,LOT_013,9.4618,10.23,10.4783,10.7889,0,healthy,0.0,50.0,9.5639,0
SN_004339,LOT_013,8.3557,9.5539,9.7639,9.9655,0,healthy,0.0,50.0,9.5639,0
SN_004340,LOT_013,8.6043,9.1663,9.1692,9.281,0,healthy,0.0,50.0,9.5639,0
SN_004341,LOT_013,9.7603,10.2644,10.4947,10.6812,0,healthy,0.0,50.0,9.5639,0
SN_004342,LOT_013,9.2718,9.9315,10.2358,10.4044,0,healthy,0.0,50.0,9.5639,0
SN_004343,LOT_013,8.69,9.2771,9.6188,9.6306,0,healthy,0.0,50.0,9.5639,0
SN_004344,LOT_013,10.4645,10.8758,11.243,11.4926,0,healthy,0.0,50.0,9.5639,0
SN_004345,LOT_013,11.0968,12.0343,12.6119,12.9988,0,healthy,0.0,50.0,9.5639,0
SN_004346,LOT_013,9.6567,10.439,10.7417,10.9859,0,healthy,0.0,50.0,9.5639,0
SN_004347,LOT_013,9.9185,10.3366,10.4933,10.7677,0,healthy,0.0,50.0,9.5639,0
SN_004348,LOT_013,9.7095,10.4759,10.8274,10.8702,0,healthy,0.0,50.0,9.5639,0
SN_004349,LOT_013,9.5661,10.1075,10.2957,10.4992,0,healthy,0.0,50.0,9.5639,0
SN_004350,LOT_013,9.3085,10.2675,10.5503,10.783,0,healthy,0.0,50.0,9.5639,0
SN_004351,LOT_013,9.5511,10.3645,10.7721,10.8586,0,healthy,0.0,50.0,9.5639,0
SN_004352,LOT_013,9.8109,10.5369,11.109,11.1993,0,healthy,0.0,50.0,9.5639,0
SN_004353,LOT_013,8.7387,9.4257,9.8299,9.889,0,healthy,0.0,50.0,9.5639,0
SN_004354,LOT_013,9.1726,9.7896,10.2479,10.4014,0,healthy,0.0,50.0,9.5639,0
SN_004355,LOT_013,10.2585,10.6902,11.0152,10.8728,0,healthy,0.0,50.0,9.5639,0
SN_004356,LOT_013,10.7011,11.8632,12.3115,12.4496,0,healthy,0.0,50.0,9.5639,0
SN_004357,LOT_013,12.5791,13.8458,14.1998,14.4948,0,healthy,0.0,50.0,9.5639,0
SN_004358,LOT_013,9.523,10.7394,11.1432,11.4192,0,healthy,0.0,50.0,9.5639,0
SN_004359,LOT_013,10.1636,11.4164,11.8106,12.1142,0,healthy,0.0,50.0,9.5639,0
SN_004360,LOT_013,10.6274,11.7048,11.9742,12.1937,0,healthy,0.0,50.0,9.5639,0
SN_004361,LOT_013,9.2415,9.9688,10.2267,10.3691,0,healthy,0.0,50.0,9.5639,0
SN_004362,LOT_013,8.9968,9.6227,9.9494,10.0884,0,healthy,0.0,50.0,9.5639,0
SN_004363,LOT_013,9.3541,10.5728,11.0327,11.1845,0,healthy,0.0,50.0,9.5639,0
SN_004364,LOT_013,8.5841,9.3185,9.6179,9.8723,0,healthy,0.0,50.0,9.5639,0
SN_004365,LOT_013,8.7456,9.1211,9.4922,9.4721,0,healthy,0.0,50.0,9.5639,0
SN_004366,LOT_013,11.2848,12.0775,12.1107,12.2965,0,healthy,0.0,50.0,9.5639,0
SN_004367,LOT_013,11.0461,11.4357,11.4985,11.7205,0,healthy,0.0,50.0,9.5639,0
SN_004368,LOT_013,9.4243,10.3138,10.8277,11.1091,0,healthy,0.0,50.0,9.5639,0
SN_004369,LOT_013,8.664,9.0247,9.2097,9.165,0,healthy,0.0,50.0,9.5639,0
SN_004370,LOT_013,10.7078,11.6383,12.0111,12.0439,0,healthy,0.0,50.0,9.5639,0
SN_004371,LOT_013,9.7582,10.0761,10.2889,10.5427,0,healthy,0.0,50.0,9.5639,0
SN_004372,LOT_013,10.3248,11.5141,11.7309,11.9574,0,healthy,0.0,50.0,9.5639,0
SN_004373,LOT_013,8.5501,9.2859,9.7252,9.7117,0,healthy,0.0,50.0,9.5639,0
SN_004374,LOT_013,11.5499,18.2108,20.5058,20.4448,1,mobile_ion,0.2319,50.0,9.5639,0
SN_004375,LOT_013,8.7699,9.555,9.8147,10.1794,0,healthy,0.0,50.0,9.5639,0
SN_004376,LOT_013,8.6231,9.0563,9.1227,9.2384,0,healthy,0.0,50.0,9.5639,0
SN_004377,LOT_013,10.0571,11.4869,11.8695,11.9274,0,healthy,0.0,50.0,9.5639,0
SN_004378,LOT_013,9.9746,10.3856,10.9169,10.9659,0,healthy,0.0,50.0,9.5639,0
SN_004379,LOT_013,11.1466,11.5009,11.6513,11.702,0,healthy,0.0,50.0,9.5639,0
SN_004380,LOT_013,10.9836,12.0211,12.6891,12.754,0,healthy,0.0,50.0,9.5639,0
SN_004381,LOT_013,9.9352,11.1508,11.5799,12.0201,0,healthy,0.0,50.0,9.5639,0
SN_004382,LOT_013,9.9488,11.0702,11.6019,11.6647,0,healthy,0.0,50.0,9.5639,0
SN_004383,LOT_013,10.4658,10.8163,10.9953,11.0703,0,healthy,0.0,50.0,9.5639,0
SN_004384,LOT_013,9.7366,10.3462,10.6039,10.5679,0,healthy,0.0,50.0,9.5639,0
SN_004385,LOT_013,10.422,10.8682,11.2405,11.1868,0,healthy,0.0,50.0,9.5639,0
SN_004386,LOT_013,9.9589,11.4695,11.7376,11.9112,0,healthy,0.0,50.0,9.5639,0
SN_004387,LOT_013,9.3275,10.1739,10.3928,10.5149,0,healthy,0.0,50.0,9.5639,0
SN_004388,LOT_013,9.4278,10.4467,10.4538,10.7377,0,healthy,0.0,50.0,9.5639,0
SN_004389,LOT_013,8.8549,9.4788,9.6659,9.6598,0,healthy,0.0,50.0,9.5639,0
SN_004390,LOT_013,9.2352,9.8431,9.9152,10.2323,0,healthy,0.0,50.0,9.5639,0
SN_004391,LOT_013,9.2127,9.8204,10.2521,10.4852,0,healthy,0.0,50.0,9.5639,0
SN_004392,LOT_013,10.884,11.9296,12.5042,12.7112,0,healthy,0.0,50.0,9.5639,0
SN_004393,LOT_013,9.2985,9.5905,9.7553,9.7446,0,healthy,0.0,50.0,9.5639,0
SN_004394,LOT_013,8.245,8.8627,9.1698,9.2901,0,healthy,0.0,50.0,9.5639,0
SN_004395,LOT_013,9.6773,11.189,11.4626,11.4787,0,healthy,0.0,50.0,9.5639,0
SN_004396,LOT_013,9.4019,10.2595,10.761,10.9382,0,healthy,0.0,50.0,9.5639,0
SN_004397,LOT_013,8.9395,10.0748,10.3838,10.5694,0,healthy,0.0,50.0,9.5639,0
SN_004398,LOT_013,9.4468,10.3654,10.7622,10.8272,0,healthy,0.0,50.0,9.5639,0
SN_004399,LOT_014,8.6783,9.2103,9.4791,9.6304,0,healthy,0.0,50.0,9.3033,1
SN_004400,LOT_014,9.7536,10.2029,10.2756,10.2983,0,healthy,0.0,50.0,9.3033,1
SN_004401,LOT_014,8.2981,9.4287,9.8061,9.8303,0,healthy,0.0,50.0,9.3033,1
SN_004402,LOT_014,10.5781,11.6764,11.6958,11.8402,0,healthy,0.0,50.0,9.3033,1
SN_004403,LOT_014,10.0204,11.4457,11.5999,11.9817,0,healthy,0.0,50.0,9.3033,1
SN_004404,LOT_014,11.1389,12.1127,12.4235,12.8767,0,healthy,0.0,50.0,9.3033,1
SN_004405,LOT_014,7.8157,8.6764,8.9491,9.338,0,healthy,0.0,50.0,9.3033,1
SN_004406,LOT_014,9.998,10.6027,10.7373,10.8694,0,healthy,0.0,50.0,9.3033,1
SN_004407,LOT_014,7.5121,8.0652,8.3378,8.5203,0,healthy,0.0,50.0,9.3033,1
SN_004408,LOT_014,8.7167,9.7327,10.1354,10.1172,0,healthy,0.0,50.0,9.3033,1
SN_004409,LOT_014,9.907,11.172,11.4677,11.533,0,healthy,0.0,50.0,9.3033,1
SN_004410,LOT_014,9.8369,10.2697,10.8049,10.6531,0,healthy,0.0,50.0,9.3033,1
SN_004411,LOT_014,9.3046,9.9909,10.458,10.7472,0,healthy,0.0,50.0,9.3033,1
SN_004412,LOT_014,6.4445,7.1587,7.3028,7.4705,0,healthy,0.0,50.0,9.3033,1
SN_004413,LOT_014,7.5521,7.8733,7.9547,8.0558,0,healthy,0.0,50.0,9.3033,1
SN_004414,LOT_014,9.8907,10.8281,11.2201,11.3979,0,healthy,0.0,50.0,9.3033,1
SN_004415,LOT_014,11.4828,12.8066,13.3165,13.2534,0,healthy,0.0,50.0,9.3033,1
SN_004416,LOT_014,7.2534,8.2561,8.3943,8.5438,0,healthy,0.0,50.0,9.3033,1
SN_004417,LOT_014,9.6815,10.297,10.3284,10.5865,0,healthy,0.0,50.0,9.3033,1
SN_004418,LOT_014,10.3611,10.9709,11.1989,11.1927,0,healthy,0.0,50.0,9.3033,1
SN_004419,LOT_014,11.305,11.7606,11.843,11.7643,0,healthy,0.0,50.0,9.3033,1
SN_004420,LOT_014,10.7467,11.8636,12.2691,12.1772,0,healthy,0.0,50.0,9.3033,1
SN_004421,LOT_014,10.7657,11.8859,12.4496,12.6351,0,healthy,0.0,50.0,9.3033,1
SN_004422,LOT_014,9.2162,10.3556,10.6913,10.9128,0,healthy,0.0,50.0,9.3033,1
SN_004423,LOT_014,10.0249,10.537,10.7872,10.8996,0,healthy,0.0,50.0,9.3033,1
SN_004424,LOT_014,7.4826,7.8689,7.9017,7.9869,0,healthy,0.0,50.0,9.3033,1
SN_004425,LOT_014,8.7909,9.5351,9.7926,9.7767,0,healthy,0.0,50.0,9.3033,1
SN_004426,LOT_014,9.999,10.7786,10.9287,11.107,0,healthy,0.0,50.0,9.3033,1
SN_004427,LOT_014,9.0829,9.9282,10.1009,10.2016,0,healthy,0.0,50.0,9.3033,1
SN_004428,LOT_014,11.902,12.5903,12.5356,12.9104,0,healthy,0.0,50.0,9.3033,1
SN_004429,LOT_014,9.7062,10.5496,11.0135,11.2456,0,healthy,0.0,50.0,9.3033,1
SN_004430,LOT_014,8.8773,10.1081,10.3789,10.5588,0,healthy,0.0,50.0,9.3033,1
SN_004431,LOT_014,10.7314,11.9787,12.4464,12.9193,0,healthy,0.0,50.0,9.3033,1
SN_004432,LOT_014,7.7554,8.5324,8.8595,8.8687,0,healthy,0.0,50.0,9.3033,1
SN_004433,LOT_014,6.9238,7.4129,7.5629,7.7936,0,healthy,0.0,50.0,9.3033,1
SN_004434,LOT_014,7.5078,8.3021,8.4081,8.5455,0,healthy,0.0,50.0,9.3033,1
SN_004435,LOT_014,10.1977,11.2087,11.5658,11.5,0,healthy,0.0,50.0,9.3033,1
SN_004436,LOT_014,9.6029,10.6851,11.0761,11.1822,0,healthy,0.0,50.0,9.3033,1
SN_004437,LOT_014,9.4456,10.0089,10.1224,10.2622,0,healthy,0.0,50.0,9.3033,1
SN_004438,LOT_014,9.1409,10.2148,10.585,10.5528,0,healthy,0.0,50.0,9.3033,1
SN_004439,LOT_014,10.8418,11.243,11.3923,11.4091,0,healthy,0.0,50.0,9.3033,1
SN_004440,LOT_014,9.8517,10.6719,11.2169,11.3885,0,healthy,0.0,50.0,9.3033,1
SN_004441,LOT_014,9.9769,11.1982,11.5979,11.771,0,healthy,0.0,50.0,9.3033,1
SN_004442,LOT_014,10.6167,12.1867,12.448,12.6176,0,healthy,0.0,50.0,9.3033,1
SN_004443,LOT_014,8.7005,9.3236,9.5398,9.621,0,healthy,0.0,50.0,9.3033,1
SN_004444,LOT_014,10.266,11.6475,11.8296,12.1459,0,healthy,0.0,50.0,9.3033,1
SN_004445,LOT_014,8.0349,9.0147,9.3815,9.7166,0,healthy,0.0,50.0,9.3033,1
SN_004446,LOT_014,9.7259,10.5738,11.0059,11.0691,0,healthy,0.0,50.0,9.3033,1
SN_004447,LOT_014,9.5608,10.0459,9.9974,10.0715,0,healthy,0.0,50.0,9.3033,1
SN_004448,LOT_014,7.1497,7.6846,7.9933,8.0794,0,healthy,0.0,50.0,9.3033,1
SN_004449,LOT_014,8.8624,9.8757,10.2719,10.4128,0,healthy,0.0,50.0,9.3033,1
SN_004450,LOT_014,12.4032,13.3741,13.7837,13.9743,0,healthy,0.0,50.0,9.3033,1
SN_004451,LOT_014,9.4881,9.9447,10.2484,10.257,0,healthy,0.0,50.0,9.3033,1
SN_004452,LOT_014,8.8964,9.2918,9.399,9.4191,0,healthy,0.0,50.0,9.3033,1
SN_004453,LOT_014,7.0987,7.6179,7.7725,7.9965,0,healthy,0.0,50.0,9.3033,1
SN_004454,LOT_014,9.7436,10.2878,10.5541,10.5544,0,healthy,0.0,50.0,9.3033,1
SN_004455,LOT_014,9.1473,9.4274,9.8053,9.7993,0,healthy,0.0,50.0,9.3033,1
SN_004456,LOT_014,9.3985,10.5929,10.7393,11.0009,0,healthy,0.0,50.0,9.3033,1
SN_004457,LOT_014,9.1836,9.7797,9.8989,9.8706,0,healthy,0.0,50.0,9.3033,1
SN_004458,LOT_014,11.0209,12.6178,13.0084,13.1233,0,healthy,0.0,50.0,9.3033,1
SN_004459,LOT_014,9.7952,10.7993,11.0551,11.5079,0,healthy,0.0,50.0,9.3033,1
SN_004460,LOT_014,10.7402,11.3977,11.6759,11.798,0,healthy,0.0,50.0,9.3033,1
SN_004461,LOT_014,7.0105,7.7019,7.9296,8.0366,0,healthy,0.0,50.0,9.3033,1
SN_004462,LOT_014,9.6775,10.7688,11.1102,11.2861,0,healthy,0.0,50.0,9.3033,1
SN_004463,LOT_014,10.8195,11.753,12.0187,12.1245,0,healthy,0.0,50.0,9.3033,1
SN_004464,LOT_014,10.6109,11.1065,11.3501,11.3809,0,healthy,0.0,50.0,9.3033,1
SN_004465,LOT_014,8.1932,8.5817,8.6685,8.6364,0,healthy,0.0,50.0,9.3033,1
SN_004466,LOT_014,13.9715,14.6624,14.9608,14.8663,0,healthy,0.0,50.0,9.3033,1
SN_004467,LOT_014,10.6155,11.7657,12.1797,12.3916,0,healthy,0.0,50.0,9.3033,1
SN_004468,LOT_014,9.036,9.6615,9.7016,9.8242,0,healthy,0.0,50.0,9.3033,1
SN_004469,LOT_014,9.5883,9.9724,10.3332,10.3516,0,healthy,0.0,50.0,9.3033,1
SN_004470,LOT_014,13.1337,14.1384,14.3608,14.7023,0,healthy,0.0,50.0,9.3033,1
SN_004471,LOT_014,10.6888,11.6291,12.063,12.2199,0,healthy,0.0,50.0,9.3033,1
SN_004472,LOT_014,12.1152,13.3194,13.515,13.905,0,healthy,0.0,50.0,9.3033,1
SN_004473,LOT_014,9.7322,9.9465,10.1752,10.3658,0,healthy,0.0,50.0,9.3033,1
SN_004474,LOT_014,8.1145,8.7078,8.762,8.7784,0,healthy,0.0,50.0,9.3033,1
SN_004475,LOT_014,10.2832,11.0058,11.2044,11.366,0,healthy,0.0,50.0,9.3033,1
SN_004476,LOT_014,6.6898,7.1625,7.3625,7.3154,0,healthy,0.0,50.0,9.3033,1
SN_004477,LOT_014,9.0247,9.367,9.4994,9.5167,0,healthy,0.0,50.0,9.3033,1
SN_004478,LOT_014,7.1863,8.2208,8.3939,8.5627,0,healthy,0.0,50.0,9.3033,1
SN_004479,LOT_014,10.1144,10.3123,10.5911,10.6449,0,healthy,0.0,50.0,9.3033,1
SN_004480,LOT_014,10.569,11.8855,12.2674,12.4057,0,healthy,0.0,50.0,9.3033,1
SN_004481,LOT_014,8.5529,9.1365,9.609,9.7574,0,healthy,0.0,50.0,9.3033,1
SN_004482,LOT_014,7.9451,8.4551,8.5523,8.6938,0,healthy,0.0,50.0,9.3033,1
SN_004483,LOT_014,10.6427,11.2476,11.6468,11.6598,0,healthy,0.0,50.0,9.3033,1
SN_004484,LOT_014,8.646,9.5591,9.8601,9.9964,0,healthy,0.0,50.0,9.3033,1
SN_004485,LOT_014,9.788,10.7412,11.0731,11.1224,0,healthy,0.0,50.0,9.3033,1
SN_004486,LOT_014,8.0823,8.3914,8.699,8.879,0,healthy,0.0,50.0,9.3033,1
SN_004487,LOT_014,7.7389,8.6866,8.9416,9.1642,0,healthy,0.0,50.0,9.3033,1
SN_004488,LOT_014,10.6554,11.5096,11.6552,11.6393,0,healthy,0.0,50.0,9.3033,1
SN_004489,LOT_014,8.3947,8.9962,9.2396,9.4883,0,healthy,0.0,50.0,9.3033,1
SN_004490,LOT_014,7.9543,8.4076,8.55,8.5063,0,healthy,0.0,50.0,9.3033,1
SN_004491,LOT_014,10.8671,11.7192,11.9943,12.0422,0,healthy,0.0,50.0,9.3033,1
SN_004492,LOT_014,6.8831,7.3653,7.5922,7.7164,0,healthy,0.0,50.0,9.3033,1
SN_004493,LOT_014,9.7748,10.4323,10.4848,10.7109,0,healthy,0.0,50.0,9.3033,1
SN_004494,LOT_014,7.2007,7.5064,7.7421,7.8549,0,healthy,0.0,50.0,9.3033,1
SN_004495,LOT_014,11.4898,11.8661,12.3369,12.4877,0,healthy,0.0,50.0,9.3033,1
SN_004496,LOT_014,10.0444,11.07,11.1257,11.2681,0,healthy,0.0,50.0,9.3033,1
SN_004497,LOT_014,9.1239,10.2065,10.5939,10.7665,0,healthy,0.0,50.0,9.3033,1
SN_004498,LOT_014,8.6676,9.2364,9.3474,9.3639,0,healthy,0.0,50.0,9.3033,1
SN_004499,LOT_014,9.0878,10.1246,10.3976,10.6099,0,healthy,0.0,50.0,9.3033,1
SN_004500,LOT_014,8.464,8.7596,8.9177,9.0384,0,healthy,0.0,50.0,9.3033,1
SN_004501,LOT_014,9.2145,9.695,9.7919,9.7892,0,healthy,0.0,50.0,9.3033,1
SN_004502,LOT_014,9.8016,11.2789,11.6004,11.7794,0,healthy,0.0,50.0,9.3033,1
SN_004503,LOT_014,11.1849,12.5832,12.9379,13.2312,0,healthy,0.0,50.0,9.3033,1
SN_004504,LOT_014,9.1955,9.7838,9.7875,9.9292,0,healthy,0.0,50.0,9.3033,1
SN_004505,LOT_014,9.0831,10.1688,10.4019,10.5375,0,healthy,0.0,50.0,9.3033,1
SN_004506,LOT_014,6.6053,7.3276,7.5421,7.7393,0,healthy,0.0,50.0,9.3033,1
SN_004507,LOT_014,7.5427,8.0894,8.3072,8.3982,0,healthy,0.0,50.0,9.3033,1
SN_004508,LOT_014,9.379,10.2102,10.4791,10.661,0,healthy,0.0,50.0,9.3033,1
SN_004509,LOT_014,6.873,7.6846,7.8084,7.9854,0,healthy,0.0,50.0,9.3033,1
SN_004510,LOT_014,12.9732,14.6389,15.2267,15.422,0,healthy,0.0,50.0,9.3033,1
SN_004511,LOT_014,7.5689,8.3632,8.696,8.734,0,healthy,0.0,50.0,9.3033,1
SN_004512,LOT_014,10.787,11.8429,11.9957,12.0459,0,healthy,0.0,50.0,9.3033,1
SN_004513,LOT_014,9.3166,10.2698,10.4781,10.7788,0,healthy,0.0,50.0,9.3033,1
SN_004514,LOT_014,8.7032,9.4189,9.6398,9.8895,0,healthy,0.0,50.0,9.3033,1
SN_004515,LOT_014,8.7497,9.3061,9.3928,9.7184,0,healthy,0.0,50.0,9.3033,1
SN_004516,LOT_014,7.5578,8.285,8.6497,8.867,0,healthy,0.0,50.0,9.3033,1
SN_004517,LOT_014,10.3794,11.0131,11.4442,11.5481,0,healthy,0.0,50.0,9.3033,1
SN_004518,LOT_014,8.3149,8.8095,8.9612,8.9852,0,healthy,0.0,50.0,9.3033,1
SN_004519,LOT_014,11.5197,13.1411,13.5815,13.705,0,healthy,0.0,50.0,9.3033,1
SN_004520,LOT_014,8.7101,9.171,9.2449,9.427,0,healthy,0.0,50.0,9.3033,1
SN_004521,LOT_014,10.4029,10.8673,10.9205,11.0893,0,healthy,0.0,50.0,9.3033,1
SN_004522,LOT_014,10.4387,11.3963,12.0254,12.0128,0,healthy,0.0,50.0,9.3033,1
SN_004523,LOT_014,8.7896,9.5664,9.967,10.1164,0,healthy,0.0,50.0,9.3033,1
SN_004524,LOT_014,12.6775,13.341,13.6868,14.0236,0,healthy,0.0,50.0,9.3033,1
SN_004525,LOT_014,10.0208,11.0013,11.4278,11.5446,0,healthy,0.0,50.0,9.3033,1
SN_004526,LOT_014,9.4559,10.3498,10.655,10.9427,0,healthy,0.0,50.0,9.3033,1
SN_004527,LOT_014,10.9214,11.4257,12.0416,12.3118,0,healthy,0.0,50.0,9.3033,1
SN_004528,LOT_014,13.647,14.8544,15.4093,15.516,0,healthy,0.0,50.0,9.3033,1
SN_004529,LOT_014,11.3353,12.0828,12.5272,12.6783,0,healthy,0.0,50.0,9.3033,1
SN_004530,LOT_014,10.6144,14.3923,16.5239,17.6575,1,nbti_ageing,0.3107,50.0,9.3033,1
SN_004531,LOT_014,5.6806,6.2505,6.4277,6.6176,0,healthy,0.0,50.0,9.3033,1
SN_004532,LOT_014,8.6621,9.7391,10.1165,10.3281,0,healthy,0.0,50.0,9.3033,1
SN_004533,LOT_014,16.0556,17.0656,17.528,17.5677,0,healthy,0.0,50.0,9.3033,1
SN_004534,LOT_014,6.5886,6.9799,7.3047,7.3949,0,healthy,0.0,50.0,9.3033,1
SN_004535,LOT_014,6.8458,7.5958,7.875,7.9349,0,healthy,0.0,50.0,9.3033,1
SN_004536,LOT_014,11.5621,12.5594,13.0471,13.2833,0,healthy,0.0,50.0,9.3033,1
SN_004537,LOT_014,8.738,8.9919,9.1589,9.2762,0,healthy,0.0,50.0,9.3033,1
SN_004538,LOT_014,9.2091,10.4734,10.6977,10.8388,0,healthy,0.0,50.0,9.3033,1
SN_004539,LOT_014,7.9336,8.2992,8.3447,8.4427,0,healthy,0.0,50.0,9.3033,1
SN_004540,LOT_014,9.476,10.3686,10.9964,11.3668,0,healthy,0.0,50.0,9.3033,1
SN_004541,LOT_014,8.2625,8.8665,9.1528,9.3176,0,healthy,0.0,50.0,9.3033,1
SN_004542,LOT_014,10.2563,11.3304,11.7514,11.7979,0,healthy,0.0,50.0,9.3033,1
SN_004543,LOT_014,9.0325,9.5419,9.5036,9.7497,0,healthy,0.0,50.0,9.3033,1
SN_004544,LOT_014,7.9224,8.2823,8.4837,8.5751,0,healthy,0.0,50.0,9.3033,1
SN_004545,LOT_014,8.947,9.9815,10.5154,10.6248,0,healthy,0.0,50.0,9.3033,1
SN_004546,LOT_014,10.1728,11.5159,11.7193,12.0238,0,healthy,0.0,50.0,9.3033,1
SN_004547,LOT_014,7.9706,8.3319,8.3832,8.4276,0,healthy,0.0,50.0,9.3033,1
SN_004548,LOT_014,9.2987,9.8901,10.0543,10.1314,0,healthy,0.0,50.0,9.3033,1
SN_004549,LOT_014,8.0913,8.8536,9.2946,9.4051,0,healthy,0.0,50.0,9.3033,1
SN_004550,LOT_014,8.7716,9.6008,10.054,10.2811,0,healthy,0.0,50.0,9.3033,1
SN_004551,LOT_014,6.9308,7.0989,7.308,7.2135,0,healthy,0.0,50.0,9.3033,1
SN_004552,LOT_014,11.8846,13.3057,14.0232,14.3085,0,healthy,0.0,50.0,9.3033,1
SN_004553,LOT_014,11.6036,12.7994,13.1018,13.3482,0,healthy,0.0,50.0,9.3033,1
SN_004554,LOT_014,9.0296,9.3372,9.6078,9.7689,0,healthy,0.0,50.0,9.3033,1
SN_004555,LOT_014,8.1866,8.6209,9.0619,9.2121,0,healthy,0.0,50.0,9.3033,1
SN_004556,LOT_014,8.9716,9.455,9.5147,9.5255,0,healthy,0.0,50.0,9.3033,1
SN_004557,LOT_014,9.0991,9.3533,9.5639,9.6064,0,healthy,0.0,50.0,9.3033,1
SN_004558,LOT_014,8.321,9.2215,9.5488,9.8541,0,healthy,0.0,50.0,9.3033,1
SN_004559,LOT_014,9.9163,10.8856,11.3589,11.4468,0,healthy,0.0,50.0,9.3033,1
SN_004560,LOT_014,9.4293,10.2426,10.4596,10.7166,0,healthy,0.0,50.0,9.3033,1
SN_004561,LOT_014,9.9228,10.7498,11.1773,11.2478,0,healthy,0.0,50.0,9.3033,1
SN_004562,LOT_014,10.8265,11.9813,12.5163,12.9413,0,healthy,0.0,50.0,9.3033,1
SN_004563,LOT_014,8.02,8.7359,8.9527,9.1233,0,healthy,0.0,50.0,9.3033,1
SN_004564,LOT_014,8.4581,9.3361,9.6528,9.7515,0,healthy,0.0,50.0,9.3033,1
SN_004565,LOT_014,8.8733,9.5293,9.7319,9.6773,0,healthy,0.0,50.0,9.3033,1
SN_004566,LOT_014,8.9621,9.5025,9.6866,9.8283,0,healthy,0.0,50.0,9.3033,1
SN_004567,LOT_014,12.0314,12.9614,13.4874,13.6218,0,healthy,0.0,50.0,9.3033,1
SN_004568,LOT_014,10.5708,10.7772,10.9554,11.0891,0,healthy,0.0,50.0,9.3033,1
SN_004569,LOT_014,8.2151,8.5529,8.9597,8.991,0,healthy,0.0,50.0,9.3033,1
SN_004570,LOT_014,10.1936,10.7789,10.7991,11.0072,0,healthy,0.0,50.0,9.3033,1
SN_004571,LOT_014,8.0463,8.8998,9.374,9.5206,0,healthy,0.0,50.0,9.3033,1
SN_004572,LOT_014,10.9425,11.7099,11.8751,11.9998,0,healthy,0.0,50.0,9.3033,1
SN_004573,LOT_014,8.2541,8.5518,8.6238,8.794,0,healthy,0.0,50.0,9.3033,1
SN_004574,LOT_014,8.0938,8.7534,8.9229,9.1202,0,healthy,0.0,50.0,9.3033,1
SN_004575,LOT_014,8.6414,9.0222,9.0219,8.9893,0,healthy,0.0,50.0,9.3033,1
SN_004576,LOT_014,8.8308,9.3919,9.589,9.7239,0,healthy,0.0,50.0,9.3033,1
SN_004577,LOT_014,9.8439,11.1531,11.5281,11.8013,0,healthy,0.0,50.0,9.3033,1
SN_004578,LOT_014,10.9746,11.3867,11.3941,11.6815,0,healthy,0.0,50.0,9.3033,1
SN_004579,LOT_014,9.2935,10.3792,10.6846,10.8635,0,healthy,0.0,50.0,9.3033,1
SN_004580,LOT_014,9.801,10.6744,11.0631,11.0294,0,healthy,0.0,50.0,9.3033,1
SN_004581,LOT_014,8.4047,9.4027,9.6457,9.7236,0,healthy,0.0,50.0,9.3033,1
SN_004582,LOT_014,10.3559,11.4231,11.7115,11.867,0,healthy,0.0,50.0,9.3033,1
SN_004583,LOT_014,10.6402,11.1242,11.2079,11.4223,0,healthy,0.0,50.0,9.3033,1
SN_004584,LOT_014,9.0004,10.1238,10.5706,10.8319,0,healthy,0.0,50.0,9.3033,1
SN_004585,LOT_014,13.0891,14.2286,14.7367,15.0221,0,healthy,0.0,50.0,9.3033,1
SN_004586,LOT_014,8.7861,9.145,9.4278,9.4104,0,healthy,0.0,50.0,9.3033,1
SN_004587,LOT_014,10.012,10.7548,10.8844,10.8107,0,healthy,0.0,50.0,9.3033,1
SN_004588,LOT_014,11.9627,12.6388,12.7657,12.8668,0,healthy,0.0,50.0,9.3033,1
SN_004589,LOT_014,11.6635,12.0361,12.334,12.2834,0,healthy,0.0,50.0,9.3033,1
SN_004590,LOT_014,8.6548,9.2691,9.3605,9.5565,0,healthy,0.0,50.0,9.3033,1
SN_004591,LOT_014,8.2601,8.6371,8.7322,8.8575,0,healthy,0.0,50.0,9.3033,1
SN_004592,LOT_014,10.8043,11.6607,12.1534,12.1938,0,healthy,0.0,50.0,9.3033,1
SN_004593,LOT_014,7.6537,8.1925,8.3195,8.3223,0,healthy,0.0,50.0,9.3033,1
SN_004594,LOT_014,9.6829,10.5317,10.7827,10.8682,0,healthy,0.0,50.0,9.3033,1
SN_004595,LOT_014,8.4853,9.5368,9.8981,9.7743,0,healthy,0.0,50.0,9.3033,1
SN_004596,LOT_014,10.7462,11.2781,11.6861,11.7127,0,healthy,0.0,50.0,9.3033,1
SN_004597,LOT_014,9.8852,10.7199,11.1385,11.1466,0,healthy,0.0,50.0,9.3033,1
SN_004598,LOT_014,8.7893,9.1618,9.5118,9.4046,0,healthy,0.0,50.0,9.3033,1
SN_004599,LOT_014,10.96,11.8639,12.1477,12.4496,0,healthy,0.0,50.0,9.3033,1
SN_004600,LOT_014,9.0974,10.1405,10.361,10.673,0,healthy,0.0,50.0,9.3033,1
SN_004601,LOT_014,11.6004,12.3968,13.0242,13.0768,0,healthy,0.0,50.0,9.3033,1
SN_004602,LOT_014,7.1889,7.5045,7.6711,7.7714,0,healthy,0.0,50.0,9.3033,1
SN_004603,LOT_014,8.9306,9.2489,9.3657,9.3778,0,healthy,0.0,50.0,9.3033,1
SN_004604,LOT_014,10.9032,11.6478,11.8735,12.2646,0,healthy,0.0,50.0,9.3033,1
SN_004605,LOT_014,10.3498,11.2916,11.4853,11.7556,0,healthy,0.0,50.0,9.3033,1
SN_004606,LOT_014,10.6513,12.1292,12.1482,12.3094,0,healthy,0.0,50.0,9.3033,1
SN_004607,LOT_014,10.7953,11.6362,11.9296,12.032,0,healthy,0.0,50.0,9.3033,1
SN_004608,LOT_014,8.1573,8.6724,8.9772,8.9812,0,healthy,0.0,50.0,9.3033,1
SN_004609,LOT_014,7.7296,8.3396,8.4962,8.5779,0,healthy,0.0,50.0,9.3033,1
SN_004610,LOT_014,8.1074,9.0184,9.3464,9.4064,0,healthy,0.0,50.0,9.3033,1
SN_004611,LOT_014,7.7789,8.1897,8.2788,8.3588,0,healthy,0.0,50.0,9.3033,1
SN_004612,LOT_014,13.3938,15.0538,15.729,16.1125,0,healthy,0.0,50.0,9.3033,1
SN_004613,LOT_014,6.4291,7.2963,7.4303,7.7115,0,healthy,0.0,50.0,9.3033,1
SN_004614,LOT_014,7.6828,8.7311,8.8868,8.8713,0,healthy,0.0,50.0,9.3033,1
SN_004615,LOT_014,9.3932,10.5606,10.9815,11.2571,0,healthy,0.0,50.0,9.3033,1
SN_004616,LOT_014,10.0053,10.9502,11.3974,11.5497,0,healthy,0.0,50.0,9.3033,1
SN_004617,LOT_014,10.454,11.678,12.1742,12.3466,0,healthy,0.0,50.0,9.3033,1
SN_004618,LOT_014,8.4539,8.8972,8.808,9.0192,0,healthy,0.0,50.0,9.3033,1
SN_004619,LOT_014,10.456,11.1645,11.4115,11.5954,0,healthy,0.0,50.0,9.3033,1
SN_004620,LOT_014,11.0945,11.8137,12.0681,12.1891,0,healthy,0.0,50.0,9.3033,1
SN_004621,LOT_014,9.6849,9.9206,10.0948,10.3883,0,healthy,0.0,50.0,9.3033,1
SN_004622,LOT_014,10.9951,11.6457,11.683,11.7538,0,healthy,0.0,50.0,9.3033,1
SN_004623,LOT_014,9.2796,9.5758,9.7509,9.7722,0,healthy,0.0,50.0,9.3033,1
SN_004624,LOT_014,9.9817,11.0129,11.3477,11.6275,0,healthy,0.0,50.0,9.3033,1
SN_004625,LOT_014,11.3713,12.7252,13.3005,13.5813,0,healthy,0.0,50.0,9.3033,1
SN_004626,LOT_014,8.6167,8.963,9.1522,9.2154,0,healthy,0.0,50.0,9.3033,1
SN_004627,LOT_014,12.3127,13.3252,13.6698,13.9344,0,healthy,0.0,50.0,9.3033,1
SN_004628,LOT_014,8.8211,10.0991,10.3768,10.2881,0,healthy,0.0,50.0,9.3033,1
SN_004629,LOT_014,7.9602,8.6371,8.9551,9.1848,0,healthy,0.0,50.0,9.3033,1
SN_004630,LOT_014,9.4074,9.8308,10.1226,10.1409,0,healthy,0.0,50.0,9.3033,1
SN_004631,LOT_014,7.022,7.3409,7.491,7.7433,0,healthy,0.0,50.0,9.3033,1
SN_004632,LOT_014,12.8492,14.0411,14.3453,14.5253,0,healthy,0.0,50.0,9.3033,1
SN_004633,LOT_014,9.8836,10.6859,10.7767,11.3526,0,healthy,0.0,50.0,9.3033,1
SN_004634,LOT_014,8.7437,9.214,9.1375,9.2958,0,healthy,0.0,50.0,9.3033,1
SN_004635,LOT_014,5.7184,6.3627,6.693,6.7135,0,healthy,0.0,50.0,9.3033,1
SN_004636,LOT_014,9.1942,10.1738,10.603,10.592,0,healthy,0.0,50.0,9.3033,1
SN_004637,LOT_014,8.8824,9.9037,10.3787,10.4673,0,healthy,0.0,50.0,9.3033,1
SN_004638,LOT_014,7.9415,8.325,8.6226,8.5573,0,healthy,0.0,50.0,9.3033,1
SN_004639,LOT_014,7.7938,8.4041,8.6925,8.8327,0,healthy,0.0,50.0,9.3033,1
SN_004640,LOT_014,9.4482,10.5057,10.8308,11.0045,0,healthy,0.0,50.0,9.3033,1
SN_004641,LOT_014,6.8641,7.7672,7.873,7.9893,0,healthy,0.0,50.0,9.3033,1
SN_004642,LOT_014,10.6869,11.8192,12.3168,12.9566,0,healthy,0.0,50.0,9.3033,1
SN_004643,LOT_014,8.0836,8.8712,9.4687,9.5191,0,healthy,0.0,50.0,9.3033,1
SN_004644,LOT_014,9.1435,9.5441,9.5419,9.5865,0,healthy,0.0,50.0,9.3033,1
SN_004645,LOT_014,8.6569,9.9053,10.2691,10.3635,0,healthy,0.0,50.0,9.3033,1
SN_004646,LOT_014,9.432,9.966,10.0335,10.1027,0,healthy,0.0,50.0,9.3033,1
SN_004647,LOT_014,6.9874,7.6201,7.7779,7.7731,0,healthy,0.0,50.0,9.3033,1
SN_004648,LOT_014,9.8815,10.2333,10.5036,10.4346,0,healthy,0.0,50.0,9.3033,1
SN_004649,LOT_014,9.2405,9.8943,10.2793,10.5376,0,healthy,0.0,50.0,9.3033,1
SN_004650,LOT_014,10.3664,11.3371,11.4516,11.5926,0,healthy,0.0,50.0,9.3033,1
SN_004651,LOT_014,9.3741,10.4751,11.1155,11.2031,0,healthy,0.0,50.0,9.3033,1
SN_004652,LOT_014,9.6325,10.8763,11.2562,11.5034,0,healthy,0.0,50.0,9.3033,1
SN_004653,LOT_014,12.5624,13.7885,14.4104,14.7047,0,healthy,0.0,50.0,9.3033,1
SN_004654,LOT_014,9.6482,10.2276,10.5717,10.6165,0,healthy,0.0,50.0,9.3033,1
SN_004655,LOT_014,9.3184,9.7275,9.7127,9.8342,0,healthy,0.0,50.0,9.3033,1
SN_004656,LOT_014,12.2169,13.0995,13.4659,13.6731,0,healthy,0.0,50.0,9.3033,1
SN_004657,LOT_014,8.8735,9.194,9.3735,9.4239,0,healthy,0.0,50.0,9.3033,1
SN_004658,LOT_014,9.0777,10.1523,10.4345,10.6693,0,healthy,0.0,50.0,9.3033,1
SN_004659,LOT_014,9.2233,10.3723,10.64,10.7492,0,healthy,0.0,50.0,9.3033,1
SN_004660,LOT_014,9.2355,9.6513,10.0099,9.9866,0,healthy,0.0,50.0,9.3033,1
SN_004661,LOT_014,7.4656,7.6003,7.7943,7.8072,0,healthy,0.0,50.0,9.3033,1
SN_004662,LOT_014,7.5244,8.6203,8.6738,8.9639,0,healthy,0.0,50.0,9.3033,1
SN_004663,LOT_014,10.5725,11.0299,11.3762,11.4709,0,healthy,0.0,50.0,9.3033,1
SN_004664,LOT_014,8.6313,9.7179,10.1107,10.1476,0,healthy,0.0,50.0,9.3033,1
SN_004665,LOT_014,11.791,12.702,12.842,13.117,0,healthy,0.0,50.0,9.3033,1
SN_004666,LOT_014,12.8411,14.5632,15.0315,15.3274,0,healthy,0.0,50.0,9.3033,1
SN_004667,LOT_014,8.8034,9.4776,9.7923,9.9387,0,healthy,0.0,50.0,9.3033,1
SN_004668,LOT_014,9.0489,10.0581,10.3311,10.4712,0,healthy,0.0,50.0,9.3033,1
SN_004669,LOT_014,9.023,9.9968,10.1448,10.3835,0,healthy,0.0,50.0,9.3033,1
SN_004670,LOT_014,8.6945,9.3192,9.4436,9.6711,0,healthy,0.0,50.0,9.3033,1
SN_004671,LOT_014,9.4882,10.704,11.0669,11.2592,0,healthy,0.0,50.0,9.3033,1
SN_004672,LOT_014,10.432,11.5827,12.1286,12.3825,0,healthy,0.0,50.0,9.3033,1
SN_004673,LOT_014,8.1306,8.4982,8.6538,8.796,0,healthy,0.0,50.0,9.3033,1
SN_004674,LOT_014,7.3852,7.9217,8.2107,8.3043,0,healthy,0.0,50.0,9.3033,1
SN_004675,LOT_014,9.2216,9.6571,9.8259,9.8798,0,healthy,0.0,50.0,9.3033,1
SN_004676,LOT_014,10.0859,11.231,11.7779,12.2288,0,healthy,0.0,50.0,9.3033,1
SN_004677,LOT_014,9.06,10.1346,10.3007,10.43,0,healthy,0.0,50.0,9.3033,1
SN_004678,LOT_014,15.841,16.6752,16.5291,16.8315,0,healthy,0.0,50.0,9.3033,1
SN_004679,LOT_014,9.8869,10.4695,10.656,10.7303,0,healthy,0.0,50.0,9.3033,1
SN_004680,LOT_014,8.8348,9.1364,9.3386,9.4212,0,healthy,0.0,50.0,9.3033,1
SN_004681,LOT_014,10.7336,11.3962,11.8721,12.0362,0,healthy,0.0,50.0,9.3033,1
SN_004682,LOT_014,9.3558,9.7008,9.8189,9.7284,0,healthy,0.0,50.0,9.3033,1
SN_004683,LOT_014,10.0557,11.5115,11.8929,11.9951,0,healthy,0.0,50.0,9.3033,1
SN_004684,LOT_014,11.2458,12.8207,13.1114,13.2103,0,healthy,0.0,50.0,9.3033,1
SN_004685,LOT_014,9.4791,10.0204,10.1017,10.1199,0,healthy,0.0,50.0,9.3033,1
SN_004686,LOT_014,9.6352,10.4361,10.8377,11.1154,0,healthy,0.0,50.0,9.3033,1
SN_004687,LOT_014,8.5107,9.084,9.2104,9.3678,0,healthy,0.0,50.0,9.3033,1
SN_004688,LOT_014,12.0943,12.9018,13.4263,13.6493,0,healthy,0.0,50.0,9.3033,1
SN_004689,LOT_014,11.0073,11.7453,12.0911,12.0917,0,healthy,0.0,50.0,9.3033,1
SN_004690,LOT_014,7.9214,8.6073,8.7898,8.905,0,healthy,0.0,50.0,9.3033,1
SN_004691,LOT_014,6.4322,7.2872,7.5203,7.5999,0,healthy,0.0,50.0,9.3033,1
SN_004692,LOT_014,8.9842,9.6276,9.9439,9.9783,0,healthy,0.0,50.0,9.3033,1
SN_004693,LOT_014,13.0542,13.8676,13.9914,14.2084,0,healthy,0.0,50.0,9.3033,1
SN_004694,LOT_014,10.8417,11.7085,11.8816,12.169,0,healthy,0.0,50.0,9.3033,1
SN_004695,LOT_014,9.5096,10.5931,10.8418,11.0118,0,healthy,0.0,50.0,9.3033,1
SN_004696,LOT_014,7.4018,7.6728,7.8445,7.8432,0,healthy,0.0,50.0,9.3033,1
SN_004697,LOT_014,7.7974,8.716,9.0271,9.0889,0,healthy,0.0,50.0,9.3033,1
SN_004698,LOT_014,12.2293,13.0473,13.3107,13.5249,0,healthy,0.0,50.0,9.3033,1
SN_004699,LOT_014,8.0277,8.5448,8.4543,8.6207,0,healthy,0.0,50.0,9.3033,1
SN_004700,LOT_014,8.4648,9.5022,9.6979,9.833,0,healthy,0.0,50.0,9.3033,1
SN_004701,LOT_014,12.7472,24.6194,24.8495,25.1453,1,mobile_ion,0.3075,50.0,9.3033,1
SN_004702,LOT_014,6.7721,7.1305,7.2572,7.1683,0,healthy,0.0,50.0,9.3033,1
SN_004703,LOT_014,8.1077,8.7606,8.9127,9.0038,0,healthy,0.0,50.0,9.3033,1
SN_004704,LOT_014,10.5088,11.2093,11.5638,11.6324,0,healthy,0.0,50.0,9.3033,1
SN_004705,LOT_014,11.1166,12.2205,12.6372,12.8931,0,healthy,0.0,50.0,9.3033,1
SN_004706,LOT_014,9.794,11.0179,11.3641,11.3946,0,healthy,0.0,50.0,9.3033,1
SN_004707,LOT_014,6.97,7.3,7.384,7.3842,0,healthy,0.0,50.0,9.3033,1
SN_004708,LOT_014,12.4437,12.9215,13.1744,13.0902,0,healthy,0.0,50.0,9.3033,1
SN_004709,LOT_014,9.3455,10.3847,10.8955,11.2034,0,healthy,0.0,50.0,9.3033,1
SN_004710,LOT_014,9.809,11.0152,11.4598,11.4874,0,healthy,0.0,50.0,9.3033,1
SN_004711,LOT_014,10.8336,11.5498,11.7258,12.08,0,healthy,0.0,50.0,9.3033,1
SN_004712,LOT_014,7.7422,8.1413,8.2421,8.3709,0,healthy,0.0,50.0,9.3033,1
SN_004713,LOT_014,9.1066,9.9135,10.1536,10.158,0,healthy,0.0,50.0,9.3033,1
SN_004714,LOT_014,9.4673,9.8608,9.8211,10.1031,0,healthy,0.0,50.0,9.3033,1
SN_004715,LOT_014,8.3458,8.6552,8.73,8.8257,0,healthy,0.0,50.0,9.3033,1
SN_004716,LOT_014,10.9636,11.7797,11.8534,12.1145,0,healthy,0.0,50.0,9.3033,1
SN_004717,LOT_014,8.6836,9.3799,9.5292,9.7134,0,healthy,0.0,50.0,9.3033,1
SN_004718,LOT_014,7.8514,8.1998,8.3656,8.5326,0,healthy,0.0,50.0,9.3033,1
SN_004719,LOT_014,9.4948,10.1382,10.3455,10.5724,0,healthy,0.0,50.0,9.3033,1
SN_004720,LOT_014,9.4555,10.3299,10.6133,10.8614,0,healthy,0.0,50.0,9.3033,1
SN_004721,LOT_014,12.5034,12.9356,13.2716,13.4417,0,healthy,0.0,50.0,9.3033,1
SN_004722,LOT_014,6.8554,7.1086,7.173,7.2182,0,healthy,0.0,50.0,9.3033,1
SN_004723,LOT_014,7.936,8.4903,8.6834,8.8481,0,healthy,0.0,50.0,9.3033,1
SN_004724,LOT_014,9.7092,10.2788,10.6437,10.7177,0,healthy,0.0,50.0,9.3033,1
SN_004725,LOT_014,12.0504,12.2142,12.5118,12.5359,0,healthy,0.0,50.0,9.3033,1
SN_004726,LOT_014,9.3992,9.9344,10.1009,10.0433,0,healthy,0.0,50.0,9.3033,1
SN_004727,LOT_014,9.3502,9.9759,10.0839,10.0978,0,healthy,0.0,50.0,9.3033,1
SN_004728,LOT_015,9.4038,9.9171,10.1937,10.3411,0,healthy,0.0,50.0,8.8909,0
SN_004729,LOT_015,8.8656,9.8446,10.1672,10.509,0,healthy,0.0,50.0,8.8909,0
SN_004730,LOT_015,9.0851,9.5431,9.8184,9.9192,0,healthy,0.0,50.0,8.8909,0
SN_004731,LOT_015,9.0499,9.806,10.1361,10.251,0,healthy,0.0,50.0,8.8909,0
SN_004732,LOT_015,8.5451,8.8452,8.9664,9.0375,0,healthy,0.0,50.0,8.8909,0
SN_004733,LOT_015,6.7526,7.3183,7.4399,7.5102,0,healthy,0.0,50.0,8.8909,0
SN_004734,LOT_015,10.1856,11.0097,11.1144,11.2709,0,healthy,0.0,50.0,8.8909,0
SN_004735,LOT_015,9.3505,9.89,10.0338,10.2025,0,healthy,0.0,50.0,8.8909,0
SN_004736,LOT_015,7.8913,8.1625,8.3007,8.229,0,healthy,0.0,50.0,8.8909,0
SN_004737,LOT_015,8.5795,9.0825,9.1384,9.2679,0,healthy,0.0,50.0,8.8909,0
SN_004738,LOT_015,8.4556,9.0658,9.2856,9.4946,0,healthy,0.0,50.0,8.8909,0
SN_004739,LOT_015,31.7477,32.6911,35.9881,39.4293,1,esd_oxide,0.5354,50.0,8.8909,0
SN_004740,LOT_015,8.412,8.9555,9.0819,9.0926,0,healthy,0.0,50.0,8.8909,0
SN_004741,LOT_015,8.6128,9.7412,9.8854,10.1612,0,healthy,0.0,50.0,8.8909,0
SN_004742,LOT_015,11.8469,12.8635,13.327,13.6277,0,healthy,0.0,50.0,8.8909,0
SN_004743,LOT_015,7.2444,7.9007,8.2147,8.4452,0,healthy,0.0,50.0,8.8909,0
SN_004744,LOT_015,7.4599,8.3346,8.7402,8.7921,0,healthy,0.0,50.0,8.8909,0
SN_004745,LOT_015,9.89,10.8592,11.2542,11.3007,0,healthy,0.0,50.0,8.8909,0
SN_004746,LOT_015,9.3954,10.6724,11.0537,11.0764,0,healthy,0.0,50.0,8.8909,0
SN_004747,LOT_015,7.3297,7.9875,8.4548,8.4787,0,healthy,0.0,50.0,8.8909,0
SN_004748,LOT_015,8.7824,9.7275,10.0874,10.1777,0,healthy,0.0,50.0,8.8909,0
SN_004749,LOT_015,9.2086,10.2769,10.5779,10.9107,0,healthy,0.0,50.0,8.8909,0
SN_004750,LOT_015,8.8829,9.8359,9.9725,10.0864,0,healthy,0.0,50.0,8.8909,0
SN_004751,LOT_015,11.7052,12.0077,12.3515,12.4235,0,healthy,0.0,50.0,8.8909,0
SN_004752,LOT_015,11.4517,11.8726,12.2676,12.2239,0,healthy,0.0,50.0,8.8909,0
SN_004753,LOT_015,9.719,11.0285,11.3289,11.5909,0,healthy,0.0,50.0,8.8909,0
SN_004754,LOT_015,7.9968,8.5486,8.771,8.7975,0,healthy,0.0,50.0,8.8909,0
SN_004755,LOT_015,8.5429,9.3147,9.604,9.9114,0,healthy,0.0,50.0,8.8909,0
SN_004756,LOT_015,9.9136,11.1905,11.533,11.7983,0,healthy,0.0,50.0,8.8909,0
SN_004757,LOT_015,9.4813,10.2139,10.3759,10.4019,0,healthy,0.0,50.0,8.8909,0
SN_004758,LOT_015,9.4963,10.4619,10.6762,10.7634,0,healthy,0.0,50.0,8.8909,0
SN_004759,LOT_015,9.5291,10.5065,10.6632,11.0262,0,healthy,0.0,50.0,8.8909,0
SN_004760,LOT_015,10.9334,12.0821,12.5433,12.477,0,healthy,0.0,50.0,8.8909,0
SN_004761,LOT_015,7.298,8.0797,8.2054,8.2425,0,healthy,0.0,50.0,8.8909,0
SN_004762,LOT_015,6.8062,7.2795,7.3671,7.4748,0,healthy,0.0,50.0,8.8909,0
SN_004763,LOT_015,8.3765,8.5451,8.9008,8.8909,0,healthy,0.0,50.0,8.8909,0
SN_004764,LOT_015,9.1863,10.2135,10.4433,10.5674,0,healthy,0.0,50.0,8.8909,0
SN_004765,LOT_015,10.7405,11.2177,11.3201,11.2774,0,healthy,0.0,50.0,8.8909,0
SN_004766,LOT_015,9.7907,10.2913,10.4839,10.5851,0,healthy,0.0,50.0,8.8909,0
SN_004767,LOT_015,10.6988,11.4868,11.6367,11.6507,0,healthy,0.0,50.0,8.8909,0
SN_004768,LOT_015,9.1275,9.7479,9.8977,10.1408,0,healthy,0.0,50.0,8.8909,0
SN_004769,LOT_015,8.4839,9.1331,9.6047,9.6473,0,healthy,0.0,50.0,8.8909,0
SN_004770,LOT_015,8.515,9.3637,9.8999,10.2771,0,healthy,0.0,50.0,8.8909,0
SN_004771,LOT_015,9.9757,10.9038,11.2279,11.2895,0,healthy,0.0,50.0,8.8909,0
SN_004772,LOT_015,8.7253,8.9271,9.2168,9.1957,0,healthy,0.0,50.0,8.8909,0
SN_004773,LOT_015,8.6326,9.3494,9.6128,9.7772,0,healthy,0.0,50.0,8.8909,0
SN_004774,LOT_015,8.8966,9.5892,9.5069,9.683,0,healthy,0.0,50.0,8.8909,0
SN_004775,LOT_015,9.9349,10.7032,10.7689,11.0003,0,healthy,0.0,50.0,8.8909,0
SN_004776,LOT_015,8.9943,9.7401,9.6182,9.8941,0,healthy,0.0,50.0,8.8909,0
SN_004777,LOT_015,7.7981,7.9706,8.2841,8.2928,0,healthy,0.0,50.0,8.8909,0
SN_004778,LOT_015,6.8796,7.5488,7.6053,7.8338,0,healthy,0.0,50.0,8.8909,0
SN_004779,LOT_015,9.0742,9.6218,9.6347,9.6241,0,healthy,0.0,50.0,8.8909,0
SN_004780,LOT_015,9.757,10.3061,10.4208,10.6058,0,healthy,0.0,50.0,8.8909,0
SN_004781,LOT_015,10.3064,10.7589,10.7825,10.9777,0,healthy,0.0,50.0,8.8909,0
SN_004782,LOT_015,9.3735,10.2851,10.5231,10.5604,0,healthy,0.0,50.0,8.8909,0
SN_004783,LOT_015,8.6315,9.4761,9.7132,9.8806,0,healthy,0.0,50.0,8.8909,0
SN_004784,LOT_015,9.499,10.3139,10.3996,10.6551,0,healthy,0.0,50.0,8.8909,0
SN_004785,LOT_015,10.2927,11.4451,11.8282,12.0169,0,healthy,0.0,50.0,8.8909,0
SN_004786,LOT_015,8.5765,8.9582,9.062,9.2137,0,healthy,0.0,50.0,8.8909,0
SN_004787,LOT_015,8.7091,9.5919,9.7452,9.8028,0,healthy,0.0,50.0,8.8909,0
SN_004788,LOT_015,10.3672,11.4573,11.6057,11.7092,0,healthy,0.0,50.0,8.8909,0
SN_004789,LOT_015,9.3869,10.4187,10.8266,11.0605,0,healthy,0.0,50.0,8.8909,0
SN_004790,LOT_015,10.4527,11.558,11.9633,12.0261,0,healthy,0.0,50.0,8.8909,0
SN_004791,LOT_015,10.4341,11.7388,12.0428,12.3331,0,healthy,0.0,50.0,8.8909,0
SN_004792,LOT_015,8.9791,10.1623,10.3083,10.2769,0,healthy,0.0,50.0,8.8909,0
SN_004793,LOT_015,9.3053,9.7547,9.9498,10.2117,0,healthy,0.0,50.0,8.8909,0
SN_004794,LOT_015,9.4227,10.2501,10.5193,10.7486,0,healthy,0.0,50.0,8.8909,0
SN_004795,LOT_015,9.4176,10.6552,11.0226,11.1504,0,healthy,0.0,50.0,8.8909,0
SN_004796,LOT_015,8.6289,9.3075,9.5135,9.5978,0,healthy,0.0,50.0,8.8909,0
SN_004797,LOT_015,8.7419,9.7138,9.9873,10.0563,0,healthy,0.0,50.0,8.8909,0
SN_004798,LOT_015,8.5084,8.8338,8.988,9.1976,0,healthy,0.0,50.0,8.8909,0
SN_004799,LOT_015,8.7871,9.2009,9.6237,9.6724,0,healthy,0.0,50.0,8.8909,0
SN_004800,LOT_015,7.6271,8.4027,8.6437,8.9102,0,healthy,0.0,50.0,8.8909,0
SN_004801,LOT_015,8.5642,9.0508,9.2744,9.3316,0,healthy,0.0,50.0,8.8909,0
SN_004802,LOT_015,7.6736,7.9793,8.1037,8.2798,0,healthy,0.0,50.0,8.8909,0
SN_004803,LOT_015,8.2409,8.3641,11.8698,20.8155,1,tddb_dielectric,0.3348,50.0,8.8909,0
SN_004804,LOT_015,8.0563,8.5339,8.6644,8.6862,0,healthy,0.0,50.0,8.8909,0
SN_004805,LOT_015,9.6963,10.1624,10.2746,10.4705,0,healthy,0.0,50.0,8.8909,0
SN_004806,LOT_015,8.6084,9.41,9.8168,9.9319,0,healthy,0.0,50.0,8.8909,0
SN_004807,LOT_015,9.4382,10.5391,10.9218,11.096,0,healthy,0.0,50.0,8.8909,0
SN_004808,LOT_015,11.4476,12.1404,12.3704,12.3693,0,healthy,0.0,50.0,8.8909,0
SN_004809,LOT_015,8.8126,9.2256,9.5869,9.5642,0,healthy,0.0,50.0,8.8909,0
SN_004810,LOT_015,7.6367,8.312,8.6195,8.8164,0,healthy,0.0,50.0,8.8909,0
SN_004811,LOT_015,7.4799,7.7612,8.1575,8.2248,0,healthy,0.0,50.0,8.8909,0
SN_004812,LOT_015,9.7316,11.2087,11.4104,11.4425,0,healthy,0.0,50.0,8.8909,0
SN_004813,LOT_015,8.8531,9.6923,9.9241,10.0147,0,healthy,0.0,50.0,8.8909,0
SN_004814,LOT_015,9.1405,9.8054,10.1772,10.2956,0,healthy,0.0,50.0,8.8909,0
SN_004815,LOT_015,8.5084,9.138,9.3413,9.5955,0,healthy,0.0,50.0,8.8909,0
SN_004816,LOT_015,9.9623,10.7834,11.1678,11.2346,0,healthy,0.0,50.0,8.8909,0
SN_004817,LOT_015,9.0704,9.9363,10.1297,10.4272,0,healthy,0.0,50.0,8.8909,0
SN_004818,LOT_015,9.603,10.3156,10.677,10.8047,0,healthy,0.0,50.0,8.8909,0
SN_004819,LOT_015,8.4799,9.2696,9.1855,9.3523,0,healthy,0.0,50.0,8.8909,0
SN_004820,LOT_015,9.7323,10.8144,11.0448,11.2341,0,healthy,0.0,50.0,8.8909,0
SN_004821,LOT_015,8.5424,9.7404,9.9095,9.9687,0,healthy,0.0,50.0,8.8909,0
SN_004822,LOT_015,9.1859,9.8881,10.3873,10.397,0,healthy,0.0,50.0,8.8909,0
SN_004823,LOT_015,11.1159,11.8764,12.377,12.4867,0,healthy,0.0,50.0,8.8909,0
SN_004824,LOT_015,8.8144,9.7783,10.2297,10.4694,0,healthy,0.0,50.0,8.8909,0
SN_004825,LOT_015,10.1667,10.5415,10.7833,10.6783,0,healthy,0.0,50.0,8.8909,0
SN_004826,LOT_015,9.5607,10.1106,10.1773,10.5125,0,healthy,0.0,50.0,8.8909,0
SN_004827,LOT_015,9.9354,10.7285,10.7726,10.9362,0,healthy,0.0,50.0,8.8909,0
SN_004828,LOT_015,9.784,10.091,14.4027,27.1125,1,tddb_dielectric,0.4198,50.0,8.8909,0
SN_004829,LOT_015,7.7619,8.2594,8.3957,8.6096,0,healthy,0.0,50.0,8.8909,0
SN_004830,LOT_015,7.6841,8.2151,8.2305,8.2858,0,healthy,0.0,50.0,8.8909,0
SN_004831,LOT_015,9.0786,10.3425,10.5145,10.7427,0,healthy,0.0,50.0,8.8909,0
SN_004832,LOT_015,9.6182,10.2839,10.4128,10.4758,0,healthy,0.0,50.0,8.8909,0
SN_004833,LOT_015,9.0038,9.7061,9.9913,10.3203,0,healthy,0.0,50.0,8.8909,0
SN_004834,LOT_015,8.5045,9.2985,9.484,9.7091,0,healthy,0.0,50.0,8.8909,0
SN_004835,LOT_015,9.7437,10.1095,10.3944,10.6038,0,healthy,0.0,50.0,8.8909,0
SN_004836,LOT_015,9.3915,10.0716,10.2059,10.4764,0,healthy,0.0,50.0,8.8909,0
SN_004837,LOT_015,8.5553,9.6429,9.9629,10.1034,0,healthy,0.0,50.0,8.8909,0
SN_004838,LOT_015,10.0766,11.1524,11.5125,11.7131,0,healthy,0.0,50.0,8.8909,0
SN_004839,LOT_015,8.3499,9.1945,9.4686,9.6778,0,healthy,0.0,50.0,8.8909,0
SN_004840,LOT_015,7.714,8.4093,8.4862,8.685,0,healthy,0.0,50.0,8.8909,0
SN_004841,LOT_015,10.0748,11.0473,11.4435,11.4941,0,healthy,0.0,50.0,8.8909,0
SN_004842,LOT_015,9.9742,10.809,11.2392,11.4148,0,healthy,0.0,50.0,8.8909,0
SN_004843,LOT_015,9.2775,9.7697,10.0114,10.0628,0,healthy,0.0,50.0,8.8909,0
SN_004844,LOT_015,8.0198,8.4506,8.4797,8.5658,0,healthy,0.0,50.0,8.8909,0
SN_004845,LOT_015,8.7275,9.2673,9.406,9.6105,0,healthy,0.0,50.0,8.8909,0
SN_004846,LOT_015,10.633,11.6594,12.0881,12.1883,0,healthy,0.0,50.0,8.8909,0
SN_004847,LOT_015,8.0732,8.6196,8.6265,8.7063,0,healthy,0.0,50.0,8.8909,0
SN_004848,LOT_015,7.0169,7.6048,7.8336,7.9838,0,healthy,0.0,50.0,8.8909,0
SN_004849,LOT_015,9.9554,11.0352,11.3898,11.7092,0,healthy,0.0,50.0,8.8909,0
SN_004850,LOT_015,8.8872,9.3715,9.2828,9.5764,0,healthy,0.0,50.0,8.8909,0
SN_004851,LOT_015,10.3867,10.8936,11.1662,11.1573,0,healthy,0.0,50.0,8.8909,0
SN_004852,LOT_015,7.3672,8.1307,8.5257,8.7402,0,healthy,0.0,50.0,8.8909,0
SN_004853,LOT_015,9.7733,10.6955,11.0931,11.437,0,healthy,0.0,50.0,8.8909,0
SN_004854,LOT_015,8.1805,9.1172,9.2599,9.3765,0,healthy,0.0,50.0,8.8909,0
SN_004855,LOT_015,9.0005,9.6724,10.1836,10.2417,0,healthy,0.0,50.0,8.8909,0
SN_004856,LOT_015,9.0985,9.51,9.5415,9.5975,0,healthy,0.0,50.0,8.8909,0
SN_004857,LOT_015,8.2414,9.0828,9.4181,9.3967,0,healthy,0.0,50.0,8.8909,0
SN_004858,LOT_015,9.0967,9.672,9.9309,10.1356,0,healthy,0.0,50.0,8.8909,0
SN_004859,LOT_015,10.5945,11.3673,11.8059,12.0493,0,healthy,0.0,50.0,8.8909,0
SN_004860,LOT_015,8.794,9.0213,9.2149,9.2816,0,healthy,0.0,50.0,8.8909,0
SN_004861,LOT_015,9.3451,10.2379,10.4543,10.6884,0,healthy,0.0,50.0,8.8909,0
SN_004862,LOT_015,9.459,10.235,10.6203,10.629,0,healthy,0.0,50.0,8.8909,0
SN_004863,LOT_015,9.8965,10.6904,10.8552,11.0763,0,healthy,0.0,50.0,8.8909,0
SN_004864,LOT_015,9.1916,10.1204,10.4615,10.4945,0,healthy,0.0,50.0,8.8909,0
SN_004865,LOT_015,11.3226,12.5714,13.1379,13.306,0,healthy,0.0,50.0,8.8909,0
SN_004866,LOT_015,7.7819,8.7162,8.8573,9.0864,0,healthy,0.0,50.0,8.8909,0
SN_004867,LOT_015,7.6603,7.9596,8.1288,8.1701,0,healthy,0.0,50.0,8.8909,0
SN_004868,LOT_015,7.8328,8.1964,8.4669,8.3976,0,healthy,0.0,50.0,8.8909,0
SN_004869,LOT_015,7.5606,7.986,8.1533,8.3851,0,healthy,0.0,50.0,8.8909,0
SN_004870,LOT_015,8.9323,9.1697,9.3363,9.4665,0,healthy,0.0,50.0,8.8909,0
SN_004871,LOT_015,8.8004,9.323,9.5996,9.7507,0,healthy,0.0,50.0,8.8909,0
SN_004872,LOT_015,9.7927,10.516,11.3028,11.3694,0,healthy,0.0,50.0,8.8909,0
SN_004873,LOT_015,9.4594,10.5919,11.0449,11.2734,0,healthy,0.0,50.0,8.8909,0
SN_004874,LOT_015,8.8945,9.6888,9.9585,10.2092,0,healthy,0.0,50.0,8.8909,0
SN_004875,LOT_015,8.8107,9.6318,10.0305,10.2793,0,healthy,0.0,50.0,8.8909,0
SN_004876,LOT_015,8.263,9.2848,9.7191,9.8753,0,healthy,0.0,50.0,8.8909,0
SN_004877,LOT_015,8.7421,9.875,10.1476,10.413,0,healthy,0.0,50.0,8.8909,0
SN_004878,LOT_015,9.3413,9.8315,9.9342,10.1402,0,healthy,0.0,50.0,8.8909,0
SN_004879,LOT_015,9.7043,10.3871,10.5708,10.5727,0,healthy,0.0,50.0,8.8909,0
SN_004880,LOT_015,9.8664,10.5844,10.7983,11.0206,0,healthy,0.0,50.0,8.8909,0
SN_004881,LOT_015,9.1673,10.398,10.6326,10.6758,0,healthy,0.0,50.0,8.8909,0
SN_004882,LOT_015,7.3846,8.0935,8.419,8.4451,0,healthy,0.0,50.0,8.8909,0
SN_004883,LOT_015,10.7822,11.6102,11.8929,12.0674,0,healthy,0.0,50.0,8.8909,0
SN_004884,LOT_015,7.7324,8.5293,8.7152,9.0194,0,healthy,0.0,50.0,8.8909,0
SN_004885,LOT_015,7.4608,8.2427,8.6692,8.9289,0,healthy,0.0,50.0,8.8909,0
SN_004886,LOT_015,7.7076,7.9484,8.1418,8.167,0,healthy,0.0,50.0,8.8909,0
SN_004887,LOT_015,10.4326,11.0322,11.1464,11.1711,0,healthy,0.0,50.0,8.8909,0
SN_004888,LOT_015,7.7179,8.0757,8.1551,8.2472,0,healthy,0.0,50.0,8.8909,0
SN_004889,LOT_015,9.1698,10.1338,10.5172,10.8121,0,healthy,0.0,50.0,8.8909,0
SN_004890,LOT_015,11.2329,12.3363,12.9358,13.345,0,healthy,0.0,50.0,8.8909,0
SN_004891,LOT_015,8.405,8.9868,9.3924,9.4945,0,healthy,0.0,50.0,8.8909,0
SN_004892,LOT_015,10.0001,10.7538,11.0036,11.1466,0,healthy,0.0,50.0,8.8909,0
SN_004893,LOT_015,7.4844,8.1093,8.199,8.3094,0,healthy,0.0,50.0,8.8909,0
SN_004894,LOT_015,7.3511,8.1831,8.5903,8.8119,0,healthy,0.0,50.0,8.8909,0
SN_004895,LOT_015,8.9889,10.0571,10.4146,10.6621,0,healthy,0.0,50.0,8.8909,0
SN_004896,LOT_015,10.1702,11.2073,11.8611,12.0309,0,healthy,0.0,50.0,8.8909,0
SN_004897,LOT_015,10.0129,11.108,11.6528,11.748,0,healthy,0.0,50.0,8.8909,0
SN_004898,LOT_015,8.7372,9.224,9.6045,9.7672,0,healthy,0.0,50.0,8.8909,0
SN_004899,LOT_015,9.4555,10.7888,11.115,11.3278,0,healthy,0.0,50.0,8.8909,0
SN_004900,LOT_015,8.9905,9.4858,9.6919,9.9468,0,healthy,0.0,50.0,8.8909,0
SN_004901,LOT_015,6.6567,7.2427,7.5894,7.6924,0,healthy,0.0,50.0,8.8909,0
SN_004902,LOT_015,9.0337,10.1156,10.3042,10.4173,0,healthy,0.0,50.0,8.8909,0
SN_004903,LOT_015,9.1762,9.8626,10.1584,10.4035,0,healthy,0.0,50.0,8.8909,0
SN_004904,LOT_015,9.144,9.9521,10.4474,10.7391,0,healthy,0.0,50.0,8.8909,0
SN_004905,LOT_015,9.7917,10.4622,10.7382,10.9112,0,healthy,0.0,50.0,8.8909,0
SN_004906,LOT_015,7.6772,8.3864,8.656,8.8663,0,healthy,0.0,50.0,8.8909,0
SN_004907,LOT_015,8.239,8.6281,8.8392,8.8719,0,healthy,0.0,50.0,8.8909,0
SN_004908,LOT_015,10.1275,11.0988,11.4029,11.7991,0,healthy,0.0,50.0,8.8909,0
SN_004909,LOT_015,9.4636,10.3348,10.5204,10.653,0,healthy,0.0,50.0,8.8909,0
SN_004910,LOT_015,9.2834,9.9381,10.2345,10.3036,0,healthy,0.0,50.0,8.8909,0
SN_004911,LOT_015,8.686,9.8199,10.0412,10.3243,0,healthy,0.0,50.0,8.8909,0
SN_004912,LOT_015,9.1935,10.4714,10.7468,10.9648,0,healthy,0.0,50.0,8.8909,0
SN_004913,LOT_015,7.8144,8.436,8.6508,8.6614,0,healthy,0.0,50.0,8.8909,0
SN_004914,LOT_015,7.6863,8.1875,8.4631,8.3188,0,healthy,0.0,50.0,8.8909,0
SN_004915,LOT_015,25.1961,25.2261,27.2985,28.6165,1,esd_oxide,0.167,50.0,8.8909,0
SN_004916,LOT_015,7.8719,7.8741,10.5483,16.5924,1,tddb_dielectric,0.1973,50.0,8.8909,0
SN_004917,LOT_015,8.8039,9.8875,10.0636,10.3783,0,healthy,0.0,50.0,8.8909,0
SN_004918,LOT_015,8.4267,9.2825,9.5592,9.6803,0,healthy,0.0,50.0,8.8909,0
SN_004919,LOT_015,10.2256,10.7645,11.1237,11.1929,0,healthy,0.0,50.0,8.8909,0
SN_004920,LOT_015,9.8187,10.993,11.5564,11.5273,0,healthy,0.0,50.0,8.8909,0
SN_004921,LOT_015,10.0086,11.1811,11.2416,11.3441,0,healthy,0.0,50.0,8.8909,0
SN_004922,LOT_015,9.8047,10.5114,10.7721,10.9665,0,healthy,0.0,50.0,8.8909,0
SN_004923,LOT_015,8.9171,10.0935,10.4231,10.5306,0,healthy,0.0,50.0,8.8909,0
SN_004924,LOT_015,9.4622,10.1065,10.471,10.5855,0,healthy,0.0,50.0,8.8909,0
SN_004925,LOT_015,10.19,11.3694,11.9718,11.9814,0,healthy,0.0,50.0,8.8909,0
SN_004926,LOT_015,8.6076,8.917,9.1226,9.2071,0,healthy,0.0,50.0,8.8909,0
SN_004927,LOT_015,8.5452,9.4732,9.5108,9.7745,0,healthy,0.0,50.0,8.8909,0
SN_004928,LOT_015,9.0772,9.628,9.6231,9.7579,0,healthy,0.0,50.0,8.8909,0
SN_004929,LOT_015,8.3895,8.7758,8.9724,9.1407,0,healthy,0.0,50.0,8.8909,0
SN_004930,LOT_015,7.4614,7.6547,7.7935,8.0448,0,healthy,0.0,50.0,8.8909,0
SN_004931,LOT_015,8.3687,9.2096,9.6251,9.4651,0,healthy,0.0,50.0,8.8909,0
SN_004932,LOT_015,8.7038,9.1938,9.2671,9.2649,0,healthy,0.0,50.0,8.8909,0
SN_004933,LOT_015,9.6011,13.742,16.474,17.9784,1,nbti_ageing,0.4457,50.0,8.8909,0
SN_004934,LOT_015,8.8426,9.8797,10.1115,10.3474,0,healthy,0.0,50.0,8.8909,0
SN_004935,LOT_015,7.7127,8.1343,8.4036,8.5478,0,healthy,0.0,50.0,8.8909,0
SN_004936,LOT_015,9.1196,9.9909,10.4133,10.5656,0,healthy,0.0,50.0,8.8909,0
SN_004937,LOT_015,10.1447,11.3886,11.7691,12.1032,0,healthy,0.0,50.0,8.8909,0
SN_004938,LOT_015,10.4245,10.8015,10.9921,11.1299,0,healthy,0.0,50.0,8.8909,0
SN_004939,LOT_015,9.0829,9.5289,9.7823,9.8704,0,healthy,0.0,50.0,8.8909,0
SN_004940,LOT_015,8.5536,9.2589,9.6798,9.6611,0,healthy,0.0,50.0,8.8909,0
SN_004941,LOT_015,8.3821,9.1814,9.4996,9.6177,0,healthy,0.0,50.0,8.8909,0
SN_004942,LOT_015,9.0195,10.0406,10.494,10.6545,0,healthy,0.0,50.0,8.8909,0
SN_004943,LOT_015,8.8965,9.9345,10.1994,10.3518,0,healthy,0.0,50.0,8.8909,0
SN_004944,LOT_015,9.5308,10.6229,11.114,11.5248,0,healthy,0.0,50.0,8.8909,0
SN_004945,LOT_015,7.5404,8.2524,8.5912,8.7737,0,healthy,0.0,50.0,8.8909,0
SN_004946,LOT_015,8.7939,9.2725,9.4609,9.4877,0,healthy,0.0,50.0,8.8909,0
SN_004947,LOT_015,9.2418,9.997,10.218,10.4483,0,healthy,0.0,50.0,8.8909,0
SN_004948,LOT_015,10.4328,11.7089,12.0504,12.2831,0,healthy,0.0,50.0,8.8909,0
SN_004949,LOT_015,7.7645,8.8734,9.0959,9.2443,0,healthy,0.0,50.0,8.8909,0
SN_004950,LOT_015,8.8989,9.3968,9.5387,9.4299,0,healthy,0.0,50.0,8.8909,0
SN_004951,LOT_015,8.1254,8.6902,8.8964,9.0305,0,healthy,0.0,50.0,8.8909,0
SN_004952,LOT_015,9.7224,10.2868,10.512,10.5408,0,healthy,0.0,50.0,8.8909,0
SN_004953,LOT_015,8.7388,9.2827,9.4861,9.4666,0,healthy,0.0,50.0,8.8909,0
SN_004954,LOT_015,8.9478,10.1537,10.4162,10.4641,0,healthy,0.0,50.0,8.8909,0
SN_004955,LOT_015,9.9609,10.3459,10.3508,10.4861,0,healthy,0.0,50.0,8.8909,0
SN_004956,LOT_015,9.175,9.8689,10.2252,10.2116,0,healthy,0.0,50.0,8.8909,0
SN_004957,LOT_015,8.8777,9.7108,9.8151,10.1557,0,healthy,0.0,50.0,8.8909,0
SN_004958,LOT_015,8.9613,9.4634,9.6941,9.7649,0,healthy,0.0,50.0,8.8909,0
SN_004959,LOT_015,7.5995,8.3916,8.6428,8.8016,0,healthy,0.0,50.0,8.8909,0
SN_004960,LOT_015,9.5331,10.8283,11.3099,11.3276,0,healthy,0.0,50.0,8.8909,0
SN_004961,LOT_015,8.4885,9.1144,9.3848,9.5971,0,healthy,0.0,50.0,8.8909,0
SN_004962,LOT_015,8.9246,9.6564,9.877,10.0409,0,healthy,0.0,50.0,8.8909,0
SN_004963,LOT_015,10.2302,11.3073,11.4161,11.8034,0,healthy,0.0,50.0,8.8909,0
SN_004964,LOT_015,7.3246,7.5773,7.688,7.8196,0,healthy,0.0,50.0,8.8909,0
SN_004965,LOT_015,8.9941,9.5715,9.7447,9.8021,0,healthy,0.0,50.0,8.8909,0
SN_004966,LOT_015,9.7261,10.736,11.0131,11.2756,0,healthy,0.0,50.0,8.8909,0
SN_004967,LOT_015,9.6774,10.4818,10.5561,10.8029,0,healthy,0.0,50.0,8.8909,0
SN_004968,LOT_015,8.7046,9.8545,10.1763,9.9993,0,healthy,0.0,50.0,8.8909,0
SN_004969,LOT_015,7.2612,7.4735,7.6036,7.57,0,healthy,0.0,50.0,8.8909,0
SN_004970,LOT_015,7.7613,8.5661,8.9102,9.029,0,healthy,0.0,50.0,8.8909,0
SN_004971,LOT_015,10.9693,12.0378,12.5775,13.1568,0,healthy,0.0,50.0,8.8909,0
SN_004972,LOT_015,8.3284,8.942,9.1754,9.1907,0,healthy,0.0,50.0,8.8909,0
SN_004973,LOT_015,10.3545,11.8131,12.1213,12.3956,0,healthy,0.0,50.0,8.8909,0
SN_004974,LOT_015,10.2723,11.8002,12.1382,12.149,0,healthy,0.0,50.0,8.8909,0
SN_004975,LOT_015,7.5313,7.9691,8.0643,8.1231,0,healthy,0.0,50.0,8.8909,0
SN_004976,LOT_015,8.3312,8.5845,8.8762,8.8987,0,healthy,0.0,50.0,8.8909,0
SN_004977,LOT_015,10.2539,10.792,10.9605,11.1873,0,healthy,0.0,50.0,8.8909,0
SN_004978,LOT_015,9.0911,10.2013,10.4888,10.7075,0,healthy,0.0,50.0,8.8909,0
SN_004979,LOT_015,10.0755,10.502,10.6477,10.953,0,healthy,0.0,50.0,8.8909,0
SN_004980,LOT_015,8.8572,9.9665,10.1619,10.2441,0,healthy,0.0,50.0,8.8909,0
SN_004981,LOT_015,7.6566,8.5274,8.5899,8.6007,0,healthy,0.0,50.0,8.8909,0
SN_004982,LOT_015,8.4905,8.8674,8.9784,9.1521,0,healthy,0.0,50.0,8.8909,0
SN_004983,LOT_015,8.5749,9.4972,9.7267,9.8526,0,healthy,0.0,50.0,8.8909,0
SN_004984,LOT_015,8.187,9.346,9.5878,9.7644,0,healthy,0.0,50.0,8.8909,0
SN_004985,LOT_015,9.5404,10.7103,11.1666,11.3465,0,healthy,0.0,50.0,8.8909,0
SN_004986,LOT_015,8.9154,9.6615,10.0794,10.244,0,healthy,0.0,50.0,8.8909,0
SN_004987,LOT_015,8.1351,8.4961,8.6161,8.7265,0,healthy,0.0,50.0,8.8909,0
SN_004988,LOT_015,10.1901,11.2555,11.5895,11.899,0,healthy,0.0,50.0,8.8909,0
SN_004989,LOT_015,9.3061,9.9984,10.3148,10.349,0,healthy,0.0,50.0,8.8909,0
SN_004990,LOT_015,11.5773,12.8503,13.3854,13.5595,0,healthy,0.0,50.0,8.8909,0
SN_004991,LOT_015,8.1268,8.7866,9.0893,9.2966,0,healthy,0.0,50.0,8.8909,0
SN_004992,LOT_015,9.6873,10.6796,10.8575,11.1663,0,healthy,0.0,50.0,8.8909,0
SN_004993,LOT_015,10.32,11.6078,11.8744,12.1444,0,healthy,0.0,50.0,8.8909,0
SN_004994,LOT_015,8.4592,9.469,9.8471,10.0108,0,healthy,0.0,50.0,8.8909,0
SN_004995,LOT_015,8.7688,9.2911,9.667,9.727,0,healthy,0.0,50.0,8.8909,0
SN_004996,LOT_015,8.7862,9.4208,9.6668,9.955,0,healthy,0.0,50.0,8.8909,0
SN_004997,LOT_015,10.1455,10.7227,11.1145,11.2384,0,healthy,0.0,50.0,8.8909,0
SN_004998,LOT_015,9.2838,9.8351,10.07,10.2213,0,healthy,0.0,50.0,8.8909,0
SN_004999,LOT_015,9.5735,10.7113,11.1274,11.3565,0,healthy,0.0,50.0,8.8909,0
SN_005000,LOT_015,9.2318,9.4105,9.7375,9.6136,0,healthy,0.0,50.0,8.8909,0
SN_005001,LOT_015,8.5461,9.2078,9.5538,9.6254,0,healthy,0.0,50.0,8.8909,0
SN_005002,LOT_015,8.0264,8.6185,8.88,9.0015,0,healthy,0.0,50.0,8.8909,0
SN_005003,LOT_015,11.32,11.8558,11.9174,12.1918,0,healthy,0.0,50.0,8.8909,0
SN_005004,LOT_015,27.5457,27.9871,30.9145,32.5968,1,subtle_in_spec,0.2393,50.0,8.8909,0
SN_005005,LOT_015,8.2836,9.1451,9.4284,9.596,0,healthy,0.0,50.0,8.8909,0
SN_005006,LOT_015,10.0234,10.4017,10.657,10.6771,0,healthy,0.0,50.0,8.8909,0
SN_005007,LOT_015,9.5714,10.5633,11.0098,11.0749,0,healthy,0.0,50.0,8.8909,0
SN_005008,LOT_015,9.0858,9.3868,9.5324,9.5063,0,healthy,0.0,50.0,8.8909,0
SN_005009,LOT_015,8.4847,9.4294,9.8377,10.1513,0,healthy,0.0,50.0,8.8909,0
SN_005010,LOT_015,9.1177,9.9516,10.3775,10.4989,0,healthy,0.0,50.0,8.8909,0
SN_005011,LOT_015,9.8489,11.043,11.4669,11.7601,0,healthy,0.0,50.0,8.8909,0
SN_005012,LOT_015,9.505,10.1314,10.3706,10.6779,0,healthy,0.0,50.0,8.8909,0
SN_005013,LOT_015,7.723,8.3483,8.6936,8.7404,0,healthy,0.0,50.0,8.8909,0
SN_005014,LOT_015,7.8864,8.4932,8.7669,8.8651,0,healthy,0.0,50.0,8.8909,0
SN_005015,LOT_015,10.1757,11.1377,11.5403,11.6679,0,healthy,0.0,50.0,8.8909,0
SN_005016,LOT_015,9.9359,10.3695,10.5905,10.6264,0,healthy,0.0,50.0,8.8909,0
SN_005017,LOT_015,8.2829,9.0336,9.1811,9.2239,0,healthy,0.0,50.0,8.8909,0
SN_005018,LOT_015,7.147,7.6831,7.6829,7.7209,0,healthy,0.0,50.0,8.8909,0
SN_005019,LOT_015,9.5993,9.9112,10.2604,10.4237,0,healthy,0.0,50.0,8.8909,0
SN_005020,LOT_015,6.9608,7.9536,8.1008,8.3627,0,healthy,0.0,50.0,8.8909,0
SN_005021,LOT_015,9.437,10.3139,10.5514,10.8668,0,healthy,0.0,50.0,8.8909,0
SN_005022,LOT_015,9.2238,9.6892,9.8977,9.9291,0,healthy,0.0,50.0,8.8909,0
SN_005023,LOT_015,10.3162,10.5535,10.9846,10.9278,0,healthy,0.0,50.0,8.8909,0
SN_005024,LOT_015,9.8615,10.9424,11.1318,11.3445,0,healthy,0.0,50.0,8.8909,0
SN_005025,LOT_015,9.5042,9.9375,10.323,10.2709,0,healthy,0.0,50.0,8.8909,0
SN_005026,LOT_015,8.4512,9.1881,9.4843,9.6359,0,healthy,0.0,50.0,8.8909,0
SN_005027,LOT_015,8.2777,8.656,8.8289,8.9303,0,healthy,0.0,50.0,8.8909,0
SN_005028,LOT_015,10.3103,10.918,11.0643,11.0691,0,healthy,0.0,50.0,8.8909,0
SN_005029,LOT_015,9.4863,10.5593,10.808,11.3365,0,healthy,0.0,50.0,8.8909,0
SN_005030,LOT_015,9.5271,10.679,10.9213,11.3024,0,healthy,0.0,50.0,8.8909,0
SN_005031,LOT_015,9.2567,10.465,10.8029,11.1431,0,healthy,0.0,50.0,8.8909,0
SN_005032,LOT_015,9.2999,9.8003,10.4346,10.2304,0,healthy,0.0,50.0,8.8909,0
SN_005033,LOT_016,14.7702,15.6071,15.8164,16.0661,0,healthy,0.0,50.0,12.3835,0
SN_005034,LOT_016,13.5347,15.1085,15.5675,15.6417,0,healthy,0.0,50.0,12.3835,0
SN_005035,LOT_016,11.8461,12.3225,12.4278,12.5711,0,healthy,0.0,50.0,12.3835,0
SN_005036,LOT_016,11.931,13.0171,13.7434,13.9666,0,healthy,0.0,50.0,12.3835,0
SN_005037,LOT_016,12.6042,13.9454,14.6594,15.0059,0,healthy,0.0,50.0,12.3835,0
SN_005038,LOT_016,11.6971,12.9685,13.5711,13.8835,0,healthy,0.0,50.0,12.3835,0
SN_005039,LOT_016,13.5644,14.1326,14.3275,14.3996,0,healthy,0.0,50.0,12.3835,0
SN_005040,LOT_016,13.2038,14.3881,14.6944,14.9693,0,healthy,0.0,50.0,12.3835,0
SN_005041,LOT_016,14.666,16.6406,17.0306,17.3363,0,healthy,0.0,50.0,12.3835,0
SN_005042,LOT_016,12.9029,14.5505,15.0458,15.575,0,healthy,0.0,50.0,12.3835,0
SN_005043,LOT_016,11.7498,13.0072,13.196,13.2668,0,healthy,0.0,50.0,12.3835,0
SN_005044,LOT_016,12.5057,13.2634,13.8424,13.8328,0,healthy,0.0,50.0,12.3835,0
SN_005045,LOT_016,11.3927,12.8201,13.3733,13.5993,0,healthy,0.0,50.0,12.3835,0
SN_005046,LOT_016,12.1252,13.4241,13.9123,13.9827,0,healthy,0.0,50.0,12.3835,0
SN_005047,LOT_016,11.0731,12.3759,12.7604,13.0083,0,healthy,0.0,50.0,12.3835,0
SN_005048,LOT_016,11.454,12.6439,13.243,13.6332,0,healthy,0.0,50.0,12.3835,0
SN_005049,LOT_016,14.8977,15.8072,16.6542,16.7997,0,healthy,0.0,50.0,12.3835,0
SN_005050,LOT_016,12.3622,13.6824,13.7625,14.113,0,healthy,0.0,50.0,12.3835,0
SN_005051,LOT_016,12.0904,13.0299,13.1358,13.2872,0,healthy,0.0,50.0,12.3835,0
SN_005052,LOT_016,10.6,11.1704,11.4071,11.4688,0,healthy,0.0,50.0,12.3835,0
SN_005053,LOT_016,12.1507,12.863,12.9611,13.0604,0,healthy,0.0,50.0,12.3835,0
SN_005054,LOT_016,13.6889,14.8304,15.0913,15.2629,0,healthy,0.0,50.0,12.3835,0
SN_005055,LOT_016,13.8928,15.2222,15.663,15.9759,0,healthy,0.0,50.0,12.3835,0
SN_005056,LOT_016,12.8234,13.3515,13.3526,13.5145,0,healthy,0.0,50.0,12.3835,0
SN_005057,LOT_016,14.2064,15.3786,15.7744,15.7533,0,healthy,0.0,50.0,12.3835,0
SN_005058,LOT_016,13.0131,14.4568,14.7131,15.0083,0,healthy,0.0,50.0,12.3835,0
SN_005059,LOT_016,10.7593,11.3214,11.3122,11.3803,0,healthy,0.0,50.0,12.3835,0
SN_005060,LOT_016,13.5615,15.5658,16.0218,16.2509,0,healthy,0.0,50.0,12.3835,0
SN_005061,LOT_016,12.5171,13.1753,13.5772,13.7237,0,healthy,0.0,50.0,12.3835,0
SN_005062,LOT_016,12.8275,14.1228,14.6617,15.0045,0,healthy,0.0,50.0,12.3835,0
SN_005063,LOT_016,12.4633,13.3397,13.5213,13.3737,0,healthy,0.0,50.0,12.3835,0
SN_005064,LOT_016,12.2979,13.4243,13.7413,13.8216,0,healthy,0.0,50.0,12.3835,0
SN_005065,LOT_016,13.0503,13.576,13.7487,13.9848,0,healthy,0.0,50.0,12.3835,0
SN_005066,LOT_016,10.7562,11.6576,12.0775,12.2618,0,healthy,0.0,50.0,12.3835,0
SN_005067,LOT_016,11.7969,13.0248,13.4012,13.594,0,healthy,0.0,50.0,12.3835,0
SN_005068,LOT_016,13.975,15.6699,16.0027,16.4755,0,healthy,0.0,50.0,12.3835,0
SN_005069,LOT_016,11.6244,11.9769,12.1756,12.369,0,healthy,0.0,50.0,12.3835,0
SN_005070,LOT_016,12.2703,13.798,14.2531,14.4784,0,healthy,0.0,50.0,12.3835,0
SN_005071,LOT_016,11.0621,12.2189,12.4817,12.6532,0,healthy,0.0,50.0,12.3835,0
SN_005072,LOT_016,13.0138,13.7666,14.057,14.0759,0,healthy,0.0,50.0,12.3835,0
SN_005073,LOT_016,12.6383,13.3214,13.2643,13.5431,0,healthy,0.0,50.0,12.3835,0
SN_005074,LOT_016,13.1805,14.4568,15.0661,15.3573,0,healthy,0.0,50.0,12.3835,0
SN_005075,LOT_016,12.4849,13.5014,13.9407,14.2343,0,healthy,0.0,50.0,12.3835,0
SN_005076,LOT_016,12.0978,12.905,13.2819,13.3463,0,healthy,0.0,50.0,12.3835,0
SN_005077,LOT_016,10.9425,11.4869,11.4496,11.807,0,healthy,0.0,50.0,12.3835,0
SN_005078,LOT_016,13.7121,15.0318,15.5454,15.6036,0,healthy,0.0,50.0,12.3835,0
SN_005079,LOT_016,13.0961,14.0821,14.2841,14.2424,0,healthy,0.0,50.0,12.3835,0
SN_005080,LOT_016,14.143,15.0339,15.682,15.7473,0,healthy,0.0,50.0,12.3835,0
SN_005081,LOT_016,13.0108,14.5026,15.1759,15.5177,0,healthy,0.0,50.0,12.3835,0
SN_005082,LOT_016,13.6465,14.6413,15.1793,14.8484,0,healthy,0.0,50.0,12.3835,0
SN_005083,LOT_016,12.164,13.9933,14.2854,14.6078,0,healthy,0.0,50.0,12.3835,0
SN_005084,LOT_016,12.353,13.1874,13.4029,13.5219,0,healthy,0.0,50.0,12.3835,0
SN_005085,LOT_016,12.2662,13.6052,13.9857,14.2941,0,healthy,0.0,50.0,12.3835,0
SN_005086,LOT_016,13.4634,14.6974,15.4108,15.6537,0,healthy,0.0,50.0,12.3835,0
SN_005087,LOT_016,11.8023,17.8319,22.8924,25.819,1,nbti_ageing,0.6456,50.0,12.3835,0
SN_005088,LOT_016,11.316,12.5063,12.622,12.6123,0,healthy,0.0,50.0,12.3835,0
SN_005089,LOT_016,10.9902,11.8169,12.0651,12.0835,0,healthy,0.0,50.0,12.3835,0
SN_005090,LOT_016,11.2315,11.7482,12.1095,12.1818,0,healthy,0.0,50.0,12.3835,0
SN_005091,LOT_016,38.1874,39.6774,43.6426,48.1308,1,esd_oxide,0.2919,50.0,12.3835,0
SN_005092,LOT_016,12.4999,13.7802,14.457,14.465,0,healthy,0.0,50.0,12.3835,0
SN_005093,LOT_016,11.7457,12.9817,13.3736,13.5163,0,healthy,0.0,50.0,12.3835,0
SN_005094,LOT_016,9.1626,9.755,9.9508,9.9697,0,healthy,0.0,50.0,12.3835,0
SN_005095,LOT_016,11.7889,12.4722,12.5569,12.6457,0,healthy,0.0,50.0,12.3835,0
SN_005096,LOT_016,11.4999,12.0185,12.3295,12.559,0,healthy,0.0,50.0,12.3835,0
SN_005097,LOT_016,9.7336,10.5387,10.8822,10.8064,0,healthy,0.0,50.0,12.3835,0
SN_005098,LOT_016,13.5347,14.4748,14.5705,14.9118,0,healthy,0.0,50.0,12.3835,0
SN_005099,LOT_016,13.6367,15.2664,15.728,16.0659,0,healthy,0.0,50.0,12.3835,0
SN_005100,LOT_016,13.5567,14.0044,14.1213,14.3303,0,healthy,0.0,50.0,12.3835,0
SN_005101,LOT_016,13.0757,14.3916,14.9586,15.385,0,healthy,0.0,50.0,12.3835,0
SN_005102,LOT_016,11.9309,13.0587,14.0439,14.3325,0,healthy,0.0,50.0,12.3835,0
SN_005103,LOT_016,11.7525,12.9118,13.1291,13.4806,0,healthy,0.0,50.0,12.3835,0
SN_005104,LOT_016,11.5551,12.0051,12.246,12.3194,0,healthy,0.0,50.0,12.3835,0
SN_005105,LOT_016,13.505,14.079,14.1753,14.3824,0,healthy,0.0,50.0,12.3835,0
SN_005106,LOT_016,11.4269,12.6434,12.8632,13.0575,0,healthy,0.0,50.0,12.3835,0
SN_005107,LOT_016,11.7784,12.6704,13.1638,13.3845,0,healthy,0.0,50.0,12.3835,0
SN_005108,LOT_016,14.4127,15.7086,16.3091,16.5853,0,healthy,0.0,50.0,12.3835,0
SN_005109,LOT_016,11.1364,11.9846,12.5267,12.6632,0,healthy,0.0,50.0,12.3835,0
SN_005110,LOT_016,12.0114,13.384,13.7841,13.8951,0,healthy,0.0,50.0,12.3835,0
SN_005111,LOT_016,10.4697,11.2959,11.2519,11.439,0,healthy,0.0,50.0,12.3835,0
SN_005112,LOT_016,11.7345,12.8902,13.2076,13.3001,0,healthy,0.0,50.0,12.3835,0
SN_005113,LOT_016,13.0087,13.6365,14.0904,13.7703,0,healthy,0.0,50.0,12.3835,0
SN_005114,LOT_016,11.6895,12.2586,12.3774,12.4493,0,healthy,0.0,50.0,12.3835,0
SN_005115,LOT_016,12.6219,13.5133,14.1687,14.3198,0,healthy,0.0,50.0,12.3835,0
SN_005116,LOT_016,13.31,15.2669,15.662,15.8687,0,healthy,0.0,50.0,12.3835,0
SN_005117,LOT_016,12.1663,13.498,14.0534,14.4125,0,healthy,0.0,50.0,12.3835,0
SN_005118,LOT_016,12.1744,13.1382,13.8285,13.8322,0,healthy,0.0,50.0,12.3835,0
SN_005119,LOT_016,13.7085,14.405,14.377,14.6069,0,healthy,0.0,50.0,12.3835,0
SN_005120,LOT_016,12.927,13.7457,14.2402,14.1862,0,healthy,0.0,50.0,12.3835,0
SN_005121,LOT_016,10.2606,11.665,12.0877,12.3266,0,healthy,0.0,50.0,12.3835,0
SN_005122,LOT_016,12.0322,13.253,13.8119,14.1649,0,healthy,0.0,50.0,12.3835,0
SN_005123,LOT_016,12.1214,13.0927,13.7483,13.7613,0,healthy,0.0,50.0,12.3835,0
SN_005124,LOT_016,10.9986,11.7414,12.3441,12.605,0,healthy,0.0,50.0,12.3835,0
SN_005125,LOT_016,13.5334,14.8457,15.3536,15.6492,0,healthy,0.0,50.0,12.3835,0
SN_005126,LOT_016,11.7147,12.4526,12.5664,12.7913,0,healthy,0.0,50.0,12.3835,0
SN_005127,LOT_016,11.9243,12.7218,12.903,13.2299,0,healthy,0.0,50.0,12.3835,0
SN_005128,LOT_016,13.0201,14.2736,14.4044,14.7989,0,healthy,0.0,50.0,12.3835,0
SN_005129,LOT_016,13.4953,14.2606,14.5255,14.9237,0,healthy,0.0,50.0,12.3835,0
SN_005130,LOT_016,9.8763,10.3691,10.2989,10.4172,0,healthy,0.0,50.0,12.3835,0
SN_005131,LOT_016,12.3097,13.4019,14.0154,14.3026,0,healthy,0.0,50.0,12.3835,0
SN_005132,LOT_016,13.108,14.132,14.7064,14.8481,0,healthy,0.0,50.0,12.3835,0
SN_005133,LOT_016,12.3532,13.4201,13.7765,14.077,0,healthy,0.0,50.0,12.3835,0
SN_005134,LOT_016,11.0436,12.213,12.6577,12.9626,0,healthy,0.0,50.0,12.3835,0
SN_005135,LOT_016,11.8342,13.1549,13.5697,13.8453,0,healthy,0.0,50.0,12.3835,0
SN_005136,LOT_016,11.9864,12.4324,12.9126,12.91,0,healthy,0.0,50.0,12.3835,0
SN_005137,LOT_016,13.2952,13.8357,13.9921,14.1402,0,healthy,0.0,50.0,12.3835,0
SN_005138,LOT_016,13.3753,14.0591,14.0151,14.3722,0,healthy,0.0,50.0,12.3835,0
SN_005139,LOT_016,14.3651,15.7806,16.1398,16.2362,0,healthy,0.0,50.0,12.3835,0
SN_005140,LOT_016,12.2471,13.0567,13.4352,13.2567,0,healthy,0.0,50.0,12.3835,0
SN_005141,LOT_016,12.7575,13.5716,13.916,13.8591,0,healthy,0.0,50.0,12.3835,0
SN_005142,LOT_016,12.3707,13.1286,13.4217,13.2554,0,healthy,0.0,50.0,12.3835,0
SN_005143,LOT_016,13.437,14.5115,14.8006,14.8471,0,healthy,0.0,50.0,12.3835,0
SN_005144,LOT_016,12.2665,12.8707,13.1108,13.352,0,healthy,0.0,50.0,12.3835,0
SN_005145,LOT_016,13.5168,14.2134,14.4276,14.6838,0,healthy,0.0,50.0,12.3835,0
SN_005146,LOT_016,12.0792,13.4371,13.7157,14.1198,0,healthy,0.0,50.0,12.3835,0
SN_005147,LOT_016,11.73,12.1479,12.2574,12.7139,0,healthy,0.0,50.0,12.3835,0
SN_005148,LOT_016,11.3308,12.2623,12.3049,12.6376,0,healthy,0.0,50.0,12.3835,0
SN_005149,LOT_016,13.1416,14.3757,14.8639,14.7424,0,healthy,0.0,50.0,12.3835,0
SN_005150,LOT_016,11.8044,12.8271,12.9945,13.2909,0,healthy,0.0,50.0,12.3835,0
SN_005151,LOT_016,12.6721,13.1074,13.4822,13.3911,0,healthy,0.0,50.0,12.3835,0
SN_005152,LOT_016,11.9104,13.5105,13.4665,13.8399,0,healthy,0.0,50.0,12.3835,0
SN_005153,LOT_016,13.2689,14.1809,14.742,14.8124,0,healthy,0.0,50.0,12.3835,0
SN_005154,LOT_016,11.6349,12.5959,12.9093,13.1348,0,healthy,0.0,50.0,12.3835,0
SN_005155,LOT_016,11.3216,12.5411,12.8866,13.4032,0,healthy,0.0,50.0,12.3835,0
SN_005156,LOT_016,12.1144,13.9131,14.2899,14.4173,0,healthy,0.0,50.0,12.3835,0
SN_005157,LOT_016,13.609,14.6918,15.0136,15.1902,0,healthy,0.0,50.0,12.3835,0
SN_005158,LOT_016,13.4996,15.1887,15.7578,16.0554,0,healthy,0.0,50.0,12.3835,0
SN_005159,LOT_016,13.8656,15.7051,16.513,16.4244,0,healthy,0.0,50.0,12.3835,0
SN_005160,LOT_016,12.1161,12.8747,13.185,13.256,0,healthy,0.0,50.0,12.3835,0
SN_005161,LOT_016,13.141,14.6348,15.2836,15.5986,0,healthy,0.0,50.0,12.3835,0
SN_005162,LOT_016,13.0429,13.6467,13.8934,14.1523,0,healthy,0.0,50.0,12.3835,0
SN_005163,LOT_016,12.2227,13.641,14.4171,14.661,0,healthy,0.0,50.0,12.3835,0
SN_005164,LOT_016,11.1173,12.3803,12.3942,12.7622,0,healthy,0.0,50.0,12.3835,0
SN_005165,LOT_016,12.3096,12.7964,13.0991,13.2625,0,healthy,0.0,50.0,12.3835,0
SN_005166,LOT_016,11.738,12.962,13.4302,13.5134,0,healthy,0.0,50.0,12.3835,0
SN_005167,LOT_016,13.6907,15.2014,15.8312,15.9445,0,healthy,0.0,50.0,12.3835,0
SN_005168,LOT_016,12.5468,13.9156,14.6078,14.6935,0,healthy,0.0,50.0,12.3835,0
SN_005169,LOT_016,11.1898,12.0863,12.159,12.4878,0,healthy,0.0,50.0,12.3835,0
SN_005170,LOT_016,13.2636,15.0955,15.6538,15.8083,0,healthy,0.0,50.0,12.3835,0
SN_005171,LOT_016,13.0989,13.6855,13.6934,13.758,0,healthy,0.0,50.0,12.3835,0
SN_005172,LOT_016,12.7243,14.0252,14.4879,14.7529,0,healthy,0.0,50.0,12.3835,0
SN_005173,LOT_016,13.8097,15.4444,15.9296,16.0921,0,healthy,0.0,50.0,12.3835,0
SN_005174,LOT_016,13.1309,14.4495,15.1065,15.5648,0,healthy,0.0,50.0,12.3835,0
SN_005175,LOT_016,13.3424,13.7833,14.0387,14.2076,0,healthy,0.0,50.0,12.3835,0
SN_005176,LOT_016,11.4209,12.578,12.9426,13.2899,0,healthy,0.0,50.0,12.3835,0
SN_005177,LOT_016,13.5321,14.3029,14.5576,14.5949,0,healthy,0.0,50.0,12.3835,0
SN_005178,LOT_016,9.8195,10.428,10.7981,11.0156,0,healthy,0.0,50.0,12.3835,0
SN_005179,LOT_016,11.6932,12.6736,13.3698,13.3961,0,healthy,0.0,50.0,12.3835,0
SN_005180,LOT_016,14.4381,15.7472,16.2555,16.5058,0,healthy,0.0,50.0,12.3835,0
SN_005181,LOT_016,12.12,12.9151,13.0672,13.0918,0,healthy,0.0,50.0,12.3835,0
SN_005182,LOT_016,13.3343,14.8068,15.116,15.5075,0,healthy,0.0,50.0,12.3835,0
SN_005183,LOT_016,12.711,14.0097,14.4092,14.3769,0,healthy,0.0,50.0,12.3835,0
SN_005184,LOT_016,12.8065,13.6314,13.5766,13.8021,0,healthy,0.0,50.0,12.3835,0
SN_005185,LOT_016,13.8158,14.2423,14.1881,14.4417,0,healthy,0.0,50.0,12.3835,0
SN_005186,LOT_016,11.8818,12.6317,13.0824,13.1858,0,healthy,0.0,50.0,12.3835,0
SN_005187,LOT_016,10.7962,12.1147,12.5087,12.5877,0,healthy,0.0,50.0,12.3835,0
SN_005188,LOT_016,11.712,12.8951,13.1507,13.3045,0,healthy,0.0,50.0,12.3835,0
SN_005189,LOT_016,11.6999,22.8154,22.9072,23.0167,1,mobile_ion,0.3135,50.0,12.3835,0
SN_005190,LOT_016,13.2216,13.8381,14.1115,14.1101,0,healthy,0.0,50.0,12.3835,0
SN_005191,LOT_016,13.1221,13.6713,13.676,14.1125,0,healthy,0.0,50.0,12.3835,0
SN_005192,LOT_016,12.0639,12.2175,14.5694,19.0148,1,tddb_dielectric,0.0292,50.0,12.3835,0
SN_005193,LOT_016,11.8283,13.1825,13.5289,13.803,0,healthy,0.0,50.0,12.3835,0
SN_005194,LOT_016,11.578,12.7458,13.1755,13.3984,0,healthy,0.0,50.0,12.3835,0
SN_005195,LOT_016,12.507,13.6346,14.1387,14.2405,0,healthy,0.0,50.0,12.3835,0
SN_005196,LOT_016,13.6392,17.3557,28.267,39.3801,1,electromigration,0.432,50.0,12.3835,0
SN_005197,LOT_016,12.7821,13.9475,14.6176,15.0616,0,healthy,0.0,50.0,12.3835,0
SN_005198,LOT_016,12.0843,13.249,14.1407,14.3747,0,healthy,0.0,50.0,12.3835,0
SN_005199,LOT_016,11.5661,13.1196,13.7742,13.8143,0,healthy,0.0,50.0,12.3835,0
SN_005200,LOT_016,15.0318,16.5282,16.6402,16.7457,0,healthy,0.0,50.0,12.3835,0
SN_005201,LOT_016,12.1101,13.6869,14.2286,14.2491,0,healthy,0.0,50.0,12.3835,0
SN_005202,LOT_016,13.7664,15.5812,16.2282,16.2882,0,healthy,0.0,50.0,12.3835,0
SN_005203,LOT_016,12.5913,13.7451,14.2526,14.592,0,healthy,0.0,50.0,12.3835,0
SN_005204,LOT_016,12.2978,13.8538,14.4121,14.53,0,healthy,0.0,50.0,12.3835,0
SN_005205,LOT_016,10.4331,11.2377,11.5833,11.618,0,healthy,0.0,50.0,12.3835,0
SN_005206,LOT_016,12.4802,13.7103,14.0031,14.2801,0,healthy,0.0,50.0,12.3835,0
SN_005207,LOT_016,12.1084,12.8731,13.3611,13.3846,0,healthy,0.0,50.0,12.3835,0
SN_005208,LOT_016,12.9671,14.2244,14.684,14.85,0,healthy,0.0,50.0,12.3835,0
SN_005209,LOT_016,13.3984,14.4794,14.9591,15.1088,0,healthy,0.0,50.0,12.3835,0
SN_005210,LOT_016,11.6725,12.2934,12.7191,12.6705,0,healthy,0.0,50.0,12.3835,0
SN_005211,LOT_016,12.9982,14.0789,14.4506,14.7792,0,healthy,0.0,50.0,12.3835,0
SN_005212,LOT_016,15.0171,16.1521,16.4591,16.6687,0,healthy,0.0,50.0,12.3835,0
SN_005213,LOT_016,11.6381,12.8887,13.035,13.2039,0,healthy,0.0,50.0,12.3835,0
SN_005214,LOT_016,11.9753,13.4709,13.9759,14.0919,0,healthy,0.0,50.0,12.3835,0
SN_005215,LOT_016,12.8905,13.8307,14.2928,14.5643,0,healthy,0.0,50.0,12.3835,0
SN_005216,LOT_016,16.1427,17.8667,18.1999,18.5568,0,healthy,0.0,50.0,12.3835,0
SN_005217,LOT_016,14.3773,16.1041,16.5694,16.6248,0,healthy,0.0,50.0,12.3835,0
SN_005218,LOT_016,12.1499,13.2012,13.8063,14.0596,0,healthy,0.0,50.0,12.3835,0
SN_005219,LOT_016,13.975,15.6609,16.2188,16.3694,0,healthy,0.0,50.0,12.3835,0
SN_005220,LOT_016,11.8392,12.4563,12.94,13.0652,0,healthy,0.0,50.0,12.3835,0
SN_005221,LOT_016,14.7997,15.4007,15.6083,15.5718,0,healthy,0.0,50.0,12.3835,0
SN_005222,LOT_016,11.4563,12.0735,12.0146,12.2669,0,healthy,0.0,50.0,12.3835,0
SN_005223,LOT_016,10.4976,11.0801,11.3217,11.3116,0,healthy,0.0,50.0,12.3835,0
SN_005224,LOT_016,11.6633,12.949,13.5457,14.1041,0,healthy,0.0,50.0,12.3835,0
SN_005225,LOT_016,12.9404,14.2969,14.827,15.4349,0,healthy,0.0,50.0,12.3835,0
SN_005226,LOT_016,11.975,13.2622,13.5322,13.8025,0,healthy,0.0,50.0,12.3835,0
SN_005227,LOT_016,12.952,14.0119,14.6291,14.5682,0,healthy,0.0,50.0,12.3835,0
SN_005228,LOT_016,12.088,13.0925,13.5816,13.6489,0,healthy,0.0,50.0,12.3835,0
SN_005229,LOT_016,11.2326,12.2051,12.4813,12.6827,0,healthy,0.0,50.0,12.3835,0
SN_005230,LOT_016,10.5885,11.1325,11.2698,11.2856,0,healthy,0.0,50.0,12.3835,0
SN_005231,LOT_016,12.1658,13.6474,14.1596,14.4109,0,healthy,0.0,50.0,12.3835,0
SN_005232,LOT_016,10.7276,11.8162,12.0079,12.108,0,healthy,0.0,50.0,12.3835,0
SN_005233,LOT_016,13.4708,14.7049,15.2404,15.4231,0,healthy,0.0,50.0,12.3835,0
SN_005234,LOT_016,11.3101,12.1496,12.3816,12.3026,0,healthy,0.0,50.0,12.3835,0
SN_005235,LOT_016,13.9577,14.9017,15.174,15.5072,0,healthy,0.0,50.0,12.3835,0
SN_005236,LOT_016,11.4543,12.008,11.9937,12.2106,0,healthy,0.0,50.0,12.3835,0
SN_005237,LOT_016,12.4855,13.6086,13.7205,14.167,0,healthy,0.0,50.0,12.3835,0
SN_005238,LOT_016,14.2334,14.5965,14.8619,14.9334,0,healthy,0.0,50.0,12.3835,0
SN_005239,LOT_016,11.7968,12.6618,13.2138,13.5036,0,healthy,0.0,50.0,12.3835,0
SN_005240,LOT_016,12.288,12.7873,12.906,13.0895,0,healthy,0.0,50.0,12.3835,0
SN_005241,LOT_016,12.4901,13.4337,13.7112,13.8423,0,healthy,0.0,50.0,12.3835,0
SN_005242,LOT_016,11.7045,13.091,13.413,13.6994,0,healthy,0.0,50.0,12.3835,0
SN_005243,LOT_016,12.4407,13.071,13.1286,13.3609,0,healthy,0.0,50.0,12.3835,0
SN_005244,LOT_016,12.6088,13.1712,13.3971,13.6701,0,healthy,0.0,50.0,12.3835,0
SN_005245,LOT_016,10.4578,11.6817,12.0804,12.3776,0,healthy,0.0,50.0,12.3835,0
SN_005246,LOT_016,11.8602,12.9194,13.1195,13.0688,0,healthy,0.0,50.0,12.3835,0
SN_005247,LOT_016,12.2808,12.8429,13.5588,13.6176,0,healthy,0.0,50.0,12.3835,0
SN_005248,LOT_016,12.7217,13.6821,14.0245,14.1876,0,healthy,0.0,50.0,12.3835,0
SN_005249,LOT_016,10.7894,11.7494,12.1569,12.5685,0,healthy,0.0,50.0,12.3835,0
SN_005250,LOT_016,15.2641,16.3855,16.8365,16.943,0,healthy,0.0,50.0,12.3835,0
SN_005251,LOT_016,13.3726,14.8907,15.7162,15.9637,0,healthy,0.0,50.0,12.3835,0
SN_005252,LOT_016,12.0744,12.4406,12.6424,12.8572,0,healthy,0.0,50.0,12.3835,0
SN_005253,LOT_016,13.6144,14.7902,15.0821,15.3735,0,healthy,0.0,50.0,12.3835,0
SN_005254,LOT_016,10.9303,12.0679,12.4739,12.6052,0,healthy,0.0,50.0,12.3835,0
SN_005255,LOT_016,14.9318,15.4522,15.464,16.0546,0,healthy,0.0,50.0,12.3835,0
SN_005256,LOT_016,12.1385,12.4745,12.7397,12.7515,0,healthy,0.0,50.0,12.3835,0
SN_005257,LOT_016,10.721,11.3758,11.6016,11.6566,0,healthy,0.0,50.0,12.3835,0
SN_005258,LOT_016,12.4166,13.9596,14.3676,14.5882,0,healthy,0.0,50.0,12.3835,0
SN_005259,LOT_016,11.3834,11.9962,12.2946,12.6143,0,healthy,0.0,50.0,12.3835,0
SN_005260,LOT_016,14.5786,15.4223,15.8342,16.0754,0,healthy,0.0,50.0,12.3835,0
SN_005261,LOT_016,11.6752,12.3085,12.6012,12.8153,0,healthy,0.0,50.0,12.3835,0
SN_005262,LOT_016,14.4715,15.7129,15.9246,16.3568,0,healthy,0.0,50.0,12.3835,0
SN_005263,LOT_016,12.0651,13.062,13.392,13.2305,0,healthy,0.0,50.0,12.3835,0
SN_005264,LOT_016,12.3165,13.3833,13.982,14.0847,0,healthy,0.0,50.0,12.3835,0
SN_005265,LOT_016,11.8497,12.8538,13.3267,13.3152,0,healthy,0.0,50.0,12.3835,0
SN_005266,LOT_016,12.9506,14.5409,15.1543,15.3997,0,healthy,0.0,50.0,12.3835,0
SN_005267,LOT_016,12.4012,12.8881,12.804,13.0383,0,healthy,0.0,50.0,12.3835,0
SN_005268,LOT_016,12.6471,14.3534,14.5976,14.9076,0,healthy,0.0,50.0,12.3835,0
SN_005269,LOT_016,13.3246,14.2876,14.968,15.0666,0,healthy,0.0,50.0,12.3835,0
SN_005270,LOT_016,13.2881,14.4084,14.3178,14.4898,0,healthy,0.0,50.0,12.3835,0
SN_005271,LOT_016,11.3377,12.4481,13.2169,13.6058,0,healthy,0.0,50.0,12.3835,0
SN_005272,LOT_016,14.2274,15.3506,15.6275,16.1082,0,healthy,0.0,50.0,12.3835,0
SN_005273,LOT_016,11.9517,12.5659,13.1931,13.3783,0,healthy,0.0,50.0,12.3835,0
SN_005274,LOT_016,10.7697,11.6674,12.0644,12.0744,0,healthy,0.0,50.0,12.3835,0
SN_005275,LOT_016,12.7867,14.216,14.843,15.2848,0,healthy,0.0,50.0,12.3835,0
SN_005276,LOT_016,12.9088,14.0792,14.4584,14.3833,0,healthy,0.0,50.0,12.3835,0
SN_005277,LOT_016,13.78,15.1135,15.4591,16.0657,0,healthy,0.0,50.0,12.3835,0
SN_005278,LOT_016,11.7627,12.3515,12.7164,12.7609,0,healthy,0.0,50.0,12.3835,0
SN_005279,LOT_016,12.233,13.5814,13.8524,14.1539,0,healthy,0.0,50.0,12.3835,0
SN_005280,LOT_016,11.8101,12.9209,13.4369,13.5233,0,healthy,0.0,50.0,12.3835,0
SN_005281,LOT_016,11.338,12.4461,12.5338,12.5424,0,healthy,0.0,50.0,12.3835,0
SN_005282,LOT_016,12.812,14.0568,14.5145,14.7196,0,healthy,0.0,50.0,12.3835,0
SN_005283,LOT_016,12.2251,13.4223,13.8837,14.0493,0,healthy,0.0,50.0,12.3835,0
SN_005284,LOT_016,13.0455,14.7475,14.9191,15.1526,0,healthy,0.0,50.0,12.3835,0
SN_005285,LOT_016,12.7575,13.6443,14.1614,14.2787,0,healthy,0.0,50.0,12.3835,0
SN_005286,LOT_016,13.623,14.1951,14.2846,14.5741,0,healthy,0.0,50.0,12.3835,0
SN_005287,LOT_016,10.2959,11.1626,11.7119,11.8836,0,healthy,0.0,50.0,12.3835,0
SN_005288,LOT_016,14.1292,14.6651,14.7164,15.1554,0,healthy,0.0,50.0,12.3835,0
SN_005289,LOT_016,12.8941,13.1029,13.4958,13.6286,0,healthy,0.0,50.0,12.3835,0
SN_005290,LOT_016,11.9309,13.28,13.846,13.879,0,healthy,0.0,50.0,12.3835,0
SN_005291,LOT_016,12.2712,13.1934,13.8002,14.0542,0,healthy,0.0,50.0,12.3835,0
SN_005292,LOT_016,12.364,13.4614,13.6839,13.934,0,healthy,0.0,50.0,12.3835,0
SN_005293,LOT_016,12.7593,13.7359,13.7936,14.2276,0,healthy,0.0,50.0,12.3835,0
SN_005294,LOT_016,11.8064,12.0674,12.4166,12.5207,0,healthy,0.0,50.0,12.3835,0
SN_005295,LOT_016,11.7994,12.4496,12.6372,12.6426,0,healthy,0.0,50.0,12.3835,0
SN_005296,LOT_016,12.8342,13.5525,13.7871,13.734,0,healthy,0.0,50.0,12.3835,0
SN_005297,LOT_016,11.6991,12.9849,13.4679,13.5547,0,healthy,0.0,50.0,12.3835,0
SN_005298,LOT_016,12.2302,13.1788,13.3706,13.7623,0,healthy,0.0,50.0,12.3835,0
SN_005299,LOT_016,11.8411,12.2288,12.483,12.559,0,healthy,0.0,50.0,12.3835,0
SN_005300,LOT_016,10.4343,11.2812,11.6599,11.7197,0,healthy,0.0,50.0,12.3835,0
SN_005301,LOT_016,12.2055,13.1037,13.5051,13.7722,0,healthy,0.0,50.0,12.3835,0
SN_005302,LOT_016,10.5435,11.0941,11.2153,11.2382,0,healthy,0.0,50.0,12.3835,0
SN_005303,LOT_016,11.9393,12.5483,12.8372,12.7769,0,healthy,0.0,50.0,12.3835,0
SN_005304,LOT_016,11.07,11.7456,11.9186,12.1447,0,healthy,0.0,50.0,12.3835,0
SN_005305,LOT_016,14.7936,15.7176,16.3381,16.5232,0,healthy,0.0,50.0,12.3835,0
SN_005306,LOT_016,11.2318,12.2774,12.5974,12.6671,0,healthy,0.0,50.0,12.3835,0
SN_005307,LOT_016,11.378,12.5987,13.276,13.4225,0,healthy,0.0,50.0,12.3835,0
SN_005308,LOT_016,12.6572,14.1901,14.5528,14.786,0,healthy,0.0,50.0,12.3835,0
SN_005309,LOT_016,11.9498,13.1427,13.4993,13.6818,0,healthy,0.0,50.0,12.3835,0
SN_005310,LOT_016,13.5482,14.6267,15.1088,15.3154,0,healthy,0.0,50.0,12.3835,0
SN_005311,LOT_016,11.9371,13.2346,13.827,14.0262,0,healthy,0.0,50.0,12.3835,0
SN_005312,LOT_016,11.4415,13.1712,19.1752,24.5189,1,electromigration,0.142,50.0,12.3835,0
SN_005313,LOT_016,15.5012,16.1728,16.4634,16.6848,0,healthy,0.0,50.0,12.3835,0
SN_005314,LOT_016,11.5064,12.9578,13.2673,13.8352,0,healthy,0.0,50.0,12.3835,0
SN_005315,LOT_016,11.8188,12.2716,12.6088,12.7124,0,healthy,0.0,50.0,12.3835,0
SN_005316,LOT_016,12.9389,13.634,13.7738,13.8866,0,healthy,0.0,50.0,12.3835,0
SN_005317,LOT_016,11.8001,12.3281,12.6282,12.7519,0,healthy,0.0,50.0,12.3835,0
SN_005318,LOT_016,12.9653,14.3095,14.886,15.1521,0,healthy,0.0,50.0,12.3835,0
SN_005319,LOT_016,12.2771,12.8568,13.3563,13.4381,0,healthy,0.0,50.0,12.3835,0
SN_005320,LOT_016,12.2372,13.2272,13.8652,14.0847,0,healthy,0.0,50.0,12.3835,0
SN_005321,LOT_016,9.5924,10.8791,11.0636,11.3549,0,healthy,0.0,50.0,12.3835,0
SN_005322,LOT_016,12.6686,13.6216,13.8618,14.1446,0,healthy,0.0,50.0,12.3835,0
SN_005323,LOT_016,12.6273,13.8992,14.201,14.3727,0,healthy,0.0,50.0,12.3835,0
SN_005324,LOT_016,12.8635,13.4099,13.6809,13.8263,0,healthy,0.0,50.0,12.3835,0
SN_005325,LOT_016,12.0417,13.103,13.317,13.5225,0,healthy,0.0,50.0,12.3835,0
SN_005326,LOT_016,12.3531,13.1681,12.964,13.3045,0,healthy,0.0,50.0,12.3835,0
SN_005327,LOT_016,12.2563,12.9486,13.2615,13.3351,0,healthy,0.0,50.0,12.3835,0
SN_005328,LOT_016,12.1146,13.6051,14.1514,14.3882,0,healthy,0.0,50.0,12.3835,0
SN_005329,LOT_016,12.058,12.7478,13.0278,13.2581,0,healthy,0.0,50.0,12.3835,0
SN_005330,LOT_016,11.9083,13.4953,13.8778,14.1617,0,healthy,0.0,50.0,12.3835,0
SN_005331,LOT_016,11.8991,12.2979,12.5141,12.6987,0,healthy,0.0,50.0,12.3835,0
SN_005332,LOT_016,11.9283,12.7265,13.4158,13.4554,0,healthy,0.0,50.0,12.3835,0
SN_005333,LOT_016,11.5667,12.6786,13.4225,13.7025,0,healthy,0.0,50.0,12.3835,0
SN_005334,LOT_016,13.4728,14.3985,14.2845,14.7456,0,healthy,0.0,50.0,12.3835,0
SN_005335,LOT_016,11.1312,12.0163,12.1818,12.3699,0,healthy,0.0,50.0,12.3835,0
SN_005336,LOT_016,11.9253,13.2156,13.5494,13.6697,0,healthy,0.0,50.0,12.3835,0
SN_005337,LOT_016,12.8606,13.6625,13.9071,14.0718,0,healthy,0.0,50.0,12.3835,0
SN_005338,LOT_016,12.8063,14.2487,14.7436,15.3378,0,healthy,0.0,50.0,12.3835,0
SN_005339,LOT_016,35.8059,36.8193,41.0611,44.5875,1,esd_oxide,0.1957,50.0,12.3835,0
SN_005340,LOT_016,12.4542,12.5941,13.1596,13.2424,0,healthy,0.0,50.0,12.3835,0
SN_005341,LOT_016,11.7242,12.8534,13.2706,13.4532,0,healthy,0.0,50.0,12.3835,0
SN_005342,LOT_016,13.0166,13.9635,14.0234,14.1751,0,healthy,0.0,50.0,12.3835,0
SN_005343,LOT_016,14.8068,15.6996,15.6993,15.7636,0,healthy,0.0,50.0,12.3835,0
SN_005344,LOT_016,11.6059,12.3057,12.3489,12.706,0,healthy,0.0,50.0,12.3835,0
SN_005345,LOT_016,12.1995,12.852,13.087,13.1682,0,healthy,0.0,50.0,12.3835,0
SN_005346,LOT_016,12.1861,12.9,13.2802,13.4594,0,healthy,0.0,50.0,12.3835,0
SN_005347,LOT_016,12.7474,14.0552,14.4821,14.5577,0,healthy,0.0,50.0,12.3835,0
SN_005348,LOT_016,11.1498,11.4444,12.0385,11.832,0,healthy,0.0,50.0,12.3835,0
SN_005349,LOT_016,11.6699,13.202,13.8086,14.0597,0,healthy,0.0,50.0,12.3835,0
SN_005350,LOT_016,11.9612,12.7987,13.1271,13.073,0,healthy,0.0,50.0,12.3835,0
SN_005351,LOT_016,10.3736,11.8666,12.0996,12.21,0,healthy,0.0,50.0,12.3835,0
SN_005352,LOT_016,13.3499,14.961,15.854,15.8336,0,healthy,0.0,50.0,12.3835,0
SN_005353,LOT_016,13.3769,13.9463,14.1584,14.393,0,healthy,0.0,50.0,12.3835,0
SN_005354,LOT_016,12.2579,13.0365,13.3102,13.2907,0,healthy,0.0,50.0,12.3835,0
SN_005355,LOT_016,12.1809,13.6177,14.1169,14.1875,0,healthy,0.0,50.0,12.3835,0
SN_005356,LOT_016,13.4733,14.5927,14.5332,14.8852,0,healthy,0.0,50.0,12.3835,0
SN_005357,LOT_016,12.8164,13.932,14.2104,14.4438,0,healthy,0.0,50.0,12.3835,0
SN_005358,LOT_016,13.5862,14.4778,14.6892,14.8901,0,healthy,0.0,50.0,12.3835,0
SN_005359,LOT_016,11.756,12.643,13.0381,13.4025,0,healthy,0.0,50.0,12.3835,0
SN_005360,LOT_016,12.8432,14.1322,14.616,14.8288,0,healthy,0.0,50.0,12.3835,0
SN_005361,LOT_016,11.9167,12.4768,12.6677,12.9333,0,healthy,0.0,50.0,12.3835,0
SN_005362,LOT_016,12.1553,13.3284,13.8959,13.8574,0,healthy,0.0,50.0,12.3835,0
SN_005363,LOT_016,11.3846,12.2543,12.6073,12.7334,0,healthy,0.0,50.0,12.3835,0
SN_005364,LOT_016,12.6099,13.675,14.0518,14.3175,0,healthy,0.0,50.0,12.3835,0
SN_005365,LOT_016,13.9793,14.9538,15.1133,15.3763,0,healthy,0.0,50.0,12.3835,0
SN_005366,LOT_016,10.8068,11.6358,12.1307,11.9896,0,healthy,0.0,50.0,12.3835,0
SN_005367,LOT_016,11.9703,13.0902,13.3701,13.7427,0,healthy,0.0,50.0,12.3835,0
SN_005368,LOT_016,34.8992,36.3396,38.0777,39.9856,1,esd_oxide,0.1591,50.0,12.3835,0
SN_005369,LOT_016,12.4944,12.8536,12.963,13.1981,0,healthy,0.0,50.0,12.3835,0
SN_005370,LOT_016,12.4158,13.2829,13.5029,13.5625,0,healthy,0.0,50.0,12.3835,0
SN_005371,LOT_016,10.0219,10.98,11.3776,11.3443,0,healthy,0.0,50.0,12.3835,0
SN_005372,LOT_016,12.2607,13.0708,13.5063,13.5094,0,healthy,0.0,50.0,12.3835,0
SN_005373,LOT_016,14.7213,16.4126,16.9653,17.3534,0,healthy,0.0,50.0,12.3835,0
SN_005374,LOT_016,11.3285,12.5021,12.9583,13.2074,0,healthy,0.0,50.0,12.3835,0
SN_005375,LOT_016,10.7419,11.9707,12.2377,12.2799,0,healthy,0.0,50.0,12.3835,0
SN_005376,LOT_016,12.6137,13.3709,14.0186,14.0499,0,healthy,0.0,50.0,12.3835,0
SN_005377,LOT_016,13.0654,14.7914,15.3369,15.6469,0,healthy,0.0,50.0,12.3835,0
SN_005378,LOT_016,13.5812,14.4321,14.979,15.182,0,healthy,0.0,50.0,12.3835,0
SN_005379,LOT_016,11.9082,12.9212,13.3922,13.8034,0,healthy,0.0,50.0,12.3835,0
SN_005380,LOT_016,11.8075,13.3187,13.7097,13.9942,0,healthy,0.0,50.0,12.3835,0
SN_005381,LOT_016,12.411,13.6623,13.8386,14.3064,0,healthy,0.0,50.0,12.3835,0
SN_005382,LOT_016,12.5662,13.6007,13.9009,14.0204,0,healthy,0.0,50.0,12.3835,0
SN_005383,LOT_016,12.458,13.6101,13.9261,14.5192,0,healthy,0.0,50.0,12.3835,0
SN_005384,LOT_016,13.9402,15.6684,16.5915,16.6707,0,healthy,0.0,50.0,12.3835,0
SN_005385,LOT_016,12.5693,13.7388,13.9606,14.1017,0,healthy,0.0,50.0,12.3835,0
SN_005386,LOT_016,13.1233,14.3917,15.1487,15.4958,0,healthy,0.0,50.0,12.3835,0
SN_005387,LOT_016,14.1118,15.3033,15.4342,15.2188,0,healthy,0.0,50.0,12.3835,0
SN_005388,LOT_016,13.7307,14.8018,15.3606,15.5198,0,healthy,0.0,50.0,12.3835,0
SN_005389,LOT_016,12.5833,13.5819,14.04,14.0781,0,healthy,0.0,50.0,12.3835,0
SN_005390,LOT_016,10.9324,12.2503,12.5425,12.9236,0,healthy,0.0,50.0,12.3835,0
SN_005391,LOT_016,11.8687,12.8512,13.2803,13.4548,0,healthy,0.0,50.0,12.3835,0
SN_005392,LOT_016,12.2115,13.893,13.976,14.327,0,healthy,0.0,50.0,12.3835,0
SN_005393,LOT_016,10.689,11.9194,12.1077,12.4234,0,healthy,0.0,50.0,12.3835,0
SN_005394,LOT_016,13.7172,15.2242,15.6865,15.9754,0,healthy,0.0,50.0,12.3835,0
SN_005395,LOT_016,11.876,12.2086,12.5503,12.7,0,healthy,0.0,50.0,12.3835,0
SN_005396,LOT_016,13.7676,15.0098,15.3933,15.5483,0,healthy,0.0,50.0,12.3835,0
SN_005397,LOT_016,13.3105,14.0589,14.3203,14.3566,0,healthy,0.0,50.0,12.3835,0
SN_005398,LOT_016,12.6577,13.2535,13.4278,13.585,0,healthy,0.0,50.0,12.3835,0
SN_005399,LOT_016,14.0692,14.6498,14.8529,15.0917,0,healthy,0.0,50.0,12.3835,0
SN_005400,LOT_016,12.4531,14.02,14.6303,14.6292,0,healthy,0.0,50.0,12.3835,0
SN_005401,LOT_016,11.9927,13.3054,13.8679,14.2396,0,healthy,0.0,50.0,12.3835,0
SN_005402,LOT_016,12.2231,12.8286,13.2432,13.322,0,healthy,0.0,50.0,12.3835,0
SN_005403,LOT_016,12.1959,12.782,13.0048,13.3199,0,healthy,0.0,50.0,12.3835,0
SN_005404,LOT_016,13.6685,14.5982,15.2996,15.4611,0,healthy,0.0,50.0,12.3835,0
SN_005405,LOT_016,11.7666,12.22,12.2019,12.5571,0,healthy,0.0,50.0,12.3835,0
SN_005406,LOT_016,12.2619,13.2482,13.7786,14.1615,0,healthy,0.0,50.0,12.3835,0
SN_005407,LOT_016,12.0703,12.8459,13.0044,13.0686,0,healthy,0.0,50.0,12.3835,0
SN_005408,LOT_016,12.311,13.0234,13.1884,13.4516,0,healthy,0.0,50.0,12.3835,0
SN_005409,LOT_016,13.0631,14.0103,14.341,14.5955,0,healthy,0.0,50.0,12.3835,0
SN_005410,LOT_016,10.3532,11.1326,11.5232,11.6862,0,healthy,0.0,50.0,12.3835,0
SN_005411,LOT_016,12.0355,12.5393,12.9151,13.0665,0,healthy,0.0,50.0,12.3835,0
SN_005412,LOT_016,12.3385,13.4427,13.9523,14.3235,0,healthy,0.0,50.0,12.3835,0
SN_005413,LOT_016,10.93,12.1636,12.6397,12.8827,0,healthy,0.0,50.0,12.3835,0
SN_005414,LOT_016,11.4282,12.3533,12.6061,12.6718,0,healthy,0.0,50.0,12.3835,0
SN_005415,LOT_016,10.4873,11.2412,11.4481,11.5032,0,healthy,0.0,50.0,12.3835,0
SN_005416,LOT_016,11.2676,11.8076,11.8876,11.7768,0,healthy,0.0,50.0,12.3835,0
SN_005417,LOT_016,12.39,13.2793,13.6747,13.7815,0,healthy,0.0,50.0,12.3835,0
SN_005418,LOT_016,12.1196,13.0968,13.3327,13.405,0,healthy,0.0,50.0,12.3835,0
SN_005419,LOT_016,10.5436,11.4822,11.6477,11.8069,0,healthy,0.0,50.0,12.3835,0
SN_005420,LOT_016,11.4951,12.5474,12.7591,12.998,0,healthy,0.0,50.0,12.3835,0
SN_005421,LOT_016,11.7695,12.6915,13.0779,13.2317,0,healthy,0.0,50.0,12.3835,0
SN_005422,LOT_016,12.8952,14.404,15.0787,15.303,0,healthy,0.0,50.0,12.3835,0
SN_005423,LOT_016,12.3188,13.5145,14.027,14.4923,0,healthy,0.0,50.0,12.3835,0
SN_005424,LOT_016,12.379,13.2318,13.4745,13.6526,0,healthy,0.0,50.0,12.3835,0
SN_005425,LOT_016,12.9506,14.4097,14.9322,15.2054,0,healthy,0.0,50.0,12.3835,0
SN_005426,LOT_016,11.9761,12.8079,13.3238,13.4926,0,healthy,0.0,50.0,12.3835,0
SN_005427,LOT_016,12.8972,13.7328,13.9719,13.976,0,healthy,0.0,50.0,12.3835,0
SN_005428,LOT_017,12.9863,14.4986,15.0944,15.4511,0,healthy,0.0,50.0,11.3668,0
SN_005429,LOT_017,12.1938,12.3363,12.8342,12.9706,0,healthy,0.0,50.0,11.3668,0
SN_005430,LOT_017,11.2662,12.6988,13.0415,13.2999,0,healthy,0.0,50.0,11.3668,0
SN_005431,LOT_017,11.9104,12.7128,12.8094,12.9695,0,healthy,0.0,50.0,11.3668,0
SN_005432,LOT_017,10.4989,10.9369,11.016,11.2547,0,healthy,0.0,50.0,11.3668,0
SN_005433,LOT_017,10.2691,11.3561,11.7521,12.0452,0,healthy,0.0,50.0,11.3668,0
SN_005434,LOT_017,10.0048,10.3536,10.6407,10.5446,0,healthy,0.0,50.0,11.3668,0
SN_005435,LOT_017,13.606,15.0353,15.7232,16.2603,0,healthy,0.0,50.0,11.3668,0
SN_005436,LOT_017,11.3907,12.212,12.6221,12.7306,0,healthy,0.0,50.0,11.3668,0
SN_005437,LOT_017,11.9722,13.4033,13.9914,14.4926,0,healthy,0.0,50.0,11.3668,0
SN_005438,LOT_017,11.5023,12.7471,13.1132,13.3627,0,healthy,0.0,50.0,11.3668,0
SN_005439,LOT_017,12.4865,13.3116,13.5631,13.9972,0,healthy,0.0,50.0,11.3668,0
SN_005440,LOT_017,10.5658,12.0319,12.2765,12.5298,0,healthy,0.0,50.0,11.3668,0
SN_005441,LOT_017,13.1092,14.2324,14.5011,14.6692,0,healthy,0.0,50.0,11.3668,0
SN_005442,LOT_017,9.4912,10.8403,11.0183,11.2419,0,healthy,0.0,50.0,11.3668,0
SN_005443,LOT_017,12.9105,13.509,13.8898,14.0261,0,healthy,0.0,50.0,11.3668,0
SN_005444,LOT_017,10.6877,11.5588,11.919,12.1776,0,healthy,0.0,50.0,11.3668,0
SN_005445,LOT_017,12.7252,13.2489,13.4442,13.6617,0,healthy,0.0,50.0,11.3668,0
SN_005446,LOT_017,11.6355,12.4121,12.8632,12.7396,0,healthy,0.0,50.0,11.3668,0
SN_005447,LOT_017,10.6474,11.4274,11.5579,11.9568,0,healthy,0.0,50.0,11.3668,0
SN_005448,LOT_017,11.0382,12.2985,12.7904,13.1324,0,healthy,0.0,50.0,11.3668,0
SN_005449,LOT_017,9.0375,9.7149,9.7227,9.8982,0,healthy,0.0,50.0,11.3668,0
SN_005450,LOT_017,10.2932,11.4088,11.695,11.9083,0,healthy,0.0,50.0,11.3668,0
SN_005451,LOT_017,11.6113,12.8092,13.4499,13.766,0,healthy,0.0,50.0,11.3668,0
SN_005452,LOT_017,10.4516,11.2477,11.2822,11.3566,0,healthy,0.0,50.0,11.3668,0
SN_005453,LOT_017,12.9559,13.5181,13.7804,13.786,0,healthy,0.0,50.0,11.3668,0
SN_005454,LOT_017,10.7466,11.1085,11.1909,11.4163,0,healthy,0.0,50.0,11.3668,0
SN_005455,LOT_017,11.6778,12.3647,12.6129,12.8631,0,healthy,0.0,50.0,11.3668,0
SN_005456,LOT_017,12.1159,13.3476,13.9975,14.1852,0,healthy,0.0,50.0,11.3668,0
SN_005457,LOT_017,11.6129,12.4851,12.9805,13.2015,0,healthy,0.0,50.0,11.3668,0
SN_005458,LOT_017,11.3655,12.2258,12.6586,12.724,0,healthy,0.0,50.0,11.3668,0
SN_005459,LOT_017,11.3905,12.6824,12.8747,13.0264,0,healthy,0.0,50.0,11.3668,0
SN_005460,LOT_017,12.435,13.6704,14.0864,14.0776,0,healthy,0.0,50.0,11.3668,0
SN_005461,LOT_017,8.5317,9.5023,9.7468,9.6249,0,healthy,0.0,50.0,11.3668,0
SN_005462,LOT_017,11.3468,12.3921,12.7264,12.8961,0,healthy,0.0,50.0,11.3668,0
SN_005463,LOT_017,11.867,12.5751,12.7245,12.6649,0,healthy,0.0,50.0,11.3668,0
SN_005464,LOT_017,13.8553,15.5121,15.5825,16.1219,0,healthy,0.0,50.0,11.3668,0
SN_005465,LOT_017,13.3823,13.9628,14.1972,13.9392,0,healthy,0.0,50.0,11.3668,0
SN_005466,LOT_017,10.6327,11.8274,12.2223,12.3638,0,healthy,0.0,50.0,11.3668,0
SN_005467,LOT_017,11.9172,12.3014,12.5797,12.656,0,healthy,0.0,50.0,11.3668,0
SN_005468,LOT_017,12.8558,14.3826,14.5937,14.8601,0,healthy,0.0,50.0,11.3668,0
SN_005469,LOT_017,11.2053,11.6431,11.6898,11.8024,0,healthy,0.0,50.0,11.3668,0
SN_005470,LOT_017,9.6204,11.0429,11.2138,11.4692,0,healthy,0.0,50.0,11.3668,0
SN_005471,LOT_017,12.518,13.014,13.0791,13.2513,0,healthy,0.0,50.0,11.3668,0
SN_005472,LOT_017,12.2013,13.5084,13.5956,13.6205,0,healthy,0.0,50.0,11.3668,0
SN_005473,LOT_017,13.5596,14.9152,15.2803,15.5665,0,healthy,0.0,50.0,11.3668,0
SN_005474,LOT_017,13.2098,14.2265,14.3061,14.4902,0,healthy,0.0,50.0,11.3668,0
SN_005475,LOT_017,10.5572,10.9459,11.3981,11.5087,0,healthy,0.0,50.0,11.3668,0
SN_005476,LOT_017,10.6931,11.2043,11.4997,11.6649,0,healthy,0.0,50.0,11.3668,0
SN_005477,LOT_017,11.5435,12.7043,13.1334,13.2129,0,healthy,0.0,50.0,11.3668,0
SN_005478,LOT_017,10.3631,11.0924,11.6354,11.833,0,healthy,0.0,50.0,11.3668,0
SN_005479,LOT_017,9.7974,10.3274,10.6685,10.8068,0,healthy,0.0,50.0,11.3668,0
SN_005480,LOT_017,11.4887,12.8297,13.2327,13.4372,0,healthy,0.0,50.0,11.3668,0
SN_005481,LOT_017,10.5704,11.451,11.7159,11.8196,0,healthy,0.0,50.0,11.3668,0
SN_005482,LOT_017,9.8544,10.2455,10.3301,10.5707,0,healthy,0.0,50.0,11.3668,0
SN_005483,LOT_017,11.337,12.8689,13.233,13.4613,0,healthy,0.0,50.0,11.3668,0
SN_005484,LOT_017,10.6305,11.2904,11.2967,11.31,0,healthy,0.0,50.0,11.3668,0
SN_005485,LOT_017,11.8232,13.282,13.6887,13.9775,0,healthy,0.0,50.0,11.3668,0
SN_005486,LOT_017,10.9586,12.0927,12.4554,12.5291,0,healthy,0.0,50.0,11.3668,0
SN_005487,LOT_017,12.5888,13.807,14.3752,14.7038,0,healthy,0.0,50.0,11.3668,0
SN_005488,LOT_017,11.9122,12.456,12.6678,12.8321,0,healthy,0.0,50.0,11.3668,0
SN_005489,LOT_017,14.3162,15.2157,15.7448,15.8887,0,healthy,0.0,50.0,11.3668,0
SN_005490,LOT_017,13.0896,14.4355,14.5506,14.8097,0,healthy,0.0,50.0,11.3668,0
SN_005491,LOT_017,10.0287,11.2445,11.5219,11.6233,0,healthy,0.0,50.0,11.3668,0
SN_005492,LOT_017,14.2606,15.9654,16.4811,17.0449,0,healthy,0.0,50.0,11.3668,0
SN_005493,LOT_017,10.5394,10.9157,11.2019,11.474,0,healthy,0.0,50.0,11.3668,0
SN_005494,LOT_017,9.3115,10.4946,10.8983,11.1702,0,healthy,0.0,50.0,11.3668,0
SN_005495,LOT_017,12.2106,12.9757,13.0472,13.4809,0,healthy,0.0,50.0,11.3668,0
SN_005496,LOT_017,10.744,11.0558,11.2337,11.3243,0,healthy,0.0,50.0,11.3668,0
SN_005497,LOT_017,10.6832,11.4365,12.1342,12.1041,0,healthy,0.0,50.0,11.3668,0
SN_005498,LOT_017,10.9087,11.4968,11.5975,11.6236,0,healthy,0.0,50.0,11.3668,0
SN_005499,LOT_017,9.7836,10.4192,10.6627,10.8228,0,healthy,0.0,50.0,11.3668,0
SN_005500,LOT_017,14.6785,15.6615,15.8888,16.013,0,healthy,0.0,50.0,11.3668,0
SN_005501,LOT_017,11.2731,11.9301,12.2766,12.1325,0,healthy,0.0,50.0,11.3668,0
SN_005502,LOT_017,9.9314,10.3187,10.2429,10.4486,0,healthy,0.0,50.0,11.3668,0
SN_005503,LOT_017,11.0503,11.2826,11.5495,11.5585,0,healthy,0.0,50.0,11.3668,0
SN_005504,LOT_017,11.8778,12.7097,13.1336,13.6333,0,healthy,0.0,50.0,11.3668,0
SN_005505,LOT_017,10.7804,11.9442,12.3697,12.4402,0,healthy,0.0,50.0,11.3668,0
SN_005506,LOT_017,14.7621,16.2118,16.8452,17.1137,0,healthy,0.0,50.0,11.3668,0
SN_005507,LOT_017,13.6889,14.0972,14.4608,14.527,0,healthy,0.0,50.0,11.3668,0
SN_005508,LOT_017,11.6643,12.2366,12.3083,12.3016,0,healthy,0.0,50.0,11.3668,0
SN_005509,LOT_017,10.559,11.3278,11.6465,11.6733,0,healthy,0.0,50.0,11.3668,0
SN_005510,LOT_017,12.7712,13.9862,14.7827,14.8973,0,healthy,0.0,50.0,11.3668,0
SN_005511,LOT_017,14.1523,15.2591,15.8098,16.3043,0,healthy,0.0,50.0,11.3668,0
SN_005512,LOT_017,11.8636,12.2795,12.5932,12.3448,0,healthy,0.0,50.0,11.3668,0
SN_005513,LOT_017,11.5678,11.9289,12.3996,12.2244,0,healthy,0.0,50.0,11.3668,0
SN_005514,LOT_017,12.0539,13.2936,13.8089,14.0469,0,healthy,0.0,50.0,11.3668,0
SN_005515,LOT_017,10.5254,11.4283,12.0061,12.3755,0,healthy,0.0,50.0,11.3668,0
SN_005516,LOT_017,12.4084,13.4464,13.6959,13.884,0,healthy,0.0,50.0,11.3668,0
SN_005517,LOT_017,13.0251,14.6606,15.1867,15.5816,0,healthy,0.0,50.0,11.3668,0
SN_005518,LOT_017,10.7668,11.3006,11.3904,11.3914,0,healthy,0.0,50.0,11.3668,0
SN_005519,LOT_017,13.4397,13.8512,14.067,14.2886,0,healthy,0.0,50.0,11.3668,0
SN_005520,LOT_017,10.801,11.8159,12.5224,12.6882,0,healthy,0.0,50.0,11.3668,0
SN_005521,LOT_017,12.133,13.2708,13.475,13.6575,0,healthy,0.0,50.0,11.3668,0
SN_005522,LOT_017,11.0256,11.4891,11.8069,11.7292,0,healthy,0.0,50.0,11.3668,0
SN_005523,LOT_017,11.0505,11.9976,12.4806,12.6047,0,healthy,0.0,50.0,11.3668,0
SN_005524,LOT_017,9.8148,11.1164,11.443,11.8397,0,healthy,0.0,50.0,11.3668,0
SN_005525,LOT_017,10.5461,11.5534,12.3353,12.3812,0,healthy,0.0,50.0,11.3668,0
SN_005526,LOT_017,12.288,12.6195,12.9305,12.9092,0,healthy,0.0,50.0,11.3668,0
SN_005527,LOT_017,11.1674,12.2532,12.4728,12.5836,0,healthy,0.0,50.0,11.3668,0
SN_005528,LOT_017,10.4728,11.4803,11.918,12.0855,0,healthy,0.0,50.0,11.3668,0
SN_005529,LOT_017,9.5918,10.8132,11.0756,11.4283,0,healthy,0.0,50.0,11.3668,0
SN_005530,LOT_017,11.2148,12.4753,12.739,12.8026,0,healthy,0.0,50.0,11.3668,0
SN_005531,LOT_017,12.2093,13.1333,13.6736,13.9668,0,healthy,0.0,50.0,11.3668,0
SN_005532,LOT_017,10.725,11.1108,11.1756,11.2257,0,healthy,0.0,50.0,11.3668,0
SN_005533,LOT_017,10.0464,10.591,10.7299,10.8336,0,healthy,0.0,50.0,11.3668,0
SN_005534,LOT_017,13.1938,14.5201,15.0803,15.2406,0,healthy,0.0,50.0,11.3668,0
SN_005535,LOT_017,10.5597,11.8586,12.1018,12.2995,0,healthy,0.0,50.0,11.3668,0
SN_005536,LOT_017,10.1885,12.84,20.923,28.7677,1,electromigration,0.4108,50.0,11.3668,0
SN_005537,LOT_017,11.4073,12.3013,12.4946,12.9104,0,healthy,0.0,50.0,11.3668,0
SN_005538,LOT_017,11.3776,12.4304,12.6964,12.8368,0,healthy,0.0,50.0,11.3668,0
SN_005539,LOT_017,13.8958,14.9617,15.2644,15.2885,0,healthy,0.0,50.0,11.3668,0
SN_005540,LOT_017,12.3148,12.9748,12.8663,12.951,0,healthy,0.0,50.0,11.3668,0
SN_005541,LOT_017,12.5104,13.4439,13.5931,13.8831,0,healthy,0.0,50.0,11.3668,0
SN_005542,LOT_017,12.9073,14.15,14.7558,14.926,0,healthy,0.0,50.0,11.3668,0
SN_005543,LOT_017,11.7038,13.0605,13.2255,13.497,0,healthy,0.0,50.0,11.3668,0
SN_005544,LOT_017,13.3936,14.9319,15.2661,15.582,0,healthy,0.0,50.0,11.3668,0
SN_005545,LOT_017,11.0986,12.392,12.6455,12.7454,0,healthy,0.0,50.0,11.3668,0
SN_005546,LOT_017,15.1161,16.6714,17.5317,17.9806,0,healthy,0.0,50.0,11.3668,0
SN_005547,LOT_017,12.8087,13.7036,14.0529,14.2819,0,healthy,0.0,50.0,11.3668,0
SN_005548,LOT_017,9.0907,10.0146,10.4902,10.5894,0,healthy,0.0,50.0,11.3668,0
SN_005549,LOT_017,11.9311,12.1586,12.2931,12.3834,0,healthy,0.0,50.0,11.3668,0
SN_005550,LOT_017,10.6386,11.4811,12.1057,12.4049,0,healthy,0.0,50.0,11.3668,0
SN_005551,LOT_017,9.9559,10.9169,11.2366,11.3505,0,healthy,0.0,50.0,11.3668,0
SN_005552,LOT_017,13.6441,15.0289,15.4365,15.9448,0,healthy,0.0,50.0,11.3668,0
SN_005553,LOT_017,10.8611,12.4828,12.7285,12.9547,0,healthy,0.0,50.0,11.3668,0
SN_005554,LOT_017,12.6469,13.1828,13.5828,14.0428,0,healthy,0.0,50.0,11.3668,0
SN_005555,LOT_017,10.7469,11.0911,11.5037,11.4994,0,healthy,0.0,50.0,11.3668,0
SN_005556,LOT_017,11.1446,12.1127,12.6513,12.6428,0,healthy,0.0,50.0,11.3668,0
SN_005557,LOT_017,11.7685,12.6271,13.0216,13.285,0,healthy,0.0,50.0,11.3668,0
SN_005558,LOT_017,9.8489,10.377,10.405,10.5419,0,healthy,0.0,50.0,11.3668,0
SN_005559,LOT_017,10.8294,11.7767,12.2563,12.5124,0,healthy,0.0,50.0,11.3668,0
SN_005560,LOT_017,11.4801,12.7043,13.1262,13.2823,0,healthy,0.0,50.0,11.3668,0
SN_005561,LOT_017,11.4544,11.9636,12.1603,12.2748,0,healthy,0.0,50.0,11.3668,0
SN_005562,LOT_017,11.1099,11.805,12.0936,12.1462,0,healthy,0.0,50.0,11.3668,0
SN_005563,LOT_017,11.9756,13.0692,13.4916,13.6214,0,healthy,0.0,50.0,11.3668,0
SN_005564,LOT_017,10.4883,11.8296,12.229,12.2837,0,healthy,0.0,50.0,11.3668,0
SN_005565,LOT_017,12.3011,13.514,13.8857,14.0675,0,healthy,0.0,50.0,11.3668,0
SN_005566,LOT_017,12.0579,12.7372,12.9872,13.1553,0,healthy,0.0,50.0,11.3668,0
SN_005567,LOT_017,12.2374,12.8168,13.2006,13.4347,0,healthy,0.0,50.0,11.3668,0
SN_005568,LOT_017,8.5789,9.0766,9.1907,9.3553,0,healthy,0.0,50.0,11.3668,0
SN_005569,LOT_017,13.3519,13.6248,19.4243,35.2358,1,tddb_dielectric,0.3796,50.0,11.3668,0
SN_005570,LOT_017,10.5943,11.3717,11.601,11.8325,0,healthy,0.0,50.0,11.3668,0
SN_005571,LOT_017,10.7174,11.478,11.7344,12.1068,0,healthy,0.0,50.0,11.3668,0
SN_005572,LOT_017,9.6454,10.6957,10.8963,11.1666,0,healthy,0.0,50.0,11.3668,0
SN_005573,LOT_017,11.3575,12.7513,13.121,13.3641,0,healthy,0.0,50.0,11.3668,0
SN_005574,LOT_017,9.0433,9.3672,9.5839,9.7062,0,healthy,0.0,50.0,11.3668,0
SN_005575,LOT_017,12.7242,13.6526,13.8168,14.3032,0,healthy,0.0,50.0,11.3668,0
SN_005576,LOT_017,12.2337,13.0322,13.1668,13.4163,0,healthy,0.0,50.0,11.3668,0
SN_005577,LOT_017,13.3258,13.8208,14.0102,14.0661,0,healthy,0.0,50.0,11.3668,0
SN_005578,LOT_017,13.6812,14.8221,15.4162,15.2444,0,healthy,0.0,50.0,11.3668,0
SN_005579,LOT_017,12.2922,12.6952,12.6806,13.0722,0,healthy,0.0,50.0,11.3668,0
SN_005580,LOT_017,11.6027,13.2789,13.8403,13.9918,0,healthy,0.0,50.0,11.3668,0
SN_005581,LOT_017,10.9391,11.3682,11.5809,11.7136,0,healthy,0.0,50.0,11.3668,0
SN_005582,LOT_017,12.4011,13.4699,13.4992,13.8578,0,healthy,0.0,50.0,11.3668,0
SN_005583,LOT_017,10.1317,11.333,11.8363,12.0089,0,healthy,0.0,50.0,11.3668,0
SN_005584,LOT_017,12.3432,13.8924,14.2698,14.5344,0,healthy,0.0,50.0,11.3668,0
SN_005585,LOT_017,10.7344,11.4967,11.8695,11.839,0,healthy,0.0,50.0,11.3668,0
SN_005586,LOT_017,11.3359,12.3016,12.6975,12.9683,0,healthy,0.0,50.0,11.3668,0
SN_005587,LOT_017,12.4464,13.8315,14.3948,14.8138,0,healthy,0.0,50.0,11.3668,0
SN_005588,LOT_017,11.6936,13.1769,13.5356,13.7968,0,healthy,0.0,50.0,11.3668,0
SN_005589,LOT_017,11.3922,12.9848,13.2743,13.5838,0,healthy,0.0,50.0,11.3668,0
SN_005590,LOT_017,9.9348,10.2825,10.5266,10.7134,0,healthy,0.0,50.0,11.3668,0
SN_005591,LOT_017,12.5624,14.1664,14.5909,14.9707,0,healthy,0.0,50.0,11.3668,0
SN_005592,LOT_017,11.0524,12.2134,12.465,12.4799,0,healthy,0.0,50.0,11.3668,0
SN_005593,LOT_017,10.1928,10.4885,10.7694,10.597,0,healthy,0.0,50.0,11.3668,0
SN_005594,LOT_017,12.0289,13.2993,13.8352,14.323,0,healthy,0.0,50.0,11.3668,0
SN_005595,LOT_017,12.9078,14.4734,15.0278,15.0514,0,healthy,0.0,50.0,11.3668,0
SN_005596,LOT_017,12.9611,13.5499,13.9765,13.6636,0,healthy,0.0,50.0,11.3668,0
SN_005597,LOT_017,13.7197,15.4026,16.1615,16.2619,0,healthy,0.0,50.0,11.3668,0
SN_005598,LOT_017,10.7682,11.3393,11.8757,11.8206,0,healthy,0.0,50.0,11.3668,0
SN_005599,LOT_017,10.1506,11.0262,11.4191,11.4352,0,healthy,0.0,50.0,11.3668,0
SN_005600,LOT_017,11.4814,11.9963,11.9594,12.2677,0,healthy,0.0,50.0,11.3668,0
SN_005601,LOT_017,10.3197,11.3457,11.6751,11.7911,0,healthy,0.0,50.0,11.3668,0
SN_005602,LOT_017,11.5933,12.3275,12.8335,13.1371,0,healthy,0.0,50.0,11.3668,0
SN_005603,LOT_017,12.1259,13.2039,13.6448,13.5623,0,healthy,0.0,50.0,11.3668,0
SN_005604,LOT_017,13.0274,14.2561,14.6857,15.0187,0,healthy,0.0,50.0,11.3668,0
SN_005605,LOT_017,8.476,9.4559,9.7544,10.1287,0,healthy,0.0,50.0,11.3668,0
SN_005606,LOT_017,15.1075,16.977,17.7807,18.1078,0,healthy,0.0,50.0,11.3668,0
SN_005607,LOT_017,11.8234,12.4055,12.6132,12.8739,0,healthy,0.0,50.0,11.3668,0
SN_005608,LOT_017,12.0321,12.7882,13.0814,13.2901,0,healthy,0.0,50.0,11.3668,0
SN_005609,LOT_017,13.8071,15.3191,15.8247,16.202,0,healthy,0.0,50.0,11.3668,0
SN_005610,LOT_017,9.261,10.5931,10.7641,10.9718,0,healthy,0.0,50.0,11.3668,0
SN_005611,LOT_017,12.4026,13.218,13.1418,13.3569,0,healthy,0.0,50.0,11.3668,0
SN_005612,LOT_017,11.4985,12.7762,13.1754,13.4723,0,healthy,0.0,50.0,11.3668,0
SN_005613,LOT_017,12.8302,13.6234,13.4064,13.7234,0,healthy,0.0,50.0,11.3668,0
SN_005614,LOT_017,13.2932,14.5624,14.949,15.0988,0,healthy,0.0,50.0,11.3668,0
SN_005615,LOT_017,10.6341,11.8326,12.0039,12.0034,0,healthy,0.0,50.0,11.3668,0
SN_005616,LOT_017,12.959,13.453,13.8263,14.0386,0,healthy,0.0,50.0,11.3668,0
SN_005617,LOT_017,11.8844,12.6591,12.92,13.1597,0,healthy,0.0,50.0,11.3668,0
SN_005618,LOT_017,10.8458,11.2642,11.3089,11.4396,0,healthy,0.0,50.0,11.3668,0
SN_005619,LOT_017,11.3299,12.5826,12.7244,12.9372,0,healthy,0.0,50.0,11.3668,0
SN_005620,LOT_017,11.0195,12.2216,12.8188,13.0672,0,healthy,0.0,50.0,11.3668,0
SN_005621,LOT_017,9.2343,10.5458,10.6253,10.8675,0,healthy,0.0,50.0,11.3668,0
SN_005622,LOT_017,12.9672,13.555,13.8085,13.8458,0,healthy,0.0,50.0,11.3668,0
SN_005623,LOT_017,9.7032,10.5576,10.6334,10.9214,0,healthy,0.0,50.0,11.3668,0
SN_005624,LOT_017,12.2074,13.2145,13.6187,13.7325,0,healthy,0.0,50.0,11.3668,0
SN_005625,LOT_017,12.0067,13.6634,13.9098,14.0749,0,healthy,0.0,50.0,11.3668,0
SN_005626,LOT_017,10.2208,10.6017,11.0375,11.2149,0,healthy,0.0,50.0,11.3668,0
SN_005627,LOT_017,13.7407,14.4855,14.4579,14.654,0,healthy,0.0,50.0,11.3668,0
SN_005628,LOT_017,14.4372,16.0171,16.4137,17.101,0,healthy,0.0,50.0,11.3668,0
SN_005629,LOT_017,11.5119,12.2831,12.7644,12.9905,0,healthy,0.0,50.0,11.3668,0
SN_005630,LOT_017,9.3804,9.9564,10.0814,10.3617,0,healthy,0.0,50.0,11.3668,0
SN_005631,LOT_017,13.5442,15.366,15.892,16.3108,0,healthy,0.0,50.0,11.3668,0
SN_005632,LOT_017,9.5753,10.7976,11.242,11.2487,0,healthy,0.0,50.0,11.3668,0
SN_005633,LOT_017,11.4441,12.6273,12.8591,13.0182,0,healthy,0.0,50.0,11.3668,0
SN_005634,LOT_017,10.6148,10.952,11.1825,11.1656,0,healthy,0.0,50.0,11.3668,0
SN_005635,LOT_017,11.6996,12.8252,13.1325,13.216,0,healthy,0.0,50.0,11.3668,0
SN_005636,LOT_017,10.8231,12.1776,12.7487,13.1405,0,healthy,0.0,50.0,11.3668,0
SN_005637,LOT_017,10.9605,11.6919,11.8959,11.954,0,healthy,0.0,50.0,11.3668,0
SN_005638,LOT_017,13.9472,15.0202,15.6892,15.5248,0,healthy,0.0,50.0,11.3668,0
SN_005639,LOT_017,11.2377,11.8287,11.7955,12.0394,0,healthy,0.0,50.0,11.3668,0
SN_005640,LOT_017,11.145,11.5053,11.7428,11.7193,0,healthy,0.0,50.0,11.3668,0
SN_005641,LOT_017,12.2013,13.6205,14.0653,14.2986,0,healthy,0.0,50.0,11.3668,0
SN_005642,LOT_017,10.5943,11.9476,12.4527,12.5623,0,healthy,0.0,50.0,11.3668,0
SN_005643,LOT_017,13.9218,15.2366,15.8771,16.0068,0,healthy,0.0,50.0,11.3668,0
SN_005644,LOT_017,11.5054,12.1944,12.2946,12.3904,0,healthy,0.0,50.0,11.3668,0
SN_005645,LOT_017,13.3936,14.1298,14.2305,14.1037,0,healthy,0.0,50.0,11.3668,0
SN_005646,LOT_017,11.6096,12.5887,12.7565,12.8926,0,healthy,0.0,50.0,11.3668,0
SN_005647,LOT_017,12.5397,14.1181,14.3426,14.4777,0,healthy,0.0,50.0,11.3668,0
SN_005648,LOT_017,10.6341,11.2658,11.5838,11.5885,0,healthy,0.0,50.0,11.3668,0
SN_005649,LOT_017,12.6539,13.8467,14.47,14.945,0,healthy,0.0,50.0,11.3668,0
SN_005650,LOT_017,11.7397,12.4064,12.8815,12.9266,0,healthy,0.0,50.0,11.3668,0
SN_005651,LOT_017,12.817,14.1596,14.593,14.7993,0,healthy,0.0,50.0,11.3668,0
SN_005652,LOT_017,13.0612,14.5575,15.188,15.5644,0,healthy,0.0,50.0,11.3668,0
SN_005653,LOT_017,12.3623,13.0896,13.0401,13.0299,0,healthy,0.0,50.0,11.3668,0
SN_005654,LOT_017,12.0177,13.0567,13.3496,13.6475,0,healthy,0.0,50.0,11.3668,0
SN_005655,LOT_017,14.3955,15.3418,15.8186,15.9066,0,healthy,0.0,50.0,11.3668,0
SN_005656,LOT_017,10.6437,11.6522,12.2216,12.5137,0,healthy,0.0,50.0,11.3668,0
SN_005657,LOT_017,12.59,13.8853,14.4197,14.5249,0,healthy,0.0,50.0,11.3668,0
SN_005658,LOT_017,12.5366,14.0151,14.268,14.8032,0,healthy,0.0,50.0,11.3668,0
SN_005659,LOT_017,12.4534,13.6161,14.2891,14.3379,0,healthy,0.0,50.0,11.3668,0
SN_005660,LOT_017,11.8946,12.8028,13.4303,13.7537,0,healthy,0.0,50.0,11.3668,0
SN_005661,LOT_017,13.7422,14.3526,14.7572,14.6198,0,healthy,0.0,50.0,11.3668,0
SN_005662,LOT_017,12.7183,14.0387,14.505,14.6488,0,healthy,0.0,50.0,11.3668,0
SN_005663,LOT_017,9.6525,11.0212,11.2255,11.432,0,healthy,0.0,50.0,11.3668,0
SN_005664,LOT_017,11.0358,11.9023,12.4209,12.6827,0,healthy,0.0,50.0,11.3668,0
SN_005665,LOT_017,11.7249,13.1959,13.6433,13.8577,0,healthy,0.0,50.0,11.3668,0
SN_005666,LOT_017,12.0324,13.0085,13.6127,13.7651,0,healthy,0.0,50.0,11.3668,0
SN_005667,LOT_017,13.4471,14.2002,14.7989,14.9348,0,healthy,0.0,50.0,11.3668,0
SN_005668,LOT_017,10.5447,11.0381,11.1317,11.3461,0,healthy,0.0,50.0,11.3668,0
SN_005669,LOT_017,10.6079,11.9552,12.2408,12.274,0,healthy,0.0,50.0,11.3668,0
SN_005670,LOT_017,10.4133,10.861,10.9597,11.4599,0,healthy,0.0,50.0,11.3668,0
SN_005671,LOT_017,11.7916,13.1781,13.6126,13.8135,0,healthy,0.0,50.0,11.3668,0
SN_005672,LOT_017,9.2957,10.0728,10.2746,10.4152,0,healthy,0.0,50.0,11.3668,0
SN_005673,LOT_017,11.6144,12.3384,12.5891,12.5843,0,healthy,0.0,50.0,11.3668,0
SN_005674,LOT_017,12.2882,13.858,14.3154,14.7689,0,healthy,0.0,50.0,11.3668,0
SN_005675,LOT_017,9.4748,9.9059,10.071,9.8575,0,healthy,0.0,50.0,11.3668,0
SN_005676,LOT_017,11.689,13.1003,13.3813,13.6942,0,healthy,0.0,50.0,11.3668,0
SN_005677,LOT_017,10.2123,11.1556,11.4375,11.7653,0,healthy,0.0,50.0,11.3668,0
SN_005678,LOT_017,10.2973,10.926,10.7475,10.6351,0,healthy,0.0,50.0,11.3668,0
SN_005679,LOT_017,11.4802,12.661,13.206,13.3364,0,healthy,0.0,50.0,11.3668,0
SN_005680,LOT_017,42.406,43.8851,49.787,54.5986,1,subtle_in_spec,0.4923,50.0,11.3668,0
SN_005681,LOT_017,13.8235,15.4626,15.7398,16.0091,0,healthy,0.0,50.0,11.3668,0
SN_005682,LOT_017,10.0175,10.8653,11.089,11.3914,0,healthy,0.0,50.0,11.3668,0
SN_005683,LOT_017,13.9651,15.2509,15.6499,15.9211,0,healthy,0.0,50.0,11.3668,0
SN_005684,LOT_017,12.2966,12.7926,13.1454,13.3108,0,healthy,0.0,50.0,11.3668,0
SN_005685,LOT_017,11.5629,12.739,13.144,13.3145,0,healthy,0.0,50.0,11.3668,0
SN_005686,LOT_017,14.0152,15.5821,16.1885,16.6359,0,healthy,0.0,50.0,11.3668,0
SN_005687,LOT_017,9.7041,10.3305,10.7341,10.848,0,healthy,0.0,50.0,11.3668,0
SN_005688,LOT_017,12.3112,12.9498,12.738,13.1107,0,healthy,0.0,50.0,11.3668,0
SN_005689,LOT_017,12.1048,13.7001,14.1184,14.2578,0,healthy,0.0,50.0,11.3668,0
SN_005690,LOT_017,8.4936,9.3754,9.5477,9.7293,0,healthy,0.0,50.0,11.3668,0
SN_005691,LOT_017,10.3404,22.4864,25.9388,26.2054,1,mobile_ion,0.5833,50.0,11.3668,0
SN_005692,LOT_017,10.1196,10.9252,11.3121,11.4876,0,healthy,0.0,50.0,11.3668,0
SN_005693,LOT_017,11.8361,13.0571,13.5324,13.7248,0,healthy,0.0,50.0,11.3668,0
SN_005694,LOT_017,11.139,12.3931,12.4864,12.7702,0,healthy,0.0,50.0,11.3668,0
SN_005695,LOT_017,11.1728,11.6879,12.1415,12.3051,0,healthy,0.0,50.0,11.3668,0
SN_005696,LOT_017,9.1585,9.8052,10.0985,10.3427,0,healthy,0.0,50.0,11.3668,0
SN_005697,LOT_017,10.3289,11.2981,11.3014,11.7081,0,healthy,0.0,50.0,11.3668,0
SN_005698,LOT_017,12.8961,13.8305,13.9408,14.3128,0,healthy,0.0,50.0,11.3668,0
SN_005699,LOT_017,8.9397,10.2505,10.5994,10.7697,0,healthy,0.0,50.0,11.3668,0
SN_005700,LOT_017,12.1835,12.6313,12.8508,12.7543,0,healthy,0.0,50.0,11.3668,0
SN_005701,LOT_017,12.9971,13.9577,14.5336,14.9476,0,healthy,0.0,50.0,11.3668,0
SN_005702,LOT_017,11.6936,12.3678,12.8467,12.7575,0,healthy,0.0,50.0,11.3668,0
SN_005703,LOT_017,10.4699,11.1411,11.3473,11.3734,0,healthy,0.0,50.0,11.3668,0
SN_005704,LOT_017,11.7985,12.7926,13.0958,13.2936,0,healthy,0.0,50.0,11.3668,0
SN_005705,LOT_017,12.7425,13.8684,14.5689,14.8985,0,healthy,0.0,50.0,11.3668,0
SN_005706,LOT_017,8.9838,9.3499,9.6834,9.7091,0,healthy,0.0,50.0,11.3668,0
SN_005707,LOT_017,8.8804,9.1223,9.1811,9.3814,0,healthy,0.0,50.0,11.3668,0
SN_005708,LOT_017,11.3861,12.0213,12.438,12.4876,0,healthy,0.0,50.0,11.3668,0
SN_005709,LOT_017,9.8246,10.6907,11.266,11.1766,0,healthy,0.0,50.0,11.3668,0
SN_005710,LOT_017,9.7153,10.1466,10.3333,10.3622,0,healthy,0.0,50.0,11.3668,0
SN_005711,LOT_017,10.8647,11.8339,12.0852,12.4941,0,healthy,0.0,50.0,11.3668,0
SN_005712,LOT_017,12.9661,14.1915,14.9477,15.2494,0,healthy,0.0,50.0,11.3668,0
SN_005713,LOT_017,13.2517,14.8476,15.0729,15.1066,0,healthy,0.0,50.0,11.3668,0
SN_005714,LOT_017,10.1998,11.1926,11.757,11.9305,0,healthy,0.0,50.0,11.3668,0
SN_005715,LOT_017,10.738,11.9228,12.1501,12.2216,0,healthy,0.0,50.0,11.3668,0
SN_005716,LOT_017,10.9148,11.3806,11.6988,11.7662,0,healthy,0.0,50.0,11.3668,0
SN_005717,LOT_017,11.7676,12.9078,13.3445,13.6483,0,healthy,0.0,50.0,11.3668,0
SN_005718,LOT_017,12.2451,13.3474,13.616,13.7553,0,healthy,0.0,50.0,11.3668,0
SN_005719,LOT_017,11.2321,11.7458,11.9947,11.9365,0,healthy,0.0,50.0,11.3668,0
SN_005720,LOT_017,11.0483,11.9109,12.2391,12.3484,0,healthy,0.0,50.0,11.3668,0
SN_005721,LOT_017,12.4201,13.1659,13.4073,13.2965,0,healthy,0.0,50.0,11.3668,0
SN_005722,LOT_017,12.9644,14.4563,14.9466,15.1129,0,healthy,0.0,50.0,11.3668,0
SN_005723,LOT_017,14.1091,14.8782,15.2727,15.222,0,healthy,0.0,50.0,11.3668,0
SN_005724,LOT_017,11.3484,12.4204,12.8795,13.0686,0,healthy,0.0,50.0,11.3668,0
SN_005725,LOT_017,11.691,12.7855,13.3452,13.1608,0,healthy,0.0,50.0,11.3668,0
SN_005726,LOT_017,11.5568,12.6928,13.4169,13.3846,0,healthy,0.0,50.0,11.3668,0
SN_005727,LOT_017,11.2173,11.9878,12.5226,12.6332,0,healthy,0.0,50.0,11.3668,0
SN_005728,LOT_017,14.149,15.4094,15.4461,15.7682,0,healthy,0.0,50.0,11.3668,0
SN_005729,LOT_017,10.5745,11.5099,11.7758,12.1394,0,healthy,0.0,50.0,11.3668,0
SN_005730,LOT_017,8.3561,9.125,9.4687,9.7119,0,healthy,0.0,50.0,11.3668,0
SN_005731,LOT_017,11.0774,11.6067,11.8687,12.1645,0,healthy,0.0,50.0,11.3668,0
SN_005732,LOT_017,9.4028,10.5046,10.7788,11.0135,0,healthy,0.0,50.0,11.3668,0
SN_005733,LOT_017,13.4632,14.2292,14.5793,14.5007,0,healthy,0.0,50.0,11.3668,0
SN_005734,LOT_017,9.5139,9.7948,10.012,10.12,0,healthy,0.0,50.0,11.3668,0
SN_005735,LOT_017,10.1887,10.6722,10.8133,10.7954,0,healthy,0.0,50.0,11.3668,0
SN_005736,LOT_017,10.6306,11.7457,12.1561,12.3362,0,healthy,0.0,50.0,11.3668,0
SN_005737,LOT_017,10.8654,12.2271,12.7596,12.9027,0,healthy,0.0,50.0,11.3668,0
SN_005738,LOT_017,10.2626,11.3113,11.8128,12.0913,0,healthy,0.0,50.0,11.3668,0
SN_005739,LOT_017,15.3903,15.6621,16.1987,16.2392,0,healthy,0.0,50.0,11.3668,0
SN_005740,LOT_017,12.1882,13.1509,13.796,13.9651,0,healthy,0.0,50.0,11.3668,0
SN_005741,LOT_017,9.8052,10.2565,10.4961,10.3639,0,healthy,0.0,50.0,11.3668,0
SN_005742,LOT_017,13.0791,13.8875,14.0695,14.3048,0,healthy,0.0,50.0,11.3668,0
SN_005743,LOT_017,11.637,12.3785,12.9328,13.0663,0,healthy,0.0,50.0,11.3668,0
SN_005744,LOT_017,12.8063,14.0475,14.8072,14.9393,0,healthy,0.0,50.0,11.3668,0
SN_005745,LOT_017,12.3689,13.0907,13.1439,13.1608,0,healthy,0.0,50.0,11.3668,0
SN_005746,LOT_017,10.2305,10.9922,11.4451,11.6506,0,healthy,0.0,50.0,11.3668,0
SN_005747,LOT_017,10.1407,10.6716,10.901,10.9658,0,healthy,0.0,50.0,11.3668,0
SN_005748,LOT_017,10.7868,12.2807,12.6341,12.5047,0,healthy,0.0,50.0,11.3668,0
SN_005749,LOT_017,10.5966,12.1524,12.4467,12.5572,0,healthy,0.0,50.0,11.3668,0
SN_005750,LOT_017,12.9162,14.1944,14.5109,14.7225,0,healthy,0.0,50.0,11.3668,0
SN_005751,LOT_017,10.726,11.8656,12.4525,12.479,0,healthy,0.0,50.0,11.3668,0
SN_005752,LOT_017,10.7196,11.495,11.8957,11.5313,0,healthy,0.0,50.0,11.3668,0
SN_005753,LOT_017,11.0373,11.9017,12.3165,12.2939,0,healthy,0.0,50.0,11.3668,0
SN_005754,LOT_017,11.1793,11.6767,11.9755,12.0461,0,healthy,0.0,50.0,11.3668,0
SN_005755,LOT_017,11.919,13.3552,13.7485,13.9764,0,healthy,0.0,50.0,11.3668,0
SN_005756,LOT_017,10.4747,11.3411,11.5595,11.7468,0,healthy,0.0,50.0,11.3668,0
SN_005757,LOT_017,10.7828,11.5108,11.6513,11.8647,0,healthy,0.0,50.0,11.3668,0
SN_005758,LOT_017,15.2365,17.4875,17.8768,17.9843,0,healthy,0.0,50.0,11.3668,0
SN_005759,LOT_017,9.4746,9.8311,10.0425,10.0796,0,healthy,0.0,50.0,11.3668,0
SN_005760,LOT_017,11.1171,11.7044,12.0506,12.3407,0,healthy,0.0,50.0,11.3668,0
SN_005761,LOT_017,9.8887,10.4724,10.6117,10.8341,0,healthy,0.0,50.0,11.3668,0
SN_005762,LOT_017,10.8244,11.9431,12.506,12.7681,0,healthy,0.0,50.0,11.3668,0
SN_005763,LOT_017,11.0613,11.9045,11.986,12.3232,0,healthy,0.0,50.0,11.3668,0
SN_005764,LOT_017,10.0397,10.9239,11.5306,11.7045,0,healthy,0.0,50.0,11.3668,0
SN_005765,LOT_017,11.8485,12.3735,12.5734,12.687,0,healthy,0.0,50.0,11.3668,0
SN_005766,LOT_017,12.0327,13.531,13.7496,14.2661,0,healthy,0.0,50.0,11.3668,0
SN_005767,LOT_017,11.5829,12.9647,13.3426,13.4188,0,healthy,0.0,50.0,11.3668,0
SN_005768,LOT_017,11.253,11.958,12.0698,12.446,0,healthy,0.0,50.0,11.3668,0
SN_005769,LOT_017,10.3587,11.6229,11.7966,12.0926,0,healthy,0.0,50.0,11.3668,0
SN_005770,LOT_017,10.71,11.0726,11.1762,11.1807,0,healthy,0.0,50.0,11.3668,0
SN_005771,LOT_017,13.4102,14.1813,14.3427,14.3923,0,healthy,0.0,50.0,11.3668,0
SN_005772,LOT_017,9.5004,10.0543,10.2608,10.5313,0,healthy,0.0,50.0,11.3668,0
SN_005773,LOT_017,13.6431,14.8097,14.9567,15.2348,0,healthy,0.0,50.0,11.3668,0
SN_005774,LOT_017,12.2216,12.9168,13.3716,13.4195,0,healthy,0.0,50.0,11.3668,0
SN_005775,LOT_017,11.2961,12.5117,13.1331,13.3276,0,healthy,0.0,50.0,11.3668,0
SN_005776,LOT_018,9.0777,9.7334,9.9076,9.9004,0,healthy,0.0,50.0,9.5076,0
SN_005777,LOT_018,9.6584,10.4725,10.6843,10.9669,0,healthy,0.0,50.0,9.5076,0
SN_005778,LOT_018,9.3324,10.7671,11.0948,11.2222,0,healthy,0.0,50.0,9.5076,0
SN_005779,LOT_018,8.6944,9.8003,10.0769,10.3067,0,healthy,0.0,50.0,9.5076,0
SN_005780,LOT_018,9.6505,10.8398,11.0292,11.0487,0,healthy,0.0,50.0,9.5076,0
SN_005781,LOT_018,9.1325,10.2532,10.5244,10.8707,0,healthy,0.0,50.0,9.5076,0
SN_005782,LOT_018,8.8071,9.6084,9.8678,9.9222,0,healthy,0.0,50.0,9.5076,0
SN_005783,LOT_018,8.7413,9.0744,9.1139,9.2139,0,healthy,0.0,50.0,9.5076,0
SN_005784,LOT_018,10.641,11.281,11.5897,11.5255,0,healthy,0.0,50.0,9.5076,0
SN_005785,LOT_018,10.8594,11.7379,11.9568,12.1064,0,healthy,0.0,50.0,9.5076,0
SN_005786,LOT_018,10.3438,10.9751,11.3042,11.453,0,healthy,0.0,50.0,9.5076,0
SN_005787,LOT_018,9.0172,9.5974,9.7603,9.9344,0,healthy,0.0,50.0,9.5076,0
SN_005788,LOT_018,10.3311,11.2598,11.4561,11.5811,0,healthy,0.0,50.0,9.5076,0
SN_005789,LOT_018,7.6423,8.2744,8.5545,8.5221,0,healthy,0.0,50.0,9.5076,0
SN_005790,LOT_018,9.7275,10.667,10.89,11.2515,0,healthy,0.0,50.0,9.5076,0
SN_005791,LOT_018,8.1609,9.1887,9.5123,9.6315,0,healthy,0.0,50.0,9.5076,0
SN_005792,LOT_018,8.9616,10.0757,10.3109,10.3823,0,healthy,0.0,50.0,9.5076,0
SN_005793,LOT_018,9.5815,10.5168,10.6348,10.9648,0,healthy,0.0,50.0,9.5076,0
SN_005794,LOT_018,9.1386,10.0547,10.3619,10.6032,0,healthy,0.0,50.0,9.5076,0
SN_005795,LOT_018,10.1684,10.9263,11.2752,11.4936,0,healthy,0.0,50.0,9.5076,0
SN_005796,LOT_018,8.8211,9.7757,10.0027,10.1056,0,healthy,0.0,50.0,9.5076,0
SN_005797,LOT_018,11.0566,12.0361,12.1629,12.4155,0,healthy,0.0,50.0,9.5076,0
SN_005798,LOT_018,10.3976,11.7446,12.2722,12.4736,0,healthy,0.0,50.0,9.5076,0
SN_005799,LOT_018,9.4142,10.1979,10.6129,10.8042,0,healthy,0.0,50.0,9.5076,0
SN_005800,LOT_018,9.2309,9.9472,9.9935,10.1438,0,healthy,0.0,50.0,9.5076,0
SN_005801,LOT_018,9.7089,10.5818,10.9412,11.1555,0,healthy,0.0,50.0,9.5076,0
SN_005802,LOT_018,10.6663,11.9747,12.3181,12.618,0,healthy,0.0,50.0,9.5076,0
SN_005803,LOT_018,10.0825,10.8321,10.9968,11.0031,0,healthy,0.0,50.0,9.5076,0
SN_005804,LOT_018,9.9271,11.1171,11.5406,11.6797,0,healthy,0.0,50.0,9.5076,0
SN_005805,LOT_018,8.9014,9.3963,9.3376,9.3398,0,healthy,0.0,50.0,9.5076,0
SN_005806,LOT_018,9.4313,9.9123,10.1318,10.3521,0,healthy,0.0,50.0,9.5076,0
SN_005807,LOT_018,10.7668,11.9107,12.5016,12.466,0,healthy,0.0,50.0,9.5076,0
SN_005808,LOT_018,9.6883,10.3812,10.7825,11.0591,0,healthy,0.0,50.0,9.5076,0
SN_005809,LOT_018,9.622,10.1493,10.1909,10.2739,0,healthy,0.0,50.0,9.5076,0
SN_005810,LOT_018,8.6306,9.1869,9.5495,9.6098,0,healthy,0.0,50.0,9.5076,0
SN_005811,LOT_018,9.0786,9.023,12.0998,18.316,1,tddb_dielectric,0.164,50.0,9.5076,0
SN_005812,LOT_018,10.5827,11.7632,12.3259,12.4577,0,healthy,0.0,50.0,9.5076,0
SN_005813,LOT_018,9.212,9.7694,9.8071,10.0581,0,healthy,0.0,50.0,9.5076,0
SN_005814,LOT_018,8.9173,10.1122,10.3859,10.4501,0,healthy,0.0,50.0,9.5076,0
SN_005815,LOT_018,9.6132,9.9406,10.1211,10.1862,0,healthy,0.0,50.0,9.5076,0
SN_005816,LOT_018,8.7548,9.6467,9.8201,9.9535,0,healthy,0.0,50.0,9.5076,0
SN_005817,LOT_018,8.4628,8.9034,9.1008,9.1072,0,healthy,0.0,50.0,9.5076,0
SN_005818,LOT_018,10.0424,10.6625,11.1495,11.18,0,healthy,0.0,50.0,9.5076,0
SN_005819,LOT_018,8.4114,9.2641,9.7163,10.0428,0,healthy,0.0,50.0,9.5076,0
SN_005820,LOT_018,10.803,11.6706,12.1708,12.3507,0,healthy,0.0,50.0,9.5076,0
SN_005821,LOT_018,10.695,11.4089,11.4996,11.778,0,healthy,0.0,50.0,9.5076,0
SN_005822,LOT_018,9.2852,9.8095,9.9438,10.0374,0,healthy,0.0,50.0,9.5076,0
SN_005823,LOT_018,9.9931,10.5374,10.8417,10.969,0,healthy,0.0,50.0,9.5076,0
SN_005824,LOT_018,10.4641,11.2937,11.5868,11.9738,0,healthy,0.0,50.0,9.5076,0
SN_005825,LOT_018,9.5527,9.9617,10.076,10.1622,0,healthy,0.0,50.0,9.5076,0
SN_005826,LOT_018,8.9864,9.5194,9.5777,9.6768,0,healthy,0.0,50.0,9.5076,0
SN_005827,LOT_018,9.3542,10.0168,10.2093,10.1827,0,healthy,0.0,50.0,9.5076,0
SN_005828,LOT_018,9.2643,10.0379,10.3253,10.5011,0,healthy,0.0,50.0,9.5076,0
SN_005829,LOT_018,8.4772,9.6214,9.9799,10.1359,0,healthy,0.0,50.0,9.5076,0
SN_005830,LOT_018,11.1232,11.9211,12.135,12.1163,0,healthy,0.0,50.0,9.5076,0
SN_005831,LOT_018,9.8277,10.2388,10.5949,10.7612,0,healthy,0.0,50.0,9.5076,0
SN_005832,LOT_018,9.4383,10.3291,10.7606,11.0732,0,healthy,0.0,50.0,9.5076,0
SN_005833,LOT_018,9.0634,9.5684,9.6832,9.9443,0,healthy,0.0,50.0,9.5076,0
SN_005834,LOT_018,10.1536,11.2567,11.6194,11.8896,0,healthy,0.0,50.0,9.5076,0
SN_005835,LOT_018,10.4728,11.2705,11.7188,11.6847,0,healthy,0.0,50.0,9.5076,0
SN_005836,LOT_018,8.559,9.4552,9.6435,9.7646,0,healthy,0.0,50.0,9.5076,0
SN_005837,LOT_018,11.5561,12.8275,13.2272,13.4575,0,healthy,0.0,50.0,9.5076,0
SN_005838,LOT_018,8.3123,8.5251,8.6055,8.8307,0,healthy,0.0,50.0,9.5076,0
SN_005839,LOT_018,9.1816,10.1148,10.654,10.915,0,healthy,0.0,50.0,9.5076,0
SN_005840,LOT_018,10.5912,11.3294,11.4983,11.5664,0,healthy,0.0,50.0,9.5076,0
SN_005841,LOT_018,9.9891,11.0677,11.4004,11.6506,0,healthy,0.0,50.0,9.5076,0
SN_005842,LOT_018,8.1522,9.0932,9.2814,9.509,0,healthy,0.0,50.0,9.5076,0
SN_005843,LOT_018,9.7266,10.763,11.2223,11.4164,0,healthy,0.0,50.0,9.5076,0
SN_005844,LOT_018,8.9561,9.9237,10.0976,10.2402,0,healthy,0.0,50.0,9.5076,0
SN_005845,LOT_018,9.0332,10.142,10.6099,10.825,0,healthy,0.0,50.0,9.5076,0
SN_005846,LOT_018,10.4098,11.0754,11.1031,11.4983,0,healthy,0.0,50.0,9.5076,0
SN_005847,LOT_018,10.4121,11.4954,11.7704,11.9853,0,healthy,0.0,50.0,9.5076,0
SN_005848,LOT_018,10.8996,12.1716,12.5586,12.7728,0,healthy,0.0,50.0,9.5076,0
SN_005849,LOT_018,9.4987,9.9257,10.0796,10.0929,0,healthy,0.0,50.0,9.5076,0
SN_005850,LOT_018,8.9844,9.4838,9.6612,9.647,0,healthy,0.0,50.0,9.5076,0
SN_005851,LOT_018,9.9252,10.9067,11.357,11.5441,0,healthy,0.0,50.0,9.5076,0
SN_005852,LOT_018,8.9616,10.1959,10.2977,10.4556,0,healthy,0.0,50.0,9.5076,0
SN_005853,LOT_018,8.6778,9.1864,9.2943,9.3845,0,healthy,0.0,50.0,9.5076,0
SN_005854,LOT_018,9.0049,10.1409,10.3069,10.5304,0,healthy,0.0,50.0,9.5076,0
SN_005855,LOT_018,10.2586,11.1339,11.6183,11.8065,0,healthy,0.0,50.0,9.5076,0
SN_005856,LOT_018,9.0933,10.4056,10.6128,10.6281,0,healthy,0.0,50.0,9.5076,0
SN_005857,LOT_018,9.262,9.8049,10.1084,10.2228,0,healthy,0.0,50.0,9.5076,0
SN_005858,LOT_018,9.2978,10.2117,10.7464,11.0574,0,healthy,0.0,50.0,9.5076,0
SN_005859,LOT_018,11.4161,12.2705,12.7344,13.0358,0,healthy,0.0,50.0,9.5076,0
SN_005860,LOT_018,8.8166,9.7544,10.2542,10.4123,0,healthy,0.0,50.0,9.5076,0
SN_005861,LOT_018,10.1807,10.6066,10.5567,10.618,0,healthy,0.0,50.0,9.5076,0
SN_005862,LOT_018,8.9481,10.26,10.4478,10.5805,0,healthy,0.0,50.0,9.5076,0
SN_005863,LOT_018,9.0274,9.5942,9.8506,10.0535,0,healthy,0.0,50.0,9.5076,0
SN_005864,LOT_018,10.5746,11.5851,11.8962,12.1318,0,healthy,0.0,50.0,9.5076,0
SN_005865,LOT_018,8.7152,9.3848,9.6679,9.7548,0,healthy,0.0,50.0,9.5076,0
SN_005866,LOT_018,9.554,10.374,10.8322,10.8217,0,healthy,0.0,50.0,9.5076,0
SN_005867,LOT_018,10.1107,10.7849,10.8992,11.0153,0,healthy,0.0,50.0,9.5076,0
SN_005868,LOT_018,10.5389,11.2274,11.4804,11.7118,0,healthy,0.0,50.0,9.5076,0
SN_005869,LOT_018,9.969,11.1754,11.6117,11.8297,0,healthy,0.0,50.0,9.5076,0
SN_005870,LOT_018,10.367,11.5741,11.5329,11.8718,0,healthy,0.0,50.0,9.5076,0
SN_005871,LOT_018,8.8634,9.6873,9.8581,10.0324,0,healthy,0.0,50.0,9.5076,0
SN_005872,LOT_018,10.4044,10.9535,11.3469,11.4146,0,healthy,0.0,50.0,9.5076,0
SN_005873,LOT_018,9.4513,10.1093,10.3775,10.4826,0,healthy,0.0,50.0,9.5076,0
SN_005874,LOT_018,9.3325,9.77,10.1371,10.0087,0,healthy,0.0,50.0,9.5076,0
SN_005875,LOT_018,10.9895,12.2402,12.7839,12.8605,0,healthy,0.0,50.0,9.5076,0
SN_005876,LOT_018,9.0651,10.1927,10.4652,10.6484,0,healthy,0.0,50.0,9.5076,0
SN_005877,LOT_018,9.9269,12.2605,13.4216,14.0649,1,nbti_ageing,0.1337,50.0,9.5076,0
SN_005878,LOT_018,9.114,10.0261,10.3017,10.2994,0,healthy,0.0,50.0,9.5076,0
SN_005879,LOT_018,8.957,9.9342,10.378,10.6215,0,healthy,0.0,50.0,9.5076,0
SN_005880,LOT_018,10.9637,11.7697,11.8517,12.0789,0,healthy,0.0,50.0,9.5076,0
SN_005881,LOT_018,9.0973,9.3359,9.5575,9.6273,0,healthy,0.0,50.0,9.5076,0
SN_005882,LOT_018,9.0998,10.1482,10.1603,10.3503,0,healthy,0.0,50.0,9.5076,0
SN_005883,LOT_018,9.556,9.8657,10.121,10.0919,0,healthy,0.0,50.0,9.5076,0
SN_005884,LOT_018,10.3196,11.3096,11.6057,11.7628,0,healthy,0.0,50.0,9.5076,0
SN_005885,LOT_018,9.1933,9.7089,9.7666,9.802,0,healthy,0.0,50.0,9.5076,0
SN_005886,LOT_018,8.965,9.6688,9.8328,9.7969,0,healthy,0.0,50.0,9.5076,0
SN_005887,LOT_018,10.1067,11.2412,11.5131,11.5478,0,healthy,0.0,50.0,9.5076,0
SN_005888,LOT_018,9.4193,10.361,10.6425,10.7418,0,healthy,0.0,50.0,9.5076,0
SN_005889,LOT_018,8.4853,9.5267,9.9596,10.129,0,healthy,0.0,50.0,9.5076,0
SN_005890,LOT_018,11.4318,12.2131,12.4709,12.708,0,healthy,0.0,50.0,9.5076,0
SN_005891,LOT_018,7.6832,8.3862,8.7219,9.1474,0,healthy,0.0,50.0,9.5076,0
SN_005892,LOT_018,8.5634,9.4426,9.6586,9.8227,0,healthy,0.0,50.0,9.5076,0
SN_005893,LOT_018,8.6546,9.1512,9.4083,9.4816,0,healthy,0.0,50.0,9.5076,0
SN_005894,LOT_018,8.2289,8.6765,8.998,9.0274,0,healthy,0.0,50.0,9.5076,0
SN_005895,LOT_018,8.482,9.2991,9.8004,9.9849,0,healthy,0.0,50.0,9.5076,0
SN_005896,LOT_018,9.2711,9.9481,10.0504,10.2555,0,healthy,0.0,50.0,9.5076,0
SN_005897,LOT_018,10.5083,11.6276,11.7562,12.0919,0,healthy,0.0,50.0,9.5076,0
SN_005898,LOT_018,8.7634,9.4174,9.583,9.5307,0,healthy,0.0,50.0,9.5076,0
SN_005899,LOT_018,9.2268,10.2852,10.6249,10.9925,0,healthy,0.0,50.0,9.5076,0
SN_005900,LOT_018,10.2438,11.5709,11.8054,12.0037,0,healthy,0.0,50.0,9.5076,0
SN_005901,LOT_018,10.5095,10.8871,11.0436,11.1177,0,healthy,0.0,50.0,9.5076,0
SN_005902,LOT_018,10.6387,11.6127,11.8577,12.3721,0,healthy,0.0,50.0,9.5076,0
SN_005903,LOT_018,8.8065,9.1542,9.4025,9.4743,0,healthy,0.0,50.0,9.5076,0
SN_005904,LOT_018,8.9555,9.9664,10.0974,10.2987,0,healthy,0.0,50.0,9.5076,0
SN_005905,LOT_018,8.6082,9.3459,9.6863,9.7104,0,healthy,0.0,50.0,9.5076,0
SN_005906,LOT_018,9.882,10.7664,11.3203,11.2238,0,healthy,0.0,50.0,9.5076,0
SN_005907,LOT_018,10.0038,10.4525,10.5251,10.6992,0,healthy,0.0,50.0,9.5076,0
SN_005908,LOT_018,8.6929,9.229,9.5721,9.527,0,healthy,0.0,50.0,9.5076,0
SN_005909,LOT_018,9.0112,9.7927,10.0034,10.1919,0,healthy,0.0,50.0,9.5076,0
SN_005910,LOT_018,9.9559,11.4605,11.651,11.8194,0,healthy,0.0,50.0,9.5076,0
SN_005911,LOT_018,9.4311,10.0587,10.5771,10.6518,0,healthy,0.0,50.0,9.5076,0
SN_005912,LOT_018,10.1583,11.4087,11.8088,11.9245,0,healthy,0.0,50.0,9.5076,0
SN_005913,LOT_018,7.649,8.5617,8.8733,9.0745,0,healthy,0.0,50.0,9.5076,0
SN_005914,LOT_018,10.3046,11.231,11.3243,11.3079,0,healthy,0.0,50.0,9.5076,0
SN_005915,LOT_018,9.4685,10.6571,10.9479,11.2885,0,healthy,0.0,50.0,9.5076,0
SN_005916,LOT_018,9.6014,10.3767,10.6452,10.6149,0,healthy,0.0,50.0,9.5076,0
SN_005917,LOT_018,9.3377,10.2034,10.5903,10.7962,0,healthy,0.0,50.0,9.5076,0
SN_005918,LOT_018,10.6476,11.8638,12.3988,12.483,0,healthy,0.0,50.0,9.5076,0
SN_005919,LOT_018,10.4263,11.842,11.9622,12.1352,0,healthy,0.0,50.0,9.5076,0
SN_005920,LOT_018,9.4078,9.6854,9.9446,9.9867,0,healthy,0.0,50.0,9.5076,0
SN_005921,LOT_018,8.9902,9.4015,9.6425,9.861,0,healthy,0.0,50.0,9.5076,0
SN_005922,LOT_018,10.2794,11.2485,11.6541,11.8755,0,healthy,0.0,50.0,9.5076,0
SN_005923,LOT_018,8.9195,9.5917,9.8347,9.915,0,healthy,0.0,50.0,9.5076,0
SN_005924,LOT_018,9.4507,10.485,10.9166,11.081,0,healthy,0.0,50.0,9.5076,0
SN_005925,LOT_018,9.5566,10.4528,11.0123,11.4072,0,healthy,0.0,50.0,9.5076,0
SN_005926,LOT_018,10.0392,11.2443,11.6868,12.1039,0,healthy,0.0,50.0,9.5076,0
SN_005927,LOT_018,9.3421,10.4001,10.6321,10.8631,0,healthy,0.0,50.0,9.5076,0
SN_005928,LOT_018,8.6351,9.626,9.8321,10.0875,0,healthy,0.0,50.0,9.5076,0
SN_005929,LOT_018,9.4982,10.1848,10.2222,10.3982,0,healthy,0.0,50.0,9.5076,0
SN_005930,LOT_018,8.8714,9.8717,10.2591,10.3817,0,healthy,0.0,50.0,9.5076,0
SN_005931,LOT_018,9.9974,10.4878,10.6031,10.7449,0,healthy,0.0,50.0,9.5076,0
SN_005932,LOT_018,8.5831,9.0261,9.0361,8.9691,0,healthy,0.0,50.0,9.5076,0
SN_005933,LOT_018,9.7065,10.5655,10.8199,10.8893,0,healthy,0.0,50.0,9.5076,0
SN_005934,LOT_018,9.5774,10.7906,11.0749,11.4159,0,healthy,0.0,50.0,9.5076,0
SN_005935,LOT_018,8.3658,8.5947,8.7065,8.802,0,healthy,0.0,50.0,9.5076,0
SN_005936,LOT_018,8.6062,9.4137,9.7162,10.1417,0,healthy,0.0,50.0,9.5076,0
SN_005937,LOT_018,9.9288,10.7973,11.0056,11.1406,0,healthy,0.0,50.0,9.5076,0
SN_005938,LOT_018,9.3867,14.3005,17.8376,20.1178,1,nbti_ageing,0.6236,50.0,9.5076,0
SN_005939,LOT_018,9.654,10.1641,10.4228,10.415,0,healthy,0.0,50.0,9.5076,0
SN_005940,LOT_018,10.2834,10.863,11.1662,11.1148,0,healthy,0.0,50.0,9.5076,0
SN_005941,LOT_018,10.456,11.3944,11.7686,11.9671,0,healthy,0.0,50.0,9.5076,0
SN_005942,LOT_018,9.0664,10.0417,10.6034,10.6668,0,healthy,0.0,50.0,9.5076,0
SN_005943,LOT_018,9.4886,10.1729,10.5698,10.5787,0,healthy,0.0,50.0,9.5076,0
SN_005944,LOT_018,8.9965,9.4714,9.563,9.6666,0,healthy,0.0,50.0,9.5076,0
SN_005945,LOT_018,9.9043,11.0274,11.3641,11.5564,0,healthy,0.0,50.0,9.5076,0
SN_005946,LOT_018,9.8133,10.887,11.455,11.6865,0,healthy,0.0,50.0,9.5076,0
SN_005947,LOT_018,8.8158,10.106,10.3403,10.5774,0,healthy,0.0,50.0,9.5076,0
SN_005948,LOT_018,9.7087,10.1552,10.3968,10.4665,0,healthy,0.0,50.0,9.5076,0
SN_005949,LOT_018,9.6507,10.3021,10.5739,10.8197,0,healthy,0.0,50.0,9.5076,0
SN_005950,LOT_018,9.7804,10.608,10.7877,10.8925,0,healthy,0.0,50.0,9.5076,0
SN_005951,LOT_018,9.6821,10.7707,11.083,11.4836,0,healthy,0.0,50.0,9.5076,0
SN_005952,LOT_018,9.5593,10.4294,10.946,11.045,0,healthy,0.0,50.0,9.5076,0
SN_005953,LOT_018,9.4132,9.9186,10.1892,10.2683,0,healthy,0.0,50.0,9.5076,0
SN_005954,LOT_018,8.7308,9.5377,10.004,10.2932,0,healthy,0.0,50.0,9.5076,0
SN_005955,LOT_018,9.1277,9.9653,10.3523,10.7087,0,healthy,0.0,50.0,9.5076,0
SN_005956,LOT_018,9.5975,10.4235,10.9125,11.0204,0,healthy,0.0,50.0,9.5076,0
SN_005957,LOT_018,10.1112,10.9859,11.2497,11.4618,0,healthy,0.0,50.0,9.5076,0
SN_005958,LOT_018,8.4508,8.8282,9.0076,9.0392,0,healthy,0.0,50.0,9.5076,0
SN_005959,LOT_018,9.5671,10.0245,10.4206,10.5311,0,healthy,0.0,50.0,9.5076,0
SN_005960,LOT_018,8.8928,9.3425,9.4547,9.4712,0,healthy,0.0,50.0,9.5076,0
SN_005961,LOT_018,8.6224,9.2478,9.4676,9.7481,0,healthy,0.0,50.0,9.5076,0
SN_005962,LOT_018,9.4161,10.2317,10.5752,10.7419,0,healthy,0.0,50.0,9.5076,0
SN_005963,LOT_018,7.7823,8.4642,9.0198,9.2828,0,healthy,0.0,50.0,9.5076,0
SN_005964,LOT_018,8.5259,9.3193,9.3696,9.3363,0,healthy,0.0,50.0,9.5076,0
SN_005965,LOT_018,8.8194,9.4793,9.6086,9.9826,0,healthy,0.0,50.0,9.5076,0
SN_005966,LOT_018,9.0773,10.0782,10.1802,10.4284,0,healthy,0.0,50.0,9.5076,0
SN_005967,LOT_018,10.759,11.0432,11.1843,11.3271,0,healthy,0.0,50.0,9.5076,0
SN_005968,LOT_018,10.5537,11.2985,11.7865,12.2459,0,healthy,0.0,50.0,9.5076,0
SN_005969,LOT_018,9.9056,10.7282,11.1151,11.3517,0,healthy,0.0,50.0,9.5076,0
SN_005970,LOT_018,8.633,9.4834,10.0236,10.108,0,healthy,0.0,50.0,9.5076,0
SN_005971,LOT_018,8.3458,8.8457,8.9627,9.0845,0,healthy,0.0,50.0,9.5076,0
SN_005972,LOT_018,9.7429,10.2135,10.5942,10.5938,0,healthy,0.0,50.0,9.5076,0
SN_005973,LOT_018,9.4143,9.832,9.8448,10.0364,0,healthy,0.0,50.0,9.5076,0
SN_005974,LOT_018,8.7797,9.4501,9.7238,10.041,0,healthy,0.0,50.0,9.5076,0
SN_005975,LOT_018,11.4279,12.465,12.3961,12.8318,0,healthy,0.0,50.0,9.5076,0
SN_005976,LOT_018,8.6892,9.1811,9.351,9.3698,0,healthy,0.0,50.0,9.5076,0
SN_005977,LOT_018,9.2774,10.3221,10.5045,10.827,0,healthy,0.0,50.0,9.5076,0
SN_005978,LOT_018,9.4442,9.8223,10.0377,10.236,0,healthy,0.0,50.0,9.5076,0
SN_005979,LOT_018,9.6941,10.3358,10.7474,10.8456,0,healthy,0.0,50.0,9.5076,0
SN_005980,LOT_018,9.052,10.0594,10.4711,10.9315,0,healthy,0.0,50.0,9.5076,0
SN_005981,LOT_018,9.7598,10.9052,11.4285,11.5654,0,healthy,0.0,50.0,9.5076,0
SN_005982,LOT_018,9.2196,9.4711,9.6988,9.9204,0,healthy,0.0,50.0,9.5076,0
SN_005983,LOT_018,9.0942,9.8629,10.1754,10.3687,0,healthy,0.0,50.0,9.5076,0
SN_005984,LOT_018,8.1524,9.0579,9.3801,9.6547,0,healthy,0.0,50.0,9.5076,0
SN_005985,LOT_018,9.0491,9.8856,10.2474,10.4372,0,healthy,0.0,50.0,9.5076,0
SN_005986,LOT_018,10.3703,10.6243,10.9739,10.9691,0,healthy,0.0,50.0,9.5076,0
SN_005987,LOT_018,10.8407,11.5464,11.6075,11.7617,0,healthy,0.0,50.0,9.5076,0
SN_005988,LOT_018,8.7305,9.8165,10.0977,10.1578,0,healthy,0.0,50.0,9.5076,0
SN_005989,LOT_018,10.3329,11.5996,12.04,12.1903,0,healthy,0.0,50.0,9.5076,0
SN_005990,LOT_018,11.2469,12.4225,12.5723,13.0926,0,healthy,0.0,50.0,9.5076,0
SN_005991,LOT_018,9.3221,10.0669,10.0981,10.1721,0,healthy,0.0,50.0,9.5076,0
SN_005992,LOT_018,10.1408,11.1004,11.6677,11.8132,0,healthy,0.0,50.0,9.5076,0
SN_005993,LOT_018,9.2693,10.3471,10.8694,10.85,0,healthy,0.0,50.0,9.5076,0
SN_005994,LOT_018,8.2608,9.0407,9.2525,9.4547,0,healthy,0.0,50.0,9.5076,0
SN_005995,LOT_018,9.7581,10.3907,10.8127,10.5883,0,healthy,0.0,50.0,9.5076,0
SN_005996,LOT_018,8.7641,9.8922,10.1077,10.2382,0,healthy,0.0,50.0,9.5076,0
SN_005997,LOT_018,8.7701,9.5654,9.9112,10.0579,0,healthy,0.0,50.0,9.5076,0
SN_005998,LOT_018,10.1728,11.0231,11.2863,11.4298,0,healthy,0.0,50.0,9.5076,0
SN_005999,LOT_018,7.9638,8.6425,8.782,8.9409,0,healthy,0.0,50.0,9.5076,0
SN_006000,LOT_018,10.4782,11.8937,12.319,12.3148,0,healthy,0.0,50.0,9.5076,0
SN_006001,LOT_018,9.0362,9.9211,10.532,10.5658,0,healthy,0.0,50.0,9.5076,0
SN_006002,LOT_018,8.7448,9.6724,10.1358,10.1822,0,healthy,0.0,50.0,9.5076,0
SN_006003,LOT_018,8.8533,9.6345,10.1025,10.3994,0,healthy,0.0,50.0,9.5076,0
SN_006004,LOT_018,9.8037,10.9745,11.3825,11.4089,0,healthy,0.0,50.0,9.5076,0
SN_006005,LOT_018,9.1776,9.9792,10.2871,10.2324,0,healthy,0.0,50.0,9.5076,0
SN_006006,LOT_018,9.782,10.6215,10.8353,10.8111,0,healthy,0.0,50.0,9.5076,0
SN_006007,LOT_018,8.1113,8.3392,8.4661,8.5798,0,healthy,0.0,50.0,9.5076,0
SN_006008,LOT_018,8.9192,9.5736,9.7208,9.9383,0,healthy,0.0,50.0,9.5076,0
SN_006009,LOT_018,9.7068,10.014,10.0714,10.2844,0,healthy,0.0,50.0,9.5076,0
SN_006010,LOT_018,9.6161,10.5852,10.9483,11.0942,0,healthy,0.0,50.0,9.5076,0
SN_006011,LOT_018,10.5217,11.8917,12.2815,12.4108,0,healthy,0.0,50.0,9.5076,0
SN_006012,LOT_018,8.9439,9.9372,10.5512,10.6968,0,healthy,0.0,50.0,9.5076,0
SN_006013,LOT_018,9.3551,10.2211,10.434,10.6023,0,healthy,0.0,50.0,9.5076,0
SN_006014,LOT_018,9.9451,10.4402,10.6638,10.7411,0,healthy,0.0,50.0,9.5076,0
SN_006015,LOT_018,9.7875,11.0214,11.5729,11.6271,0,healthy,0.0,50.0,9.5076,0
SN_006016,LOT_018,9.9708,10.9354,11.1825,11.1838,0,healthy,0.0,50.0,9.5076,0
SN_006017,LOT_018,10.7007,11.5222,11.6733,11.7878,0,healthy,0.0,50.0,9.5076,0
SN_006018,LOT_018,9.9671,10.8371,11.3041,11.534,0,healthy,0.0,50.0,9.5076,0
SN_006019,LOT_018,10.3828,20.8432,21.9915,22.2356,1,mobile_ion,0.3816,50.0,9.5076,0
SN_006020,LOT_018,9.5248,10.4854,11.0312,11.1721,0,healthy,0.0,50.0,9.5076,0
SN_006021,LOT_018,9.0583,9.4411,9.7781,9.9124,0,healthy,0.0,50.0,9.5076,0
SN_006022,LOT_018,9.6796,10.6248,10.9837,11.1427,0,healthy,0.0,50.0,9.5076,0
SN_006023,LOT_018,9.7,10.9399,11.4111,11.6696,0,healthy,0.0,50.0,9.5076,0
SN_006024,LOT_018,9.7503,10.5917,10.9986,11.0164,0,healthy,0.0,50.0,9.5076,0
SN_006025,LOT_018,10.8872,11.6932,11.8596,12.0729,0,healthy,0.0,50.0,9.5076,0
SN_006026,LOT_018,10.2674,11.7288,12.163,12.2496,0,healthy,0.0,50.0,9.5076,0
SN_006027,LOT_018,10.2709,11.1102,11.4127,11.6276,0,healthy,0.0,50.0,9.5076,0
SN_006028,LOT_018,10.2938,10.8437,11.4779,11.4413,0,healthy,0.0,50.0,9.5076,0
SN_006029,LOT_018,8.8413,9.8677,10.2406,10.5641,0,healthy,0.0,50.0,9.5076,0
SN_006030,LOT_018,9.793,10.4952,10.9984,11.2029,0,healthy,0.0,50.0,9.5076,0
SN_006031,LOT_019,10.1239,10.9033,11.1754,11.3837,0,healthy,0.0,50.0,10.3844,0
SN_006032,LOT_019,9.6537,10.5399,10.6647,10.8784,0,healthy,0.0,50.0,10.3844,0
SN_006033,LOT_019,10.938,11.9957,12.3455,12.5274,0,healthy,0.0,50.0,10.3844,0
SN_006034,LOT_019,10.5733,11.1087,11.4676,11.8372,0,healthy,0.0,50.0,10.3844,0
SN_006035,LOT_019,10.4296,10.6046,14.4702,23.2566,1,tddb_dielectric,0.2368,50.0,10.3844,0
SN_006036,LOT_019,11.4019,12.1105,12.3566,12.3902,0,healthy,0.0,50.0,10.3844,0
SN_006037,LOT_019,11.5503,12.3122,12.9127,13.0937,0,healthy,0.0,50.0,10.3844,0
SN_006038,LOT_019,9.7858,11.2869,11.7195,11.709,0,healthy,0.0,50.0,10.3844,0
SN_006039,LOT_019,10.3175,10.9642,11.3904,11.3618,0,healthy,0.0,50.0,10.3844,0
SN_006040,LOT_019,10.5201,11.1826,11.5928,11.6641,0,healthy,0.0,50.0,10.3844,0
SN_006041,LOT_019,9.0203,9.4242,9.6669,9.7336,0,healthy,0.0,50.0,10.3844,0
SN_006042,LOT_019,9.8997,10.6179,11.1007,11.2786,0,healthy,0.0,50.0,10.3844,0
SN_006043,LOT_019,11.8223,12.8656,13.1081,13.2597,0,healthy,0.0,50.0,10.3844,0
SN_006044,LOT_019,10.3049,11.5603,12.0096,12.2504,0,healthy,0.0,50.0,10.3844,0
SN_006045,LOT_019,10.4734,10.9624,11.2633,11.292,0,healthy,0.0,50.0,10.3844,0
SN_006046,LOT_019,10.2088,10.8137,11.1169,11.011,0,healthy,0.0,50.0,10.3844,0
SN_006047,LOT_019,10.7923,11.7661,12.2821,12.3982,0,healthy,0.0,50.0,10.3844,0
SN_006048,LOT_019,9.6512,10.7838,11.3421,11.4696,0,healthy,0.0,50.0,10.3844,0
SN_006049,LOT_019,11.8095,12.4485,12.5798,12.644,0,healthy,0.0,50.0,10.3844,0
SN_006050,LOT_019,10.5668,11.3114,11.5786,11.7097,0,healthy,0.0,50.0,10.3844,0
SN_006051,LOT_019,9.3437,10.2774,10.773,11.064,0,healthy,0.0,50.0,10.3844,0
SN_006052,LOT_019,9.407,10.3929,10.8355,11.0251,0,healthy,0.0,50.0,10.3844,0
SN_006053,LOT_019,11.4869,11.9203,12.1132,12.1824,0,healthy,0.0,50.0,10.3844,0
SN_006054,LOT_019,9.6617,10.2821,10.3788,10.5947,0,healthy,0.0,50.0,10.3844,0
SN_006055,LOT_019,10.5899,11.0332,11.3231,11.3995,0,healthy,0.0,50.0,10.3844,0
SN_006056,LOT_019,10.1603,11.1154,11.2441,11.4866,0,healthy,0.0,50.0,10.3844,0
SN_006057,LOT_019,10.0258,10.7258,11.0863,11.3016,0,healthy,0.0,50.0,10.3844,0
SN_006058,LOT_019,10.6498,11.8754,12.4963,12.6383,0,healthy,0.0,50.0,10.3844,0
SN_006059,LOT_019,9.9468,10.5034,10.9426,11.1001,0,healthy,0.0,50.0,10.3844,0
SN_006060,LOT_019,9.4099,10.3242,10.533,10.6943,0,healthy,0.0,50.0,10.3844,0
SN_006061,LOT_019,9.9331,10.5548,10.7629,10.8535,0,healthy,0.0,50.0,10.3844,0
SN_006062,LOT_019,12.3075,13.5176,13.8661,14.2316,0,healthy,0.0,50.0,10.3844,0
SN_006063,LOT_019,12.2418,13.3447,13.5291,13.6682,0,healthy,0.0,50.0,10.3844,0
SN_006064,LOT_019,9.807,10.5349,10.7372,10.7837,0,healthy,0.0,50.0,10.3844,0
SN_006065,LOT_019,12.2204,12.9708,13.1455,13.1545,0,healthy,0.0,50.0,10.3844,0
SN_006066,LOT_019,9.6192,10.7698,11.4115,11.522,0,healthy,0.0,50.0,10.3844,0
SN_006067,LOT_019,10.6027,11.7816,12.141,12.3264,0,healthy,0.0,50.0,10.3844,0
SN_006068,LOT_019,10.3507,10.823,10.8777,11.0142,0,healthy,0.0,50.0,10.3844,0
SN_006069,LOT_019,9.3842,10.3757,10.5215,10.7818,0,healthy,0.0,50.0,10.3844,0
SN_006070,LOT_019,10.3115,11.5222,11.9482,12.2231,0,healthy,0.0,50.0,10.3844,0
SN_006071,LOT_019,10.6878,11.2376,11.1307,11.3013,0,healthy,0.0,50.0,10.3844,0
SN_006072,LOT_019,9.3506,10.1788,10.4869,10.8498,0,healthy,0.0,50.0,10.3844,0
SN_006073,LOT_019,9.0444,10.3875,10.5221,10.6754,0,healthy,0.0,50.0,10.3844,0
SN_006074,LOT_019,10.9993,12.1986,12.7118,13.0441,0,healthy,0.0,50.0,10.3844,0
SN_006075,LOT_019,10.5828,10.9563,11.3351,11.3057,0,healthy,0.0,50.0,10.3844,0
SN_006076,LOT_019,9.3255,9.5575,9.6794,9.861,0,healthy,0.0,50.0,10.3844,0
SN_006077,LOT_019,9.2095,10.0651,10.6677,10.7626,0,healthy,0.0,50.0,10.3844,0
SN_006078,LOT_019,10.2809,11.0178,11.4625,11.602,0,healthy,0.0,50.0,10.3844,0
SN_006079,LOT_019,10.3012,10.9381,11.2541,11.2718,0,healthy,0.0,50.0,10.3844,0
SN_006080,LOT_019,11.4067,12.3745,12.5275,12.9253,0,healthy,0.0,50.0,10.3844,0
SN_006081,LOT_019,10.0202,10.962,11.3282,11.3313,0,healthy,0.0,50.0,10.3844,0
SN_006082,LOT_019,12.2405,12.6415,12.8741,12.7904,0,healthy,0.0,50.0,10.3844,0
SN_006083,LOT_019,9.797,10.3767,10.5359,10.6799,0,healthy,0.0,50.0,10.3844,0
SN_006084,LOT_019,8.4282,9.1927,9.6407,9.7591,0,healthy,0.0,50.0,10.3844,0
SN_006085,LOT_019,10.5821,11.3107,11.6615,11.766,0,healthy,0.0,50.0,10.3844,0
SN_006086,LOT_019,11.2008,12.2674,12.4348,12.5057,0,healthy,0.0,50.0,10.3844,0
SN_006087,LOT_019,11.0583,11.3446,11.5558,11.7451,0,healthy,0.0,50.0,10.3844,0
SN_006088,LOT_019,10.3327,11.7135,11.8659,12.1095,0,healthy,0.0,50.0,10.3844,0
SN_006089,LOT_019,10.2859,11.5513,11.9929,12.0964,0,healthy,0.0,50.0,10.3844,0
SN_006090,LOT_019,11.7494,13.1734,13.4404,13.8208,0,healthy,0.0,50.0,10.3844,0
SN_006091,LOT_019,10.9462,12.3048,12.769,13.0173,0,healthy,0.0,50.0,10.3844,0
SN_006092,LOT_019,10.764,11.4315,11.6633,11.7775,0,healthy,0.0,50.0,10.3844,0
SN_006093,LOT_019,9.0613,9.2779,9.4879,9.573,0,healthy,0.0,50.0,10.3844,0
SN_006094,LOT_019,9.7249,10.7711,11.0219,11.3386,0,healthy,0.0,50.0,10.3844,0
SN_006095,LOT_019,9.7909,10.8946,11.2401,11.2694,0,healthy,0.0,50.0,10.3844,0
SN_006096,LOT_019,11.1235,12.4523,12.7214,12.9309,0,healthy,0.0,50.0,10.3844,0
SN_006097,LOT_019,10.2789,10.9898,11.3442,11.4077,0,healthy,0.0,50.0,10.3844,0
SN_006098,LOT_019,10.4239,11.3583,11.4525,11.6036,0,healthy,0.0,50.0,10.3844,0
SN_006099,LOT_019,8.7765,9.5829,9.581,9.6224,0,healthy,0.0,50.0,10.3844,0
SN_006100,LOT_019,8.499,9.1626,9.3609,9.3487,0,healthy,0.0,50.0,10.3844,0
SN_006101,LOT_019,10.2896,11.0859,11.5136,11.5285,0,healthy,0.0,50.0,10.3844,0
SN_006102,LOT_019,10.0679,11.1091,11.1443,11.3248,0,healthy,0.0,50.0,10.3844,0
SN_006103,LOT_019,11.528,12.277,12.1195,12.1771,0,healthy,0.0,50.0,10.3844,0
SN_006104,LOT_019,8.8687,9.4208,9.6888,9.6966,0,healthy,0.0,50.0,10.3844,0
SN_006105,LOT_019,10.6118,11.4917,11.9571,12.0229,0,healthy,0.0,50.0,10.3844,0
SN_006106,LOT_019,13.5403,14.6492,14.915,15.291,0,healthy,0.0,50.0,10.3844,0
SN_006107,LOT_019,9.1774,10.1353,10.5403,10.8262,0,healthy,0.0,50.0,10.3844,0
SN_006108,LOT_019,10.4652,11.2908,11.7065,11.6862,0,healthy,0.0,50.0,10.3844,0
SN_006109,LOT_019,10.0478,10.6993,11.2485,11.5988,0,healthy,0.0,50.0,10.3844,0
SN_006110,LOT_019,10.8165,11.2579,11.3711,11.556,0,healthy,0.0,50.0,10.3844,0
SN_006111,LOT_019,11.1731,12.1683,12.6657,12.8275,0,healthy,0.0,50.0,10.3844,0
SN_006112,LOT_019,11.5505,12.2232,12.5989,12.6756,0,healthy,0.0,50.0,10.3844,0
SN_006113,LOT_019,12.8616,14.5365,15.1475,15.0952,0,healthy,0.0,50.0,10.3844,0
SN_006114,LOT_019,8.0989,8.6889,8.9161,9.0931,0,healthy,0.0,50.0,10.3844,0
SN_006115,LOT_019,10.8667,11.2594,11.3889,11.5417,0,healthy,0.0,50.0,10.3844,0
SN_006116,LOT_019,11.0963,11.6358,11.726,12.1344,0,healthy,0.0,50.0,10.3844,0
SN_006117,LOT_019,11.3686,11.7655,12.2531,12.5404,0,healthy,0.0,50.0,10.3844,0
SN_006118,LOT_019,12.0308,12.94,13.3456,13.4786,0,healthy,0.0,50.0,10.3844,0
SN_006119,LOT_019,11.2531,12.6628,13.1616,13.3315,0,healthy,0.0,50.0,10.3844,0
SN_006120,LOT_019,10.5806,11.9652,12.3773,12.5632,0,healthy,0.0,50.0,10.3844,0
SN_006121,LOT_019,11.0822,11.8432,12.1133,12.2736,0,healthy,0.0,50.0,10.3844,0
SN_006122,LOT_019,9.9879,10.4972,10.7301,10.8757,0,healthy,0.0,50.0,10.3844,0
SN_006123,LOT_019,8.5022,9.1254,9.3842,9.4912,0,healthy,0.0,50.0,10.3844,0
SN_006124,LOT_019,10.8315,11.656,11.8986,12.2124,0,healthy,0.0,50.0,10.3844,0
SN_006125,LOT_019,10.4082,11.2013,11.5241,11.7163,0,healthy,0.0,50.0,10.3844,0
SN_006126,LOT_019,11.8925,13.0033,13.456,13.643,0,healthy,0.0,50.0,10.3844,0
SN_006127,LOT_019,9.5558,10.7561,11.2001,11.3782,0,healthy,0.0,50.0,10.3844,0
SN_006128,LOT_019,12.0509,13.4605,14.226,14.2139,0,healthy,0.0,50.0,10.3844,0
SN_006129,LOT_019,11.3318,12.5953,13.1876,13.4882,0,healthy,0.0,50.0,10.3844,0
SN_006130,LOT_019,11.4627,12.5962,12.8523,13.2756,0,healthy,0.0,50.0,10.3844,0
SN_006131,LOT_019,9.3397,9.845,10.0549,10.1149,0,healthy,0.0,50.0,10.3844,0
SN_006132,LOT_019,9.3219,9.675,9.9769,9.8291,0,healthy,0.0,50.0,10.3844,0
SN_006133,LOT_019,8.7091,9.3083,9.337,9.3988,0,healthy,0.0,50.0,10.3844,0
SN_006134,LOT_019,10.1388,11.1707,11.6611,11.6772,0,healthy,0.0,50.0,10.3844,0
SN_006135,LOT_019,9.7401,10.9177,11.3933,11.4217,0,healthy,0.0,50.0,10.3844,0
SN_006136,LOT_019,9.6674,10.5727,10.613,10.6991,0,healthy,0.0,50.0,10.3844,0
SN_006137,LOT_019,9.0755,9.4456,9.6554,9.599,0,healthy,0.0,50.0,10.3844,0
SN_006138,LOT_019,9.5578,10.8803,11.2143,11.5003,0,healthy,0.0,50.0,10.3844,0
SN_006139,LOT_019,10.1621,10.8994,11.1697,11.2298,0,healthy,0.0,50.0,10.3844,0
SN_006140,LOT_019,8.5056,9.4225,9.9031,10.1781,0,healthy,0.0,50.0,10.3844,0
SN_006141,LOT_019,10.7553,11.3988,11.5253,11.6116,0,healthy,0.0,50.0,10.3844,0
SN_006142,LOT_019,11.718,12.8208,13.1593,13.2889,0,healthy,0.0,50.0,10.3844,0
SN_006143,LOT_019,8.2638,8.856,9.0089,9.1708,0,healthy,0.0,50.0,10.3844,0
SN_006144,LOT_019,10.849,11.5446,11.6176,11.6829,0,healthy,0.0,50.0,10.3844,0
SN_006145,LOT_019,11.6062,11.9451,12.1868,12.1455,0,healthy,0.0,50.0,10.3844,0
SN_006146,LOT_019,10.8282,12.0864,12.2974,12.6265,0,healthy,0.0,50.0,10.3844,0
SN_006147,LOT_019,10.7518,11.7538,12.3687,12.6642,0,healthy,0.0,50.0,10.3844,0
SN_006148,LOT_019,11.2112,12.1484,12.5689,12.7673,0,healthy,0.0,50.0,10.3844,0
SN_006149,LOT_019,9.4809,9.8568,10.1555,10.1828,0,healthy,0.0,50.0,10.3844,0
SN_006150,LOT_019,9.1177,9.7131,9.9825,10.1144,0,healthy,0.0,50.0,10.3844,0
SN_006151,LOT_019,11.7354,12.3342,12.7325,12.7291,0,healthy,0.0,50.0,10.3844,0
SN_006152,LOT_019,10.9252,11.9031,12.1937,12.1665,0,healthy,0.0,50.0,10.3844,0
SN_006153,LOT_019,10.5281,10.9668,11.1444,11.4282,0,healthy,0.0,50.0,10.3844,0
SN_006154,LOT_019,10.5438,11.4861,12.1671,12.2937,0,healthy,0.0,50.0,10.3844,0
SN_006155,LOT_019,11.4227,12.0199,12.3478,12.7593,0,healthy,0.0,50.0,10.3844,0
SN_006156,LOT_019,9.7687,10.4345,10.7138,10.6772,0,healthy,0.0,50.0,10.3844,0
SN_006157,LOT_019,10.1839,11.3606,11.755,11.9107,0,healthy,0.0,50.0,10.3844,0
SN_006158,LOT_019,9.2836,9.8927,10.1654,10.1207,0,healthy,0.0,50.0,10.3844,0
SN_006159,LOT_019,12.9043,14.2782,14.8193,15.3152,0,healthy,0.0,50.0,10.3844,0
SN_006160,LOT_019,10.0523,10.7341,10.8164,10.9721,0,healthy,0.0,50.0,10.3844,0
SN_006161,LOT_019,10.9947,11.5699,11.7708,11.9088,0,healthy,0.0,50.0,10.3844,0
SN_006162,LOT_019,11.0488,12.5685,12.8788,12.9078,0,healthy,0.0,50.0,10.3844,0
SN_006163,LOT_019,11.6578,12.5791,12.9649,13.3668,0,healthy,0.0,50.0,10.3844,0
SN_006164,LOT_019,8.7616,9.3542,9.7521,9.9671,0,healthy,0.0,50.0,10.3844,0
SN_006165,LOT_019,38.1304,38.9256,42.759,46.6114,1,esd_oxide,0.5859,50.0,10.3844,0
SN_006166,LOT_019,11.3554,12.0018,12.1687,12.2741,0,healthy,0.0,50.0,10.3844,0
SN_006167,LOT_019,8.6599,9.4495,9.7858,9.9611,0,healthy,0.0,50.0,10.3844,0
SN_006168,LOT_019,10.1913,11.2606,11.6773,11.5981,0,healthy,0.0,50.0,10.3844,0
SN_006169,LOT_019,9.3668,9.9936,9.9045,10.1292,0,healthy,0.0,50.0,10.3844,0
SN_006170,LOT_019,10.5254,10.9855,11.2106,11.1163,0,healthy,0.0,50.0,10.3844,0
SN_006171,LOT_019,10.4029,11.628,12.0995,12.4407,0,healthy,0.0,50.0,10.3844,0
SN_006172,LOT_019,9.405,9.9466,10.1798,10.2823,0,healthy,0.0,50.0,10.3844,0
SN_006173,LOT_019,9.9113,10.5784,10.5371,10.8287,0,healthy,0.0,50.0,10.3844,0
SN_006174,LOT_019,10.3761,11.3422,11.7999,12.056,0,healthy,0.0,50.0,10.3844,0
SN_006175,LOT_019,9.4667,9.7412,10.0377,10.2228,0,healthy,0.0,50.0,10.3844,0
SN_006176,LOT_019,10.862,11.3633,11.5163,11.5685,0,healthy,0.0,50.0,10.3844,0
SN_006177,LOT_019,9.6754,10.514,11.0599,11.3856,0,healthy,0.0,50.0,10.3844,0
SN_006178,LOT_019,8.5319,9.2054,9.561,9.7979,0,healthy,0.0,50.0,10.3844,0
SN_006179,LOT_019,10.8904,11.7545,12.0647,12.0331,0,healthy,0.0,50.0,10.3844,0
SN_006180,LOT_019,9.0211,9.3302,9.5234,9.5687,0,healthy,0.0,50.0,10.3844,0
SN_006181,LOT_019,10.1484,10.6172,10.8773,10.967,0,healthy,0.0,50.0,10.3844,0
SN_006182,LOT_019,9.5869,10.944,11.287,11.6038,0,healthy,0.0,50.0,10.3844,0
SN_006183,LOT_019,10.526,11.3507,11.749,12.2155,0,healthy,0.0,50.0,10.3844,0
SN_006184,LOT_019,10.12,10.958,11.1259,11.2977,0,healthy,0.0,50.0,10.3844,0
SN_006185,LOT_019,10.2033,11.637,12.048,12.1629,0,healthy,0.0,50.0,10.3844,0
SN_006186,LOT_019,10.2718,11.2587,11.3919,11.461,0,healthy,0.0,50.0,10.3844,0
SN_006187,LOT_020,11.8967,12.5287,12.8065,13.0179,0,healthy,0.0,50.0,11.8858,0
SN_006188,LOT_020,11.7392,12.3718,12.1467,12.7036,0,healthy,0.0,50.0,11.8858,0
SN_006189,LOT_020,10.6297,11.2886,11.7656,11.7823,0,healthy,0.0,50.0,11.8858,0
SN_006190,LOT_020,10.3934,11.556,12.1705,12.3509,0,healthy,0.0,50.0,11.8858,0
SN_006191,LOT_020,14.6575,16.185,16.5563,16.5911,0,healthy,0.0,50.0,11.8858,0
SN_006192,LOT_020,13.6702,14.9077,15.0178,15.1195,0,healthy,0.0,50.0,11.8858,0
SN_006193,LOT_020,11.3352,11.9824,11.9913,12.2464,0,healthy,0.0,50.0,11.8858,0
SN_006194,LOT_020,9.2791,11.0628,16.6538,21.9569,1,electromigration,0.2276,50.0,11.8858,0
SN_006195,LOT_020,11.9728,13.0878,13.2577,13.5457,0,healthy,0.0,50.0,11.8858,0
SN_006196,LOT_020,15.3399,16.0707,16.3419,16.5119,0,healthy,0.0,50.0,11.8858,0
SN_006197,LOT_020,14.52,15.0929,15.1864,15.2198,0,healthy,0.0,50.0,11.8858,0
SN_006198,LOT_020,9.9593,10.9458,11.539,11.7652,0,healthy,0.0,50.0,11.8858,0
SN_006199,LOT_020,10.886,12.154,12.6213,12.8411,0,healthy,0.0,50.0,11.8858,0
SN_006200,LOT_020,11.1464,11.9721,12.2678,12.2636,0,healthy,0.0,50.0,11.8858,0
SN_006201,LOT_020,11.7765,12.1962,12.2813,12.596,0,healthy,0.0,50.0,11.8858,0
SN_006202,LOT_020,11.7295,12.7321,13.1351,13.3056,0,healthy,0.0,50.0,11.8858,0
SN_006203,LOT_020,11.9653,12.7966,13.4166,13.7378,0,healthy,0.0,50.0,11.8858,0
SN_006204,LOT_020,10.7228,11.3802,11.9181,12.3391,0,healthy,0.0,50.0,11.8858,0
SN_006205,LOT_020,12.9566,14.0142,14.7115,15.0368,0,healthy,0.0,50.0,11.8858,0
SN_006206,LOT_020,11.7564,12.0889,12.352,12.5856,0,healthy,0.0,50.0,11.8858,0
SN_006207,LOT_020,10.9785,12.1061,12.4855,12.7082,0,healthy,0.0,50.0,11.8858,0
SN_006208,LOT_020,15.3128,16.8037,17.2488,17.1882,0,healthy,0.0,50.0,11.8858,0
SN_006209,LOT_020,14.0231,15.138,15.3704,15.4463,0,healthy,0.0,50.0,11.8858,0
SN_006210,LOT_020,12.8172,13.5028,13.6766,13.7747,0,healthy,0.0,50.0,11.8858,0
SN_006211,LOT_020,11.9286,12.7099,12.9468,13.181,0,healthy,0.0,50.0,11.8858,0
SN_006212,LOT_020,12.4031,13.3462,13.8216,14.033,0,healthy,0.0,50.0,11.8858,0
SN_006213,LOT_020,11.972,13.3206,13.5966,13.6317,0,healthy,0.0,50.0,11.8858,0
SN_006214,LOT_020,12.2556,13.3565,13.74,14.1877,0,healthy,0.0,50.0,11.8858,0
SN_006215,LOT_020,10.2675,11.6908,12.2408,12.138,0,healthy,0.0,50.0,11.8858,0
SN_006216,LOT_020,11.9035,12.6633,13.2814,13.5444,0,healthy,0.0,50.0,11.8858,0
SN_006217,LOT_020,11.9016,12.5324,13.0287,13.0655,0,healthy,0.0,50.0,11.8858,0
SN_006218,LOT_020,12.287,12.8505,12.9735,13.1463,0,healthy,0.0,50.0,11.8858,0
SN_006219,LOT_020,9.9282,10.428,10.655,10.5655,0,healthy,0.0,50.0,11.8858,0
SN_006220,LOT_020,15.1552,16.735,17.5341,17.7214,0,healthy,0.0,50.0,11.8858,0
SN_006221,LOT_020,12.5854,14.0158,14.5944,14.8881,0,healthy,0.0,50.0,11.8858,0
SN_006222,LOT_020,11.6539,12.5715,12.7222,12.8468,0,healthy,0.0,50.0,11.8858,0
SN_006223,LOT_020,13.2251,14.2818,14.6335,14.7433,0,healthy,0.0,50.0,11.8858,0
SN_006224,LOT_020,10.6223,11.9019,12.1912,12.2712,0,healthy,0.0,50.0,11.8858,0
SN_006225,LOT_020,10.7444,11.4853,11.8283,11.9958,0,healthy,0.0,50.0,11.8858,0
SN_006226,LOT_020,10.7756,11.3539,11.3641,11.4631,0,healthy,0.0,50.0,11.8858,0
SN_006227,LOT_020,12.5559,14.1373,14.7976,15.0676,0,healthy,0.0,50.0,11.8858,0
SN_006228,LOT_020,10.7289,11.7582,12.1758,12.3093,0,healthy,0.0,50.0,11.8858,0
SN_006229,LOT_020,12.8656,13.3672,14.2293,14.0694,0,healthy,0.0,50.0,11.8858,0
SN_006230,LOT_020,14.1073,15.0872,15.3725,15.7097,0,healthy,0.0,50.0,11.8858,0
SN_006231,LOT_020,12.6069,14.1333,14.3609,14.6664,0,healthy,0.0,50.0,11.8858,0
SN_006232,LOT_020,11.9263,12.1992,12.5653,12.5908,0,healthy,0.0,50.0,11.8858,0
SN_006233,LOT_020,11.356,11.8857,12.1323,12.1918,0,healthy,0.0,50.0,11.8858,0
SN_006234,LOT_020,13.2374,14.8436,15.1826,15.1805,0,healthy,0.0,50.0,11.8858,0
SN_006235,LOT_020,9.2174,9.9897,10.1774,10.2221,0,healthy,0.0,50.0,11.8858,0
SN_006236,LOT_020,10.8568,11.1891,11.2379,11.5475,0,healthy,0.0,50.0,11.8858,0
SN_006237,LOT_020,14.6818,16.0404,16.8876,17.2191,0,healthy,0.0,50.0,11.8858,0
SN_006238,LOT_020,10.8732,11.4401,11.6142,11.9606,0,healthy,0.0,50.0,11.8858,0
SN_006239,LOT_020,12.9349,14.4528,15.1893,15.3923,0,healthy,0.0,50.0,11.8858,0
SN_006240,LOT_020,9.9769,10.7271,10.7803,11.0076,0,healthy,0.0,50.0,11.8858,0
SN_006241,LOT_020,11.2802,12.3761,12.6466,13.0363,0,healthy,0.0,50.0,11.8858,0
SN_006242,LOT_020,10.8172,11.2938,11.5588,11.568,0,healthy,0.0,50.0,11.8858,0
SN_006243,LOT_020,10.6705,11.0423,11.1767,11.3452,0,healthy,0.0,50.0,11.8858,0
SN_006244,LOT_020,10.2834,11.3856,11.717,11.9104,0,healthy,0.0,50.0,11.8858,0
SN_006245,LOT_020,10.3239,10.6361,10.8231,10.9214,0,healthy,0.0,50.0,11.8858,0
SN_006246,LOT_020,9.9069,10.7242,10.992,10.983,0,healthy,0.0,50.0,11.8858,0
SN_006247,LOT_020,11.9652,12.6828,12.8036,12.9757,0,healthy,0.0,50.0,11.8858,0
SN_006248,LOT_020,12.0334,13.5623,14.0109,13.9672,0,healthy,0.0,50.0,11.8858,0
SN_006249,LOT_020,16.5628,17.1855,17.7526,17.7096,0,healthy,0.0,50.0,11.8858,0
SN_006250,LOT_020,12.0064,12.744,13.051,13.1276,0,healthy,0.0,50.0,11.8858,0
SN_006251,LOT_020,10.0584,11.2605,11.4269,11.3907,0,healthy,0.0,50.0,11.8858,0
SN_006252,LOT_020,14.2444,15.5041,16.3408,16.6016,0,healthy,0.0,50.0,11.8858,0
SN_006253,LOT_020,9.223,10.2878,10.9177,10.8776,0,healthy,0.0,50.0,11.8858,0
SN_006254,LOT_020,13.4061,14.6183,15.0816,15.5465,0,healthy,0.0,50.0,11.8858,0
SN_006255,LOT_020,11.17,12.0509,12.3792,12.378,0,healthy,0.0,50.0,11.8858,0
SN_006256,LOT_020,11.0691,11.5037,11.8287,11.9461,0,healthy,0.0,50.0,11.8858,0
SN_006257,LOT_020,11.5914,13.029,13.3504,13.8445,0,healthy,0.0,50.0,11.8858,0
SN_006258,LOT_020,11.8201,12.7827,12.94,13.4246,0,healthy,0.0,50.0,11.8858,0
SN_006259,LOT_020,11.8591,13.1482,13.691,13.8425,0,healthy,0.0,50.0,11.8858,0
SN_006260,LOT_020,9.689,10.5364,10.8902,10.9241,0,healthy,0.0,50.0,11.8858,0
SN_006261,LOT_020,12.2283,13.2198,13.5462,13.6159,0,healthy,0.0,50.0,11.8858,0
SN_006262,LOT_020,14.5279,15.9757,16.5717,16.8133,0,healthy,0.0,50.0,11.8858,0
SN_006263,LOT_020,11.7198,12.1415,12.2893,12.4015,0,healthy,0.0,50.0,11.8858,0
SN_006264,LOT_020,9.3197,10.0559,10.4182,10.4642,0,healthy,0.0,50.0,11.8858,0
SN_006265,LOT_020,13.3607,14.5538,14.7385,14.95,0,healthy,0.0,50.0,11.8858,0
SN_006266,LOT_020,10.3582,11.6179,12.0861,12.5155,0,healthy,0.0,50.0,11.8858,0
SN_006267,LOT_020,12.9016,13.8545,14.1225,14.2773,0,healthy,0.0,50.0,11.8858,0
SN_006268,LOT_020,12.4824,13.9414,14.6301,14.7754,0,healthy,0.0,50.0,11.8858,0
SN_006269,LOT_020,9.8404,10.2101,10.3155,10.3932,0,healthy,0.0,50.0,11.8858,0
SN_006270,LOT_020,10.8453,11.4122,11.5521,11.4797,0,healthy,0.0,50.0,11.8858,0
SN_006271,LOT_020,13.5476,15.0655,15.9875,16.0198,0,healthy,0.0,50.0,11.8858,0
SN_006272,LOT_020,11.4352,12.107,12.3458,12.5527,0,healthy,0.0,50.0,11.8858,0
SN_006273,LOT_020,12.6041,14.1872,14.6862,14.9176,0,healthy,0.0,50.0,11.8858,0
SN_006274,LOT_020,12.2279,13.3618,13.7522,14.0569,0,healthy,0.0,50.0,11.8858,0
SN_006275,LOT_020,11.453,12.7711,13.0103,13.2596,0,healthy,0.0,50.0,11.8858,0
SN_006276,LOT_020,12.1079,13.258,13.296,13.7302,0,healthy,0.0,50.0,11.8858,0
SN_006277,LOT_020,11.4958,12.9842,13.3965,13.5749,0,healthy,0.0,50.0,11.8858,0
SN_006278,LOT_020,11.1744,12.1357,12.4522,12.8458,0,healthy,0.0,50.0,11.8858,0
SN_006279,LOT_020,12.316,13.9729,14.2489,14.5967,0,healthy,0.0,50.0,11.8858,0
SN_006280,LOT_020,9.9757,10.6036,10.605,10.5751,0,healthy,0.0,50.0,11.8858,0
SN_006281,LOT_020,10.5515,11.2369,11.3453,11.4457,0,healthy,0.0,50.0,11.8858,0
SN_006282,LOT_020,13.3549,13.8124,14.1095,14.1441,0,healthy,0.0,50.0,11.8858,0
SN_006283,LOT_020,10.225,11.1926,11.5882,11.5175,0,healthy,0.0,50.0,11.8858,0
SN_006284,LOT_020,12.4418,12.9269,13.0962,13.1639,0,healthy,0.0,50.0,11.8858,0
SN_006285,LOT_020,10.7297,11.3999,11.7392,11.8112,0,healthy,0.0,50.0,11.8858,0
SN_006286,LOT_020,12.7378,13.3861,13.8104,14.0408,0,healthy,0.0,50.0,11.8858,0
SN_006287,LOT_020,10.232,10.6228,10.6551,10.9308,0,healthy,0.0,50.0,11.8858,0
SN_006288,LOT_020,13.556,14.612,14.96,15.5749,0,healthy,0.0,50.0,11.8858,0
SN_006289,LOT_020,10.2246,11.0798,11.4511,11.5401,0,healthy,0.0,50.0,11.8858,0
SN_006290,LOT_020,13.8414,15.3156,15.5008,15.7488,0,healthy,0.0,50.0,11.8858,0
SN_006291,LOT_020,12.5478,13.8639,14.1984,14.2656,0,healthy,0.0,50.0,11.8858,0
SN_006292,LOT_020,12.6168,13.2935,13.5002,13.6313,0,healthy,0.0,50.0,11.8858,0
SN_006293,LOT_020,13.0566,13.7646,14.0725,14.3213,0,healthy,0.0,50.0,11.8858,0
SN_006294,LOT_020,10.0305,10.2851,10.539,10.6273,0,healthy,0.0,50.0,11.8858,0
SN_006295,LOT_020,11.9998,13.1094,13.3197,13.3699,0,healthy,0.0,50.0,11.8858,0
SN_006296,LOT_020,11.594,12.4285,12.7482,12.6622,0,healthy,0.0,50.0,11.8858,0
SN_006297,LOT_020,11.427,12.5982,12.8189,13.1589,0,healthy,0.0,50.0,11.8858,0
SN_006298,LOT_020,10.2826,10.9946,11.5193,11.6331,0,healthy,0.0,50.0,11.8858,0
SN_006299,LOT_020,11.3276,11.8771,12.0407,12.0883,0,healthy,0.0,50.0,11.8858,0
SN_006300,LOT_020,9.5325,10.6641,11.2761,11.4402,0,healthy,0.0,50.0,11.8858,0
SN_006301,LOT_020,11.2701,12.3982,12.8889,13.0353,0,healthy,0.0,50.0,11.8858,0
SN_006302,LOT_020,9.771,10.1705,10.0961,10.3675,0,healthy,0.0,50.0,11.8858,0
SN_006303,LOT_020,12.0403,12.5513,13.1091,13.1676,0,healthy,0.0,50.0,11.8858,0
SN_006304,LOT_020,14.9477,15.8204,16.1272,16.0559,0,healthy,0.0,50.0,11.8858,0
SN_006305,LOT_020,10.7815,11.5924,11.7607,11.8621,0,healthy,0.0,50.0,11.8858,0
SN_006306,LOT_020,12.668,13.476,13.7102,13.6299,0,healthy,0.0,50.0,11.8858,0
SN_006307,LOT_020,10.4184,11.4856,11.8253,12.0797,0,healthy,0.0,50.0,11.8858,0
SN_006308,LOT_020,13.6793,14.7908,15.2945,15.6257,0,healthy,0.0,50.0,11.8858,0
SN_006309,LOT_020,13.1017,14.2693,14.5342,14.5901,0,healthy,0.0,50.0,11.8858,0
SN_006310,LOT_020,10.694,11.8572,12.5954,12.8077,0,healthy,0.0,50.0,11.8858,0
SN_006311,LOT_020,11.2026,12.4843,13.1276,13.3528,0,healthy,0.0,50.0,11.8858,0
SN_006312,LOT_020,9.8551,10.9226,11.2952,11.5547,0,healthy,0.0,50.0,11.8858,0
SN_006313,LOT_020,12.3659,13.9837,14.2448,14.8081,0,healthy,0.0,50.0,11.8858,0
SN_006314,LOT_020,10.8043,11.5617,11.8544,12.1704,0,healthy,0.0,50.0,11.8858,0
SN_006315,LOT_020,11.4105,12.7441,13.1765,13.5437,0,healthy,0.0,50.0,11.8858,0
SN_006316,LOT_020,13.1207,13.9892,14.1635,14.1863,0,healthy,0.0,50.0,11.8858,0
SN_006317,LOT_020,11.504,12.2275,12.765,12.7241,0,healthy,0.0,50.0,11.8858,0
SN_006318,LOT_020,12.2567,13.8201,14.3729,14.5722,0,healthy,0.0,50.0,11.8858,0
SN_006319,LOT_020,10.9778,11.5086,11.4553,11.5774,0,healthy,0.0,50.0,11.8858,0
SN_006320,LOT_020,10.0012,11.096,11.5723,11.706,0,healthy,0.0,50.0,11.8858,0
SN_006321,LOT_020,12.1446,13.1486,13.3526,13.495,0,healthy,0.0,50.0,11.8858,0
SN_006322,LOT_020,11.7317,12.921,13.2631,13.525,0,healthy,0.0,50.0,11.8858,0
SN_006323,LOT_020,11.1233,11.9158,12.3225,12.6486,0,healthy,0.0,50.0,11.8858,0
SN_006324,LOT_020,10.6714,11.5023,11.6606,11.8719,0,healthy,0.0,50.0,11.8858,0
SN_006325,LOT_020,14.965,17.0333,17.5264,17.9981,0,healthy,0.0,50.0,11.8858,0
SN_006326,LOT_020,14.3159,14.8164,14.9868,15.0987,0,healthy,0.0,50.0,11.8858,0
SN_006327,LOT_020,10.8091,11.8263,12.0321,12.1208,0,healthy,0.0,50.0,11.8858,0
SN_006328,LOT_020,12.8339,13.921,14.4691,14.7154,0,healthy,0.0,50.0,11.8858,0
SN_006329,LOT_020,14.1312,15.5958,15.9996,15.9968,0,healthy,0.0,50.0,11.8858,0
SN_006330,LOT_020,12.2859,13.3617,13.877,13.9139,0,healthy,0.0,50.0,11.8858,0
SN_006331,LOT_020,12.3585,13.2018,13.6776,13.8192,0,healthy,0.0,50.0,11.8858,0
SN_006332,LOT_020,11.8961,12.3127,12.5157,12.7461,0,healthy,0.0,50.0,11.8858,0
SN_006333,LOT_020,13.5642,15.4876,16.0268,15.9993,0,healthy,0.0,50.0,11.8858,0
SN_006334,LOT_020,11.3777,11.8846,12.1439,12.0685,0,healthy,0.0,50.0,11.8858,0
SN_006335,LOT_020,12.6943,13.3899,14.1262,14.3284,0,healthy,0.0,50.0,11.8858,0
SN_006336,LOT_020,12.1645,13.3936,13.9581,14.3458,0,healthy,0.0,50.0,11.8858,0
SN_006337,LOT_020,8.9407,9.3012,9.4119,9.5512,0,healthy,0.0,50.0,11.8858,0
SN_006338,LOT_020,10.5661,12.2102,12.39,12.699,0,healthy,0.0,50.0,11.8858,0
SN_006339,LOT_020,10.8468,12.0487,12.3762,12.6047,0,healthy,0.0,50.0,11.8858,0
SN_006340,LOT_020,10.4292,11.1373,11.1637,11.308,0,healthy,0.0,50.0,11.8858,0
SN_006341,LOT_020,9.2851,10.4027,10.6759,10.6191,0,healthy,0.0,50.0,11.8858,0
SN_006342,LOT_020,10.8801,11.7213,12.0273,12.1787,0,healthy,0.0,50.0,11.8858,0
SN_006343,LOT_020,11.2185,12.2572,12.8358,13.0076,0,healthy,0.0,50.0,11.8858,0
SN_006344,LOT_020,11.3274,12.3755,12.9712,12.9649,0,healthy,0.0,50.0,11.8858,0
SN_006345,LOT_020,12.6699,13.299,13.4597,13.6472,0,healthy,0.0,50.0,11.8858,0
SN_006346,LOT_020,11.5311,13.0637,13.4414,13.5631,0,healthy,0.0,50.0,11.8858,0
SN_006347,LOT_020,10.6233,11.3822,11.5124,11.7788,0,healthy,0.0,50.0,11.8858,0
SN_006348,LOT_020,9.7952,10.9261,11.5037,11.808,0,healthy,0.0,50.0,11.8858,0
SN_006349,LOT_020,12.0748,12.6379,12.6783,13.0666,0,healthy,0.0,50.0,11.8858,0
SN_006350,LOT_020,11.0776,11.9928,12.6561,12.9582,0,healthy,0.0,50.0,11.8858,0
SN_006351,LOT_020,13.7751,14.5127,14.5762,14.8936,0,healthy,0.0,50.0,11.8858,0
SN_006352,LOT_020,10.3655,10.9491,11.03,11.2768,0,healthy,0.0,50.0,11.8858,0
SN_006353,LOT_020,11.9436,13.5132,14.1523,14.3875,0,healthy,0.0,50.0,11.8858,0
SN_006354,LOT_020,12.4444,13.4535,13.6879,13.9676,0,healthy,0.0,50.0,11.8858,0
SN_006355,LOT_020,15.3164,16.932,17.4451,17.8245,0,healthy,0.0,50.0,11.8858,0
SN_006356,LOT_020,11.2994,11.7254,12.1218,12.2502,0,healthy,0.0,50.0,11.8858,0
SN_006357,LOT_020,10.8367,11.9798,12.2763,12.5426,0,healthy,0.0,50.0,11.8858,0
SN_006358,LOT_020,12.0049,13.0433,13.4985,13.7025,0,healthy,0.0,50.0,11.8858,0
SN_006359,LOT_020,14.1416,15.4149,15.8915,16.1274,0,healthy,0.0,50.0,11.8858,0
SN_006360,LOT_020,15.189,15.8801,16.3857,16.2439,0,healthy,0.0,50.0,11.8858,0
SN_006361,LOT_020,14.73,16.0472,16.3603,16.7323,0,healthy,0.0,50.0,11.8858,0
SN_006362,LOT_020,10.4947,10.7844,11.196,11.2884,0,healthy,0.0,50.0,11.8858,0
SN_006363,LOT_020,12.4532,13.493,14.0166,14.33,0,healthy,0.0,50.0,11.8858,0
SN_006364,LOT_020,11.378,12.6597,13.0956,13.1022,0,healthy,0.0,50.0,11.8858,0
SN_006365,LOT_020,14.9697,16.4242,17.1807,17.6491,0,healthy,0.0,50.0,11.8858,0
SN_006366,LOT_020,13.111,14.5518,14.9269,14.9622,0,healthy,0.0,50.0,11.8858,0
SN_006367,LOT_020,12.9718,13.9781,14.5364,14.8317,0,healthy,0.0,50.0,11.8858,0
SN_006368,LOT_020,13.1067,14.3482,14.883,15.2261,0,healthy,0.0,50.0,11.8858,0
SN_006369,LOT_020,12.5572,13.606,14.1567,14.5287,0,healthy,0.0,50.0,11.8858,0
SN_006370,LOT_020,11.2353,12.2975,12.7347,12.9697,0,healthy,0.0,50.0,11.8858,0
SN_006371,LOT_020,11.3756,12.1134,12.3401,12.5467,0,healthy,0.0,50.0,11.8858,0
SN_006372,LOT_020,12.3497,13.0007,13.5205,13.3855,0,healthy,0.0,50.0,11.8858,0
SN_006373,LOT_020,14.5569,15.7363,16.2383,16.3414,0,healthy,0.0,50.0,11.8858,0
SN_006374,LOT_020,10.4931,10.8691,11.0109,11.0984,0,healthy,0.0,50.0,11.8858,0
SN_006375,LOT_020,12.8774,14.1553,14.5551,15.0092,0,healthy,0.0,50.0,11.8858,0
SN_006376,LOT_020,9.6929,10.0044,10.1565,10.1898,0,healthy,0.0,50.0,11.8858,0
SN_006377,LOT_020,11.5443,11.9852,12.2799,12.2814,0,healthy,0.0,50.0,11.8858,0
SN_006378,LOT_020,11.9189,12.473,12.751,12.857,0,healthy,0.0,50.0,11.8858,0
SN_006379,LOT_020,12.1817,12.9645,13.3574,13.1884,0,healthy,0.0,50.0,11.8858,0
SN_006380,LOT_020,14.3259,14.544,15.1028,15.2996,0,healthy,0.0,50.0,11.8858,0
SN_006381,LOT_020,11.0429,11.5922,11.5985,11.7957,0,healthy,0.0,50.0,11.8858,0
SN_006382,LOT_020,10.8717,12.3555,12.5128,12.686,0,healthy,0.0,50.0,11.8858,0
SN_006383,LOT_020,10.3287,11.1182,11.7066,11.9599,0,healthy,0.0,50.0,11.8858,0
SN_006384,LOT_020,11.1727,12.1596,12.5904,12.4911,0,healthy,0.0,50.0,11.8858,0
SN_006385,LOT_020,9.7732,10.6049,11.2691,11.4578,0,healthy,0.0,50.0,11.8858,0
SN_006386,LOT_020,12.0332,13.1412,13.8461,13.8999,0,healthy,0.0,50.0,11.8858,0
SN_006387,LOT_020,10.7505,11.2951,11.4307,11.5287,0,healthy,0.0,50.0,11.8858,0
SN_006388,LOT_020,11.5857,12.9259,13.4757,13.7826,0,healthy,0.0,50.0,11.8858,0
SN_006389,LOT_020,15.3664,16.8116,17.3033,17.41,0,healthy,0.0,50.0,11.8858,0
SN_006390,LOT_020,9.8223,10.8983,11.3797,11.5704,0,healthy,0.0,50.0,11.8858,0
SN_006391,LOT_020,11.8906,13.0196,13.5742,13.7851,0,healthy,0.0,50.0,11.8858,0
SN_006392,LOT_020,12.054,12.9125,13.2412,13.1967,0,healthy,0.0,50.0,11.8858,0
SN_006393,LOT_020,10.689,11.3375,11.537,11.6406,0,healthy,0.0,50.0,11.8858,0
SN_006394,LOT_020,11.7175,12.3118,12.5083,12.677,0,healthy,0.0,50.0,11.8858,0
SN_006395,LOT_020,11.8177,12.533,13.0342,12.9909,0,healthy,0.0,50.0,11.8858,0
SN_006396,LOT_020,10.9227,12.3005,12.8656,12.9823,0,healthy,0.0,50.0,11.8858,0
SN_006397,LOT_020,11.8887,12.6827,13.1486,13.0278,0,healthy,0.0,50.0,11.8858,0
SN_006398,LOT_020,12.3838,14.1305,14.5949,14.8327,0,healthy,0.0,50.0,11.8858,0
SN_006399,LOT_020,11.389,12.4093,12.4091,12.7011,0,healthy,0.0,50.0,11.8858,0
SN_006400,LOT_020,12.2355,12.6334,12.6483,12.6585,0,healthy,0.0,50.0,11.8858,0
SN_006401,LOT_020,11.5627,12.2272,12.6238,12.54,0,healthy,0.0,50.0,11.8858,0
SN_006402,LOT_020,11.3739,11.5664,11.912,12.0846,0,healthy,0.0,50.0,11.8858,0
SN_006403,LOT_020,10.7541,11.3036,11.4921,11.4497,0,healthy,0.0,50.0,11.8858,0
SN_006404,LOT_020,11.8708,12.9754,13.2099,13.9642,0,healthy,0.0,50.0,11.8858,0
SN_006405,LOT_020,10.7231,12.1961,12.5816,12.9388,0,healthy,0.0,50.0,11.8858,0
SN_006406,LOT_020,12.8793,13.3619,13.986,14.2381,0,healthy,0.0,50.0,11.8858,0
SN_006407,LOT_020,14.3007,15.1031,15.1966,15.6264,0,healthy,0.0,50.0,11.8858,0
SN_006408,LOT_020,11.3064,12.0163,12.043,12.3696,0,healthy,0.0,50.0,11.8858,0
SN_006409,LOT_020,11.0041,11.5419,11.7812,11.6368,0,healthy,0.0,50.0,11.8858,0
SN_006410,LOT_020,12.9132,13.5029,13.4809,13.6528,0,healthy,0.0,50.0,11.8858,0
SN_006411,LOT_020,10.8279,11.8844,12.075,12.4751,0,healthy,0.0,50.0,11.8858,0
SN_006412,LOT_020,10.2634,11.5417,11.7687,12.1033,0,healthy,0.0,50.0,11.8858,0
SN_006413,LOT_020,11.6729,12.6724,13.0223,13.3937,0,healthy,0.0,50.0,11.8858,0
SN_006414,LOT_020,10.5823,11.2649,11.6808,11.8097,0,healthy,0.0,50.0,11.8858,0
SN_006415,LOT_020,10.9442,12.5312,12.9493,13.0826,0,healthy,0.0,50.0,11.8858,0
SN_006416,LOT_020,13.3476,14.5265,14.6392,14.756,0,healthy,0.0,50.0,11.8858,0
SN_006417,LOT_020,11.8411,12.8666,13.3056,13.6577,0,healthy,0.0,50.0,11.8858,0
SN_006418,LOT_020,11.8861,13.3207,13.9537,14.1927,0,healthy,0.0,50.0,11.8858,0
SN_006419,LOT_020,11.4668,11.7852,18.0918,37.8835,1,tddb_dielectric,0.6044,50.0,11.8858,0
SN_006420,LOT_020,11.3367,12.0314,12.4216,12.3801,0,healthy,0.0,50.0,11.8858,0
SN_006421,LOT_020,12.3308,13.9899,14.299,14.4779,0,healthy,0.0,50.0,11.8858,0
SN_006422,LOT_020,9.6229,10.1874,10.6675,10.7866,0,healthy,0.0,50.0,11.8858,0
SN_006423,LOT_020,12.7856,13.6985,13.6648,13.9247,0,healthy,0.0,50.0,11.8858,0
SN_006424,LOT_020,12.8574,13.806,14.3432,14.6663,0,healthy,0.0,50.0,11.8858,0
SN_006425,LOT_020,12.9555,14.386,14.931,15.1161,0,healthy,0.0,50.0,11.8858,0
SN_006426,LOT_020,11.8673,13.3565,13.6283,13.8489,0,healthy,0.0,50.0,11.8858,0
SN_006427,LOT_020,11.5109,12.7794,13.2338,13.1773,0,healthy,0.0,50.0,11.8858,0
SN_006428,LOT_020,12.235,12.8956,13.0642,13.0113,0,healthy,0.0,50.0,11.8858,0
SN_006429,LOT_020,10.93,11.5629,11.7823,11.9049,0,healthy,0.0,50.0,11.8858,0
SN_006430,LOT_020,10.5374,11.2278,11.6145,11.8882,0,healthy,0.0,50.0,11.8858,0
SN_006431,LOT_020,12.1858,12.6623,12.8731,13.0043,0,healthy,0.0,50.0,11.8858,0
SN_006432,LOT_020,13.1835,14.1828,14.7646,14.8844,0,healthy,0.0,50.0,11.8858,0
SN_006433,LOT_020,11.0485,11.6725,11.6894,11.9367,0,healthy,0.0,50.0,11.8858,0
SN_006434,LOT_020,10.6693,11.7682,12.3804,12.3611,0,healthy,0.0,50.0,11.8858,0
SN_006435,LOT_020,15.1273,15.7664,15.5911,15.7529,0,healthy,0.0,50.0,11.8858,0
SN_006436,LOT_020,10.8999,12.0986,12.6112,12.728,0,healthy,0.0,50.0,11.8858,0
SN_006437,LOT_020,8.8531,10.0598,10.3898,10.5746,0,healthy,0.0,50.0,11.8858,0
SN_006438,LOT_020,13.4018,14.9945,15.6029,16.1995,0,healthy,0.0,50.0,11.8858,0
SN_006439,LOT_020,12.4474,13.3549,13.7396,13.928,0,healthy,0.0,50.0,11.8858,0
SN_006440,LOT_020,15.683,16.8138,16.9109,17.2799,0,healthy,0.0,50.0,11.8858,0
SN_006441,LOT_020,9.6381,10.4035,10.6437,10.7172,0,healthy,0.0,50.0,11.8858,0
SN_006442,LOT_020,13.4425,14.306,14.6693,14.7145,0,healthy,0.0,50.0,11.8858,0
SN_006443,LOT_020,11.9698,13.0478,13.5267,13.6803,0,healthy,0.0,50.0,11.8858,0
SN_006444,LOT_020,11.0746,12.1376,12.3482,13.0097,0,healthy,0.0,50.0,11.8858,0
SN_006445,LOT_020,13.247,14.451,15.0639,15.1659,0,healthy,0.0,50.0,11.8858,0
SN_006446,LOT_020,11.2998,12.5163,13.0744,13.4897,0,healthy,0.0,50.0,11.8858,0
SN_006447,LOT_020,11.4683,12.3405,13.0427,13.1691,0,healthy,0.0,50.0,11.8858,0
SN_006448,LOT_020,13.6956,14.6767,14.735,15.0718,0,healthy,0.0,50.0,11.8858,0
SN_006449,LOT_021,10.5763,11.0684,11.4579,11.5563,0,healthy,0.0,50.0,10.3968,0
SN_006450,LOT_021,10.2082,10.8022,11.1324,11.1667,0,healthy,0.0,50.0,10.3968,0
SN_006451,LOT_021,10.3813,11.2922,11.3579,11.5165,0,healthy,0.0,50.0,10.3968,0
SN_006452,LOT_021,10.6966,11.6622,12.0094,12.1609,0,healthy,0.0,50.0,10.3968,0
SN_006453,LOT_021,10.6081,11.4192,11.6924,11.6179,0,healthy,0.0,50.0,10.3968,0
SN_006454,LOT_021,10.7124,11.311,11.5799,11.8712,0,healthy,0.0,50.0,10.3968,0
SN_006455,LOT_021,9.5983,9.8961,10.2064,10.1574,0,healthy,0.0,50.0,10.3968,0
SN_006456,LOT_021,9.9481,11.1758,11.4901,11.7077,0,healthy,0.0,50.0,10.3968,0
SN_006457,LOT_021,10.45,11.3086,11.5373,11.8383,0,healthy,0.0,50.0,10.3968,0
SN_006458,LOT_021,9.4709,10.247,10.7873,10.7738,0,healthy,0.0,50.0,10.3968,0
SN_006459,LOT_021,36.2037,37.3331,41.4384,45.2628,1,subtle_in_spec,0.3929,50.0,10.3968,0
SN_006460,LOT_021,11.3266,12.0294,12.4977,12.2747,0,healthy,0.0,50.0,10.3968,0
SN_006461,LOT_021,10.3881,10.8865,11.1472,11.2993,0,healthy,0.0,50.0,10.3968,0
SN_006462,LOT_021,9.9418,11.0154,11.6188,11.8311,0,healthy,0.0,50.0,10.3968,0
SN_006463,LOT_021,10.6915,11.3128,11.3733,11.6048,0,healthy,0.0,50.0,10.3968,0
SN_006464,LOT_021,9.6251,9.9184,10.1665,10.2074,0,healthy,0.0,50.0,10.3968,0
SN_006465,LOT_021,10.3579,11.6221,12.2998,12.4,0,healthy,0.0,50.0,10.3968,0
SN_006466,LOT_021,10.3637,11.2272,11.9935,12.1988,0,healthy,0.0,50.0,10.3968,0
SN_006467,LOT_021,11.2624,12.3948,12.9027,13.1073,0,healthy,0.0,50.0,10.3968,0
SN_006468,LOT_021,9.8035,10.315,10.4096,10.6627,0,healthy,0.0,50.0,10.3968,0
SN_006469,LOT_021,9.8679,10.0997,10.3265,10.3677,0,healthy,0.0,50.0,10.3968,0
SN_006470,LOT_021,11.7761,13.1523,14.0067,14.1622,0,healthy,0.0,50.0,10.3968,0
SN_006471,LOT_021,10.2686,11.1848,11.558,11.6452,0,healthy,0.0,50.0,10.3968,0
SN_006472,LOT_021,11.2555,12.0185,12.2678,12.3395,0,healthy,0.0,50.0,10.3968,0
SN_006473,LOT_021,10.2247,11.3762,11.8067,11.9632,0,healthy,0.0,50.0,10.3968,0
SN_006474,LOT_021,10.4921,11.5565,11.9571,12.2585,0,healthy,0.0,50.0,10.3968,0
SN_006475,LOT_021,11.7628,12.5234,12.3839,12.7249,0,healthy,0.0,50.0,10.3968,0
SN_006476,LOT_021,10.508,11.2279,11.9258,11.9561,0,healthy,0.0,50.0,10.3968,0
SN_006477,LOT_021,9.8109,10.9296,11.4171,11.7052,0,healthy,0.0,50.0,10.3968,0
SN_006478,LOT_021,10.6023,11.2455,11.5827,11.4752,0,healthy,0.0,50.0,10.3968,0
SN_006479,LOT_021,11.6623,12.0651,12.5386,12.564,0,healthy,0.0,50.0,10.3968,0
SN_006480,LOT_021,10.1421,11.5702,12.2324,12.1281,0,healthy,0.0,50.0,10.3968,0
SN_006481,LOT_021,11.1146,11.9588,12.3878,12.52,0,healthy,0.0,50.0,10.3968,0
SN_006482,LOT_021,10.6602,11.5421,12.1653,12.4887,0,healthy,0.0,50.0,10.3968,0
SN_006483,LOT_021,9.9337,11.179,11.4367,11.5311,0,healthy,0.0,50.0,10.3968,0
SN_006484,LOT_021,9.7134,10.3765,10.6045,10.8401,0,healthy,0.0,50.0,10.3968,0
SN_006485,LOT_021,10.9702,11.7226,12.0712,12.2114,0,healthy,0.0,50.0,10.3968,0
SN_006486,LOT_021,10.3118,10.642,10.7223,11.1581,0,healthy,0.0,50.0,10.3968,0
SN_006487,LOT_021,10.7649,11.5592,11.8219,11.9893,0,healthy,0.0,50.0,10.3968,0
SN_006488,LOT_021,10.8772,12.0908,12.6572,12.7899,0,healthy,0.0,50.0,10.3968,0
SN_006489,LOT_021,11.2266,11.9006,12.1719,12.2161,0,healthy,0.0,50.0,10.3968,0
SN_006490,LOT_021,11.1661,12.4676,13.0677,13.1432,0,healthy,0.0,50.0,10.3968,0
SN_006491,LOT_021,9.8094,11.1741,11.4724,11.6673,0,healthy,0.0,50.0,10.3968,0
SN_006492,LOT_021,9.7463,10.2011,10.5353,10.7223,0,healthy,0.0,50.0,10.3968,0
SN_006493,LOT_021,9.2671,10.001,10.2049,10.4724,0,healthy,0.0,50.0,10.3968,0
SN_006494,LOT_021,9.9841,10.4077,10.457,10.444,0,healthy,0.0,50.0,10.3968,0
SN_006495,LOT_021,11.0171,11.2757,11.6575,11.7265,0,healthy,0.0,50.0,10.3968,0
SN_006496,LOT_021,9.6066,10.372,10.6976,10.7549,0,healthy,0.0,50.0,10.3968,0
SN_006497,LOT_021,9.586,10.3778,10.5666,10.5584,0,healthy,0.0,50.0,10.3968,0
SN_006498,LOT_021,10.6668,11.8796,12.0845,12.3107,0,healthy,0.0,50.0,10.3968,0
SN_006499,LOT_021,11.7857,12.8702,13.3314,13.5841,0,healthy,0.0,50.0,10.3968,0
SN_006500,LOT_021,11.4866,12.9066,13.5065,13.5829,0,healthy,0.0,50.0,10.3968,0
SN_006501,LOT_021,9.7586,10.5709,10.7894,10.8295,0,healthy,0.0,50.0,10.3968,0
SN_006502,LOT_021,11.42,12.1249,12.2354,12.397,0,healthy,0.0,50.0,10.3968,0
SN_006503,LOT_021,11.0497,12.3455,12.7638,12.8676,0,healthy,0.0,50.0,10.3968,0
SN_006504,LOT_021,10.3553,13.0668,21.3335,29.9213,1,electromigration,0.4323,50.0,10.3968,0
SN_006505,LOT_021,8.4988,9.6381,10.0709,10.1615,0,healthy,0.0,50.0,10.3968,0
SN_006506,LOT_021,10.0515,11.0177,11.3099,11.4799,0,healthy,0.0,50.0,10.3968,0
SN_006507,LOT_021,9.9086,10.3583,10.5713,10.5187,0,healthy,0.0,50.0,10.3968,0
SN_006508,LOT_021,11.1959,11.8827,12.145,12.3424,0,healthy,0.0,50.0,10.3968,0
SN_006509,LOT_021,9.1793,10.2817,10.6679,10.8746,0,healthy,0.0,50.0,10.3968,0
SN_006510,LOT_021,10.7465,11.3438,11.4818,11.794,0,healthy,0.0,50.0,10.3968,0
SN_006511,LOT_021,9.9936,11.1971,11.5869,11.8436,0,healthy,0.0,50.0,10.3968,0
SN_006512,LOT_021,10.3787,11.4929,12.0057,11.9733,0,healthy,0.0,50.0,10.3968,0
SN_006513,LOT_021,10.2712,11.2695,11.3859,11.5432,0,healthy,0.0,50.0,10.3968,0
SN_006514,LOT_021,11.6146,12.257,12.5239,12.6577,0,healthy,0.0,50.0,10.3968,0
SN_006515,LOT_021,11.6219,12.1654,12.3093,12.3622,0,healthy,0.0,50.0,10.3968,0
SN_006516,LOT_021,10.3652,11.2289,11.484,11.6454,0,healthy,0.0,50.0,10.3968,0
SN_006517,LOT_021,10.8145,11.2277,11.3398,11.417,0,healthy,0.0,50.0,10.3968,0
SN_006518,LOT_021,11.2992,11.9349,12.3195,12.3786,0,healthy,0.0,50.0,10.3968,0
SN_006519,LOT_021,10.0758,11.1359,11.5063,11.5153,0,healthy,0.0,50.0,10.3968,0
SN_006520,LOT_021,9.0187,9.6356,9.7559,9.8505,0,healthy,0.0,50.0,10.3968,0
SN_006521,LOT_021,10.211,11.4933,11.977,12.1937,0,healthy,0.0,50.0,10.3968,0
SN_006522,LOT_021,11.6575,12.1422,12.2721,12.2337,0,healthy,0.0,50.0,10.3968,0
SN_006523,LOT_021,10.9624,11.8602,12.077,12.0676,0,healthy,0.0,50.0,10.3968,0
SN_006524,LOT_021,11.04,11.6713,11.9985,12.0326,0,healthy,0.0,50.0,10.3968,0
SN_006525,LOT_021,11.1468,12.2958,12.5664,12.5702,0,healthy,0.0,50.0,10.3968,0
SN_006526,LOT_021,10.5379,11.5755,12.1276,12.5111,0,healthy,0.0,50.0,10.3968,0
SN_006527,LOT_021,11.2092,12.5527,12.9886,13.15,0,healthy,0.0,50.0,10.3968,0
SN_006528,LOT_021,12.312,13.6564,14.2801,14.6817,0,healthy,0.0,50.0,10.3968,0
SN_006529,LOT_021,10.2725,10.9478,11.2611,11.3143,0,healthy,0.0,50.0,10.3968,0
SN_006530,LOT_021,9.9488,11.0963,11.6747,11.7997,0,healthy,0.0,50.0,10.3968,0
SN_006531,LOT_021,8.8803,9.4288,9.5461,9.6528,0,healthy,0.0,50.0,10.3968,0
SN_006532,LOT_021,10.9972,11.997,12.2284,12.3646,0,healthy,0.0,50.0,10.3968,0
SN_006533,LOT_021,10.3203,10.7438,10.9472,10.9653,0,healthy,0.0,50.0,10.3968,0
SN_006534,LOT_021,11.6058,12.9691,13.368,13.3746,0,healthy,0.0,50.0,10.3968,0
SN_006535,LOT_021,11.5865,12.4089,12.5732,12.7752,0,healthy,0.0,50.0,10.3968,0
SN_006536,LOT_021,9.4912,10.2675,10.64,10.8642,0,healthy,0.0,50.0,10.3968,0
SN_006537,LOT_021,10.969,12.0407,12.6219,12.6097,0,healthy,0.0,50.0,10.3968,0
SN_006538,LOT_021,10.822,12.2646,12.9003,13.1721,0,healthy,0.0,50.0,10.3968,0
SN_006539,LOT_021,10.8109,11.2876,11.5013,11.6598,0,healthy,0.0,50.0,10.3968,0
SN_006540,LOT_021,9.4698,9.9634,10.1586,10.1723,0,healthy,0.0,50.0,10.3968,0
SN_006541,LOT_021,9.6202,10.1763,10.4563,10.5175,0,healthy,0.0,50.0,10.3968,0
SN_006542,LOT_021,10.2342,10.9802,11.0335,11.2486,0,healthy,0.0,50.0,10.3968,0
SN_006543,LOT_021,10.426,10.9339,11.4132,11.5861,0,healthy,0.0,50.0,10.3968,0
SN_006544,LOT_021,9.701,10.2396,10.6589,10.9156,0,healthy,0.0,50.0,10.3968,0
SN_006545,LOT_021,9.9733,10.7749,11.0248,11.0698,0,healthy,0.0,50.0,10.3968,0
SN_006546,LOT_021,11.6509,12.8121,13.1872,13.2846,0,healthy,0.0,50.0,10.3968,0
SN_006547,LOT_021,10.4136,11.0765,11.1287,11.2139,0,healthy,0.0,50.0,10.3968,0
SN_006548,LOT_021,9.9905,10.8861,11.4789,11.7626,0,healthy,0.0,50.0,10.3968,0
SN_006549,LOT_021,10.3042,10.9854,11.5426,11.5754,0,healthy,0.0,50.0,10.3968,0
SN_006550,LOT_021,9.6572,10.7994,11.1911,11.2672,0,healthy,0.0,50.0,10.3968,0
SN_006551,LOT_021,9.0903,9.9575,10.4072,10.6692,0,healthy,0.0,50.0,10.3968,0
SN_006552,LOT_021,10.0127,10.4071,10.4768,10.6848,0,healthy,0.0,50.0,10.3968,0
SN_006553,LOT_021,10.9195,11.9274,12.3563,12.642,0,healthy,0.0,50.0,10.3968,0
SN_006554,LOT_021,11.7935,12.8629,13.44,13.6001,0,healthy,0.0,50.0,10.3968,0
SN_006555,LOT_021,11.7073,12.9196,13.5042,13.8076,0,healthy,0.0,50.0,10.3968,0
SN_006556,LOT_021,9.9315,11.0959,11.4084,11.5636,0,healthy,0.0,50.0,10.3968,0
SN_006557,LOT_021,8.8725,9.5282,9.7704,9.8572,0,healthy,0.0,50.0,10.3968,0
SN_006558,LOT_021,9.4133,10.2538,10.6342,10.7169,0,healthy,0.0,50.0,10.3968,0
SN_006559,LOT_021,11.0341,11.7558,12.0802,12.0484,0,healthy,0.0,50.0,10.3968,0
SN_006560,LOT_021,9.8828,10.5027,11.0295,11.3237,0,healthy,0.0,50.0,10.3968,0
SN_006561,LOT_021,11.1105,12.3999,12.6701,12.8825,0,healthy,0.0,50.0,10.3968,0
SN_006562,LOT_021,10.7222,11.3274,11.5686,11.6646,0,healthy,0.0,50.0,10.3968,0
SN_006563,LOT_021,9.5279,9.8659,10.1712,10.3681,0,healthy,0.0,50.0,10.3968,0
SN_006564,LOT_021,10.6213,11.077,11.3079,11.3764,0,healthy,0.0,50.0,10.3968,0
SN_006565,LOT_021,9.0589,10.0093,10.2454,10.7058,0,healthy,0.0,50.0,10.3968,0
SN_006566,LOT_021,10.4401,11.4645,12.0366,12.13,0,healthy,0.0,50.0,10.3968,0
SN_006567,LOT_021,11.2969,12.1822,12.2778,12.4163,0,healthy,0.0,50.0,10.3968,0
SN_006568,LOT_021,10.3312,11.4777,11.9486,12.094,0,healthy,0.0,50.0,10.3968,0
SN_006569,LOT_021,11.7481,12.4079,12.9518,13.1867,0,healthy,0.0,50.0,10.3968,0
SN_006570,LOT_021,31.2807,32.5349,35.6635,38.7838,1,esd_oxide,0.2543,50.0,10.3968,0
SN_006571,LOT_021,10.4899,11.4307,11.7648,11.9674,0,healthy,0.0,50.0,10.3968,0
SN_006572,LOT_021,10.3872,11.4899,11.9645,12.2024,0,healthy,0.0,50.0,10.3968,0
SN_006573,LOT_021,10.9315,12.0859,12.2889,12.596,0,healthy,0.0,50.0,10.3968,0
SN_006574,LOT_021,9.6453,10.7111,10.7847,10.9686,0,healthy,0.0,50.0,10.3968,0
SN_006575,LOT_021,8.5101,9.0611,8.9294,8.9947,0,healthy,0.0,50.0,10.3968,0
SN_006576,LOT_021,9.9733,10.6971,10.8125,10.8768,0,healthy,0.0,50.0,10.3968,0
SN_006577,LOT_021,9.9832,10.865,11.1164,11.2505,0,healthy,0.0,50.0,10.3968,0
SN_006578,LOT_021,11.1669,12.1489,12.5075,12.5439,0,healthy,0.0,50.0,10.3968,0
SN_006579,LOT_021,7.575,8.0426,8.3303,8.4535,0,healthy,0.0,50.0,10.3968,0
SN_006580,LOT_021,11.6745,11.9403,12.2626,12.3648,0,healthy,0.0,50.0,10.3968,0
SN_006581,LOT_021,10.5225,11.3151,11.5089,11.7427,0,healthy,0.0,50.0,10.3968,0
SN_006582,LOT_021,9.3682,9.8607,10.1598,10.2849,0,healthy,0.0,50.0,10.3968,0
SN_006583,LOT_021,10.6502,11.7258,11.9318,11.9241,0,healthy,0.0,50.0,10.3968,0
SN_006584,LOT_021,9.5679,10.0332,9.9977,10.161,0,healthy,0.0,50.0,10.3968,0
SN_006585,LOT_021,9.4884,10.478,10.6564,10.9966,0,healthy,0.0,50.0,10.3968,0
SN_006586,LOT_021,10.3272,11.6115,12.0657,12.3505,0,healthy,0.0,50.0,10.3968,0
SN_006587,LOT_021,10.4569,11.7532,12.2105,12.3767,0,healthy,0.0,50.0,10.3968,0
SN_006588,LOT_021,10.7545,11.5583,12.0383,12.1603,0,healthy,0.0,50.0,10.3968,0
SN_006589,LOT_021,11.3291,12.7389,13.2325,13.4465,0,healthy,0.0,50.0,10.3968,0
SN_006590,LOT_021,10.6385,11.5211,11.7262,11.9034,0,healthy,0.0,50.0,10.3968,0
SN_006591,LOT_021,10.595,11.8578,12.4265,12.7688,0,healthy,0.0,50.0,10.3968,0
SN_006592,LOT_021,8.9385,9.9924,10.2634,10.1733,0,healthy,0.0,50.0,10.3968,0
SN_006593,LOT_021,11.3298,12.8193,13.0415,13.4211,0,healthy,0.0,50.0,10.3968,0
SN_006594,LOT_021,9.2532,10.2044,10.7694,11.0471,0,healthy,0.0,50.0,10.3968,0
SN_006595,LOT_021,9.1511,9.6049,9.8889,9.936,0,healthy,0.0,50.0,10.3968,0
SN_006596,LOT_021,11.7172,12.3474,12.1466,12.4,0,healthy,0.0,50.0,10.3968,0
SN_006597,LOT_021,10.5385,10.9549,11.0322,11.3544,0,healthy,0.0,50.0,10.3968,0
SN_006598,LOT_021,10.0734,10.5498,10.6577,10.8814,0,healthy,0.0,50.0,10.3968,0
SN_006599,LOT_021,9.7393,10.6304,10.7046,11.0247,0,healthy,0.0,50.0,10.3968,0
SN_006600,LOT_021,11.1472,11.7067,11.8553,11.7719,0,healthy,0.0,50.0,10.3968,0
SN_006601,LOT_021,9.8216,10.2018,10.4944,10.3272,0,healthy,0.0,50.0,10.3968,0
SN_006602,LOT_021,11.5761,11.9586,12.266,12.2606,0,healthy,0.0,50.0,10.3968,0
SN_006603,LOT_021,11.0304,11.6853,11.9635,12.1962,0,healthy,0.0,50.0,10.3968,0
SN_006604,LOT_021,10.3512,10.8641,10.9948,11.0032,0,healthy,0.0,50.0,10.3968,0
SN_006605,LOT_021,8.9084,10.1098,10.4228,10.7204,0,healthy,0.0,50.0,10.3968,0
SN_006606,LOT_021,10.6137,11.5683,11.7849,11.5832,0,healthy,0.0,50.0,10.3968,0
SN_006607,LOT_021,11.0592,11.5916,12.0411,12.2735,0,healthy,0.0,50.0,10.3968,0
SN_006608,LOT_021,9.4888,9.9838,10.1513,10.468,0,healthy,0.0,50.0,10.3968,0
SN_006609,LOT_021,11.1353,12.5436,12.8484,13.2636,0,healthy,0.0,50.0,10.3968,0
SN_006610,LOT_021,10.0682,11.1518,11.3487,11.5209,0,healthy,0.0,50.0,10.3968,0
SN_006611,LOT_021,9.9815,10.4159,10.8523,10.6908,0,healthy,0.0,50.0,10.3968,0
SN_006612,LOT_021,10.5867,12.0711,12.5401,12.6602,0,healthy,0.0,50.0,10.3968,0
SN_006613,LOT_021,10.9203,11.5444,11.8347,11.8989,0,healthy,0.0,50.0,10.3968,0
SN_006614,LOT_021,10.548,11.6707,12.1811,12.3724,0,healthy,0.0,50.0,10.3968,0
SN_006615,LOT_021,10.0033,11.0395,11.2683,11.5123,0,healthy,0.0,50.0,10.3968,0
SN_006616,LOT_021,10.5258,11.0438,11.2692,11.5722,0,healthy,0.0,50.0,10.3968,0
SN_006617,LOT_021,11.0303,12.0511,12.2941,12.6491,0,healthy,0.0,50.0,10.3968,0
SN_006618,LOT_021,9.4362,9.8378,10.1679,9.9257,0,healthy,0.0,50.0,10.3968,0
SN_006619,LOT_021,9.3417,9.8756,10.1644,10.2601,0,healthy,0.0,50.0,10.3968,0
SN_006620,LOT_021,8.7714,9.454,9.5141,9.5959,0,healthy,0.0,50.0,10.3968,0
SN_006621,LOT_021,11.1284,12.3371,12.89,13.1533,0,healthy,0.0,50.0,10.3968,0
SN_006622,LOT_021,10.2658,10.7383,11.0081,10.9949,0,healthy,0.0,50.0,10.3968,0
SN_006623,LOT_021,10.7197,11.8932,12.3343,12.4911,0,healthy,0.0,50.0,10.3968,0
SN_006624,LOT_021,12.1267,13.2096,13.6846,13.7513,0,healthy,0.0,50.0,10.3968,0
SN_006625,LOT_021,10.3385,11.1028,11.2825,11.6878,0,healthy,0.0,50.0,10.3968,0
SN_006626,LOT_021,11.3157,12.6132,12.9851,13.1805,0,healthy,0.0,50.0,10.3968,0
SN_006627,LOT_021,9.315,10.4333,10.6226,10.7058,0,healthy,0.0,50.0,10.3968,0
SN_006628,LOT_021,9.8107,10.1301,10.2682,10.2389,0,healthy,0.0,50.0,10.3968,0
SN_006629,LOT_021,11.5732,12.1257,12.3307,12.4164,0,healthy,0.0,50.0,10.3968,0
SN_006630,LOT_021,10.2141,10.5012,10.7096,10.7759,0,healthy,0.0,50.0,10.3968,0
SN_006631,LOT_021,8.2222,8.7626,8.9211,8.9848,0,healthy,0.0,50.0,10.3968,0
SN_006632,LOT_021,29.5245,30.0299,31.9244,33.8972,1,subtle_in_spec,0.1359,50.0,10.3968,0
SN_006633,LOT_021,11.6962,12.5302,12.8566,13.0575,0,healthy,0.0,50.0,10.3968,0
SN_006634,LOT_021,9.7208,10.7176,11.0584,11.2684,0,healthy,0.0,50.0,10.3968,0
SN_006635,LOT_021,10.0379,10.8897,11.0515,11.1803,0,healthy,0.0,50.0,10.3968,0
SN_006636,LOT_021,9.652,10.2454,10.3007,10.425,0,healthy,0.0,50.0,10.3968,0
SN_006637,LOT_021,10.6,11.8336,12.4062,12.5938,0,healthy,0.0,50.0,10.3968,0
SN_006638,LOT_021,11.1973,12.2083,12.5196,12.7264,0,healthy,0.0,50.0,10.3968,0
SN_006639,LOT_021,10.7261,11.4043,11.6791,11.7986,0,healthy,0.0,50.0,10.3968,0
SN_006640,LOT_021,9.951,11.3129,11.6566,11.944,0,healthy,0.0,50.0,10.3968,0
SN_006641,LOT_021,11.5349,12.4316,12.5545,12.725,0,healthy,0.0,50.0,10.3968,0
SN_006642,LOT_021,15.4648,17.0952,17.353,17.723,0,healthy,0.0,50.0,10.3968,0
SN_006643,LOT_021,9.8504,10.5069,10.7986,10.9181,0,healthy,0.0,50.0,10.3968,0
SN_006644,LOT_021,10.2086,11.0218,11.1729,11.2181,0,healthy,0.0,50.0,10.3968,0
SN_006645,LOT_021,10.5223,11.6675,12.2411,12.6337,0,healthy,0.0,50.0,10.3968,0
SN_006646,LOT_021,9.3228,9.9451,10.2352,10.3644,0,healthy,0.0,50.0,10.3968,0
SN_006647,LOT_021,11.1467,12.5904,12.8601,13.233,0,healthy,0.0,50.0,10.3968,0
SN_006648,LOT_021,10.7209,11.9531,12.2382,12.5774,0,healthy,0.0,50.0,10.3968,0
SN_006649,LOT_021,11.1365,12.778,13.2442,13.4198,0,healthy,0.0,50.0,10.3968,0
SN_006650,LOT_021,12.6725,13.9582,14.3323,14.528,0,healthy,0.0,50.0,10.3968,0
SN_006651,LOT_021,10.1462,10.726,11.0987,11.1263,0,healthy,0.0,50.0,10.3968,0
SN_006652,LOT_021,10.7488,11.8716,12.5657,12.6063,0,healthy,0.0,50.0,10.3968,0
SN_006653,LOT_021,10.3167,11.4028,11.9523,12.2404,0,healthy,0.0,50.0,10.3968,0
SN_006654,LOT_021,10.0996,10.9998,11.5789,11.6197,0,healthy,0.0,50.0,10.3968,0
SN_006655,LOT_021,11.8434,13.1197,13.7867,14.0949,0,healthy,0.0,50.0,10.3968,0
SN_006656,LOT_021,10.7977,12.1065,12.5059,12.9112,0,healthy,0.0,50.0,10.3968,0
SN_006657,LOT_021,9.3228,10.1023,10.4206,10.5691,0,healthy,0.0,50.0,10.3968,0
SN_006658,LOT_021,10.3086,10.9148,11.461,11.362,0,healthy,0.0,50.0,10.3968,0
SN_006659,LOT_021,9.2844,9.8559,10.208,10.4135,0,healthy,0.0,50.0,10.3968,0
SN_006660,LOT_021,10.4743,11.4833,11.9104,12.1196,0,healthy,0.0,50.0,10.3968,0
SN_006661,LOT_021,9.47,10.1059,10.2523,10.422,0,healthy,0.0,50.0,10.3968,0
SN_006662,LOT_021,9.2141,9.8292,10.2136,10.2564,0,healthy,0.0,50.0,10.3968,0
SN_006663,LOT_021,10.4015,11.5709,11.8265,12.0035,0,healthy,0.0,50.0,10.3968,0
SN_006664,LOT_021,9.8654,10.3053,10.5242,10.5245,0,healthy,0.0,50.0,10.3968,0
SN_006665,LOT_021,9.8079,10.9081,11.2618,11.4717,0,healthy,0.0,50.0,10.3968,0
SN_006666,LOT_021,11.2736,11.8377,12.0938,12.3788,0,healthy,0.0,50.0,10.3968,0
SN_006667,LOT_021,11.1953,11.6488,11.728,12.0081,0,healthy,0.0,50.0,10.3968,0
SN_006668,LOT_021,9.9847,10.3194,10.6596,10.7952,0,healthy,0.0,50.0,10.3968,0
SN_006669,LOT_021,9.8198,10.6489,10.7894,10.9117,0,healthy,0.0,50.0,10.3968,0
SN_006670,LOT_021,10.0514,11.2025,11.7113,11.9247,0,healthy,0.0,50.0,10.3968,0
SN_006671,LOT_021,10.058,10.7434,11.0808,11.212,0,healthy,0.0,50.0,10.3968,0
SN_006672,LOT_021,9.6883,10.608,10.7509,11.0808,0,healthy,0.0,50.0,10.3968,0
SN_006673,LOT_021,10.9583,11.4056,11.6625,11.6069,0,healthy,0.0,50.0,10.3968,0
SN_006674,LOT_021,10.6353,11.523,11.7194,12.0664,0,healthy,0.0,50.0,10.3968,0
SN_006675,LOT_021,9.0489,9.9041,10.4494,10.7658,0,healthy,0.0,50.0,10.3968,0
SN_006676,LOT_021,11.0823,12.0706,12.5408,12.736,0,healthy,0.0,50.0,10.3968,0
SN_006677,LOT_021,10.2883,11.2082,11.2306,11.5075,0,healthy,0.0,50.0,10.3968,0
SN_006678,LOT_021,10.317,11.4506,11.85,12.2454,0,healthy,0.0,50.0,10.3968,0
SN_006679,LOT_021,8.8787,9.548,9.709,9.9033,0,healthy,0.0,50.0,10.3968,0
SN_006680,LOT_021,10.658,10.8563,11.026,11.4361,0,healthy,0.0,50.0,10.3968,0
SN_006681,LOT_021,10.1545,11.2022,11.5534,11.7747,0,healthy,0.0,50.0,10.3968,0
SN_006682,LOT_021,11.7953,12.9042,13.3315,13.5777,0,healthy,0.0,50.0,10.3968,0
SN_006683,LOT_021,9.404,10.4511,10.8257,10.945,0,healthy,0.0,50.0,10.3968,0
SN_006684,LOT_021,9.6385,10.1919,10.5235,10.6297,0,healthy,0.0,50.0,10.3968,0
SN_006685,LOT_021,11.9311,13.0787,13.8955,13.893,0,healthy,0.0,50.0,10.3968,0
SN_006686,LOT_021,10.3348,11.5739,11.9627,12.3176,0,healthy,0.0,50.0,10.3968,0
SN_006687,LOT_021,10.6817,11.3733,11.7926,11.9463,0,healthy,0.0,50.0,10.3968,0
SN_006688,LOT_022,8.1586,9.0804,9.3753,9.464,0,healthy,0.0,50.0,8.8594,0
SN_006689,LOT_022,8.2822,9.2252,9.6454,9.6131,0,healthy,0.0,50.0,8.8594,0
SN_006690,LOT_022,9.6883,10.5597,10.8308,11.0777,0,healthy,0.0,50.0,8.8594,0
SN_006691,LOT_022,10.2225,11.0764,11.3505,11.585,0,healthy,0.0,50.0,8.8594,0
SN_006692,LOT_022,9.6441,10.6434,11.1612,11.3415,0,healthy,0.0,50.0,8.8594,0
SN_006693,LOT_022,10.7442,11.3139,11.6361,11.7393,0,healthy,0.0,50.0,8.8594,0
SN_006694,LOT_022,9.3772,10.6887,11.0724,11.186,0,healthy,0.0,50.0,8.8594,0
SN_006695,LOT_022,8.1952,9.0195,9.3505,9.3985,0,healthy,0.0,50.0,8.8594,0
SN_006696,LOT_022,7.9135,8.8943,9.1073,9.4198,0,healthy,0.0,50.0,8.8594,0
SN_006697,LOT_022,7.6218,8.1704,8.4358,8.6174,0,healthy,0.0,50.0,8.8594,0
SN_006698,LOT_022,6.9568,7.2482,7.3495,7.3336,0,healthy,0.0,50.0,8.8594,0
SN_006699,LOT_022,8.9175,9.3648,9.4653,9.5067,0,healthy,0.0,50.0,8.8594,0
SN_006700,LOT_022,9.2397,9.5567,9.7176,9.8104,0,healthy,0.0,50.0,8.8594,0
SN_006701,LOT_022,8.4796,9.7228,9.9366,10.0421,0,healthy,0.0,50.0,8.8594,0
SN_006702,LOT_022,6.6439,6.8988,7.1424,7.1728,0,healthy,0.0,50.0,8.8594,0
SN_006703,LOT_022,11.5787,12.3188,12.7452,13.079,0,healthy,0.0,50.0,8.8594,0
SN_006704,LOT_022,9.1723,9.9354,10.1055,10.2548,0,healthy,0.0,50.0,8.8594,0
SN_006705,LOT_022,8.0817,8.6119,8.8391,8.9261,0,healthy,0.0,50.0,8.8594,0
SN_006706,LOT_022,7.3163,7.4773,7.6285,7.8056,0,healthy,0.0,50.0,8.8594,0
SN_006707,LOT_022,7.8415,8.6721,8.9765,9.2021,0,healthy,0.0,50.0,8.8594,0
SN_006708,LOT_022,7.7896,8.2453,8.3353,8.3969,0,healthy,0.0,50.0,8.8594,0
SN_006709,LOT_022,10.3115,10.9783,11.1043,11.2621,0,healthy,0.0,50.0,8.8594,0
SN_006710,LOT_022,7.8214,8.6264,8.7473,8.9558,0,healthy,0.0,50.0,8.8594,0
SN_006711,LOT_022,9.0137,9.7314,10.0427,10.0415,0,healthy,0.0,50.0,8.8594,0
SN_006712,LOT_022,8.2122,9.3459,9.3157,9.4674,0,healthy,0.0,50.0,8.8594,0
SN_006713,LOT_022,10.4466,11.855,12.2256,12.4003,0,healthy,0.0,50.0,8.8594,0
SN_006714,LOT_022,6.5122,6.8952,6.9943,7.0769,0,healthy,0.0,50.0,8.8594,0
SN_006715,LOT_022,9.58,10.5542,10.7309,10.5532,0,healthy,0.0,50.0,8.8594,0
SN_006716,LOT_022,11.1041,11.8119,11.9042,12.0993,0,healthy,0.0,50.0,8.8594,0
SN_006717,LOT_022,10.3143,10.7329,10.9031,10.8673,0,healthy,0.0,50.0,8.8594,0
SN_006718,LOT_022,9.6033,10.3184,10.6238,10.891,0,healthy,0.0,50.0,8.8594,0
SN_006719,LOT_022,9.1535,9.6698,9.7048,9.7689,0,healthy,0.0,50.0,8.8594,0
SN_006720,LOT_022,7.6511,8.3989,8.5076,8.5904,0,healthy,0.0,50.0,8.8594,0
SN_006721,LOT_022,9.2819,10.313,10.3252,10.6219,0,healthy,0.0,50.0,8.8594,0
SN_006722,LOT_022,7.8945,8.3092,8.5747,8.5599,0,healthy,0.0,50.0,8.8594,0
SN_006723,LOT_022,11.8969,12.9439,13.4783,13.5221,0,healthy,0.0,50.0,8.8594,0
SN_006724,LOT_022,8.4051,9.375,9.7856,10.0714,0,healthy,0.0,50.0,8.8594,0
SN_006725,LOT_022,11.4619,12.0305,12.2577,12.3114,0,healthy,0.0,50.0,8.8594,0
SN_006726,LOT_022,8.5668,9.4122,9.8726,10.1403,0,healthy,0.0,50.0,8.8594,0
SN_006727,LOT_022,10.2216,10.8436,11.0187,11.3756,0,healthy,0.0,50.0,8.8594,0
SN_006728,LOT_022,10.1879,11.1043,11.4504,11.6371,0,healthy,0.0,50.0,8.8594,0
SN_006729,LOT_022,10.0466,10.6257,10.9057,10.8872,0,healthy,0.0,50.0,8.8594,0
SN_006730,LOT_022,7.7996,8.2453,8.4319,8.4251,0,healthy,0.0,50.0,8.8594,0
SN_006731,LOT_022,7.9116,8.6531,9.0255,9.1632,0,healthy,0.0,50.0,8.8594,0
SN_006732,LOT_022,8.6592,9.1129,9.1614,9.2533,0,healthy,0.0,50.0,8.8594,0
SN_006733,LOT_022,9.4629,9.8495,9.9,10.0187,0,healthy,0.0,50.0,8.8594,0
SN_006734,LOT_022,9.1759,10.1271,10.3697,10.5453,0,healthy,0.0,50.0,8.8594,0
SN_006735,LOT_022,7.4985,8.1663,8.2216,8.3153,0,healthy,0.0,50.0,8.8594,0
SN_006736,LOT_022,8.5834,9.2573,9.5927,9.9265,0,healthy,0.0,50.0,8.8594,0
SN_006737,LOT_022,9.4101,10.6395,10.9539,11.196,0,healthy,0.0,50.0,8.8594,0
SN_006738,LOT_022,6.9904,7.4661,7.6353,7.7905,0,healthy,0.0,50.0,8.8594,0
SN_006739,LOT_022,9.8291,10.915,11.3225,11.4388,0,healthy,0.0,50.0,8.8594,0
SN_006740,LOT_022,8.745,9.8051,10.1343,10.2985,0,healthy,0.0,50.0,8.8594,0
SN_006741,LOT_022,9.9049,10.7504,10.9667,11.1178,0,healthy,0.0,50.0,8.8594,0
SN_006742,LOT_022,9.3963,10.6368,10.9973,11.2608,0,healthy,0.0,50.0,8.8594,0
SN_006743,LOT_022,9.2564,10.1262,10.356,10.5088,0,healthy,0.0,50.0,8.8594,0
SN_006744,LOT_022,8.868,11.8694,13.325,14.162,1,nbti_ageing,0.2646,50.0,8.8594,0
SN_006745,LOT_022,10.4064,10.7853,11.0002,11.2116,0,healthy,0.0,50.0,8.8594,0
SN_006746,LOT_022,8.7002,9.8863,10.0387,10.2866,0,healthy,0.0,50.0,8.8594,0
SN_006747,LOT_022,10.7809,11.6189,11.837,11.907,0,healthy,0.0,50.0,8.8594,0
SN_006748,LOT_022,7.2888,7.5704,7.6614,7.7313,0,healthy,0.0,50.0,8.8594,0
SN_006749,LOT_022,8.8051,9.0288,9.1877,9.3307,0,healthy,0.0,50.0,8.8594,0
SN_006750,LOT_022,8.5413,9.1884,9.6146,9.6781,0,healthy,0.0,50.0,8.8594,0
SN_006751,LOT_022,8.4791,8.8826,8.901,8.8022,0,healthy,0.0,50.0,8.8594,0
SN_006752,LOT_022,8.4477,9.3318,9.5071,9.636,0,healthy,0.0,50.0,8.8594,0
SN_006753,LOT_022,8.1131,8.4969,8.7099,8.8225,0,healthy,0.0,50.0,8.8594,0
SN_006754,LOT_022,8.035,8.4067,8.6325,8.6946,0,healthy,0.0,50.0,8.8594,0
SN_006755,LOT_022,6.6405,7.4754,7.8209,7.9047,0,healthy,0.0,50.0,8.8594,0
SN_006756,LOT_022,10.7194,12.0461,12.5273,12.729,0,healthy,0.0,50.0,8.8594,0
SN_006757,LOT_022,12.2725,12.8824,13.0895,13.1473,0,healthy,0.0,50.0,8.8594,0
SN_006758,LOT_022,8.3738,9.3162,9.6072,9.8769,0,healthy,0.0,50.0,8.8594,0
SN_006759,LOT_022,8.0884,8.8209,9.2155,9.148,0,healthy,0.0,50.0,8.8594,0
SN_006760,LOT_022,8.3967,9.133,9.3257,9.3195,0,healthy,0.0,50.0,8.8594,0
SN_006761,LOT_022,9.3786,9.7242,9.875,9.8978,0,healthy,0.0,50.0,8.8594,0
SN_006762,LOT_022,11.4826,12.0641,12.0944,12.1301,0,healthy,0.0,50.0,8.8594,0
SN_006763,LOT_022,9.8834,11.0899,11.3141,11.5211,0,healthy,0.0,50.0,8.8594,0
SN_006764,LOT_022,7.9393,8.3448,8.4852,8.5935,0,healthy,0.0,50.0,8.8594,0
SN_006765,LOT_022,9.4356,10.0552,10.3381,10.6284,0,healthy,0.0,50.0,8.8594,0
SN_006766,LOT_022,11.8967,13.5429,13.8855,14.1999,0,healthy,0.0,50.0,8.8594,0
SN_006767,LOT_022,8.7839,9.3784,9.4696,9.775,0,healthy,0.0,50.0,8.8594,0
SN_006768,LOT_022,8.752,9.2969,9.4899,9.6299,0,healthy,0.0,50.0,8.8594,0
SN_006769,LOT_022,7.6938,8.5863,8.8629,9.0854,0,healthy,0.0,50.0,8.8594,0
SN_006770,LOT_022,7.675,7.9495,8.1263,8.1181,0,healthy,0.0,50.0,8.8594,0
SN_006771,LOT_022,9.6783,10.256,10.2195,10.3236,0,healthy,0.0,50.0,8.8594,0
SN_006772,LOT_022,9.3229,9.8187,9.9788,10.1287,0,healthy,0.0,50.0,8.8594,0
SN_006773,LOT_022,7.1691,7.5721,7.7912,7.7242,0,healthy,0.0,50.0,8.8594,0
SN_006774,LOT_022,10.0744,10.6932,11.0228,11.2189,0,healthy,0.0,50.0,8.8594,0
SN_006775,LOT_022,9.7839,10.4039,10.6753,10.7965,0,healthy,0.0,50.0,8.8594,0
SN_006776,LOT_022,8.0401,8.7794,9.0024,9.0194,0,healthy,0.0,50.0,8.8594,0
SN_006777,LOT_022,8.3703,9.3375,9.913,9.8939,0,healthy,0.0,50.0,8.8594,0
SN_006778,LOT_022,9.7818,11.1326,11.4404,11.6544,0,healthy,0.0,50.0,8.8594,0
SN_006779,LOT_022,7.7309,8.7266,8.9285,9.1068,0,healthy,0.0,50.0,8.8594,0
SN_006780,LOT_022,9.3989,10.2555,10.3908,10.3866,0,healthy,0.0,50.0,8.8594,0
SN_006781,LOT_022,9.7664,10.578,10.9048,11.0554,0,healthy,0.0,50.0,8.8594,0
SN_006782,LOT_022,7.8979,8.516,8.7631,8.9085,0,healthy,0.0,50.0,8.8594,0
SN_006783,LOT_022,7.5654,7.9922,8.1313,8.111,0,healthy,0.0,50.0,8.8594,0
SN_006784,LOT_022,7.0063,7.903,8.3067,8.3559,0,healthy,0.0,50.0,8.8594,0
SN_006785,LOT_022,10.6005,11.5578,11.9143,11.9533,0,healthy,0.0,50.0,8.8594,0
SN_006786,LOT_022,11.2919,12.472,12.993,13.3762,0,healthy,0.0,50.0,8.8594,0
SN_006787,LOT_022,8.1611,8.5432,8.5855,8.7128,0,healthy,0.0,50.0,8.8594,0
SN_006788,LOT_022,8.9408,9.5018,9.5108,9.7622,0,healthy,0.0,50.0,8.8594,0
SN_006789,LOT_022,8.5559,9.3586,9.776,10.1017,0,healthy,0.0,50.0,8.8594,0
SN_006790,LOT_022,8.854,9.2054,9.4136,9.3131,0,healthy,0.0,50.0,8.8594,0
SN_006791,LOT_022,7.5214,8.2675,8.3344,8.4748,0,healthy,0.0,50.0,8.8594,0
SN_006792,LOT_022,10.8159,11.5673,11.9068,11.9335,0,healthy,0.0,50.0,8.8594,0
SN_006793,LOT_022,8.969,9.7602,9.9983,10.1754,0,healthy,0.0,50.0,8.8594,0
SN_006794,LOT_022,8.6935,9.1643,9.2516,9.4189,0,healthy,0.0,50.0,8.8594,0
SN_006795,LOT_022,6.8165,7.3872,7.6794,7.8322,0,healthy,0.0,50.0,8.8594,0
SN_006796,LOT_022,10.378,10.8611,11.1336,11.2209,0,healthy,0.0,50.0,8.8594,0
SN_006797,LOT_022,6.7317,7.5683,7.8975,7.8982,0,healthy,0.0,50.0,8.8594,0
SN_006798,LOT_022,8.6906,9.0041,9.2525,9.4112,0,healthy,0.0,50.0,8.8594,0
SN_006799,LOT_022,8.9565,9.7388,10.1281,10.336,0,healthy,0.0,50.0,8.8594,0
SN_006800,LOT_022,8.1517,8.656,9.0797,9.1172,0,healthy,0.0,50.0,8.8594,0
SN_006801,LOT_022,9.3321,10.4597,10.7801,11.1168,0,healthy,0.0,50.0,8.8594,0
SN_006802,LOT_022,9.5974,9.9977,10.2306,10.2606,0,healthy,0.0,50.0,8.8594,0
SN_006803,LOT_022,9.4273,10.4364,10.8464,10.9039,0,healthy,0.0,50.0,8.8594,0
SN_006804,LOT_022,8.4136,9.3385,9.7791,9.9928,0,healthy,0.0,50.0,8.8594,0
SN_006805,LOT_022,8.373,8.6605,8.7632,8.8664,0,healthy,0.0,50.0,8.8594,0
SN_006806,LOT_022,7.2142,7.907,8.2469,8.5757,0,healthy,0.0,50.0,8.8594,0
SN_006807,LOT_022,8.4309,8.7433,8.9892,9.0599,0,healthy,0.0,50.0,8.8594,0
SN_006808,LOT_022,8.3063,8.997,9.2568,9.3924,0,healthy,0.0,50.0,8.8594,0
SN_006809,LOT_022,8.7994,9.7449,10.0281,10.3828,0,healthy,0.0,50.0,8.8594,0
SN_006810,LOT_022,10.231,11.0645,11.1934,11.4909,0,healthy,0.0,50.0,8.8594,0
SN_006811,LOT_022,10.3748,11.227,11.6371,11.8511,0,healthy,0.0,50.0,8.8594,0
SN_006812,LOT_022,10.9531,11.887,12.2776,12.3569,0,healthy,0.0,50.0,8.8594,0
SN_006813,LOT_022,8.2811,9.0067,9.4365,9.3133,0,healthy,0.0,50.0,8.8594,0
SN_006814,LOT_022,10.9069,11.3073,11.3644,11.5792,0,healthy,0.0,50.0,8.8594,0
SN_006815,LOT_022,7.6055,7.9616,8.1538,8.1511,0,healthy,0.0,50.0,8.8594,0
SN_006816,LOT_022,7.181,7.8293,8.147,8.2441,0,healthy,0.0,50.0,8.8594,0
SN_006817,LOT_022,9.1805,9.3938,9.6029,9.7743,0,healthy,0.0,50.0,8.8594,0
SN_006818,LOT_022,8.8205,9.9691,10.4576,10.5654,0,healthy,0.0,50.0,8.8594,0
SN_006819,LOT_022,9.9621,10.4147,10.4974,10.587,0,healthy,0.0,50.0,8.8594,0
SN_006820,LOT_022,10.488,11.9095,12.4064,12.636,0,healthy,0.0,50.0,8.8594,0
SN_006821,LOT_022,9.6738,10.8379,11.2667,11.4475,0,healthy,0.0,50.0,8.8594,0
SN_006822,LOT_022,7.5464,8.1421,8.3542,8.436,0,healthy,0.0,50.0,8.8594,0
SN_006823,LOT_022,9.3822,10.5052,10.795,11.1048,0,healthy,0.0,50.0,8.8594,0
SN_006824,LOT_022,8.3308,9.161,9.4739,9.5885,0,healthy,0.0,50.0,8.8594,0
SN_006825,LOT_022,8.6562,9.2014,9.2125,9.2847,0,healthy,0.0,50.0,8.8594,0
SN_006826,LOT_022,8.0282,8.7473,9.3288,9.4048,0,healthy,0.0,50.0,8.8594,0
SN_006827,LOT_022,9.6159,10.5373,10.8774,11.1953,0,healthy,0.0,50.0,8.8594,0
SN_006828,LOT_022,8.6304,9.0573,9.2145,9.3263,0,healthy,0.0,50.0,8.8594,0
SN_006829,LOT_022,8.8078,9.6977,10.0433,10.1839,0,healthy,0.0,50.0,8.8594,0
SN_006830,LOT_022,9.0564,9.6071,9.7662,9.6379,0,healthy,0.0,50.0,8.8594,0
SN_006831,LOT_022,7.0292,7.7285,7.8342,7.915,0,healthy,0.0,50.0,8.8594,0
SN_006832,LOT_022,9.8572,10.4503,10.6742,10.8253,0,healthy,0.0,50.0,8.8594,0
SN_006833,LOT_022,8.5847,9.5039,10.0732,10.4243,0,healthy,0.0,50.0,8.8594,0
SN_006834,LOT_022,8.6705,8.9195,9.0848,9.1976,0,healthy,0.0,50.0,8.8594,0
SN_006835,LOT_022,9.8131,10.491,10.7655,10.9829,0,healthy,0.0,50.0,8.8594,0
SN_006836,LOT_022,9.6251,9.9363,10.148,10.1357,0,healthy,0.0,50.0,8.8594,0
SN_006837,LOT_022,8.8934,9.591,9.6979,9.9066,0,healthy,0.0,50.0,8.8594,0
SN_006838,LOT_022,8.9912,9.8153,10.0081,10.0687,0,healthy,0.0,50.0,8.8594,0
SN_006839,LOT_022,8.6935,9.5234,9.8307,10.1253,0,healthy,0.0,50.0,8.8594,0
SN_006840,LOT_022,9.1137,9.9099,10.1704,10.3753,0,healthy,0.0,50.0,8.8594,0
SN_006841,LOT_022,8.8132,9.2829,9.3812,9.4823,0,healthy,0.0,50.0,8.8594,0
SN_006842,LOT_022,8.6319,8.9222,9.1134,9.1094,0,healthy,0.0,50.0,8.8594,0
SN_006843,LOT_022,8.3287,9.3476,9.7514,9.9776,0,healthy,0.0,50.0,8.8594,0
SN_006844,LOT_022,8.4732,8.8057,8.9123,9.0216,0,healthy,0.0,50.0,8.8594,0
SN_006845,LOT_022,9.8033,10.8302,11.4133,11.4715,0,healthy,0.0,50.0,8.8594,0
SN_006846,LOT_022,6.3776,6.9892,7.3061,7.3639,0,healthy,0.0,50.0,8.8594,0
SN_006847,LOT_022,7.2048,8.0466,8.225,8.339,0,healthy,0.0,50.0,8.8594,0
SN_006848,LOT_022,8.7946,9.4333,9.7245,9.8062,0,healthy,0.0,50.0,8.8594,0
SN_006849,LOT_022,8.1937,8.629,8.6927,8.6856,0,healthy,0.0,50.0,8.8594,0
SN_006850,LOT_022,9.6927,10.7726,11.2073,11.2111,0,healthy,0.0,50.0,8.8594,0
SN_006851,LOT_022,9.0843,10.0339,10.2079,10.3963,0,healthy,0.0,50.0,8.8594,0
SN_006852,LOT_022,7.9883,8.4589,8.6725,8.8469,0,healthy,0.0,50.0,8.8594,0
SN_006853,LOT_022,8.8967,9.2736,9.3801,9.4745,0,healthy,0.0,50.0,8.8594,0
SN_006854,LOT_022,8.2349,9.1495,9.3582,9.5059,0,healthy,0.0,50.0,8.8594,0
SN_006855,LOT_022,8.06,9.19,9.2233,9.3796,0,healthy,0.0,50.0,8.8594,0
SN_006856,LOT_022,11.2564,12.0746,12.3332,12.2038,0,healthy,0.0,50.0,8.8594,0
SN_006857,LOT_022,9.2185,9.7284,9.7999,9.8994,0,healthy,0.0,50.0,8.8594,0
SN_006858,LOT_022,8.4797,9.2983,9.6341,9.7179,0,healthy,0.0,50.0,8.8594,0
SN_006859,LOT_022,9.8279,10.1501,10.247,10.3559,0,healthy,0.0,50.0,8.8594,0
SN_006860,LOT_022,10.1477,11.3551,11.4396,11.6851,0,healthy,0.0,50.0,8.8594,0
SN_006861,LOT_022,8.3562,9.0063,9.1498,9.2294,0,healthy,0.0,50.0,8.8594,0
SN_006862,LOT_022,9.4656,10.0687,10.257,10.2108,0,healthy,0.0,50.0,8.8594,0
SN_006863,LOT_022,8.8817,9.7436,10.1027,10.2431,0,healthy,0.0,50.0,8.8594,0
SN_006864,LOT_022,8.4423,8.8048,9.1161,9.0673,0,healthy,0.0,50.0,8.8594,0
SN_006865,LOT_022,10.3839,10.7506,11.1712,11.0493,0,healthy,0.0,50.0,8.8594,0
SN_006866,LOT_022,7.3744,7.955,8.1159,8.2982,0,healthy,0.0,50.0,8.8594,0
SN_006867,LOT_022,8.8284,9.9062,10.3245,10.5699,0,healthy,0.0,50.0,8.8594,0
SN_006868,LOT_022,7.8582,8.1681,8.2405,8.435,0,healthy,0.0,50.0,8.8594,0
SN_006869,LOT_022,8.9598,9.5839,9.756,9.9564,0,healthy,0.0,50.0,8.8594,0
SN_006870,LOT_022,7.0048,7.5562,7.9117,8.0633,0,healthy,0.0,50.0,8.8594,0
SN_006871,LOT_022,7.5269,7.8601,7.8197,7.8917,0,healthy,0.0,50.0,8.8594,0
SN_006872,LOT_022,9.1621,10.2097,10.693,10.8519,0,healthy,0.0,50.0,8.8594,0
SN_006873,LOT_022,10.379,10.946,11.2502,11.1759,0,healthy,0.0,50.0,8.8594,0
SN_006874,LOT_022,8.4424,9.4363,9.8411,9.9468,0,healthy,0.0,50.0,8.8594,0
SN_006875,LOT_022,8.2094,8.6626,8.7034,8.905,0,healthy,0.0,50.0,8.8594,0
SN_006876,LOT_022,7.4178,7.6873,7.8924,7.754,0,healthy,0.0,50.0,8.8594,0
SN_006877,LOT_022,8.2907,8.501,8.7687,8.7296,0,healthy,0.0,50.0,8.8594,0
SN_006878,LOT_022,9.2345,10.035,10.2355,10.231,0,healthy,0.0,50.0,8.8594,0
SN_006879,LOT_022,11.1199,12.4262,13.1069,13.1086,0,healthy,0.0,50.0,8.8594,0
SN_006880,LOT_022,9.2432,9.6804,9.9277,10.0731,0,healthy,0.0,50.0,8.8594,0
SN_006881,LOT_022,9.8039,10.6406,10.7417,10.9425,0,healthy,0.0,50.0,8.8594,0
SN_006882,LOT_022,7.8842,8.3529,8.5857,8.5567,0,healthy,0.0,50.0,8.8594,0
SN_006883,LOT_022,8.2302,9.1899,9.622,9.8612,0,healthy,0.0,50.0,8.8594,0
SN_006884,LOT_022,9.5011,10.1718,10.3681,10.4761,0,healthy,0.0,50.0,8.8594,0
SN_006885,LOT_022,8.0172,8.4397,8.6576,8.7775,0,healthy,0.0,50.0,8.8594,0
SN_006886,LOT_022,8.3719,9.218,9.5798,9.7728,0,healthy,0.0,50.0,8.8594,0
SN_006887,LOT_022,9.3881,10.3285,10.581,10.7876,0,healthy,0.0,50.0,8.8594,0
SN_006888,LOT_022,7.4965,8.0023,8.3202,8.2949,0,healthy,0.0,50.0,8.8594,0
SN_006889,LOT_022,9.3635,9.8939,10.0953,10.211,0,healthy,0.0,50.0,8.8594,0
SN_006890,LOT_022,8.8979,9.5184,9.7213,9.7525,0,healthy,0.0,50.0,8.8594,0
SN_006891,LOT_022,10.0989,10.8343,11.2502,11.5713,0,healthy,0.0,50.0,8.8594,0
SN_006892,LOT_022,9.9835,11.1098,11.3922,11.4145,0,healthy,0.0,50.0,8.8594,0
SN_006893,LOT_022,8.0608,8.9868,9.2408,9.4085,0,healthy,0.0,50.0,8.8594,0
SN_006894,LOT_022,8.0487,8.6896,8.7041,8.996,0,healthy,0.0,50.0,8.8594,0
SN_006895,LOT_022,10.663,11.8084,12.1734,12.2314,0,healthy,0.0,50.0,8.8594,0
SN_006896,LOT_022,10.2226,11.4003,11.8784,12.0656,0,healthy,0.0,50.0,8.8594,0
SN_006897,LOT_022,6.7144,7.3009,7.5885,7.5835,0,healthy,0.0,50.0,8.8594,0
SN_006898,LOT_022,8.565,9.5297,9.8391,9.9915,0,healthy,0.0,50.0,8.8594,0
SN_006899,LOT_022,9.4578,9.7874,9.8597,10.0167,0,healthy,0.0,50.0,8.8594,0
SN_006900,LOT_022,7.7247,8.0877,8.1702,8.1533,0,healthy,0.0,50.0,8.8594,0
SN_006901,LOT_022,9.7752,10.4715,10.5553,10.8266,0,healthy,0.0,50.0,8.8594,0
SN_006902,LOT_022,9.8916,10.9797,11.2892,11.4027,0,healthy,0.0,50.0,8.8594,0
SN_006903,LOT_022,10.64,10.9627,11.0671,11.2663,0,healthy,0.0,50.0,8.8594,0
SN_006904,LOT_022,11.4703,12.7373,13.2004,13.3262,0,healthy,0.0,50.0,8.8594,0
SN_006905,LOT_022,8.7447,9.288,9.4921,9.7639,0,healthy,0.0,50.0,8.8594,0
SN_006906,LOT_022,9.0038,9.9288,10.0376,10.2675,0,healthy,0.0,50.0,8.8594,0
SN_006907,LOT_022,8.3512,9.1391,9.3827,9.6159,0,healthy,0.0,50.0,8.8594,0
SN_006908,LOT_022,7.9719,8.775,9.1964,9.5032,0,healthy,0.0,50.0,8.8594,0
SN_006909,LOT_022,8.3387,8.5623,8.7938,8.754,0,healthy,0.0,50.0,8.8594,0
SN_006910,LOT_022,7.7066,8.7557,9.0656,9.149,0,healthy,0.0,50.0,8.8594,0
SN_006911,LOT_022,9.3906,10.2748,10.6463,10.8525,0,healthy,0.0,50.0,8.8594,0
SN_006912,LOT_022,11.6639,12.4604,12.7056,12.7988,0,healthy,0.0,50.0,8.8594,0
SN_006913,LOT_022,8.6345,9.4646,9.5818,9.7669,0,healthy,0.0,50.0,8.8594,0
SN_006914,LOT_022,10.0512,11.004,11.2149,11.699,0,healthy,0.0,50.0,8.8594,0
SN_006915,LOT_022,8.1593,8.8343,9.0132,9.1463,0,healthy,0.0,50.0,8.8594,0
SN_006916,LOT_022,9.8479,10.7264,11.1688,11.3239,0,healthy,0.0,50.0,8.8594,0
SN_006917,LOT_022,6.9785,7.5629,7.7216,7.7948,0,healthy,0.0,50.0,8.8594,0
SN_006918,LOT_022,9.5656,10.7667,11.176,11.3274,0,healthy,0.0,50.0,8.8594,0
SN_006919,LOT_022,10.4832,11.764,12.392,12.5759,0,healthy,0.0,50.0,8.8594,0
SN_006920,LOT_022,12.3439,13.8029,14.2864,14.5402,0,healthy,0.0,50.0,8.8594,0
SN_006921,LOT_022,8.7112,9.165,9.4449,9.6411,0,healthy,0.0,50.0,8.8594,0
SN_006922,LOT_022,7.6624,8.2999,8.4295,8.5791,0,healthy,0.0,50.0,8.8594,0
SN_006923,LOT_022,8.0352,8.343,8.578,8.7952,0,healthy,0.0,50.0,8.8594,0
SN_006924,LOT_022,8.5273,9.3196,9.5108,9.6941,0,healthy,0.0,50.0,8.8594,0
SN_006925,LOT_022,8.6476,9.4077,9.7935,10.0864,0,healthy,0.0,50.0,8.8594,0
SN_006926,LOT_022,7.0824,7.4526,7.77,7.7878,0,healthy,0.0,50.0,8.8594,0
SN_006927,LOT_022,27.8203,28.8142,31.1462,33.3407,1,subtle_in_spec,0.2561,50.0,8.8594,0
SN_006928,LOT_022,9.4825,9.9267,9.8989,10.1198,0,healthy,0.0,50.0,8.8594,0
SN_006929,LOT_022,9.6454,9.9174,10.0983,10.1672,0,healthy,0.0,50.0,8.8594,0
SN_006930,LOT_022,9.8308,11.2291,11.4113,11.5147,0,healthy,0.0,50.0,8.8594,0
SN_006931,LOT_022,9.3796,9.7283,9.8701,9.9223,0,healthy,0.0,50.0,8.8594,0
SN_006932,LOT_022,8.8091,9.3234,9.5587,9.5845,0,healthy,0.0,50.0,8.8594,0
SN_006933,LOT_022,8.5273,9.5402,9.9382,10.039,0,healthy,0.0,50.0,8.8594,0
SN_006934,LOT_022,10.8217,12.1283,12.4845,12.9786,0,healthy,0.0,50.0,8.8594,0
SN_006935,LOT_022,10.1908,11.0228,11.3191,11.2662,0,healthy,0.0,50.0,8.8594,0
SN_006936,LOT_022,12.9017,13.8364,13.9346,14.0471,0,healthy,0.0,50.0,8.8594,0
SN_006937,LOT_022,7.9331,8.8566,9.2129,9.1555,0,healthy,0.0,50.0,8.8594,0
SN_006938,LOT_022,7.6064,8.4564,8.7404,8.9224,0,healthy,0.0,50.0,8.8594,0
SN_006939,LOT_022,10.0227,11.3035,11.9209,11.9622,0,healthy,0.0,50.0,8.8594,0
SN_006940,LOT_022,7.8276,8.7019,8.9261,9.0978,0,healthy,0.0,50.0,8.8594,0
SN_006941,LOT_022,8.3175,8.9051,9.2121,9.3632,0,healthy,0.0,50.0,8.8594,0
SN_006942,LOT_022,9.9256,10.2513,10.5684,10.6165,0,healthy,0.0,50.0,8.8594,0
SN_006943,LOT_022,7.9145,8.5772,8.7105,8.8517,0,healthy,0.0,50.0,8.8594,0
SN_006944,LOT_022,8.2477,8.5776,8.6313,8.8344,0,healthy,0.0,50.0,8.8594,0
SN_006945,LOT_022,9.241,10.3266,10.911,11.1428,0,healthy,0.0,50.0,8.8594,0
SN_006946,LOT_022,9.516,10.1557,10.4521,10.7498,0,healthy,0.0,50.0,8.8594,0
SN_006947,LOT_022,7.9736,8.6342,8.9579,9.2251,0,healthy,0.0,50.0,8.8594,0
SN_006948,LOT_022,8.1021,9.0117,9.4333,9.5303,0,healthy,0.0,50.0,8.8594,0
SN_006949,LOT_022,10.3639,10.919,11.1489,11.3064,0,healthy,0.0,50.0,8.8594,0
SN_006950,LOT_022,9.1249,9.5496,9.6511,9.9993,0,healthy,0.0,50.0,8.8594,0
SN_006951,LOT_022,10.0266,10.5398,10.8128,11.0112,0,healthy,0.0,50.0,8.8594,0
SN_006952,LOT_022,8.8931,9.3414,9.6827,9.7274,0,healthy,0.0,50.0,8.8594,0
SN_006953,LOT_022,10.2402,10.6766,10.8762,10.8984,0,healthy,0.0,50.0,8.8594,0
SN_006954,LOT_022,7.627,7.9789,8.4066,8.4003,0,healthy,0.0,50.0,8.8594,0
SN_006955,LOT_022,9.2459,10.099,10.5364,10.6805,0,healthy,0.0,50.0,8.8594,0
SN_006956,LOT_022,9.8661,10.9288,11.0614,11.306,0,healthy,0.0,50.0,8.8594,0
SN_006957,LOT_022,9.6179,10.4168,10.7014,10.6964,0,healthy,0.0,50.0,8.8594,0
SN_006958,LOT_022,7.5783,8.2503,8.3439,8.545,0,healthy,0.0,50.0,8.8594,0
SN_006959,LOT_022,10.7076,11.5622,11.6984,11.9632,0,healthy,0.0,50.0,8.8594,0
SN_006960,LOT_022,12.972,14.0632,14.6779,14.8137,0,healthy,0.0,50.0,8.8594,0
SN_006961,LOT_022,8.2551,8.9986,9.1681,9.1221,0,healthy,0.0,50.0,8.8594,0
SN_006962,LOT_022,7.2304,7.9092,8.2146,8.371,0,healthy,0.0,50.0,8.8594,0
SN_006963,LOT_022,9.3481,9.6992,9.9495,9.8756,0,healthy,0.0,50.0,8.8594,0
SN_006964,LOT_022,9.7996,10.7431,11.0811,10.999,0,healthy,0.0,50.0,8.8594,0
SN_006965,LOT_022,8.4253,9.302,9.6174,9.6048,0,healthy,0.0,50.0,8.8594,0
SN_006966,LOT_022,9.9913,10.6085,10.8358,11.0857,0,healthy,0.0,50.0,8.8594,0
SN_006967,LOT_022,7.2111,7.4281,7.5862,7.6255,0,healthy,0.0,50.0,8.8594,0
SN_006968,LOT_023,10.2178,11.0221,11.3278,11.3866,0,healthy,0.0,50.0,9.6153,1
SN_006969,LOT_023,10.5758,12.5458,12.9261,13.4347,1,nbti_ageing,0.0469,50.0,9.6153,1
SN_006970,LOT_023,8.6815,9.1682,9.4789,9.7109,0,healthy,0.0,50.0,9.6153,1
SN_006971,LOT_023,9.1203,9.588,9.6929,9.9196,0,healthy,0.0,50.0,9.6153,1
SN_006972,LOT_023,9.2879,9.547,9.7873,9.7656,0,healthy,0.0,50.0,9.6153,1
SN_006973,LOT_023,12.1228,13.2111,13.2675,13.5925,0,healthy,0.0,50.0,9.6153,1
SN_006974,LOT_023,8.192,8.6664,8.8886,8.9748,0,healthy,0.0,50.0,9.6153,1
SN_006975,LOT_023,12.2891,12.9337,13.2502,13.2426,0,healthy,0.0,50.0,9.6153,1
SN_006976,LOT_023,10.7557,11.5048,11.8265,11.8893,0,healthy,0.0,50.0,9.6153,1
SN_006977,LOT_023,11.3578,12.4897,12.9729,12.9957,0,healthy,0.0,50.0,9.6153,1
SN_006978,LOT_023,12.6358,14.074,14.7951,14.9986,0,healthy,0.0,50.0,9.6153,1
SN_006979,LOT_023,12.8104,13.4083,13.8262,14.0225,0,healthy,0.0,50.0,9.6153,1
SN_006980,LOT_023,10.3546,11.5275,11.7792,12.0122,0,healthy,0.0,50.0,9.6153,1
SN_006981,LOT_023,12.0405,12.3146,12.6701,12.7301,0,healthy,0.0,50.0,9.6153,1
SN_006982,LOT_023,11.9748,13.0608,13.6202,13.7889,0,healthy,0.0,50.0,9.6153,1
SN_006983,LOT_023,10.6916,11.4213,11.6348,12.0135,0,healthy,0.0,50.0,9.6153,1
SN_006984,LOT_023,11.8643,13.4687,13.9306,14.3758,0,healthy,0.0,50.0,9.6153,1
SN_006985,LOT_023,10.4611,10.814,11.0706,11.0961,0,healthy,0.0,50.0,9.6153,1
SN_006986,LOT_023,11.4558,12.2733,12.7289,12.965,0,healthy,0.0,50.0,9.6153,1
SN_006987,LOT_023,9.2559,9.9719,9.9828,10.2488,0,healthy,0.0,50.0,9.6153,1
SN_006988,LOT_023,8.5978,9.3327,9.7311,9.7073,0,healthy,0.0,50.0,9.6153,1
SN_006989,LOT_023,12.3048,13.9584,14.4054,14.5692,0,healthy,0.0,50.0,9.6153,1
SN_006990,LOT_023,10.1758,10.817,10.9502,11.2355,0,healthy,0.0,50.0,9.6153,1
SN_006991,LOT_023,8.4031,9.3465,9.4356,9.7126,0,healthy,0.0,50.0,9.6153,1
SN_006992,LOT_023,7.5648,8.5813,8.9359,8.9481,0,healthy,0.0,50.0,9.6153,1
SN_006993,LOT_023,10.2785,11.1881,11.4737,11.6961,0,healthy,0.0,50.0,9.6153,1
SN_006994,LOT_023,8.8351,9.6035,9.9097,10.1119,0,healthy,0.0,50.0,9.6153,1
SN_006995,LOT_023,9.9587,10.9747,11.4946,11.5717,0,healthy,0.0,50.0,9.6153,1
SN_006996,LOT_023,9.0312,9.3931,9.5865,9.8228,0,healthy,0.0,50.0,9.6153,1
SN_006997,LOT_023,9.8837,10.9904,11.6774,11.982,0,healthy,0.0,50.0,9.6153,1
SN_006998,LOT_023,9.4286,9.9251,9.8337,10.1136,0,healthy,0.0,50.0,9.6153,1
SN_006999,LOT_023,9.6801,10.6282,10.8201,10.8008,0,healthy,0.0,50.0,9.6153,1
SN_007000,LOT_023,9.3542,10.5548,11.0363,11.2493,0,healthy,0.0,50.0,9.6153,1
SN_007001,LOT_023,37.5302,38.1867,41.9782,45.7057,1,esd_oxide,0.7016,50.0,9.6153,1
SN_007002,LOT_023,14.5714,16.0787,16.7747,17.1649,0,healthy,0.0,50.0,9.6153,1
SN_007003,LOT_023,8.5879,9.1555,9.136,9.2228,0,healthy,0.0,50.0,9.6153,1
SN_007004,LOT_023,11.1336,12.264,12.6695,12.9558,0,healthy,0.0,50.0,9.6153,1
SN_007005,LOT_023,8.8903,9.7146,9.8932,10.1016,0,healthy,0.0,50.0,9.6153,1
SN_007006,LOT_023,10.1603,10.8488,11.1868,11.3881,0,healthy,0.0,50.0,9.6153,1
SN_007007,LOT_023,13.0102,13.9442,14.4672,14.723,0,healthy,0.0,50.0,9.6153,1
SN_007008,LOT_023,7.2914,7.6267,7.9087,8.1096,0,healthy,0.0,50.0,9.6153,1
SN_007009,LOT_023,8.6825,9.5156,9.7412,10.0479,0,healthy,0.0,50.0,9.6153,1
SN_007010,LOT_023,8.8992,9.5447,9.9685,10.0851,0,healthy,0.0,50.0,9.6153,1
SN_007011,LOT_023,10.145,10.9859,11.2207,11.5095,0,healthy,0.0,50.0,9.6153,1
SN_007012,LOT_023,10.5678,11.2186,11.6022,11.9521,0,healthy,0.0,50.0,9.6153,1
SN_007013,LOT_023,11.1534,11.5073,11.736,11.7541,0,healthy,0.0,50.0,9.6153,1
SN_007014,LOT_023,6.6611,7.1256,7.332,7.5625,0,healthy,0.0,50.0,9.6153,1
SN_007015,LOT_023,11.5226,12.6128,13.05,13.1885,0,healthy,0.0,50.0,9.6153,1
SN_007016,LOT_023,9.2212,9.6274,9.8969,10.0162,0,healthy,0.0,50.0,9.6153,1
SN_007017,LOT_023,8.7219,9.283,9.474,9.6641,0,healthy,0.0,50.0,9.6153,1
SN_007018,LOT_023,10.8064,11.2238,11.4361,11.4295,0,healthy,0.0,50.0,9.6153,1
SN_007019,LOT_023,14.9693,15.4371,15.5939,15.5668,0,healthy,0.0,50.0,9.6153,1
SN_007020,LOT_023,9.745,10.9589,11.2519,11.5241,0,healthy,0.0,50.0,9.6153,1
SN_007021,LOT_023,8.6725,9.2112,9.2081,9.3892,0,healthy,0.0,50.0,9.6153,1
SN_007022,LOT_023,11.2095,12.0641,12.3933,12.6161,0,healthy,0.0,50.0,9.6153,1
SN_007023,LOT_023,8.4754,9.1471,9.2097,9.4039,0,healthy,0.0,50.0,9.6153,1
SN_007024,LOT_023,8.8426,9.578,9.8598,10.0862,0,healthy,0.0,50.0,9.6153,1
SN_007025,LOT_023,9.2516,9.9817,10.4763,10.5385,0,healthy,0.0,50.0,9.6153,1
SN_007026,LOT_023,8.0614,8.9586,9.0484,9.2418,0,healthy,0.0,50.0,9.6153,1
SN_007027,LOT_023,12.0385,13.1769,13.8184,14.157,0,healthy,0.0,50.0,9.6153,1
SN_007028,LOT_023,7.6654,8.4525,8.7054,8.7541,0,healthy,0.0,50.0,9.6153,1
SN_007029,LOT_023,9.1684,9.8108,10.0303,10.1722,0,healthy,0.0,50.0,9.6153,1
SN_007030,LOT_023,10.7758,11.1974,11.5071,11.5176,0,healthy,0.0,50.0,9.6153,1
SN_007031,LOT_023,12.3551,13.5093,13.7686,13.9889,0,healthy,0.0,50.0,9.6153,1
SN_007032,LOT_023,10.3367,10.682,10.9265,10.8944,0,healthy,0.0,50.0,9.6153,1
SN_007033,LOT_023,10.6462,11.6111,11.8818,11.9824,0,healthy,0.0,50.0,9.6153,1
SN_007034,LOT_023,7.3211,8.0364,8.3328,8.3227,0,healthy,0.0,50.0,9.6153,1
SN_007035,LOT_023,9.8562,11.0389,11.2788,11.5659,0,healthy,0.0,50.0,9.6153,1
SN_007036,LOT_023,7.7154,8.4476,8.6214,8.7656,0,healthy,0.0,50.0,9.6153,1
SN_007037,LOT_023,7.5586,8.4569,8.7447,9.058,0,healthy,0.0,50.0,9.6153,1
SN_007038,LOT_023,10.1327,10.8802,11.3742,11.5061,0,healthy,0.0,50.0,9.6153,1
SN_007039,LOT_023,7.7231,8.06,8.2469,8.3095,0,healthy,0.0,50.0,9.6153,1
SN_007040,LOT_023,12.1707,12.7323,13.1815,13.1805,0,healthy,0.0,50.0,9.6153,1
SN_007041,LOT_023,9.9337,10.8195,11.2417,11.3273,0,healthy,0.0,50.0,9.6153,1
SN_007042,LOT_023,9.6867,10.5127,10.6902,10.8269,0,healthy,0.0,50.0,9.6153,1
SN_007043,LOT_023,8.2667,9.0781,9.4356,9.5823,0,healthy,0.0,50.0,9.6153,1
SN_007044,LOT_023,11.1126,11.7312,12.1391,12.2195,0,healthy,0.0,50.0,9.6153,1
SN_007045,LOT_023,9.4191,10.5598,10.7425,10.9406,0,healthy,0.0,50.0,9.6153,1
SN_007046,LOT_023,12.5846,14.0683,14.6593,14.9023,0,healthy,0.0,50.0,9.6153,1
SN_007047,LOT_023,9.0179,10.1211,10.4099,10.5067,0,healthy,0.0,50.0,9.6153,1
SN_007048,LOT_023,9.8231,10.4672,10.9622,11.1443,0,healthy,0.0,50.0,9.6153,1
SN_007049,LOT_023,8.8439,9.1842,9.3985,9.4782,0,healthy,0.0,50.0,9.6153,1
SN_007050,LOT_023,7.0546,7.7006,8.0133,8.2188,0,healthy,0.0,50.0,9.6153,1
SN_007051,LOT_023,8.1115,8.7986,9.1062,9.0741,0,healthy,0.0,50.0,9.6153,1
SN_007052,LOT_023,14.0409,14.7147,14.9392,15.0387,0,healthy,0.0,50.0,9.6153,1
SN_007053,LOT_023,11.6795,12.7806,12.8265,12.9523,0,healthy,0.0,50.0,9.6153,1
SN_007054,LOT_023,9.8169,10.6252,10.7952,10.9695,0,healthy,0.0,50.0,9.6153,1
SN_007055,LOT_023,9.4061,13.802,17.1496,18.8643,1,nbti_ageing,0.5308,50.0,9.6153,1
SN_007056,LOT_023,9.2856,9.9286,10.2922,10.4018,0,healthy,0.0,50.0,9.6153,1
SN_007057,LOT_023,8.743,9.7489,9.8915,10.0676,0,healthy,0.0,50.0,9.6153,1
SN_007058,LOT_023,9.914,10.5626,10.6827,10.7324,0,healthy,0.0,50.0,9.6153,1
SN_007059,LOT_023,11.2297,12.432,12.8127,13.044,0,healthy,0.0,50.0,9.6153,1
SN_007060,LOT_023,7.6813,8.0982,8.1537,8.4359,0,healthy,0.0,50.0,9.6153,1
SN_007061,LOT_023,8.3132,8.8733,9.0714,9.24,0,healthy,0.0,50.0,9.6153,1
SN_007062,LOT_023,10.5239,11.413,11.6424,11.7114,0,healthy,0.0,50.0,9.6153,1
SN_007063,LOT_023,10.8472,11.8666,12.3262,12.2625,0,healthy,0.0,50.0,9.6153,1
SN_007064,LOT_023,9.719,10.1733,10.5136,10.5861,0,healthy,0.0,50.0,9.6153,1
SN_007065,LOT_023,8.3848,8.7571,8.7319,8.9454,0,healthy,0.0,50.0,9.6153,1
SN_007066,LOT_023,10.6186,11.6674,11.8638,12.1938,0,healthy,0.0,50.0,9.6153,1
SN_007067,LOT_023,7.6522,8.225,8.3135,8.4449,0,healthy,0.0,50.0,9.6153,1
SN_007068,LOT_023,8.1868,9.3312,9.5026,9.5629,0,healthy,0.0,50.0,9.6153,1
SN_007069,LOT_023,8.0661,8.393,8.4343,8.6835,0,healthy,0.0,50.0,9.6153,1
SN_007070,LOT_023,12.3154,12.8124,12.8381,12.9413,0,healthy,0.0,50.0,9.6153,1
SN_007071,LOT_023,11.2733,11.8379,12.2052,12.1705,0,healthy,0.0,50.0,9.6153,1
SN_007072,LOT_023,8.9637,9.5046,9.6865,9.7369,0,healthy,0.0,50.0,9.6153,1
SN_007073,LOT_023,9.7248,10.1876,10.7622,10.9737,0,healthy,0.0,50.0,9.6153,1
SN_007074,LOT_023,10.3786,11.2836,11.6368,11.5793,0,healthy,0.0,50.0,9.6153,1
SN_007075,LOT_023,10.3394,11.0165,11.4403,11.6194,0,healthy,0.0,50.0,9.6153,1
SN_007076,LOT_023,10.9263,12.0305,12.4581,12.5999,0,healthy,0.0,50.0,9.6153,1
SN_007077,LOT_023,10.447,11.9713,12.2127,12.6645,0,healthy,0.0,50.0,9.6153,1
SN_007078,LOT_023,13.368,14.2593,14.7693,15.0332,0,healthy,0.0,50.0,9.6153,1
SN_007079,LOT_023,12.7142,13.6682,13.4916,13.6937,0,healthy,0.0,50.0,9.6153,1
SN_007080,LOT_023,10.3336,11.259,11.445,11.5843,0,healthy,0.0,50.0,9.6153,1
SN_007081,LOT_023,13.0083,13.4723,13.8966,13.8471,0,healthy,0.0,50.0,9.6153,1
SN_007082,LOT_023,12.4913,13.8581,14.1905,14.8398,0,healthy,0.0,50.0,9.6153,1
SN_007083,LOT_023,9.976,11.1853,11.7756,11.9464,0,healthy,0.0,50.0,9.6153,1
SN_007084,LOT_023,9.2432,9.8134,10.0346,9.9451,0,healthy,0.0,50.0,9.6153,1
SN_007085,LOT_023,7.2652,7.6113,7.6887,7.7999,0,healthy,0.0,50.0,9.6153,1
SN_007086,LOT_023,6.9697,7.5361,7.9497,7.96,0,healthy,0.0,50.0,9.6153,1
SN_007087,LOT_023,10.6265,11.4061,11.3763,11.2099,0,healthy,0.0,50.0,9.6153,1
SN_007088,LOT_023,11.0878,11.9183,12.387,12.5593,0,healthy,0.0,50.0,9.6153,1
SN_007089,LOT_023,7.3836,7.9296,7.8304,8.0588,0,healthy,0.0,50.0,9.6153,1
SN_007090,LOT_023,7.3429,7.5578,7.7548,7.7932,0,healthy,0.0,50.0,9.6153,1
SN_007091,LOT_023,5.7148,6.0234,6.0846,6.1969,0,healthy,0.0,50.0,9.6153,1
SN_007092,LOT_023,13.1762,14.8125,15.4935,15.589,0,healthy,0.0,50.0,9.6153,1
SN_007093,LOT_023,9.0043,9.1771,9.4547,9.4872,0,healthy,0.0,50.0,9.6153,1
SN_007094,LOT_023,9.2478,10.3969,10.8129,10.984,0,healthy,0.0,50.0,9.6153,1
SN_007095,LOT_023,11.2254,12.0555,12.1339,12.2922,0,healthy,0.0,50.0,9.6153,1
SN_007096,LOT_023,8.4574,9.0981,9.4489,9.6479,0,healthy,0.0,50.0,9.6153,1
SN_007097,LOT_023,9.6816,10.8422,11.3163,11.4453,0,healthy,0.0,50.0,9.6153,1
SN_007098,LOT_023,8.7057,9.7658,10.2292,10.5083,0,healthy,0.0,50.0,9.6153,1
SN_007099,LOT_023,8.7866,9.0987,9.1224,9.384,0,healthy,0.0,50.0,9.6153,1
SN_007100,LOT_023,9.2811,10.6245,14.8866,18.8435,1,electromigration,0.0951,50.0,9.6153,1
SN_007101,LOT_023,10.1985,10.6351,10.9813,11.0082,0,healthy,0.0,50.0,9.6153,1
SN_007102,LOT_023,8.9338,9.7752,10.2706,10.549,0,healthy,0.0,50.0,9.6153,1
SN_007103,LOT_023,10.392,10.7417,10.783,11.0083,0,healthy,0.0,50.0,9.6153,1
SN_007104,LOT_023,7.6196,8.0787,8.5666,8.6256,0,healthy,0.0,50.0,9.6153,1
SN_007105,LOT_023,10.8584,11.7438,11.9093,12.0771,0,healthy,0.0,50.0,9.6153,1
SN_007106,LOT_023,13.7682,14.3649,14.6436,14.5715,0,healthy,0.0,50.0,9.6153,1
SN_007107,LOT_023,7.9752,8.8902,9.2409,9.6873,0,healthy,0.0,50.0,9.6153,1
SN_007108,LOT_023,8.3509,9.0842,9.2577,9.2489,0,healthy,0.0,50.0,9.6153,1
SN_007109,LOT_023,9.0904,9.803,10.2068,10.4721,0,healthy,0.0,50.0,9.6153,1
SN_007110,LOT_023,8.4081,8.7313,8.8676,8.9285,0,healthy,0.0,50.0,9.6153,1
SN_007111,LOT_023,10.4744,11.4901,11.5558,11.894,0,healthy,0.0,50.0,9.6153,1
SN_007112,LOT_023,8.1041,8.8019,9.0977,9.0786,0,healthy,0.0,50.0,9.6153,1
SN_007113,LOT_023,12.4836,13.8281,14.1771,14.2796,0,healthy,0.0,50.0,9.6153,1
SN_007114,LOT_023,10.5046,11.5457,12.0495,12.2682,0,healthy,0.0,50.0,9.6153,1
SN_007115,LOT_023,8.7442,9.1866,9.1876,9.1444,0,healthy,0.0,50.0,9.6153,1
SN_007116,LOT_023,12.579,14.2528,14.4145,14.6173,0,healthy,0.0,50.0,9.6153,1
SN_007117,LOT_023,6.0766,6.8526,7.0421,7.1322,0,healthy,0.0,50.0,9.6153,1
SN_007118,LOT_023,14.1172,15.1829,15.6084,15.7964,0,healthy,0.0,50.0,9.6153,1
SN_007119,LOT_023,8.2938,8.8353,8.9796,8.7626,0,healthy,0.0,50.0,9.6153,1
SN_007120,LOT_023,10.3977,11.3502,11.6513,12.0728,0,healthy,0.0,50.0,9.6153,1
SN_007121,LOT_023,12.808,14.3161,14.492,14.6058,0,healthy,0.0,50.0,9.6153,1
SN_007122,LOT_023,12.2235,13.3881,14.0579,14.3293,0,healthy,0.0,50.0,9.6153,1
SN_007123,LOT_023,7.7464,8.431,8.5477,8.6616,0,healthy,0.0,50.0,9.6153,1
SN_007124,LOT_023,7.5684,7.8294,7.9285,8.043,0,healthy,0.0,50.0,9.6153,1
SN_007125,LOT_023,9.4967,10.0852,10.307,10.4515,0,healthy,0.0,50.0,9.6153,1
SN_007126,LOT_023,10.6882,11.6312,11.8802,12.0827,0,healthy,0.0,50.0,9.6153,1
SN_007127,LOT_023,12.6858,13.8672,14.1136,14.4256,0,healthy,0.0,50.0,9.6153,1
SN_007128,LOT_023,13.2077,14.0346,14.3841,14.2898,0,healthy,0.0,50.0,9.6153,1
SN_007129,LOT_023,10.5599,11.0545,11.4708,11.5536,0,healthy,0.0,50.0,9.6153,1
SN_007130,LOT_023,9.8512,10.2625,10.4029,10.673,0,healthy,0.0,50.0,9.6153,1
SN_007131,LOT_023,9.7786,10.3992,10.416,10.4806,0,healthy,0.0,50.0,9.6153,1
SN_007132,LOT_023,9.3301,10.2382,10.5227,10.635,0,healthy,0.0,50.0,9.6153,1
SN_007133,LOT_023,7.9854,8.6924,8.8304,9.0425,0,healthy,0.0,50.0,9.6153,1
SN_007134,LOT_023,9.1465,9.6738,9.7464,9.7215,0,healthy,0.0,50.0,9.6153,1
SN_007135,LOT_023,9.511,9.7523,9.9735,10.0594,0,healthy,0.0,50.0,9.6153,1
SN_007136,LOT_023,9.471,10.2344,10.4907,10.6598,0,healthy,0.0,50.0,9.6153,1
SN_007137,LOT_023,7.7956,8.7131,9.0625,9.2786,0,healthy,0.0,50.0,9.6153,1
SN_007138,LOT_023,12.2065,13.4611,14.1129,14.3108,0,healthy,0.0,50.0,9.6153,1
SN_007139,LOT_023,9.4926,10.2924,10.4227,10.4899,0,healthy,0.0,50.0,9.6153,1
SN_007140,LOT_023,7.2442,7.9929,8.4904,8.6304,0,healthy,0.0,50.0,9.6153,1
SN_007141,LOT_023,9.5478,10.2259,10.538,10.8154,0,healthy,0.0,50.0,9.6153,1
SN_007142,LOT_023,8.1459,9.0277,9.3849,9.6577,0,healthy,0.0,50.0,9.6153,1
SN_007143,LOT_023,9.7438,10.5706,10.5213,10.8411,0,healthy,0.0,50.0,9.6153,1
SN_007144,LOT_023,8.7078,9.4657,9.5627,9.8531,0,healthy,0.0,50.0,9.6153,1
SN_007145,LOT_023,8.8126,9.1565,9.2986,9.5935,0,healthy,0.0,50.0,9.6153,1
SN_007146,LOT_023,8.5761,9.2934,9.3857,9.514,0,healthy,0.0,50.0,9.6153,1
SN_007147,LOT_023,8.0791,8.4954,8.7154,8.8421,0,healthy,0.0,50.0,9.6153,1
SN_007148,LOT_023,12.0619,13.2722,14.0544,14.3308,0,healthy,0.0,50.0,9.6153,1
SN_007149,LOT_023,8.7514,9.1992,9.3972,9.5395,0,healthy,0.0,50.0,9.6153,1
SN_007150,LOT_023,8.6329,9.2162,9.4022,9.493,0,healthy,0.0,50.0,9.6153,1
SN_007151,LOT_023,6.4776,7.0848,7.2668,7.2498,0,healthy,0.0,50.0,9.6153,1
SN_007152,LOT_023,13.6974,15.1578,16.0319,16.3452,0,healthy,0.0,50.0,9.6153,1
SN_007153,LOT_023,6.6399,7.0431,7.2524,7.2761,0,healthy,0.0,50.0,9.6153,1
SN_007154,LOT_023,11.5719,12.1638,12.4957,12.6176,0,healthy,0.0,50.0,9.6153,1
SN_007155,LOT_023,12.0852,13.1794,13.3924,13.5706,0,healthy,0.0,50.0,9.6153,1
SN_007156,LOT_023,8.8054,10.0531,10.2627,10.4808,0,healthy,0.0,50.0,9.6153,1
SN_007157,LOT_023,7.5799,8.0044,8.169,8.2611,0,healthy,0.0,50.0,9.6153,1
SN_007158,LOT_023,10.1854,10.8005,11.2343,11.1373,0,healthy,0.0,50.0,9.6153,1
SN_007159,LOT_023,11.4211,12.3848,12.6712,12.6333,0,healthy,0.0,50.0,9.6153,1
SN_007160,LOT_023,7.7651,8.7276,8.9499,9.0498,0,healthy,0.0,50.0,9.6153,1
SN_007161,LOT_023,10.4648,11.6826,12.1119,12.1003,0,healthy,0.0,50.0,9.6153,1
SN_007162,LOT_023,9.1596,9.7916,9.8129,10.1399,0,healthy,0.0,50.0,9.6153,1
SN_007163,LOT_023,10.2749,10.7876,10.9835,11.293,0,healthy,0.0,50.0,9.6153,1
SN_007164,LOT_023,12.3408,13.1772,13.2167,13.436,0,healthy,0.0,50.0,9.6153,1
SN_007165,LOT_023,8.3234,8.8657,9.3312,9.5125,0,healthy,0.0,50.0,9.6153,1
SN_007166,LOT_023,9.4611,9.8037,9.9462,10.0668,0,healthy,0.0,50.0,9.6153,1
SN_007167,LOT_023,8.0549,8.8996,9.1105,9.2328,0,healthy,0.0,50.0,9.6153,1
SN_007168,LOT_023,13.0975,14.6042,14.9949,15.061,0,healthy,0.0,50.0,9.6153,1
SN_007169,LOT_023,6.9936,7.6967,7.8557,7.9578,0,healthy,0.0,50.0,9.6153,1
SN_007170,LOT_023,10.8121,11.6392,11.948,12.1181,0,healthy,0.0,50.0,9.6153,1
SN_007171,LOT_023,10.4966,11.6186,12.1489,12.4026,0,healthy,0.0,50.0,9.6153,1
SN_007172,LOT_023,10.94,11.8977,12.4117,12.4972,0,healthy,0.0,50.0,9.6153,1
SN_007173,LOT_023,7.0875,7.8832,8.1283,8.275,0,healthy,0.0,50.0,9.6153,1
SN_007174,LOT_023,7.5533,8.2137,8.4684,8.4783,0,healthy,0.0,50.0,9.6153,1
SN_007175,LOT_023,10.7238,11.8694,12.373,12.6268,0,healthy,0.0,50.0,9.6153,1
SN_007176,LOT_023,9.6078,10.4356,10.869,11.0273,0,healthy,0.0,50.0,9.6153,1
SN_007177,LOT_023,9.9956,10.4517,10.6066,10.6947,0,healthy,0.0,50.0,9.6153,1
SN_007178,LOT_023,11.3498,12.0486,12.3391,12.4005,0,healthy,0.0,50.0,9.6153,1
SN_007179,LOT_023,8.6432,9.6531,9.9025,9.9434,0,healthy,0.0,50.0,9.6153,1
SN_007180,LOT_023,10.6477,12.1473,12.4605,12.6135,0,healthy,0.0,50.0,9.6153,1
SN_007181,LOT_023,12.4803,13.0153,13.2217,13.2948,0,healthy,0.0,50.0,9.6153,1
SN_007182,LOT_023,8.7745,9.39,9.4909,9.6336,0,healthy,0.0,50.0,9.6153,1
SN_007183,LOT_023,8.0804,8.8502,9.133,9.2405,0,healthy,0.0,50.0,9.6153,1
SN_007184,LOT_023,9.5685,10.1255,10.7361,10.6756,0,healthy,0.0,50.0,9.6153,1
SN_007185,LOT_023,8.0248,8.4572,8.5111,8.6146,0,healthy,0.0,50.0,9.6153,1
SN_007186,LOT_023,8.0876,9.0042,9.2043,9.3581,0,healthy,0.0,50.0,9.6153,1
SN_007187,LOT_023,6.9774,7.4959,7.6614,7.7721,0,healthy,0.0,50.0,9.6153,1
SN_007188,LOT_023,9.1437,9.7246,9.7815,9.9392,0,healthy,0.0,50.0,9.6153,1
SN_007189,LOT_023,11.3096,11.9615,12.1877,12.047,0,healthy,0.0,50.0,9.6153,1
SN_007190,LOT_023,7.4655,8.3189,8.6945,8.878,0,healthy,0.0,50.0,9.6153,1
SN_007191,LOT_023,11.404,12.4859,12.9101,12.8743,0,healthy,0.0,50.0,9.6153,1
SN_007192,LOT_023,7.4767,7.9634,7.953,7.9821,0,healthy,0.0,50.0,9.6153,1
SN_007193,LOT_023,7.5416,7.8426,8.0044,7.9749,0,healthy,0.0,50.0,9.6153,1
SN_007194,LOT_023,9.3787,10.2934,10.6933,10.9524,0,healthy,0.0,50.0,9.6153,1
SN_007195,LOT_023,7.9666,8.3416,8.657,8.6695,0,healthy,0.0,50.0,9.6153,1
SN_007196,LOT_023,11.2518,12.1478,12.5271,12.694,0,healthy,0.0,50.0,9.6153,1
SN_007197,LOT_023,12.1029,13.1721,13.5017,13.9707,0,healthy,0.0,50.0,9.6153,1
SN_007198,LOT_023,11.1478,12.5197,12.7955,12.9565,0,healthy,0.0,50.0,9.6153,1
SN_007199,LOT_023,10.0517,10.3641,10.6198,10.8048,0,healthy,0.0,50.0,9.6153,1
SN_007200,LOT_023,9.2469,10.0531,10.3754,10.5401,0,healthy,0.0,50.0,9.6153,1
SN_007201,LOT_023,10.0031,10.6683,10.5036,10.9159,0,healthy,0.0,50.0,9.6153,1
SN_007202,LOT_023,8.3483,8.6178,8.8034,8.8024,0,healthy,0.0,50.0,9.6153,1
SN_007203,LOT_023,7.3985,7.9265,8.1856,8.2121,0,healthy,0.0,50.0,9.6153,1
SN_007204,LOT_023,7.6665,8.5974,8.7723,8.9421,0,healthy,0.0,50.0,9.6153,1
SN_007205,LOT_023,9.6459,10.5512,10.8327,11.0054,0,healthy,0.0,50.0,9.6153,1
SN_007206,LOT_023,11.1517,12.4684,12.8974,13.1099,0,healthy,0.0,50.0,9.6153,1
SN_007207,LOT_023,6.535,6.8727,6.9856,7.0434,0,healthy,0.0,50.0,9.6153,1
SN_007208,LOT_023,7.9926,8.6087,8.8747,8.9962,0,healthy,0.0,50.0,9.6153,1
SN_007209,LOT_023,10.2042,10.9756,11.196,11.3857,0,healthy,0.0,50.0,9.6153,1
SN_007210,LOT_023,9.886,11.199,11.2102,11.3578,0,healthy,0.0,50.0,9.6153,1
SN_007211,LOT_023,10.4928,10.7902,11.0168,11.0841,0,healthy,0.0,50.0,9.6153,1
SN_007212,LOT_023,9.0209,9.6083,9.8963,10.0512,0,healthy,0.0,50.0,9.6153,1
SN_007213,LOT_023,10.0909,11.4833,11.7768,11.7585,0,healthy,0.0,50.0,9.6153,1
SN_007214,LOT_023,6.7215,7.0538,7.1062,7.3702,0,healthy,0.0,50.0,9.6153,1
SN_007215,LOT_023,6.5707,7.0103,7.2334,7.3348,0,healthy,0.0,50.0,9.6153,1
SN_007216,LOT_023,7.8746,8.7648,8.9909,9.1892,0,healthy,0.0,50.0,9.6153,1
SN_007217,LOT_023,5.9917,6.4018,6.6072,6.6834,0,healthy,0.0,50.0,9.6153,1
SN_007218,LOT_023,10.9933,11.5015,11.8244,11.7597,0,healthy,0.0,50.0,9.6153,1
SN_007219,LOT_023,11.9381,13.0138,13.5465,13.8749,0,healthy,0.0,50.0,9.6153,1
SN_007220,LOT_023,9.7837,11.1945,11.3655,11.6363,0,healthy,0.0,50.0,9.6153,1
SN_007221,LOT_023,6.7677,7.5931,7.9172,7.9213,0,healthy,0.0,50.0,9.6153,1
SN_007222,LOT_023,10.4902,11.0775,11.2461,11.5367,0,healthy,0.0,50.0,9.6153,1
SN_007223,LOT_023,7.7211,8.3585,8.4496,8.6238,0,healthy,0.0,50.0,9.6153,1
SN_007224,LOT_023,10.9181,11.1978,11.4423,11.3886,0,healthy,0.0,50.0,9.6153,1
SN_007225,LOT_023,11.1535,11.895,12.2913,12.2697,0,healthy,0.0,50.0,9.6153,1
SN_007226,LOT_023,10.7483,11.411,11.9627,12.0257,0,healthy,0.0,50.0,9.6153,1
SN_007227,LOT_023,10.4634,11.8043,12.2185,12.2972,0,healthy,0.0,50.0,9.6153,1
SN_007228,LOT_023,9.8742,10.2937,10.3158,10.3466,0,healthy,0.0,50.0,9.6153,1
SN_007229,LOT_023,10.0249,10.8458,11.2514,11.5159,0,healthy,0.0,50.0,9.6153,1
SN_007230,LOT_023,9.5538,10.5456,11.1022,11.3228,0,healthy,0.0,50.0,9.6153,1
SN_007231,LOT_023,11.9849,12.7633,13.1027,13.3937,0,healthy,0.0,50.0,9.6153,1
SN_007232,LOT_023,11.8155,13.3144,13.8769,14.1287,0,healthy,0.0,50.0,9.6153,1
SN_007233,LOT_023,9.9505,11.0159,11.3187,11.4086,0,healthy,0.0,50.0,9.6153,1
SN_007234,LOT_023,9.5489,10.408,10.5922,10.6796,0,healthy,0.0,50.0,9.6153,1
SN_007235,LOT_023,10.5423,11.0382,10.994,11.1363,0,healthy,0.0,50.0,9.6153,1
SN_007236,LOT_023,8.6213,9.4987,9.96,9.9441,0,healthy,0.0,50.0,9.6153,1
SN_007237,LOT_023,10.1785,11.1101,11.1765,11.2652,0,healthy,0.0,50.0,9.6153,1
SN_007238,LOT_023,11.6292,12.2571,12.8813,12.8979,0,healthy,0.0,50.0,9.6153,1
SN_007239,LOT_023,8.27,8.5306,8.6585,8.7255,0,healthy,0.0,50.0,9.6153,1
SN_007240,LOT_023,12.1052,13.2673,13.7086,13.9617,0,healthy,0.0,50.0,9.6153,1
SN_007241,LOT_023,9.3546,9.9134,10.2987,10.4499,0,healthy,0.0,50.0,9.6153,1
SN_007242,LOT_023,9.8221,10.3585,10.4331,10.487,0,healthy,0.0,50.0,9.6153,1
SN_007243,LOT_023,7.8395,8.7498,8.9905,9.1751,0,healthy,0.0,50.0,9.6153,1
SN_007244,LOT_023,11.1504,12.2562,12.8278,12.9536,0,healthy,0.0,50.0,9.6153,1
SN_007245,LOT_023,9.5938,10.3393,10.564,10.7234,0,healthy,0.0,50.0,9.6153,1
SN_007246,LOT_023,8.4244,8.81,8.9638,9.2198,0,healthy,0.0,50.0,9.6153,1
SN_007247,LOT_023,11.7109,12.8941,13.6153,13.8194,0,healthy,0.0,50.0,9.6153,1
SN_007248,LOT_023,8.9341,9.5932,9.8549,9.8971,0,healthy,0.0,50.0,9.6153,1
SN_007249,LOT_023,14.2563,15.9785,16.5557,16.8227,0,healthy,0.0,50.0,9.6153,1
SN_007250,LOT_023,15.8242,16.6929,17.0028,17.1292,0,healthy,0.0,50.0,9.6153,1
SN_007251,LOT_023,8.4991,8.9219,9.0564,9.1474,0,healthy,0.0,50.0,9.6153,1
SN_007252,LOT_023,12.7078,13.8733,14.5473,14.8976,0,healthy,0.0,50.0,9.6153,1
SN_007253,LOT_023,11.2518,12.5408,13.1324,13.5102,0,healthy,0.0,50.0,9.6153,1
SN_007254,LOT_023,8.65,9.204,9.2512,9.4241,0,healthy,0.0,50.0,9.6153,1
SN_007255,LOT_023,7.1738,7.7345,7.8503,8.101,0,healthy,0.0,50.0,9.6153,1
SN_007256,LOT_023,8.5574,8.8512,8.9551,8.9588,0,healthy,0.0,50.0,9.6153,1
SN_007257,LOT_023,10.6932,11.422,11.6455,11.5409,0,healthy,0.0,50.0,9.6153,1
SN_007258,LOT_023,9.2684,10.2944,10.6181,10.8976,0,healthy,0.0,50.0,9.6153,1
SN_007259,LOT_023,11.3414,12.2568,12.8955,13.2305,0,healthy,0.0,50.0,9.6153,1
SN_007260,LOT_023,10.8478,11.7781,12.1158,12.4509,0,healthy,0.0,50.0,9.6153,1
SN_007261,LOT_023,9.305,9.9454,10.1983,10.2823,0,healthy,0.0,50.0,9.6153,1
SN_007262,LOT_023,12.0702,13.1098,13.7272,14.0816,0,healthy,0.0,50.0,9.6153,1
SN_007263,LOT_023,11.1375,12.4663,13.0043,13.05,0,healthy,0.0,50.0,9.6153,1
SN_007264,LOT_023,10.7646,11.3956,11.687,11.8267,0,healthy,0.0,50.0,9.6153,1
SN_007265,LOT_023,11.4952,12.3366,12.4772,12.7514,0,healthy,0.0,50.0,9.6153,1
SN_007266,LOT_023,11.9585,13.1841,13.6428,14.1704,0,healthy,0.0,50.0,9.6153,1
SN_007267,LOT_023,11.3602,12.1846,12.2822,12.5131,0,healthy,0.0,50.0,9.6153,1
SN_007268,LOT_023,10.6262,11.8309,12.1174,12.3449,0,healthy,0.0,50.0,9.6153,1
SN_007269,LOT_023,8.2429,8.7241,8.7892,8.9216,0,healthy,0.0,50.0,9.6153,1
SN_007270,LOT_023,12.6541,13.8151,14.1053,14.5042,0,healthy,0.0,50.0,9.6153,1
SN_007271,LOT_023,8.6471,9.4182,9.7022,9.8669,0,healthy,0.0,50.0,9.6153,1
SN_007272,LOT_023,13.2585,13.8247,13.7571,14.0248,0,healthy,0.0,50.0,9.6153,1
SN_007273,LOT_023,10.0759,11.2787,11.7144,11.9837,0,healthy,0.0,50.0,9.6153,1
SN_007274,LOT_023,9.8084,10.3271,10.4341,10.5893,0,healthy,0.0,50.0,9.6153,1
SN_007275,LOT_023,10.7401,11.5102,12.1121,12.287,0,healthy,0.0,50.0,9.6153,1
SN_007276,LOT_023,9.1342,9.8447,10.1041,10.1536,0,healthy,0.0,50.0,9.6153,1
SN_007277,LOT_023,14.0758,15.4136,16.0167,16.4397,0,healthy,0.0,50.0,9.6153,1
SN_007278,LOT_023,10.4755,11.4067,11.6394,11.8775,0,healthy,0.0,50.0,9.6153,1
SN_007279,LOT_023,12.3132,13.4188,13.6087,13.8476,0,healthy,0.0,50.0,9.6153,1
SN_007280,LOT_023,11.112,12.3174,12.7852,13.141,0,healthy,0.0,50.0,9.6153,1
SN_007281,LOT_023,11.2904,12.7308,13.1598,13.3739,0,healthy,0.0,50.0,9.6153,1
SN_007282,LOT_023,8.3153,9.3412,9.7191,9.727,0,healthy,0.0,50.0,9.6153,1
SN_007283,LOT_023,10.2846,11.039,11.3822,11.4085,0,healthy,0.0,50.0,9.6153,1
SN_007284,LOT_023,11.5342,12.3352,12.6009,12.6239,0,healthy,0.0,50.0,9.6153,1
SN_007285,LOT_023,9.3046,9.804,9.9432,10.1245,0,healthy,0.0,50.0,9.6153,1
SN_007286,LOT_023,11.2582,12.4799,13.0274,13.2551,0,healthy,0.0,50.0,9.6153,1
SN_007287,LOT_023,8.967,10.077,10.5309,10.5708,0,healthy,0.0,50.0,9.6153,1
SN_007288,LOT_023,8.8271,9.9481,10.1485,10.1997,0,healthy,0.0,50.0,9.6153,1
SN_007289,LOT_023,10.9605,12.3091,12.6711,13.0088,0,healthy,0.0,50.0,9.6153,1
SN_007290,LOT_023,10.693,11.619,11.8968,12.0106,0,healthy,0.0,50.0,9.6153,1
SN_007291,LOT_023,8.7056,9.6703,10.0189,10.1616,0,healthy,0.0,50.0,9.6153,1
SN_007292,LOT_023,9.7286,10.5105,10.7468,10.7424,0,healthy,0.0,50.0,9.6153,1
SN_007293,LOT_023,13.6493,15.1622,15.5369,15.9611,0,healthy,0.0,50.0,9.6153,1
SN_007294,LOT_023,9.087,9.7922,10.1505,10.223,0,healthy,0.0,50.0,9.6153,1
SN_007295,LOT_023,10.2707,10.8266,10.9469,11.0704,0,healthy,0.0,50.0,9.6153,1
SN_007296,LOT_023,8.4715,9.3982,9.8091,9.8767,0,healthy,0.0,50.0,9.6153,1
SN_007297,LOT_023,11.9254,12.4835,12.5562,12.7056,0,healthy,0.0,50.0,9.6153,1
SN_007298,LOT_023,7.7965,8.429,8.4937,8.5816,0,healthy,0.0,50.0,9.6153,1
SN_007299,LOT_023,9.4829,10.1079,10.0913,10.1662,0,healthy,0.0,50.0,9.6153,1
SN_007300,LOT_023,10.7248,11.404,11.4702,11.6555,0,healthy,0.0,50.0,9.6153,1
SN_007301,LOT_023,9.7659,11.0941,11.6492,11.7393,0,healthy,0.0,50.0,9.6153,1
SN_007302,LOT_023,5.6793,6.3016,6.5789,6.7157,0,healthy,0.0,50.0,9.6153,1
SN_007303,LOT_023,7.1512,7.7286,8.2075,8.2654,0,healthy,0.0,50.0,9.6153,1
SN_007304,LOT_023,5.9839,6.5363,6.6019,6.7498,0,healthy,0.0,50.0,9.6153,1
SN_007305,LOT_023,11.5146,12.876,13.1532,13.315,0,healthy,0.0,50.0,9.6153,1
SN_007306,LOT_023,10.4035,11.1589,11.3381,11.6032,0,healthy,0.0,50.0,9.6153,1
SN_007307,LOT_023,10.4285,11.3283,11.4231,11.7415,0,healthy,0.0,50.0,9.6153,1
SN_007308,LOT_023,8.8166,9.6339,9.8389,10.0307,0,healthy,0.0,50.0,9.6153,1
SN_007309,LOT_023,10.0394,11.4503,11.6082,11.8768,0,healthy,0.0,50.0,9.6153,1
SN_007310,LOT_023,8.7704,9.4595,9.5186,9.605,0,healthy,0.0,50.0,9.6153,1
SN_007311,LOT_023,6.1382,6.8342,7.0713,7.2285,0,healthy,0.0,50.0,9.6153,1
SN_007312,LOT_023,9.9962,10.5274,10.9807,11.081,0,healthy,0.0,50.0,9.6153,1
SN_007313,LOT_023,9.5109,10.3733,10.6931,10.6418,0,healthy,0.0,50.0,9.6153,1
SN_007314,LOT_023,8.6531,9.5021,10.0938,10.2894,0,healthy,0.0,50.0,9.6153,1
SN_007315,LOT_023,6.7944,7.3324,7.5435,7.6702,0,healthy,0.0,50.0,9.6153,1
SN_007316,LOT_023,11.0856,12.2083,12.7477,13.0468,0,healthy,0.0,50.0,9.6153,1
SN_007317,LOT_023,11.3734,12.7185,12.9546,13.3046,0,healthy,0.0,50.0,9.6153,1
SN_007318,LOT_023,13.851,14.4367,15.2716,15.3277,0,healthy,0.0,50.0,9.6153,1
SN_007319,LOT_023,8.1848,9.1449,9.5097,9.6864,0,healthy,0.0,50.0,9.6153,1
SN_007320,LOT_023,13.629,14.1631,14.4847,14.716,0,healthy,0.0,50.0,9.6153,1
SN_007321,LOT_023,15.4816,17.0137,17.8185,18.1125,0,healthy,0.0,50.0,9.6153,1
SN_007322,LOT_023,13.0755,14.131,14.527,14.6799,0,healthy,0.0,50.0,9.6153,1
SN_007323,LOT_023,11.6755,12.3799,12.3848,12.4256,0,healthy,0.0,50.0,9.6153,1
SN_007324,LOT_023,8.2275,8.9874,9.1916,9.1595,0,healthy,0.0,50.0,9.6153,1
SN_007325,LOT_023,7.6263,8.5848,8.8459,9.1123,0,healthy,0.0,50.0,9.6153,1
SN_007326,LOT_023,8.8784,9.4028,9.5775,9.6599,0,healthy,0.0,50.0,9.6153,1
SN_007327,LOT_023,11.9396,12.6427,12.8714,13.126,0,healthy,0.0,50.0,9.6153,1
SN_007328,LOT_023,9.4703,10.0449,10.2263,10.4235,0,healthy,0.0,50.0,9.6153,1
SN_007329,LOT_023,9.5116,10.0439,10.3773,10.4601,0,healthy,0.0,50.0,9.6153,1
SN_007330,LOT_023,10.7651,11.9319,12.4367,12.5732,0,healthy,0.0,50.0,9.6153,1
SN_007331,LOT_023,10.8457,11.8644,12.3621,12.371,0,healthy,0.0,50.0,9.6153,1
SN_007332,LOT_023,9.0354,10.1238,10.3116,10.5522,0,healthy,0.0,50.0,9.6153,1
SN_007333,LOT_023,6.8334,7.065,7.1055,7.2274,0,healthy,0.0,50.0,9.6153,1
SN_007334,LOT_023,9.3198,9.9574,10.1619,10.3485,0,healthy,0.0,50.0,9.6153,1
SN_007335,LOT_023,8.557,9.0123,9.1781,9.2755,0,healthy,0.0,50.0,9.6153,1
SN_007336,LOT_023,9.4461,10.0766,10.5014,10.5996,0,healthy,0.0,50.0,9.6153,1
SN_007337,LOT_023,9.575,10.4275,10.6469,10.8786,0,healthy,0.0,50.0,9.6153,1
SN_007338,LOT_023,10.1301,11.1009,11.663,11.8365,0,healthy,0.0,50.0,9.6153,1
SN_007339,LOT_023,9.0423,9.6845,9.972,10.1309,0,healthy,0.0,50.0,9.6153,1
SN_007340,LOT_023,8.0506,8.3923,8.4589,8.5143,0,healthy,0.0,50.0,9.6153,1
SN_007341,LOT_023,15.4213,15.9031,16.1013,16.3736,0,healthy,0.0,50.0,9.6153,1
SN_007342,LOT_023,11.1886,11.8298,12.0296,12.3128,0,healthy,0.0,50.0,9.6153,1
SN_007343,LOT_023,11.8375,12.8825,13.3775,13.5498,0,healthy,0.0,50.0,9.6153,1
SN_007344,LOT_023,12.0915,13.5837,14.2389,14.373,0,healthy,0.0,50.0,9.6153,1
SN_007345,LOT_023,7.9998,8.3112,8.4798,8.539,0,healthy,0.0,50.0,9.6153,1
SN_007346,LOT_023,9.996,10.4384,10.6092,10.8113,0,healthy,0.0,50.0,9.6153,1
SN_007347,LOT_023,7.892,8.1965,8.2375,8.3912,0,healthy,0.0,50.0,9.6153,1
SN_007348,LOT_023,9.0112,9.4952,9.5445,9.6336,0,healthy,0.0,50.0,9.6153,1
SN_007349,LOT_023,7.6426,8.5931,8.7033,8.8223,0,healthy,0.0,50.0,9.6153,1
SN_007350,LOT_023,8.2758,9.3203,9.7348,9.7765,0,healthy,0.0,50.0,9.6153,1
SN_007351,LOT_023,9.7434,10.4452,10.8004,10.913,0,healthy,0.0,50.0,9.6153,1
SN_007352,LOT_023,9.0477,9.3045,9.3311,9.4617,0,healthy,0.0,50.0,9.6153,1
SN_007353,LOT_023,9.4243,10.4697,10.8409,11.1984,0,healthy,0.0,50.0,9.6153,1
SN_007354,LOT_023,8.9681,9.4632,9.6372,9.9125,0,healthy,0.0,50.0,9.6153,1
SN_007355,LOT_023,10.6756,11.6941,12.1379,12.2597,0,healthy,0.0,50.0,9.6153,1
SN_007356,LOT_023,11.576,12.2145,12.6091,12.5841,0,healthy,0.0,50.0,9.6153,1
SN_007357,LOT_023,9.7301,10.6658,10.9443,11.1008,0,healthy,0.0,50.0,9.6153,1
SN_007358,LOT_023,8.2266,8.9703,9.0475,9.2917,0,healthy,0.0,50.0,9.6153,1
SN_007359,LOT_023,10.3851,11.434,11.7103,11.9681,0,healthy,0.0,50.0,9.6153,1
SN_007360,LOT_023,10.4127,11.167,11.5745,11.6054,0,healthy,0.0,50.0,9.6153,1
SN_007361,LOT_023,8.4908,9.555,9.7305,9.7747,0,healthy,0.0,50.0,9.6153,1
SN_007362,LOT_024,13.2024,13.9228,13.8777,14.114,0,healthy,0.0,50.0,11.3869,0
SN_007363,LOT_024,12.3835,13.7379,14.6152,15.0772,0,healthy,0.0,50.0,11.3869,0
SN_007364,LOT_024,11.2446,12.5775,13.1661,13.0672,0,healthy,0.0,50.0,11.3869,0
SN_007365,LOT_024,10.8424,12.1963,12.6494,13.0449,0,healthy,0.0,50.0,11.3869,0
SN_007366,LOT_024,9.9718,10.4895,10.6734,10.7032,0,healthy,0.0,50.0,11.3869,0
SN_007367,LOT_024,11.6198,12.3484,12.6256,12.7034,0,healthy,0.0,50.0,11.3869,0
SN_007368,LOT_024,10.9478,12.4772,12.9674,13.3205,0,healthy,0.0,50.0,11.3869,0
SN_007369,LOT_024,11.7295,13.2476,13.7259,14.0446,0,healthy,0.0,50.0,11.3869,0
SN_007370,LOT_024,13.6313,14.6188,14.8695,15.2613,0,healthy,0.0,50.0,11.3869,0
SN_007371,LOT_024,9.6576,10.6043,10.8798,11.0044,0,healthy,0.0,50.0,11.3869,0
SN_007372,LOT_024,14.0522,15.8322,16.3955,17.0422,0,healthy,0.0,50.0,11.3869,0
SN_007373,LOT_024,10.607,11.7401,12.2247,12.5136,0,healthy,0.0,50.0,11.3869,0
SN_007374,LOT_024,11.4174,12.4843,12.771,13.0602,0,healthy,0.0,50.0,11.3869,0
SN_007375,LOT_024,11.8321,12.9812,13.4298,13.5304,0,healthy,0.0,50.0,11.3869,0
SN_007376,LOT_024,10.3141,11.2874,11.4754,11.6818,0,healthy,0.0,50.0,11.3869,0
SN_007377,LOT_024,10.4652,11.3937,11.7865,11.9709,0,healthy,0.0,50.0,11.3869,0
SN_007378,LOT_024,11.9392,12.4916,12.796,12.6628,0,healthy,0.0,50.0,11.3869,0
SN_007379,LOT_024,11.5811,12.6762,13.4358,13.6991,0,healthy,0.0,50.0,11.3869,0
SN_007380,LOT_024,10.4666,11.6972,12.0743,12.0901,0,healthy,0.0,50.0,11.3869,0
SN_007381,LOT_024,13.5158,14.5725,14.6686,14.5167,0,healthy,0.0,50.0,11.3869,0
SN_007382,LOT_024,12.163,13.4527,13.987,14.1279,0,healthy,0.0,50.0,11.3869,0
SN_007383,LOT_024,9.9527,11.0229,11.3589,11.4915,0,healthy,0.0,50.0,11.3869,0
SN_007384,LOT_024,13.5226,14.0684,14.4056,14.7037,0,healthy,0.0,50.0,11.3869,0
SN_007385,LOT_024,10.9113,11.7805,12.0154,12.309,0,healthy,0.0,50.0,11.3869,0
SN_007386,LOT_024,10.9973,12.0895,12.4427,12.7911,0,healthy,0.0,50.0,11.3869,0
SN_007387,LOT_024,9.394,10.3421,10.7991,11.14,0,healthy,0.0,50.0,11.3869,0
SN_007388,LOT_024,11.098,12.1464,12.3826,12.8112,0,healthy,0.0,50.0,11.3869,0
SN_007389,LOT_024,9.3493,9.754,10.0243,9.9991,0,healthy,0.0,50.0,11.3869,0
SN_007390,LOT_024,9.6503,10.3312,10.5276,10.6081,0,healthy,0.0,50.0,11.3869,0
SN_007391,LOT_024,10.3673,10.9227,11.4346,11.4196,0,healthy,0.0,50.0,11.3869,0
SN_007392,LOT_024,11.7129,12.9565,13.7432,13.9972,0,healthy,0.0,50.0,11.3869,0
SN_007393,LOT_024,9.668,10.8568,10.9047,11.1985,0,healthy,0.0,50.0,11.3869,0
SN_007394,LOT_024,10.0094,11.1101,11.6232,11.9171,0,healthy,0.0,50.0,11.3869,0
SN_007395,LOT_024,13.7618,14.4,14.8039,14.7631,0,healthy,0.0,50.0,11.3869,0
SN_007396,LOT_024,10.7362,11.5193,11.8632,11.9664,0,healthy,0.0,50.0,11.3869,0
SN_007397,LOT_024,11.2734,12.1287,12.4058,12.8136,0,healthy,0.0,50.0,11.3869,0
SN_007398,LOT_024,8.7064,9.5602,9.8278,9.9683,0,healthy,0.0,50.0,11.3869,0
SN_007399,LOT_024,12.9055,13.8438,14.1319,14.2574,0,healthy,0.0,50.0,11.3869,0
SN_007400,LOT_024,11.883,12.3882,12.4829,12.6959,0,healthy,0.0,50.0,11.3869,0
SN_007401,LOT_024,10.3264,10.8438,11.1809,11.2207,0,healthy,0.0,50.0,11.3869,0
SN_007402,LOT_024,13.3463,14.9631,15.5775,15.636,0,healthy,0.0,50.0,11.3869,0
SN_007403,LOT_024,10.2131,11.3314,11.7007,11.9092,0,healthy,0.0,50.0,11.3869,0
SN_007404,LOT_024,11.314,12.5049,12.8375,12.7225,0,healthy,0.0,50.0,11.3869,0
SN_007405,LOT_024,11.9206,12.9416,13.3975,13.7053,0,healthy,0.0,50.0,11.3869,0
SN_007406,LOT_024,12.3047,14.0879,14.5969,14.8208,0,healthy,0.0,50.0,11.3869,0
SN_007407,LOT_024,10.7182,11.0884,11.4072,11.4238,0,healthy,0.0,50.0,11.3869,0
SN_007408,LOT_024,12.9582,14.4646,15.1183,15.1943,0,healthy,0.0,50.0,11.3869,0
SN_007409,LOT_024,12.2778,12.6749,12.8531,12.9112,0,healthy,0.0,50.0,11.3869,0
SN_007410,LOT_024,12.9506,13.9917,14.2825,14.8878,0,healthy,0.0,50.0,11.3869,0
SN_007411,LOT_024,13.4242,15.0055,15.8572,15.9401,0,healthy,0.0,50.0,11.3869,0
SN_007412,LOT_024,9.9252,10.3815,10.5375,10.5749,0,healthy,0.0,50.0,11.3869,0
SN_007413,LOT_024,10.0221,10.487,10.8818,10.6853,0,healthy,0.0,50.0,11.3869,0
SN_007414,LOT_024,9.9847,10.9817,11.1884,11.3615,0,healthy,0.0,50.0,11.3869,0
SN_007415,LOT_024,10.1598,10.6583,11.0028,10.8743,0,healthy,0.0,50.0,11.3869,0
SN_007416,LOT_024,9.8391,10.3759,10.6379,10.7215,0,healthy,0.0,50.0,11.3869,0
SN_007417,LOT_024,10.5623,11.3856,11.54,11.7374,0,healthy,0.0,50.0,11.3869,0
SN_007418,LOT_024,9.8925,10.3786,10.634,10.4899,0,healthy,0.0,50.0,11.3869,0
SN_007419,LOT_024,12.1312,12.7372,12.9244,12.9588,0,healthy,0.0,50.0,11.3869,0
SN_007420,LOT_024,11.9101,12.7387,13.2434,13.1763,0,healthy,0.0,50.0,11.3869,0
SN_007421,LOT_024,13.5279,28.2232,33.3169,33.5177,1,mobile_ion,0.5726,50.0,11.3869,0
SN_007422,LOT_024,10.9314,12.02,12.5595,12.8178,0,healthy,0.0,50.0,11.3869,0
SN_007423,LOT_024,12.669,13.5635,13.8124,14.4215,0,healthy,0.0,50.0,11.3869,0
SN_007424,LOT_024,10.5575,11.0257,11.2353,11.328,0,healthy,0.0,50.0,11.3869,0
SN_007425,LOT_024,13.8974,14.8314,15.3105,15.4842,0,healthy,0.0,50.0,11.3869,0
SN_007426,LOT_024,10.2857,10.8602,10.987,11.0803,0,healthy,0.0,50.0,11.3869,0
SN_007427,LOT_024,9.9418,10.7463,11.1806,11.4387,0,healthy,0.0,50.0,11.3869,0
SN_007428,LOT_024,12.1478,12.9998,13.4373,13.489,0,healthy,0.0,50.0,11.3869,0
SN_007429,LOT_024,9.1341,9.9307,10.1563,10.2802,0,healthy,0.0,50.0,11.3869,0
SN_007430,LOT_024,11.0193,12.0431,12.4186,12.5974,0,healthy,0.0,50.0,11.3869,0
SN_007431,LOT_024,11.7259,12.9141,13.1521,13.1132,0,healthy,0.0,50.0,11.3869,0
SN_007432,LOT_024,13.4759,14.7204,15.4494,15.7892,0,healthy,0.0,50.0,11.3869,0
SN_007433,LOT_024,12.0904,12.7131,13.1657,13.2552,0,healthy,0.0,50.0,11.3869,0
SN_007434,LOT_024,11.3704,12.4326,13.0217,13.256,0,healthy,0.0,50.0,11.3869,0
SN_007435,LOT_024,10.3947,10.9932,11.2591,11.4371,0,healthy,0.0,50.0,11.3869,0
SN_007436,LOT_024,11.6036,12.3494,12.6057,12.9294,0,healthy,0.0,50.0,11.3869,0
SN_007437,LOT_024,12.0543,13.4625,13.9886,14.3352,0,healthy,0.0,50.0,11.3869,0
SN_007438,LOT_024,11.4918,12.5707,12.9714,13.389,0,healthy,0.0,50.0,11.3869,0
SN_007439,LOT_024,9.9072,10.5576,10.9178,10.7552,0,healthy,0.0,50.0,11.3869,0
SN_007440,LOT_024,12.3346,14.0937,14.2821,14.8472,0,healthy,0.0,50.0,11.3869,0
SN_007441,LOT_024,11.7553,13.0999,13.4748,13.9761,0,healthy,0.0,50.0,11.3869,0
SN_007442,LOT_024,11.4613,11.9945,12.1232,12.3411,0,healthy,0.0,50.0,11.3869,0
SN_007443,LOT_024,11.8881,12.9411,13.3316,13.9351,0,healthy,0.0,50.0,11.3869,0
SN_007444,LOT_024,14.4014,15.5703,15.7518,15.8008,0,healthy,0.0,50.0,11.3869,0
SN_007445,LOT_024,12.7155,14.2283,14.7073,14.8393,0,healthy,0.0,50.0,11.3869,0
SN_007446,LOT_024,10.9206,11.8419,12.1295,12.1813,0,healthy,0.0,50.0,11.3869,0
SN_007447,LOT_024,12.9571,14.0807,14.4901,14.6846,0,healthy,0.0,50.0,11.3869,0
SN_007448,LOT_024,9.0106,10.2003,10.5543,10.7565,0,healthy,0.0,50.0,11.3869,0
SN_007449,LOT_024,10.9263,11.776,12.2036,12.2694,0,healthy,0.0,50.0,11.3869,0
SN_007450,LOT_024,11.3034,12.8812,13.2392,13.3964,0,healthy,0.0,50.0,11.3869,0
SN_007451,LOT_024,10.593,11.3992,11.6747,11.8509,0,healthy,0.0,50.0,11.3869,0
SN_007452,LOT_024,10.8409,11.9141,12.5968,12.7854,0,healthy,0.0,50.0,11.3869,0
SN_007453,LOT_024,11.0937,12.4879,12.8582,13.1994,0,healthy,0.0,50.0,11.3869,0
SN_007454,LOT_024,11.2677,12.4645,13.1524,13.4489,0,healthy,0.0,50.0,11.3869,0
SN_007455,LOT_024,11.99,13.2295,13.347,13.6836,0,healthy,0.0,50.0,11.3869,0
SN_007456,LOT_024,12.2552,12.6872,12.7125,12.8229,0,healthy,0.0,50.0,11.3869,0
SN_007457,LOT_024,11.0428,11.8116,12.3356,12.5787,0,healthy,0.0,50.0,11.3869,0
SN_007458,LOT_024,10.9838,11.9774,12.1733,12.3035,0,healthy,0.0,50.0,11.3869,0
SN_007459,LOT_024,12.2044,13.6252,13.9311,14.1083,0,healthy,0.0,50.0,11.3869,0
SN_007460,LOT_024,11.2877,11.7267,11.9505,11.9266,0,healthy,0.0,50.0,11.3869,0
SN_007461,LOT_024,12.2587,13.2172,13.5555,13.459,0,healthy,0.0,50.0,11.3869,0
SN_007462,LOT_024,11.3394,12.1569,12.6035,13.0021,0,healthy,0.0,50.0,11.3869,0
SN_007463,LOT_024,10.8584,11.8571,12.547,12.7233,0,healthy,0.0,50.0,11.3869,0
SN_007464,LOT_024,10.1853,11.2195,11.5099,11.658,0,healthy,0.0,50.0,11.3869,0
SN_007465,LOT_024,10.1629,11.0663,11.0743,11.2057,0,healthy,0.0,50.0,11.3869,0
SN_007466,LOT_024,11.0021,11.6191,12.2175,12.3256,0,healthy,0.0,50.0,11.3869,0
SN_007467,LOT_024,10.9834,12.5489,12.9701,13.1309,0,healthy,0.0,50.0,11.3869,0
SN_007468,LOT_024,10.8573,11.4785,11.8627,11.9273,0,healthy,0.0,50.0,11.3869,0
SN_007469,LOT_024,11.317,12.0913,12.6218,12.7152,0,healthy,0.0,50.0,11.3869,0
SN_007470,LOT_024,12.696,13.2098,13.7045,13.7715,0,healthy,0.0,50.0,11.3869,0
SN_007471,LOT_024,11.1118,12.1883,12.6885,12.8701,0,healthy,0.0,50.0,11.3869,0
SN_007472,LOT_024,12.995,14.363,14.8949,15.2852,0,healthy,0.0,50.0,11.3869,0
SN_007473,LOT_024,10.5498,11.2266,11.6681,11.9738,0,healthy,0.0,50.0,11.3869,0
SN_007474,LOT_024,9.3419,10.5892,10.799,10.8083,0,healthy,0.0,50.0,11.3869,0
SN_007475,LOT_024,11.3666,12.5057,12.8316,13.1426,0,healthy,0.0,50.0,11.3869,0
SN_007476,LOT_024,9.6869,10.0337,10.2873,10.425,0,healthy,0.0,50.0,11.3869,0
SN_007477,LOT_024,10.2171,11.0554,11.5106,11.5783,0,healthy,0.0,50.0,11.3869,0
SN_007478,LOT_024,11.1592,11.8016,11.8706,11.8476,0,healthy,0.0,50.0,11.3869,0
SN_007479,LOT_024,12.0435,12.5366,12.9,12.6344,0,healthy,0.0,50.0,11.3869,0
SN_007480,LOT_024,11.1079,12.5222,12.8988,13.1077,0,healthy,0.0,50.0,11.3869,0
SN_007481,LOT_024,12.3751,13.307,13.7159,13.599,0,healthy,0.0,50.0,11.3869,0
SN_007482,LOT_024,11.3777,12.4156,12.744,12.8404,0,healthy,0.0,50.0,11.3869,0
SN_007483,LOT_024,14.3561,14.7586,15.2218,15.1205,0,healthy,0.0,50.0,11.3869,0
SN_007484,LOT_024,11.5251,12.2791,13.1782,13.1555,0,healthy,0.0,50.0,11.3869,0
SN_007485,LOT_024,11.0056,11.7984,11.9612,11.9591,0,healthy,0.0,50.0,11.3869,0
SN_007486,LOT_024,13.3116,14.2947,14.748,14.6772,0,healthy,0.0,50.0,11.3869,0
SN_007487,LOT_024,11.0515,11.5925,11.9273,11.7928,0,healthy,0.0,50.0,11.3869,0
SN_007488,LOT_024,12.3784,12.9508,13.0985,13.2876,0,healthy,0.0,50.0,11.3869,0
SN_007489,LOT_024,10.9973,12.2256,12.7741,13.067,0,healthy,0.0,50.0,11.3869,0
SN_007490,LOT_024,12.9161,13.5651,13.7296,13.6595,0,healthy,0.0,50.0,11.3869,0
SN_007491,LOT_024,12.9921,14.8417,15.0499,15.2986,0,healthy,0.0,50.0,11.3869,0
SN_007492,LOT_024,11.7564,12.5304,12.6933,12.8473,0,healthy,0.0,50.0,11.3869,0
SN_007493,LOT_024,13.4764,14.0705,14.2997,14.3098,0,healthy,0.0,50.0,11.3869,0
SN_007494,LOT_024,14.4235,14.8507,15.3364,15.2561,0,healthy,0.0,50.0,11.3869,0
SN_007495,LOT_024,11.8254,12.2565,12.7356,12.5837,0,healthy,0.0,50.0,11.3869,0
SN_007496,LOT_024,11.4876,12.5095,12.9658,13.2375,0,healthy,0.0,50.0,11.3869,0
SN_007497,LOT_024,10.5909,11.3946,11.4278,11.6602,0,healthy,0.0,50.0,11.3869,0
SN_007498,LOT_024,11.1645,12.2132,12.5484,12.6416,0,healthy,0.0,50.0,11.3869,0
SN_007499,LOT_024,10.0139,11.2714,11.2392,11.3965,0,healthy,0.0,50.0,11.3869,0
SN_007500,LOT_024,13.5249,15.051,15.5326,15.6769,0,healthy,0.0,50.0,11.3869,0
SN_007501,LOT_024,11.6414,12.3115,12.4546,12.8015,0,healthy,0.0,50.0,11.3869,0
SN_007502,LOT_024,13.2421,14.9977,15.6774,15.9166,0,healthy,0.0,50.0,11.3869,0
SN_007503,LOT_024,12.7482,13.7921,14.399,14.4834,0,healthy,0.0,50.0,11.3869,0
SN_007504,LOT_024,9.0456,9.669,9.8761,10.077,0,healthy,0.0,50.0,11.3869,0
SN_007505,LOT_024,13.6633,14.9161,15.153,15.5194,0,healthy,0.0,50.0,11.3869,0
SN_007506,LOT_024,12.8979,13.9681,13.8807,13.9815,0,healthy,0.0,50.0,11.3869,0
SN_007507,LOT_024,9.7669,10.3742,10.4935,10.7075,0,healthy,0.0,50.0,11.3869,0
SN_007508,LOT_024,12.2646,12.796,12.8126,13.1252,0,healthy,0.0,50.0,11.3869,0
SN_007509,LOT_024,11.7361,12.1838,12.3847,12.5168,0,healthy,0.0,50.0,11.3869,0
SN_007510,LOT_024,12.5852,13.6165,14.2042,14.2242,0,healthy,0.0,50.0,11.3869,0
SN_007511,LOT_024,10.7828,11.0775,11.3964,11.3359,0,healthy,0.0,50.0,11.3869,0
SN_007512,LOT_024,12.534,13.7963,13.8109,13.9757,0,healthy,0.0,50.0,11.3869,0
SN_007513,LOT_024,9.373,10.0155,10.1554,10.3893,0,healthy,0.0,50.0,11.3869,0
SN_007514,LOT_024,11.7587,12.4118,12.5982,12.5647,0,healthy,0.0,50.0,11.3869,0
SN_007515,LOT_024,11.9236,12.8579,13.0926,13.4409,0,healthy,0.0,50.0,11.3869,0
SN_007516,LOT_024,11.8395,12.249,12.6216,12.5536,0,healthy,0.0,50.0,11.3869,0
SN_007517,LOT_024,11.0488,11.9543,12.3008,12.4883,0,healthy,0.0,50.0,11.3869,0
SN_007518,LOT_024,11.4974,12.0444,12.3656,12.4553,0,healthy,0.0,50.0,11.3869,0
SN_007519,LOT_024,10.8246,11.9007,11.9772,12.1718,0,healthy,0.0,50.0,11.3869,0
SN_007520,LOT_024,11.5271,12.7401,13.1986,13.6516,0,healthy,0.0,50.0,11.3869,0
SN_007521,LOT_024,9.1677,9.494,9.6022,9.6987,0,healthy,0.0,50.0,11.3869,0
SN_007522,LOT_024,11.556,12.5305,13.4842,13.6376,0,healthy,0.0,50.0,11.3869,0
SN_007523,LOT_024,12.1749,13.3037,13.5542,13.772,0,healthy,0.0,50.0,11.3869,0
SN_007524,LOT_024,11.2597,12.4938,13.0956,13.2985,0,healthy,0.0,50.0,11.3869,0
SN_007525,LOT_024,11.5493,12.6529,13.0519,13.145,0,healthy,0.0,50.0,11.3869,0
SN_007526,LOT_024,36.2258,37.3884,40.0993,43.3274,1,subtle_in_spec,0.2725,50.0,11.3869,0
SN_007527,LOT_024,11.0265,11.9664,12.2407,12.3385,0,healthy,0.0,50.0,11.3869,0
SN_007528,LOT_024,14.1029,15.67,16.0961,16.1331,0,healthy,0.0,50.0,11.3869,0
SN_007529,LOT_024,10.2844,11.4421,11.9759,11.8896,0,healthy,0.0,50.0,11.3869,0
SN_007530,LOT_024,11.2977,12.0414,12.1753,12.2668,0,healthy,0.0,50.0,11.3869,0
SN_007531,LOT_024,11.4025,11.8811,12.2793,12.386,0,healthy,0.0,50.0,11.3869,0
SN_007532,LOT_024,9.1393,10.1504,10.5707,10.6975,0,healthy,0.0,50.0,11.3869,0
SN_007533,LOT_024,11.9521,12.5768,12.8555,13.0312,0,healthy,0.0,50.0,11.3869,0
SN_007534,LOT_024,12.9413,13.6037,14.0344,14.1046,0,healthy,0.0,50.0,11.3869,0
SN_007535,LOT_024,9.9925,10.7838,11.1506,11.2799,0,healthy,0.0,50.0,11.3869,0
SN_007536,LOT_024,13.4722,14.488,15.1189,15.1021,0,healthy,0.0,50.0,11.3869,0
SN_007537,LOT_024,10.4638,10.8565,11.1279,11.1214,0,healthy,0.0,50.0,11.3869,0
SN_007538,LOT_024,13.0377,14.0474,14.4347,14.4131,0,healthy,0.0,50.0,11.3869,0
SN_007539,LOT_024,7.8806,8.7688,8.799,8.8814,0,healthy,0.0,50.0,11.3869,0
SN_007540,LOT_024,11.9481,12.9116,13.262,13.4205,0,healthy,0.0,50.0,11.3869,0
SN_007541,LOT_024,10.4564,11.3341,11.6724,11.711,0,healthy,0.0,50.0,11.3869,0
SN_007542,LOT_024,11.1339,12.2873,12.7908,12.8997,0,healthy,0.0,50.0,11.3869,0
SN_007543,LOT_024,13.8696,15.7041,16.0839,16.5576,0,healthy,0.0,50.0,11.3869,0
SN_007544,LOT_024,10.2049,10.9197,11.4041,11.5125,0,healthy,0.0,50.0,11.3869,0
SN_007545,LOT_024,11.9627,13.5429,14.2535,14.1553,0,healthy,0.0,50.0,11.3869,0
SN_007546,LOT_024,11.5858,12.9297,13.1514,13.5042,0,healthy,0.0,50.0,11.3869,0
SN_007547,LOT_024,12.2268,13.4988,14.0551,14.4291,0,healthy,0.0,50.0,11.3869,0
SN_007548,LOT_024,10.6375,11.2463,11.5213,11.5747,0,healthy,0.0,50.0,11.3869,0
SN_007549,LOT_024,10.2149,10.8666,11.2223,11.2647,0,healthy,0.0,50.0,11.3869,0
SN_007550,LOT_024,11.0823,12.1749,12.4812,12.4703,0,healthy,0.0,50.0,11.3869,0
SN_007551,LOT_024,13.2475,13.7057,14.0479,14.0285,0,healthy,0.0,50.0,11.3869,0
SN_007552,LOT_024,11.2321,12.1418,12.3589,12.4217,0,healthy,0.0,50.0,11.3869,0
SN_007553,LOT_024,10.6497,12.046,12.5108,12.5642,0,healthy,0.0,50.0,11.3869,0
SN_007554,LOT_024,12.7355,13.7225,14.0493,14.6022,0,healthy,0.0,50.0,11.3869,0
SN_007555,LOT_024,10.6939,11.5497,11.5868,11.7065,0,healthy,0.0,50.0,11.3869,0
SN_007556,LOT_024,13.3821,14.946,15.2971,15.5769,0,healthy,0.0,50.0,11.3869,0
SN_007557,LOT_024,11.8368,13.3176,13.7108,13.9508,0,healthy,0.0,50.0,11.3869,0
SN_007558,LOT_024,12.4917,13.4617,13.7847,14.0105,0,healthy,0.0,50.0,11.3869,0
SN_007559,LOT_024,13.9622,14.9643,15.4523,15.3805,0,healthy,0.0,50.0,11.3869,0
SN_007560,LOT_024,14.0877,14.8625,15.0721,15.2857,0,healthy,0.0,50.0,11.3869,0
SN_007561,LOT_024,12.1229,13.4484,13.7342,13.9755,0,healthy,0.0,50.0,11.3869,0
SN_007562,LOT_024,9.9884,10.4993,10.7476,10.7937,0,healthy,0.0,50.0,11.3869,0
SN_007563,LOT_024,13.2602,13.9934,14.3286,14.3885,0,healthy,0.0,50.0,11.3869,0
SN_007564,LOT_024,10.7251,11.2391,11.4337,11.4124,0,healthy,0.0,50.0,11.3869,0
SN_007565,LOT_024,11.0496,12.042,12.5109,12.7977,0,healthy,0.0,50.0,11.3869,0
SN_007566,LOT_024,9.3594,9.8897,10.0306,10.1545,0,healthy,0.0,50.0,11.3869,0
SN_007567,LOT_024,13.4254,14.4604,14.567,14.7558,0,healthy,0.0,50.0,11.3869,0
SN_007568,LOT_024,13.6873,14.5022,14.3633,14.5823,0,healthy,0.0,50.0,11.3869,0
SN_007569,LOT_024,13.2006,14.6388,14.7763,15.0468,0,healthy,0.0,50.0,11.3869,0
SN_007570,LOT_024,9.2132,9.6428,9.8287,10.1046,0,healthy,0.0,50.0,11.3869,0
SN_007571,LOT_025,8.3764,9.4028,9.6628,9.9889,0,healthy,0.0,50.0,7.8751,0
SN_007572,LOT_025,8.0071,8.5794,8.7607,8.826,0,healthy,0.0,50.0,7.8751,0
SN_007573,LOT_025,7.8717,8.1458,8.2274,8.3179,0,healthy,0.0,50.0,7.8751,0
SN_007574,LOT_025,9.1951,9.9056,10.0043,10.2601,0,healthy,0.0,50.0,7.8751,0
SN_007575,LOT_025,7.6107,8.2604,8.4641,8.4826,0,healthy,0.0,50.0,7.8751,0
SN_007576,LOT_025,7.6003,8.0587,8.1384,8.1765,0,healthy,0.0,50.0,7.8751,0
SN_007577,LOT_025,9.0095,9.5139,9.7975,10.0426,0,healthy,0.0,50.0,7.8751,0
SN_007578,LOT_025,7.8118,8.1369,8.3611,8.6094,0,healthy,0.0,50.0,7.8751,0
SN_007579,LOT_025,7.8434,8.8055,9.1475,9.3,0,healthy,0.0,50.0,7.8751,0
SN_007580,LOT_025,7.7535,8.5791,8.9409,9.0838,0,healthy,0.0,50.0,7.8751,0
SN_007581,LOT_025,8.5587,9.1341,9.4695,9.5844,0,healthy,0.0,50.0,7.8751,0
SN_007582,LOT_025,7.3011,8.2708,8.4865,8.8113,0,healthy,0.0,50.0,7.8751,0
SN_007583,LOT_025,8.7618,9.8235,10.2504,10.4383,0,healthy,0.0,50.0,7.8751,0
SN_007584,LOT_025,7.7277,8.0038,8.194,8.1559,0,healthy,0.0,50.0,7.8751,0
SN_007585,LOT_025,7.6537,8.3225,8.5688,8.7302,0,healthy,0.0,50.0,7.8751,0
SN_007586,LOT_025,7.2846,7.4645,7.6903,7.787,0,healthy,0.0,50.0,7.8751,0
SN_007587,LOT_025,7.8268,8.1701,8.2221,8.207,0,healthy,0.0,50.0,7.8751,0
SN_007588,LOT_025,7.5991,8.47,8.5953,8.6414,0,healthy,0.0,50.0,7.8751,0
SN_007589,LOT_025,7.319,7.6299,7.7985,7.8219,0,healthy,0.0,50.0,7.8751,0
SN_007590,LOT_025,6.8152,7.3462,7.5064,7.5333,0,healthy,0.0,50.0,7.8751,0
SN_007591,LOT_025,8.1621,8.6715,8.8716,8.9777,0,healthy,0.0,50.0,7.8751,0
SN_007592,LOT_025,8.3269,8.851,8.8075,9.1096,0,healthy,0.0,50.0,7.8751,0
SN_007593,LOT_025,7.4305,8.347,8.5938,8.6871,0,healthy,0.0,50.0,7.8751,0
SN_007594,LOT_025,8.2769,8.9433,9.0418,9.0303,0,healthy,0.0,50.0,7.8751,0
SN_007595,LOT_025,6.9341,7.4569,7.7323,7.7899,0,healthy,0.0,50.0,7.8751,0
SN_007596,LOT_025,6.931,7.1747,7.3299,7.403,0,healthy,0.0,50.0,7.8751,0
SN_007597,LOT_025,7.0447,7.6194,7.8454,7.9827,0,healthy,0.0,50.0,7.8751,0
SN_007598,LOT_025,8.638,9.7448,10.0636,10.3264,0,healthy,0.0,50.0,7.8751,0
SN_007599,LOT_025,7.21,8.0479,8.1017,8.3372,0,healthy,0.0,50.0,7.8751,0
SN_007600,LOT_025,9.4408,10.3438,10.6067,10.8604,0,healthy,0.0,50.0,7.8751,0
SN_007601,LOT_025,7.4526,8.235,8.6793,8.8859,0,healthy,0.0,50.0,7.8751,0
SN_007602,LOT_025,8.9239,9.5062,9.8051,9.8463,0,healthy,0.0,50.0,7.8751,0
SN_007603,LOT_025,7.5494,7.8661,8.166,8.203,0,healthy,0.0,50.0,7.8751,0
SN_007604,LOT_025,7.5577,8.1964,8.5277,8.5717,0,healthy,0.0,50.0,7.8751,0
SN_007605,LOT_025,7.7577,8.0953,8.1474,8.1998,0,healthy,0.0,50.0,7.8751,0
SN_007606,LOT_025,6.3857,6.6192,6.9585,7.0362,0,healthy,0.0,50.0,7.8751,0
SN_007607,LOT_025,8.6658,9.1986,9.5811,9.6506,0,healthy,0.0,50.0,7.8751,0
SN_007608,LOT_025,7.1584,7.7004,7.8363,7.9231,0,healthy,0.0,50.0,7.8751,0
SN_007609,LOT_025,7.9618,8.2825,8.3763,8.4828,0,healthy,0.0,50.0,7.8751,0
SN_007610,LOT_025,6.585,7.2449,7.5792,7.6471,0,healthy,0.0,50.0,7.8751,0
SN_007611,LOT_025,7.7401,8.4581,8.7476,9.0539,0,healthy,0.0,50.0,7.8751,0
SN_007612,LOT_025,6.4072,6.823,7.0485,7.1413,0,healthy,0.0,50.0,7.8751,0
SN_007613,LOT_025,8.1709,8.7785,8.8706,9.1027,0,healthy,0.0,50.0,7.8751,0
SN_007614,LOT_025,22.1739,22.5695,23.9589,25.5127,1,subtle_in_spec,0.1263,50.0,7.8751,0
SN_007615,LOT_025,9.1827,9.8423,10.0701,10.1864,0,healthy,0.0,50.0,7.8751,0
SN_007616,LOT_025,8.8675,9.3431,9.4491,9.5579,0,healthy,0.0,50.0,7.8751,0
SN_007617,LOT_025,8.358,9.1322,9.5245,9.7328,0,healthy,0.0,50.0,7.8751,0
SN_007618,LOT_025,7.2098,7.4782,7.5706,7.7403,0,healthy,0.0,50.0,7.8751,0
SN_007619,LOT_025,7.2395,7.8349,8.1146,8.0186,0,healthy,0.0,50.0,7.8751,0
SN_007620,LOT_025,8.1936,9.2613,9.5869,9.7062,0,healthy,0.0,50.0,7.8751,0
SN_007621,LOT_025,7.5503,8.1581,8.3221,8.414,0,healthy,0.0,50.0,7.8751,0
SN_007622,LOT_025,7.8794,8.218,8.2579,8.1995,0,healthy,0.0,50.0,7.8751,0
SN_007623,LOT_025,8.2644,9.3794,9.6146,9.7507,0,healthy,0.0,50.0,7.8751,0
SN_007624,LOT_025,8.3444,8.7771,8.8203,8.9392,0,healthy,0.0,50.0,7.8751,0
SN_007625,LOT_025,7.2571,7.7219,7.8861,7.9426,0,healthy,0.0,50.0,7.8751,0
SN_007626,LOT_025,9.2706,9.9287,10.1126,10.2536,0,healthy,0.0,50.0,7.8751,0
SN_007627,LOT_025,7.1209,7.5487,7.7277,7.8827,0,healthy,0.0,50.0,7.8751,0
SN_007628,LOT_025,7.9569,8.5524,8.7809,8.8462,0,healthy,0.0,50.0,7.8751,0
SN_007629,LOT_025,8.081,8.8933,9.1119,9.1671,0,healthy,0.0,50.0,7.8751,0
SN_007630,LOT_025,9.0623,9.7099,9.8757,10.064,0,healthy,0.0,50.0,7.8751,0
SN_007631,LOT_025,9.1275,10.0078,10.4554,10.5711,0,healthy,0.0,50.0,7.8751,0
SN_007632,LOT_025,8.0653,8.6072,8.7875,9.0096,0,healthy,0.0,50.0,7.8751,0
SN_007633,LOT_025,7.6116,8.3018,8.6202,8.9409,0,healthy,0.0,50.0,7.8751,0
SN_007634,LOT_025,7.9641,8.4617,8.7424,8.9244,0,healthy,0.0,50.0,7.8751,0
SN_007635,LOT_025,7.1973,7.7231,7.9793,7.974,0,healthy,0.0,50.0,7.8751,0
SN_007636,LOT_025,6.9328,7.2423,7.4528,7.5406,0,healthy,0.0,50.0,7.8751,0
SN_007637,LOT_025,8.5174,8.467,11.378,18.1051,1,tddb_dielectric,0.2108,50.0,7.8751,0
SN_007638,LOT_025,6.9093,7.6356,7.8725,8.1045,0,healthy,0.0,50.0,7.8751,0
SN_007639,LOT_025,7.3163,7.7325,8.0146,8.1193,0,healthy,0.0,50.0,7.8751,0
SN_007640,LOT_025,7.6603,8.4249,8.731,8.8123,0,healthy,0.0,50.0,7.8751,0
SN_007641,LOT_025,9.4512,10.3963,10.514,10.7999,0,healthy,0.0,50.0,7.8751,0
SN_007642,LOT_025,8.1913,8.5391,8.7048,8.6399,0,healthy,0.0,50.0,7.8751,0
SN_007643,LOT_025,9.2392,9.7916,9.794,9.8518,0,healthy,0.0,50.0,7.8751,0
SN_007644,LOT_025,7.6356,8.1017,8.1737,8.2051,0,healthy,0.0,50.0,7.8751,0
SN_007645,LOT_025,8.4854,9.3469,9.5347,9.618,0,healthy,0.0,50.0,7.8751,0
SN_007646,LOT_025,8.6126,9.3277,9.457,9.5966,0,healthy,0.0,50.0,7.8751,0
SN_007647,LOT_025,8.177,8.6126,8.846,8.8711,0,healthy,0.0,50.0,7.8751,0
SN_007648,LOT_025,7.6336,8.2631,8.4603,8.6427,0,healthy,0.0,50.0,7.8751,0
SN_007649,LOT_025,6.8608,7.5308,7.7595,7.7005,0,healthy,0.0,50.0,7.8751,0
SN_007650,LOT_025,7.3502,7.997,8.3852,8.5258,0,healthy,0.0,50.0,7.8751,0
SN_007651,LOT_025,6.9463,7.3387,7.4001,7.4443,0,healthy,0.0,50.0,7.8751,0
SN_007652,LOT_025,7.1701,7.9924,8.3984,8.5643,0,healthy,0.0,50.0,7.8751,0
SN_007653,LOT_025,8.2682,8.8665,8.968,9.2922,0,healthy,0.0,50.0,7.8751,0
SN_007654,LOT_025,7.6973,8.6334,8.8486,9.0081,0,healthy,0.0,50.0,7.8751,0
SN_007655,LOT_025,7.6591,8.0061,8.2093,8.276,0,healthy,0.0,50.0,7.8751,0
SN_007656,LOT_025,7.222,8.0741,8.4256,8.5836,0,healthy,0.0,50.0,7.8751,0
SN_007657,LOT_025,7.4294,7.8535,8.0706,8.2171,0,healthy,0.0,50.0,7.8751,0
SN_007658,LOT_025,7.3347,7.4926,7.5315,7.6936,0,healthy,0.0,50.0,7.8751,0
SN_007659,LOT_025,8.9054,10.3283,14.1122,18.1607,1,electromigration,0.0981,50.0,7.8751,0
SN_007660,LOT_025,9.4485,10.0505,10.5603,10.5845,0,healthy,0.0,50.0,7.8751,0
SN_007661,LOT_025,7.6281,7.9035,7.9653,8.0225,0,healthy,0.0,50.0,7.8751,0
SN_007662,LOT_025,7.5743,8.3224,8.7017,8.7511,0,healthy,0.0,50.0,7.8751,0
SN_007663,LOT_025,8.1837,9.1064,9.3744,9.6914,0,healthy,0.0,50.0,7.8751,0
SN_007664,LOT_025,7.3237,8.3656,8.59,8.6093,0,healthy,0.0,50.0,7.8751,0
SN_007665,LOT_025,6.9594,7.4719,7.6168,7.7928,0,healthy,0.0,50.0,7.8751,0
SN_007666,LOT_025,7.3951,7.8624,7.9803,7.7998,0,healthy,0.0,50.0,7.8751,0
SN_007667,LOT_025,9.9605,10.6127,10.7096,10.7748,0,healthy,0.0,50.0,7.8751,0
SN_007668,LOT_025,6.3011,6.5827,6.822,6.8448,0,healthy,0.0,50.0,7.8751,0
SN_007669,LOT_025,8.0453,8.3706,8.6094,8.7185,0,healthy,0.0,50.0,7.8751,0
SN_007670,LOT_025,7.5657,7.9478,8.0428,8.2695,0,healthy,0.0,50.0,7.8751,0
SN_007671,LOT_025,8.5145,9.2535,9.3756,9.5404,0,healthy,0.0,50.0,7.8751,0
SN_007672,LOT_025,9.5325,10.602,10.9751,11.3153,0,healthy,0.0,50.0,7.8751,0
SN_007673,LOT_025,7.5647,8.0338,8.2654,8.3594,0,healthy,0.0,50.0,7.8751,0
SN_007674,LOT_025,6.8596,7.1305,7.2359,7.3454,0,healthy,0.0,50.0,7.8751,0
SN_007675,LOT_025,6.727,7.2455,7.3514,7.3503,0,healthy,0.0,50.0,7.8751,0
SN_007676,LOT_025,7.5958,8.2626,8.4761,8.5699,0,healthy,0.0,50.0,7.8751,0
SN_007677,LOT_025,8.4122,8.9707,9.1327,9.1782,0,healthy,0.0,50.0,7.8751,0
SN_007678,LOT_025,7.013,7.4375,7.6762,7.829,0,healthy,0.0,50.0,7.8751,0
SN_007679,LOT_025,7.747,8.4741,8.7918,8.9342,0,healthy,0.0,50.0,7.8751,0
SN_007680,LOT_025,7.8997,8.5022,8.6604,8.7293,0,healthy,0.0,50.0,7.8751,0
SN_007681,LOT_025,9.3481,10.0065,10.5265,10.4723,0,healthy,0.0,50.0,7.8751,0
SN_007682,LOT_025,7.7645,8.0888,8.2891,8.3744,0,healthy,0.0,50.0,7.8751,0
SN_007683,LOT_025,8.9962,9.5481,9.7509,9.8092,0,healthy,0.0,50.0,7.8751,0
SN_007684,LOT_025,8.4768,8.8827,9.243,9.1531,0,healthy,0.0,50.0,7.8751,0
SN_007685,LOT_025,8.9474,9.6442,9.9828,10.1372,0,healthy,0.0,50.0,7.8751,0
SN_007686,LOT_025,8.2984,8.8394,8.9657,9.1018,0,healthy,0.0,50.0,7.8751,0
SN_007687,LOT_025,7.4643,7.8744,8.0478,8.0862,0,healthy,0.0,50.0,7.8751,0
SN_007688,LOT_025,9.2133,9.8715,10.3021,10.3449,0,healthy,0.0,50.0,7.8751,0
SN_007689,LOT_025,7.3519,7.7763,7.9164,7.8693,0,healthy,0.0,50.0,7.8751,0
SN_007690,LOT_025,7.3849,8.1384,8.4699,8.456,0,healthy,0.0,50.0,7.8751,0
SN_007691,LOT_025,8.6543,9.7351,10.0692,10.2662,0,healthy,0.0,50.0,7.8751,0
SN_007692,LOT_025,10.4739,11.319,11.5549,11.7052,0,healthy,0.0,50.0,7.8751,0
SN_007693,LOT_025,6.9815,7.2077,7.4499,7.5215,0,healthy,0.0,50.0,7.8751,0
SN_007694,LOT_025,8.3659,8.8371,8.8739,8.951,0,healthy,0.0,50.0,7.8751,0
SN_007695,LOT_025,7.2949,7.6854,7.8196,7.908,0,healthy,0.0,50.0,7.8751,0
SN_007696,LOT_025,6.9325,7.5778,7.8357,7.9071,0,healthy,0.0,50.0,7.8751,0
SN_007697,LOT_025,7.4924,7.6697,7.9027,7.9074,0,healthy,0.0,50.0,7.8751,0
SN_007698,LOT_025,8.7575,9.3366,9.6984,9.8928,0,healthy,0.0,50.0,7.8751,0
SN_007699,LOT_025,6.4548,7.2442,9.5332,11.812,1,electromigration,0.0133,50.0,7.8751,0
SN_007700,LOT_025,6.9709,7.7081,8.1219,8.3207,0,healthy,0.0,50.0,7.8751,0
SN_007701,LOT_025,6.9346,7.8275,8.1795,8.2713,0,healthy,0.0,50.0,7.8751,0
SN_007702,LOT_025,7.9917,8.6339,8.807,8.9255,0,healthy,0.0,50.0,7.8751,0
SN_007703,LOT_025,7.7915,8.26,8.5621,8.5869,0,healthy,0.0,50.0,7.8751,0
SN_007704,LOT_025,7.641,7.8729,8.0485,8.232,0,healthy,0.0,50.0,7.8751,0
SN_007705,LOT_025,6.9955,7.7724,7.9408,8.193,0,healthy,0.0,50.0,7.8751,0
SN_007706,LOT_025,7.577,8.216,8.3742,8.5604,0,healthy,0.0,50.0,7.8751,0
SN_007707,LOT_025,8.609,9.2705,9.3951,9.5786,0,healthy,0.0,50.0,7.8751,0
SN_007708,LOT_025,8.9429,9.5492,9.8128,9.7695,0,healthy,0.0,50.0,7.8751,0
SN_007709,LOT_025,7.5627,8.3745,8.6309,8.8699,0,healthy,0.0,50.0,7.8751,0
SN_007710,LOT_025,8.79,9.5318,9.7561,9.7201,0,healthy,0.0,50.0,7.8751,0
SN_007711,LOT_025,7.9289,8.7507,9.1007,9.0712,0,healthy,0.0,50.0,7.8751,0
SN_007712,LOT_025,8.7392,9.4824,9.7321,9.9122,0,healthy,0.0,50.0,7.8751,0
SN_007713,LOT_025,6.7537,6.9911,7.1563,7.2387,0,healthy,0.0,50.0,7.8751,0
SN_007714,LOT_025,7.8116,8.4083,8.6076,8.7142,0,healthy,0.0,50.0,7.8751,0
SN_007715,LOT_025,8.8027,9.6498,10.0544,10.1538,0,healthy,0.0,50.0,7.8751,0
SN_007716,LOT_025,8.347,9.0827,9.3869,9.4815,0,healthy,0.0,50.0,7.8751,0
SN_007717,LOT_025,8.834,10.0219,10.3356,10.4731,0,healthy,0.0,50.0,7.8751,0
SN_007718,LOT_025,9.4617,10.412,10.6499,10.7581,0,healthy,0.0,50.0,7.8751,0
SN_007719,LOT_025,6.4462,7.3383,7.6467,7.7,0,healthy,0.0,50.0,7.8751,0
SN_007720,LOT_025,8.1989,8.7691,9.0762,9.3261,0,healthy,0.0,50.0,7.8751,0
SN_007721,LOT_025,8.498,9.2415,9.4491,9.6692,0,healthy,0.0,50.0,7.8751,0
SN_007722,LOT_025,7.0769,7.7644,7.8989,8.0964,0,healthy,0.0,50.0,7.8751,0
SN_007723,LOT_025,7.8039,8.7495,9.0404,8.9503,0,healthy,0.0,50.0,7.8751,0
SN_007724,LOT_025,8.0696,8.5513,8.7351,8.8398,0,healthy,0.0,50.0,7.8751,0
SN_007725,LOT_025,7.7367,8.0946,8.2556,8.4805,0,healthy,0.0,50.0,7.8751,0
SN_007726,LOT_025,7.8076,8.4436,8.6639,8.7596,0,healthy,0.0,50.0,7.8751,0
SN_007727,LOT_025,8.3502,12.943,14.8563,15.0794,1,mobile_ion,0.2339,50.0,7.8751,0
SN_007728,LOT_025,7.459,7.7926,7.9071,7.7862,0,healthy,0.0,50.0,7.8751,0
SN_007729,LOT_025,7.667,8.4185,8.687,8.8006,0,healthy,0.0,50.0,7.8751,0
SN_007730,LOT_025,8.368,8.7312,9.0423,9.0457,0,healthy,0.0,50.0,7.8751,0
SN_007731,LOT_025,8.3111,9.0797,9.4396,9.5939,0,healthy,0.0,50.0,7.8751,0
SN_007732,LOT_025,8.7795,9.7159,9.9696,10.3013,0,healthy,0.0,50.0,7.8751,0
SN_007733,LOT_025,7.5014,7.7801,7.9829,8.0377,0,healthy,0.0,50.0,7.8751,0
SN_007734,LOT_025,7.8123,8.6829,9.0594,9.1641,0,healthy,0.0,50.0,7.8751,0
SN_007735,LOT_025,8.4709,8.9567,9.5279,9.656,0,healthy,0.0,50.0,7.8751,0
SN_007736,LOT_025,7.8866,8.4021,8.5067,8.7157,0,healthy,0.0,50.0,7.8751,0
SN_007737,LOT_025,8.5921,8.9458,9.1185,9.2788,0,healthy,0.0,50.0,7.8751,0
SN_007738,LOT_025,9.7512,10.7919,11.0188,11.1968,0,healthy,0.0,50.0,7.8751,0
SN_007739,LOT_025,8.1615,8.5028,8.7302,8.8782,0,healthy,0.0,50.0,7.8751,0
SN_007740,LOT_025,8.2823,9.2064,9.6639,9.935,0,healthy,0.0,50.0,7.8751,0
SN_007741,LOT_025,7.8963,8.8181,9.0935,9.1569,0,healthy,0.0,50.0,7.8751,0
SN_007742,LOT_025,7.0743,7.559,7.709,7.741,0,healthy,0.0,50.0,7.8751,0
SN_007743,LOT_025,8.2768,9.1572,9.428,9.4868,0,healthy,0.0,50.0,7.8751,0
SN_007744,LOT_025,7.068,7.7234,7.9429,8.0733,0,healthy,0.0,50.0,7.8751,0
SN_007745,LOT_025,9.8377,10.5196,10.5036,10.5822,0,healthy,0.0,50.0,7.8751,0
SN_007746,LOT_025,7.4934,8.2974,8.5469,8.6814,0,healthy,0.0,50.0,7.8751,0
SN_007747,LOT_025,7.8469,8.6587,9.1724,9.311,0,healthy,0.0,50.0,7.8751,0
SN_007748,LOT_025,7.8572,8.1794,8.165,8.2193,0,healthy,0.0,50.0,7.8751,0
SN_007749,LOT_025,9.0653,9.5742,9.6469,9.5934,0,healthy,0.0,50.0,7.8751,0
SN_007750,LOT_025,6.8555,7.609,7.9414,8.2036,0,healthy,0.0,50.0,7.8751,0
SN_007751,LOT_025,8.2589,8.9703,9.1347,9.198,0,healthy,0.0,50.0,7.8751,0
SN_007752,LOT_025,8.7316,9.1352,9.4269,9.3891,0,healthy,0.0,50.0,7.8751,0
SN_007753,LOT_025,7.5971,8.4818,8.8057,8.9957,0,healthy,0.0,50.0,7.8751,0
SN_007754,LOT_025,7.1567,7.8074,8.0622,8.0455,0,healthy,0.0,50.0,7.8751,0
SN_007755,LOT_025,9.2747,10.2053,10.6167,10.7865,0,healthy,0.0,50.0,7.8751,0
SN_007756,LOT_025,8.132,8.5818,8.9005,9.0869,0,healthy,0.0,50.0,7.8751,0
SN_007757,LOT_025,7.8985,8.4445,8.5129,8.5428,0,healthy,0.0,50.0,7.8751,0
SN_007758,LOT_025,8.199,8.7387,8.8348,9.0513,0,healthy,0.0,50.0,7.8751,0
SN_007759,LOT_025,8.2422,9.1425,9.4424,9.7273,0,healthy,0.0,50.0,7.8751,0
SN_007760,LOT_025,6.8645,7.2029,7.3304,7.2731,0,healthy,0.0,50.0,7.8751,0
SN_007761,LOT_025,8.1309,8.778,8.9859,9.1004,0,healthy,0.0,50.0,7.8751,0
SN_007762,LOT_025,9.7456,10.375,10.5455,10.5469,0,healthy,0.0,50.0,7.8751,0
SN_007763,LOT_025,7.9524,8.1249,8.2899,8.4087,0,healthy,0.0,50.0,7.8751,0
SN_007764,LOT_025,7.471,7.7121,7.8683,7.8523,0,healthy,0.0,50.0,7.8751,0
SN_007765,LOT_025,9.322,9.644,9.836,9.8715,0,healthy,0.0,50.0,7.8751,0
SN_007766,LOT_025,6.7044,9.7965,12.0007,13.276,1,nbti_ageing,0.5184,50.0,7.8751,0
SN_007767,LOT_025,8.9329,9.9538,10.2485,10.4271,0,healthy,0.0,50.0,7.8751,0
SN_007768,LOT_025,7.2282,8.1883,8.4677,8.6265,0,healthy,0.0,50.0,7.8751,0
SN_007769,LOT_025,8.6822,9.2965,9.3852,9.4819,0,healthy,0.0,50.0,7.8751,0
SN_007770,LOT_025,7.4927,7.9182,7.9822,8.0747,0,healthy,0.0,50.0,7.8751,0
SN_007771,LOT_025,7.6758,8.5335,8.6986,8.7715,0,healthy,0.0,50.0,7.8751,0
SN_007772,LOT_025,10.7341,11.5605,11.7957,11.7159,0,healthy,0.0,50.0,7.8751,0
SN_007773,LOT_025,7.4987,8.217,8.4292,8.4744,0,healthy,0.0,50.0,7.8751,0
SN_007774,LOT_025,7.7382,8.183,8.4539,8.6118,0,healthy,0.0,50.0,7.8751,0
SN_007775,LOT_025,7.4062,8.2223,8.5369,8.6374,0,healthy,0.0,50.0,7.8751,0
SN_007776,LOT_025,7.1659,8.0303,8.3473,8.6099,0,healthy,0.0,50.0,7.8751,0
SN_007777,LOT_025,6.7194,7.2854,7.5936,7.7563,0,healthy,0.0,50.0,7.8751,0
SN_007778,LOT_025,8.1016,8.8868,9.1889,9.2686,0,healthy,0.0,50.0,7.8751,0
SN_007779,LOT_025,8.4062,9.0711,9.454,9.5827,0,healthy,0.0,50.0,7.8751,0
SN_007780,LOT_025,8.0487,8.5247,8.8035,8.8669,0,healthy,0.0,50.0,7.8751,0
SN_007781,LOT_025,8.5994,9.5043,9.819,10.0991,0,healthy,0.0,50.0,7.8751,0
SN_007782,LOT_025,8.9498,9.9229,10.472,10.5706,0,healthy,0.0,50.0,7.8751,0
SN_007783,LOT_025,8.0625,9.0103,9.3536,9.6262,0,healthy,0.0,50.0,7.8751,0
SN_007784,LOT_025,7.796,8.9494,9.1344,9.3719,0,healthy,0.0,50.0,7.8751,0
SN_007785,LOT_025,8.947,9.8324,10.3467,10.5529,0,healthy,0.0,50.0,7.8751,0
SN_007786,LOT_025,9.0412,10.0958,10.2857,10.377,0,healthy,0.0,50.0,7.8751,0
SN_007787,LOT_025,7.3778,8.0568,8.3945,8.5131,0,healthy,0.0,50.0,7.8751,0
SN_007788,LOT_025,7.9654,8.7625,8.9378,9.0316,0,healthy,0.0,50.0,7.8751,0
SN_007789,LOT_025,7.7913,8.2536,8.4722,8.6241,0,healthy,0.0,50.0,7.8751,0
SN_007790,LOT_025,9.1583,9.4676,9.6218,9.4672,0,healthy,0.0,50.0,7.8751,0
SN_007791,LOT_025,7.6704,8.0722,8.3129,8.3221,0,healthy,0.0,50.0,7.8751,0
SN_007792,LOT_025,7.4027,8.1701,8.3795,8.4788,0,healthy,0.0,50.0,7.8751,0
SN_007793,LOT_025,8.6088,9.6294,10.0952,10.1821,0,healthy,0.0,50.0,7.8751,0
SN_007794,LOT_025,6.7388,7.4524,7.5959,7.8474,0,healthy,0.0,50.0,7.8751,0
SN_007795,LOT_025,9.1135,9.5327,9.8724,9.9897,0,healthy,0.0,50.0,7.8751,0
SN_007796,LOT_025,6.9689,7.2441,7.2576,7.2955,0,healthy,0.0,50.0,7.8751,0
SN_007797,LOT_025,7.7054,8.0486,8.204,8.3141,0,healthy,0.0,50.0,7.8751,0
SN_007798,LOT_025,7.1624,8.0907,8.3372,8.3646,0,healthy,0.0,50.0,7.8751,0
SN_007799,LOT_025,8.5221,9.6503,9.7163,10.0489,0,healthy,0.0,50.0,7.8751,0
SN_007800,LOT_025,7.7643,8.2811,8.357,8.4144,0,healthy,0.0,50.0,7.8751,0
SN_007801,LOT_025,6.9494,7.3033,7.3933,7.4446,0,healthy,0.0,50.0,7.8751,0
SN_007802,LOT_025,8.3943,9.2207,9.5833,9.7331,0,healthy,0.0,50.0,7.8751,0
SN_007803,LOT_025,8.4438,8.8443,9.1387,9.2636,0,healthy,0.0,50.0,7.8751,0
SN_007804,LOT_025,7.5429,7.7674,8.0002,8.1014,0,healthy,0.0,50.0,7.8751,0
SN_007805,LOT_025,8.5773,9.0402,8.9573,9.0945,0,healthy,0.0,50.0,7.8751,0
SN_007806,LOT_025,8.4254,9.2668,9.5614,9.6249,0,healthy,0.0,50.0,7.8751,0
SN_007807,LOT_025,8.3845,9.0371,9.4179,9.6692,0,healthy,0.0,50.0,7.8751,0
SN_007808,LOT_025,7.8171,8.1793,8.2335,8.2781,0,healthy,0.0,50.0,7.8751,0
SN_007809,LOT_025,8.1576,8.8862,9.0289,9.1505,0,healthy,0.0,50.0,7.8751,0
SN_007810,LOT_025,7.743,8.3185,8.5474,8.6742,0,healthy,0.0,50.0,7.8751,0
SN_007811,LOT_025,7.8919,8.233,8.4106,8.4844,0,healthy,0.0,50.0,7.8751,0
SN_007812,LOT_025,8.2427,8.6053,8.7857,8.8426,0,healthy,0.0,50.0,7.8751,0
SN_007813,LOT_025,6.8184,7.7605,7.8699,8.0667,0,healthy,0.0,50.0,7.8751,0
SN_007814,LOT_025,7.9066,8.3532,8.6125,8.609,0,healthy,0.0,50.0,7.8751,0
SN_007815,LOT_025,8.6729,9.1601,9.4197,9.399,0,healthy,0.0,50.0,7.8751,0
SN_007816,LOT_025,8.2458,8.5249,8.5979,8.6367,0,healthy,0.0,50.0,7.8751,0
SN_007817,LOT_025,8.4545,8.9615,9.0507,9.2222,0,healthy,0.0,50.0,7.8751,0
SN_007818,LOT_025,7.2791,7.9678,7.9624,8.1333,0,healthy,0.0,50.0,7.8751,0
SN_007819,LOT_025,7.5713,8.4654,8.9762,9.0729,0,healthy,0.0,50.0,7.8751,0
SN_007820,LOT_025,7.3404,7.7202,7.8047,7.7646,0,healthy,0.0,50.0,7.8751,0
SN_007821,LOT_025,7.8212,8.4709,8.9007,9.1039,0,healthy,0.0,50.0,7.8751,0
SN_007822,LOT_025,8.4319,9.6338,9.9788,10.043,0,healthy,0.0,50.0,7.8751,0
SN_007823,LOT_025,7.5007,7.8631,7.8822,7.9433,0,healthy,0.0,50.0,7.8751,0
SN_007824,LOT_025,8.2008,8.6952,8.8011,8.9352,0,healthy,0.0,50.0,7.8751,0
SN_007825,LOT_025,7.9037,9.045,9.1867,9.3785,0,healthy,0.0,50.0,7.8751,0
SN_007826,LOT_025,7.6032,8.0791,8.0545,8.2231,0,healthy,0.0,50.0,7.8751,0
SN_007827,LOT_025,7.2991,7.6401,7.6658,7.7605,0,healthy,0.0,50.0,7.8751,0
SN_007828,LOT_025,6.9892,7.7715,7.8708,7.8899,0,healthy,0.0,50.0,7.8751,0
SN_007829,LOT_025,10.2441,11.0774,11.462,11.5419,0,healthy,0.0,50.0,7.8751,0
SN_007830,LOT_025,7.8103,8.8426,9.1144,9.1677,0,healthy,0.0,50.0,7.8751,0
SN_007831,LOT_025,8.5077,9.2181,9.6138,9.759,0,healthy,0.0,50.0,7.8751,0
SN_007832,LOT_025,7.2767,8.2107,8.5015,8.5935,0,healthy,0.0,50.0,7.8751,0
SN_007833,LOT_025,7.9496,8.455,8.5568,8.6409,0,healthy,0.0,50.0,7.8751,0
SN_007834,LOT_025,8.1161,8.9356,9.3704,9.5472,0,healthy,0.0,50.0,7.8751,0
SN_007835,LOT_025,8.9955,9.2402,9.5432,9.4522,0,healthy,0.0,50.0,7.8751,0
SN_007836,LOT_025,7.8564,8.2554,8.5152,8.6895,0,healthy,0.0,50.0,7.8751,0
SN_007837,LOT_025,7.4967,8.4448,8.7316,8.9148,0,healthy,0.0,50.0,7.8751,0
SN_007838,LOT_025,7.2115,7.5338,7.6465,7.6251,0,healthy,0.0,50.0,7.8751,0
SN_007839,LOT_025,9.0518,9.9624,10.3473,10.5672,0,healthy,0.0,50.0,7.8751,0
SN_007840,LOT_025,8.392,8.9652,8.9847,9.1639,0,healthy,0.0,50.0,7.8751,0
SN_007841,LOT_025,7.2894,7.825,8.0889,8.2645,0,healthy,0.0,50.0,7.8751,0
SN_007842,LOT_025,7.775,8.512,8.8726,9.0068,0,healthy,0.0,50.0,7.8751,0
SN_007843,LOT_025,6.4826,7.0823,7.1991,7.2158,0,healthy,0.0,50.0,7.8751,0
SN_007844,LOT_025,7.1777,7.9861,8.4963,8.4742,0,healthy,0.0,50.0,7.8751,0
SN_007845,LOT_025,7.0807,7.6496,7.8182,8.0556,0,healthy,0.0,50.0,7.8751,0
SN_007846,LOT_025,8.9101,9.5998,10.0351,10.3026,0,healthy,0.0,50.0,7.8751,0
SN_007847,LOT_025,7.7929,8.0228,8.2363,8.2051,0,healthy,0.0,50.0,7.8751,0
SN_007848,LOT_025,8.3895,9.1204,9.449,9.5886,0,healthy,0.0,50.0,7.8751,0
SN_007849,LOT_025,6.8318,7.378,7.6582,7.7522,0,healthy,0.0,50.0,7.8751,0
SN_007850,LOT_025,9.0838,9.8345,10.0709,10.061,0,healthy,0.0,50.0,7.8751,0
SN_007851,LOT_025,7.6634,8.5272,8.8649,9.129,0,healthy,0.0,50.0,7.8751,0
SN_007852,LOT_025,7.4616,8.052,8.3437,8.3387,0,healthy,0.0,50.0,7.8751,0
SN_007853,LOT_025,7.4291,7.7326,7.8662,7.9109,0,healthy,0.0,50.0,7.8751,0
SN_007854,LOT_025,8.012,8.3589,8.4985,8.3766,0,healthy,0.0,50.0,7.8751,0
SN_007855,LOT_025,7.8727,8.6443,8.9151,8.9729,0,healthy,0.0,50.0,7.8751,0
SN_007856,LOT_025,7.6645,7.8868,7.9466,8.1277,0,healthy,0.0,50.0,7.8751,0
SN_007857,LOT_025,7.7389,8.0714,8.2528,8.2301,0,healthy,0.0,50.0,7.8751,0
SN_007858,LOT_025,7.5937,8.309,8.6011,8.6952,0,healthy,0.0,50.0,7.8751,0
SN_007859,LOT_025,8.211,9.1888,9.3939,9.4199,0,healthy,0.0,50.0,7.8751,0
SN_007860,LOT_025,8.9782,9.8327,10.028,10.2048,0,healthy,0.0,50.0,7.8751,0
SN_007861,LOT_025,7.4726,8.4865,8.667,8.7399,0,healthy,0.0,50.0,7.8751,0
SN_007862,LOT_025,8.4617,9.3564,9.6902,9.9405,0,healthy,0.0,50.0,7.8751,0
SN_007863,LOT_025,8.3183,8.9536,9.3062,9.527,0,healthy,0.0,50.0,7.8751,0
SN_007864,LOT_025,8.0544,8.9018,9.4026,9.5817,0,healthy,0.0,50.0,7.8751,0
SN_007865,LOT_025,8.1851,8.6781,8.6713,8.8278,0,healthy,0.0,50.0,7.8751,0
SN_007866,LOT_025,6.9101,7.5339,7.8896,8.1333,0,healthy,0.0,50.0,7.8751,0
SN_007867,LOT_025,8.0489,8.8462,9.1784,9.2741,0,healthy,0.0,50.0,7.8751,0
SN_007868,LOT_025,8.3982,9.0651,9.1633,9.3107,0,healthy,0.0,50.0,7.8751,0
SN_007869,LOT_025,7.9692,8.3894,8.5179,8.694,0,healthy,0.0,50.0,7.8751,0
SN_007870,LOT_025,8.2649,9.0899,9.5128,9.6107,0,healthy,0.0,50.0,7.8751,0
SN_007871,LOT_025,7.4345,8.1884,8.6046,8.7214,0,healthy,0.0,50.0,7.8751,0
SN_007872,LOT_025,8.6888,9.06,9.3271,9.3983,0,healthy,0.0,50.0,7.8751,0
SN_007873,LOT_025,7.5737,8.1089,8.2434,8.2225,0,healthy,0.0,50.0,7.8751,0
SN_007874,LOT_025,6.4467,7.1878,7.645,7.6912,0,healthy,0.0,50.0,7.8751,0
SN_007875,LOT_025,7.3232,7.5864,7.7574,7.6874,0,healthy,0.0,50.0,7.8751,0
SN_007876,LOT_025,7.0738,7.3316,7.4564,7.5544,0,healthy,0.0,50.0,7.8751,0
SN_007877,LOT_025,8.593,9.1626,9.2765,9.4759,0,healthy,0.0,50.0,7.8751,0
SN_007878,LOT_025,8.0955,8.5002,8.5371,8.6156,0,healthy,0.0,50.0,7.8751,0
SN_007879,LOT_025,8.3516,9.442,9.712,9.6942,0,healthy,0.0,50.0,7.8751,0
SN_007880,LOT_025,8.2059,8.6096,8.7476,8.9055,0,healthy,0.0,50.0,7.8751,0
SN_007881,LOT_025,7.6025,8.3073,8.5667,8.7548,0,healthy,0.0,50.0,7.8751,0
SN_007882,LOT_025,7.9219,10.2247,11.3047,11.9591,1,nbti_ageing,0.2127,50.0,7.8751,0
SN_007883,LOT_025,8.4449,9.1525,9.5232,9.8367,0,healthy,0.0,50.0,7.8751,0
SN_007884,LOT_025,9.0408,9.1639,9.5567,9.6096,0,healthy,0.0,50.0,7.8751,0
SN_007885,LOT_025,7.403,8.0796,8.4491,8.5349,0,healthy,0.0,50.0,7.8751,0
SN_007886,LOT_026,11.0763,12.1658,12.8902,12.9327,0,healthy,0.0,50.0,12.5959,0
SN_007887,LOT_026,13.5211,14.4256,14.916,15.0776,0,healthy,0.0,50.0,12.5959,0
SN_007888,LOT_026,12.8249,14.2716,14.6323,15.1298,0,healthy,0.0,50.0,12.5959,0
SN_007889,LOT_026,11.9156,12.5468,12.5439,12.9162,0,healthy,0.0,50.0,12.5959,0
SN_007890,LOT_026,14.2734,15.6785,16.4141,16.9322,0,healthy,0.0,50.0,12.5959,0
SN_007891,LOT_026,13.0436,14.1937,14.6626,14.9868,0,healthy,0.0,50.0,12.5959,0
SN_007892,LOT_026,8.9373,9.2203,9.2566,9.4218,0,healthy,0.0,50.0,12.5959,0
SN_007893,LOT_026,13.9536,15.3571,15.8635,16.2352,0,healthy,0.0,50.0,12.5959,0
SN_007894,LOT_026,11.7585,12.7338,13.2959,13.2936,0,healthy,0.0,50.0,12.5959,0
SN_007895,LOT_026,12.0131,12.4671,12.6601,12.7521,0,healthy,0.0,50.0,12.5959,0
SN_007896,LOT_026,11.1427,12.2468,12.4322,12.7136,0,healthy,0.0,50.0,12.5959,0
SN_007897,LOT_026,13.5163,14.4125,14.4873,14.9527,0,healthy,0.0,50.0,12.5959,0
SN_007898,LOT_026,15.9184,16.4496,16.9786,17.239,0,healthy,0.0,50.0,12.5959,0
SN_007899,LOT_026,12.0538,13.5418,14.0849,14.3291,0,healthy,0.0,50.0,12.5959,0
SN_007900,LOT_026,15.4908,16.3806,16.7961,16.7566,0,healthy,0.0,50.0,12.5959,0
SN_007901,LOT_026,13.6537,15.0239,15.7273,16.0794,0,healthy,0.0,50.0,12.5959,0
SN_007902,LOT_026,15.3507,17.0515,17.2188,17.5551,0,healthy,0.0,50.0,12.5959,0
SN_007903,LOT_026,11.1364,12.5175,13.0219,13.1968,0,healthy,0.0,50.0,12.5959,0
SN_007904,LOT_026,12.004,13.3886,14.1588,14.4993,0,healthy,0.0,50.0,12.5959,0
SN_007905,LOT_026,12.045,12.5408,12.8602,12.876,0,healthy,0.0,50.0,12.5959,0
SN_007906,LOT_026,11.6847,12.7502,13.1799,13.2883,0,healthy,0.0,50.0,12.5959,0
SN_007907,LOT_026,12.1389,13.3102,13.8749,14.2165,0,healthy,0.0,50.0,12.5959,0
SN_007908,LOT_026,10.1557,10.4873,10.6355,10.8763,0,healthy,0.0,50.0,12.5959,0
SN_007909,LOT_026,11.2916,12.5942,12.8897,12.9474,0,healthy,0.0,50.0,12.5959,0
SN_007910,LOT_026,13.0191,14.2455,14.8172,15.2005,0,healthy,0.0,50.0,12.5959,0
SN_007911,LOT_026,10.7696,11.0154,11.3912,11.4162,0,healthy,0.0,50.0,12.5959,0
SN_007912,LOT_026,10.8999,12.5219,12.8369,13.0187,0,healthy,0.0,50.0,12.5959,0
SN_007913,LOT_026,12.2377,13.9909,14.3911,14.5504,0,healthy,0.0,50.0,12.5959,0
SN_007914,LOT_026,11.6028,11.9505,12.1368,12.4612,0,healthy,0.0,50.0,12.5959,0
SN_007915,LOT_026,10.706,11.7265,11.9535,12.0788,0,healthy,0.0,50.0,12.5959,0
SN_007916,LOT_026,15.8892,17.79,18.3171,18.4941,0,healthy,0.0,50.0,12.5959,0
SN_007917,LOT_026,12.6905,13.6968,13.7402,14.0027,0,healthy,0.0,50.0,12.5959,0
SN_007918,LOT_026,14.5374,15.2336,15.1881,15.4229,0,healthy,0.0,50.0,12.5959,0
SN_007919,LOT_026,15.2784,17.2404,17.8227,18.2558,0,healthy,0.0,50.0,12.5959,0
SN_007920,LOT_026,12.3479,12.7602,13.1805,13.2854,0,healthy,0.0,50.0,12.5959,0
SN_007921,LOT_026,14.0047,14.5671,15.0612,15.1488,0,healthy,0.0,50.0,12.5959,0
SN_007922,LOT_026,15.0894,15.7137,15.9972,16.4709,0,healthy,0.0,50.0,12.5959,0
SN_007923,LOT_026,33.3459,33.8372,36.4414,38.258,1,esd_oxide,0.0737,50.0,12.5959,0
SN_007924,LOT_026,15.1436,15.8955,15.9894,16.2827,0,healthy,0.0,50.0,12.5959,0
SN_007925,LOT_026,14.3397,16.2772,16.9067,17.2714,0,healthy,0.0,50.0,12.5959,0
SN_007926,LOT_026,11.6698,12.3369,12.5998,12.5455,0,healthy,0.0,50.0,12.5959,0
SN_007927,LOT_026,14.0356,15.7594,16.0153,16.0662,0,healthy,0.0,50.0,12.5959,0
SN_007928,LOT_026,11.9844,12.8243,13.3531,13.3574,0,healthy,0.0,50.0,12.5959,0
SN_007929,LOT_026,11.7114,13.2457,13.5362,13.7175,0,healthy,0.0,50.0,12.5959,0
SN_007930,LOT_026,14.5547,15.7993,16.0422,16.2576,0,healthy,0.0,50.0,12.5959,0
SN_007931,LOT_026,13.2215,14.0964,14.5164,14.6201,0,healthy,0.0,50.0,12.5959,0
SN_007932,LOT_026,12.5404,13.987,14.7216,14.9792,0,healthy,0.0,50.0,12.5959,0
SN_007933,LOT_026,12.8735,14.0374,14.4502,14.634,0,healthy,0.0,50.0,12.5959,0
SN_007934,LOT_026,14.2294,14.5114,14.85,15.2014,0,healthy,0.0,50.0,12.5959,0
SN_007935,LOT_026,12.5066,13.2535,13.5779,13.6186,0,healthy,0.0,50.0,12.5959,0
SN_007936,LOT_026,9.6147,10.0601,10.2343,10.441,0,healthy,0.0,50.0,12.5959,0
SN_007937,LOT_026,15.2583,16.9315,17.7308,17.7183,0,healthy,0.0,50.0,12.5959,0
SN_007938,LOT_026,16.6428,18.4927,19.3298,19.6456,0,healthy,0.0,50.0,12.5959,0
SN_007939,LOT_026,13.4967,14.4469,14.6963,15.0064,0,healthy,0.0,50.0,12.5959,0
SN_007940,LOT_026,10.875,11.2583,11.3702,11.4627,0,healthy,0.0,50.0,12.5959,0
SN_007941,LOT_026,14.9672,16.2791,16.4353,16.8643,0,healthy,0.0,50.0,12.5959,0
SN_007942,LOT_026,12.7289,13.6955,14.2582,14.502,0,healthy,0.0,50.0,12.5959,0
SN_007943,LOT_026,13.786,14.8211,15.0195,15.1955,0,healthy,0.0,50.0,12.5959,0
SN_007944,LOT_026,11.5244,12.7671,13.3668,13.3673,0,healthy,0.0,50.0,12.5959,0
SN_007945,LOT_026,12.5733,13.1518,13.496,13.4691,0,healthy,0.0,50.0,12.5959,0
SN_007946,LOT_026,9.3639,9.7117,9.9602,9.7781,0,healthy,0.0,50.0,12.5959,0
SN_007947,LOT_026,10.084,10.7738,11.238,11.3361,0,healthy,0.0,50.0,12.5959,0
SN_007948,LOT_026,9.6082,10.6481,11.0772,11.2498,0,healthy,0.0,50.0,12.5959,0
SN_007949,LOT_026,14.4715,16.2017,16.6744,17.175,0,healthy,0.0,50.0,12.5959,0
SN_007950,LOT_026,11.4648,11.8813,12.3613,12.4805,0,healthy,0.0,50.0,12.5959,0
SN_007951,LOT_026,14.9074,16.5123,16.8171,17.4252,0,healthy,0.0,50.0,12.5959,0
SN_007952,LOT_026,11.052,11.9745,12.4568,12.4506,0,healthy,0.0,50.0,12.5959,0
SN_007953,LOT_026,13.0351,14.2006,14.7296,15.0513,0,healthy,0.0,50.0,12.5959,0
SN_007954,LOT_026,10.5159,11.294,11.7695,12.1812,0,healthy,0.0,50.0,12.5959,0
SN_007955,LOT_026,12.809,13.41,13.7747,14.0256,0,healthy,0.0,50.0,12.5959,0
SN_007956,LOT_026,11.7981,12.2519,12.6309,12.8789,0,healthy,0.0,50.0,12.5959,0
SN_007957,LOT_026,9.692,10.925,11.1963,11.1215,0,healthy,0.0,50.0,12.5959,0
SN_007958,LOT_026,13.4319,14.726,15.2784,15.2757,0,healthy,0.0,50.0,12.5959,0
SN_007959,LOT_026,11.0298,11.5248,11.7901,11.789,0,healthy,0.0,50.0,12.5959,0
SN_007960,LOT_026,11.2453,12.4219,13.0765,13.1983,0,healthy,0.0,50.0,12.5959,0
SN_007961,LOT_026,12.2146,13.5285,13.8199,14.1113,0,healthy,0.0,50.0,12.5959,0
SN_007962,LOT_026,13.775,14.5812,15.0188,14.8866,0,healthy,0.0,50.0,12.5959,0
SN_007963,LOT_026,12.0185,12.4498,12.8113,13.0671,0,healthy,0.0,50.0,12.5959,0
SN_007964,LOT_026,12.5125,13.5769,14.1639,14.1551,0,healthy,0.0,50.0,12.5959,0
SN_007965,LOT_026,13.6877,15.0835,15.3973,15.5269,0,healthy,0.0,50.0,12.5959,0
SN_007966,LOT_026,11.6774,12.608,12.6916,12.8261,0,healthy,0.0,50.0,12.5959,0
SN_007967,LOT_026,13.3848,14.5491,14.9261,15.1813,0,healthy,0.0,50.0,12.5959,0
SN_007968,LOT_026,15.323,16.6216,17.0237,17.3931,0,healthy,0.0,50.0,12.5959,0
SN_007969,LOT_026,11.1877,12.4784,13.0588,13.3974,0,healthy,0.0,50.0,12.5959,0
SN_007970,LOT_026,13.102,14.3699,14.5868,14.8322,0,healthy,0.0,50.0,12.5959,0
SN_007971,LOT_026,13.2583,14.0034,14.3725,14.6907,0,healthy,0.0,50.0,12.5959,0
SN_007972,LOT_026,14.1427,14.9028,14.9323,15.1876,0,healthy,0.0,50.0,12.5959,0
SN_007973,LOT_026,12.0269,12.6702,13.2711,13.0388,0,healthy,0.0,50.0,12.5959,0
SN_007974,LOT_026,11.6561,12.144,12.3258,12.5994,0,healthy,0.0,50.0,12.5959,0
SN_007975,LOT_026,10.4338,10.8842,11.2318,11.5486,0,healthy,0.0,50.0,12.5959,0
SN_007976,LOT_026,14.5043,15.7122,16.556,16.596,0,healthy,0.0,50.0,12.5959,0
SN_007977,LOT_026,13.7783,15.0098,15.5388,15.7111,0,healthy,0.0,50.0,12.5959,0
SN_007978,LOT_026,11.6026,12.6046,13.1432,13.2169,0,healthy,0.0,50.0,12.5959,0
SN_007979,LOT_026,12.9916,14.3501,14.9236,15.3743,0,healthy,0.0,50.0,12.5959,0
SN_007980,LOT_026,14.5752,15.6477,16.0738,16.1628,0,healthy,0.0,50.0,12.5959,0
SN_007981,LOT_026,11.1618,11.7241,12.1074,12.1291,0,healthy,0.0,50.0,12.5959,0
SN_007982,LOT_026,11.8376,12.9389,13.3012,13.2796,0,healthy,0.0,50.0,12.5959,0
SN_007983,LOT_026,11.5093,12.5931,12.9621,13.2693,0,healthy,0.0,50.0,12.5959,0
SN_007984,LOT_026,13.5837,15.0931,15.3389,15.5221,0,healthy,0.0,50.0,12.5959,0
SN_007985,LOT_026,13.8126,15.4154,15.7311,16.0458,0,healthy,0.0,50.0,12.5959,0
SN_007986,LOT_026,14.1197,14.5656,14.6879,14.9148,0,healthy,0.0,50.0,12.5959,0
SN_007987,LOT_026,12.9777,14.2618,14.714,15.2154,0,healthy,0.0,50.0,12.5959,0
SN_007988,LOT_026,11.6731,12.3233,12.2908,12.5167,0,healthy,0.0,50.0,12.5959,0
SN_007989,LOT_026,15.9349,17.7262,18.3658,18.704,0,healthy,0.0,50.0,12.5959,0
SN_007990,LOT_026,10.6266,11.808,12.3321,12.4691,0,healthy,0.0,50.0,12.5959,0
SN_007991,LOT_026,13.2066,14.8948,15.5217,15.9438,0,healthy,0.0,50.0,12.5959,0
SN_007992,LOT_026,14.0225,15.5162,16.2478,16.6231,0,healthy,0.0,50.0,12.5959,0
SN_007993,LOT_026,13.5988,14.6127,15.0907,15.2402,0,healthy,0.0,50.0,12.5959,0
SN_007994,LOT_026,15.8341,17.6438,18.3915,18.7765,0,healthy,0.0,50.0,12.5959,0
SN_007995,LOT_026,14.7408,16.5865,17.6163,17.6586,0,healthy,0.0,50.0,12.5959,0
SN_007996,LOT_026,11.2271,12.4006,12.808,13.2898,0,healthy,0.0,50.0,12.5959,0
SN_007997,LOT_026,13.9608,15.9619,16.3426,16.4791,0,healthy,0.0,50.0,12.5959,0
SN_007998,LOT_026,12.8071,14.9184,15.1748,15.222,0,healthy,0.0,50.0,12.5959,0
SN_007999,LOT_026,13.2157,14.9328,15.5497,15.7369,0,healthy,0.0,50.0,12.5959,0
SN_008000,LOT_026,12.07,13.242,13.8171,14.0973,0,healthy,0.0,50.0,12.5959,0
SN_008001,LOT_026,16.3605,17.0908,17.416,17.7586,0,healthy,0.0,50.0,12.5959,0
SN_008002,LOT_026,15.2286,16.3128,16.631,16.8687,0,healthy,0.0,50.0,12.5959,0
SN_008003,LOT_026,13.7554,14.4613,14.7783,14.9228,0,healthy,0.0,50.0,12.5959,0
SN_008004,LOT_026,11.702,12.5565,13.4022,13.3653,0,healthy,0.0,50.0,12.5959,0
SN_008005,LOT_026,12.1007,12.6194,13.1393,13.1622,0,healthy,0.0,50.0,12.5959,0
SN_008006,LOT_026,13.4657,14.2627,14.3183,14.508,0,healthy,0.0,50.0,12.5959,0
SN_008007,LOT_026,14.2969,14.7628,15.1474,15.2865,0,healthy,0.0,50.0,12.5959,0
SN_008008,LOT_026,14.8826,15.6709,15.8026,16.2653,0,healthy,0.0,50.0,12.5959,0
SN_008009,LOT_026,11.307,11.5768,11.9518,11.9319,0,healthy,0.0,50.0,12.5959,0
SN_008010,LOT_026,12.7555,13.8505,14.2262,14.4738,0,healthy,0.0,50.0,12.5959,0
SN_008011,LOT_026,12.3706,13.4387,13.6966,14.1651,0,healthy,0.0,50.0,12.5959,0
SN_008012,LOT_026,12.4118,13.3772,13.6112,14.0625,0,healthy,0.0,50.0,12.5959,0
SN_008013,LOT_026,13.9412,15.5919,15.9713,16.1773,0,healthy,0.0,50.0,12.5959,0
SN_008014,LOT_026,13.0357,13.9453,14.5392,14.6926,0,healthy,0.0,50.0,12.5959,0
SN_008015,LOT_026,11.3744,12.5574,12.8622,12.9687,0,healthy,0.0,50.0,12.5959,0
SN_008016,LOT_026,11.0482,11.6223,11.7987,11.7411,0,healthy,0.0,50.0,12.5959,0
SN_008017,LOT_026,11.7043,12.5784,12.7521,12.8516,0,healthy,0.0,50.0,12.5959,0
SN_008018,LOT_026,14.3254,15.9343,16.768,17.1296,0,healthy,0.0,50.0,12.5959,0
SN_008019,LOT_026,11.0981,11.664,11.8778,11.9744,0,healthy,0.0,50.0,12.5959,0
SN_008020,LOT_026,16.0136,17.3471,18.0781,18.6793,0,healthy,0.0,50.0,12.5959,0
SN_008021,LOT_026,11.6219,12.3469,12.7097,12.6806,0,healthy,0.0,50.0,12.5959,0
SN_008022,LOT_026,15.1168,16.1902,16.5591,16.7664,0,healthy,0.0,50.0,12.5959,0
SN_008023,LOT_026,12.3258,13.7854,13.8801,14.0231,0,healthy,0.0,50.0,12.5959,0
SN_008024,LOT_026,12.3451,13.6489,13.8177,14.1053,0,healthy,0.0,50.0,12.5959,0
SN_008025,LOT_026,13.866,15.136,15.2218,15.2545,0,healthy,0.0,50.0,12.5959,0
SN_008026,LOT_026,11.3506,11.9024,11.8925,12.0853,0,healthy,0.0,50.0,12.5959,0
SN_008027,LOT_026,14.6981,15.6805,15.8776,15.8013,0,healthy,0.0,50.0,12.5959,0
SN_008028,LOT_026,14.1399,15.4726,16.0828,16.3814,0,healthy,0.0,50.0,12.5959,0
SN_008029,LOT_026,12.4879,13.4742,13.639,13.7451,0,healthy,0.0,50.0,12.5959,0
SN_008030,LOT_026,11.7528,12.855,13.2869,13.474,0,healthy,0.0,50.0,12.5959,0
SN_008031,LOT_026,13.2314,14.2185,14.6915,14.7876,0,healthy,0.0,50.0,12.5959,0
SN_008032,LOT_026,13.2996,14.8622,15.503,15.7625,0,healthy,0.0,50.0,12.5959,0
SN_008033,LOT_026,15.4906,16.6704,17.6482,17.4531,0,healthy,0.0,50.0,12.5959,0
SN_008034,LOT_026,9.9403,10.9381,11.2747,11.4104,0,healthy,0.0,50.0,12.5959,0
SN_008035,LOT_026,12.5097,12.9564,13.2548,13.4623,0,healthy,0.0,50.0,12.5959,0
SN_008036,LOT_026,15.5349,17.6217,18.2158,18.4863,0,healthy,0.0,50.0,12.5959,0
SN_008037,LOT_026,10.5988,11.0612,11.2099,11.0885,0,healthy,0.0,50.0,12.5959,0
SN_008038,LOT_026,15.0897,15.6255,16.0079,16.1214,0,healthy,0.0,50.0,12.5959,0
SN_008039,LOT_026,14.4503,15.1043,15.1352,15.2493,0,healthy,0.0,50.0,12.5959,0
SN_008040,LOT_026,13.7553,14.6645,14.7509,14.9548,0,healthy,0.0,50.0,12.5959,0
SN_008041,LOT_026,15.8127,16.3338,16.5364,16.4876,0,healthy,0.0,50.0,12.5959,0
SN_008042,LOT_026,11.7746,12.7092,13.1012,13.1681,0,healthy,0.0,50.0,12.5959,0
SN_008043,LOT_026,11.9101,13.3713,13.6236,13.6819,0,healthy,0.0,50.0,12.5959,0
SN_008044,LOT_026,12.017,12.6861,12.792,12.8429,0,healthy,0.0,50.0,12.5959,0
SN_008045,LOT_026,13.2342,15.0825,15.6022,15.7528,0,healthy,0.0,50.0,12.5959,0
SN_008046,LOT_026,13.0593,14.0472,14.42,14.3692,0,healthy,0.0,50.0,12.5959,0
SN_008047,LOT_026,15.3397,17.0248,17.6526,18.0794,0,healthy,0.0,50.0,12.5959,0
SN_008048,LOT_026,12.4216,13.4291,13.5655,13.7785,0,healthy,0.0,50.0,12.5959,0
SN_008049,LOT_026,13.5569,14.1912,14.7588,14.7297,0,healthy,0.0,50.0,12.5959,0
SN_008050,LOT_026,10.9207,11.8826,12.2362,12.6603,0,healthy,0.0,50.0,12.5959,0
SN_008051,LOT_026,16.2291,17.6927,18.1624,18.5472,0,healthy,0.0,50.0,12.5959,0
SN_008052,LOT_026,13.3141,14.765,15.494,15.6508,0,healthy,0.0,50.0,12.5959,0
SN_008053,LOT_026,10.6204,10.8648,11.173,10.976,0,healthy,0.0,50.0,12.5959,0
SN_008054,LOT_026,12.6429,13.5052,13.4043,13.6418,0,healthy,0.0,50.0,12.5959,0
SN_008055,LOT_026,14.9098,18.2894,20.0257,20.9896,1,nbti_ageing,0.1367,50.0,12.5959,0
SN_008056,LOT_026,12.4647,13.4026,13.5227,13.5944,0,healthy,0.0,50.0,12.5959,0
SN_008057,LOT_026,12.0731,13.0077,13.4614,13.6664,0,healthy,0.0,50.0,12.5959,0
SN_008058,LOT_026,10.8032,11.5748,11.7925,11.9748,0,healthy,0.0,50.0,12.5959,0
SN_008059,LOT_026,12.3557,13.0915,13.0856,13.3237,0,healthy,0.0,50.0,12.5959,0
SN_008060,LOT_026,11.3235,11.9458,12.0513,12.2236,0,healthy,0.0,50.0,12.5959,0
SN_008061,LOT_026,10.7697,11.6423,12.2346,12.3363,0,healthy,0.0,50.0,12.5959,0
SN_008062,LOT_026,11.3524,11.7898,11.8628,12.042,0,healthy,0.0,50.0,12.5959,0
SN_008063,LOT_026,12.2073,12.9787,13.1635,13.1786,0,healthy,0.0,50.0,12.5959,0
SN_008064,LOT_026,13.6975,14.7043,15.3385,15.2405,0,healthy,0.0,50.0,12.5959,0
SN_008065,LOT_026,13.0448,13.4153,13.4494,13.6926,0,healthy,0.0,50.0,12.5959,0
SN_008066,LOT_026,10.8182,11.2401,11.8602,11.9865,0,healthy,0.0,50.0,12.5959,0
SN_008067,LOT_026,12.8016,14.1519,14.3842,14.3325,0,healthy,0.0,50.0,12.5959,0
SN_008068,LOT_026,12.5182,13.5111,13.9396,14.0374,0,healthy,0.0,50.0,12.5959,0
SN_008069,LOT_026,11.8733,12.8783,13.387,13.5391,0,healthy,0.0,50.0,12.5959,0
SN_008070,LOT_026,12.9932,13.2866,13.4999,13.9112,0,healthy,0.0,50.0,12.5959,0
SN_008071,LOT_026,10.5115,11.5402,12.0455,12.0629,0,healthy,0.0,50.0,12.5959,0
SN_008072,LOT_026,14.558,15.3982,15.8074,15.8619,0,healthy,0.0,50.0,12.5959,0
SN_008073,LOT_026,11.3802,12.5722,13.2734,13.4967,0,healthy,0.0,50.0,12.5959,0
SN_008074,LOT_026,13.4834,14.6083,14.7443,15.0122,0,healthy,0.0,50.0,12.5959,0
SN_008075,LOT_026,14.6763,15.6011,15.5489,15.8828,0,healthy,0.0,50.0,12.5959,0
SN_008076,LOT_026,12.1546,12.7793,13.1512,13.3889,0,healthy,0.0,50.0,12.5959,0
SN_008077,LOT_026,13.8078,15.1959,15.7233,16.2235,0,healthy,0.0,50.0,12.5959,0
SN_008078,LOT_026,11.2554,12.2199,12.6588,12.6653,0,healthy,0.0,50.0,12.5959,0
SN_008079,LOT_026,11.511,11.7971,11.9383,12.1955,0,healthy,0.0,50.0,12.5959,0
SN_008080,LOT_026,11.822,12.365,12.9793,12.8933,0,healthy,0.0,50.0,12.5959,0
SN_008081,LOT_026,14.1727,15.3924,15.7434,15.8377,0,healthy,0.0,50.0,12.5959,0
SN_008082,LOT_026,12.6955,13.0135,13.3599,13.5464,0,healthy,0.0,50.0,12.5959,0
SN_008083,LOT_026,11.464,12.1142,12.2068,12.2777,0,healthy,0.0,50.0,12.5959,0
SN_008084,LOT_026,12.685,13.0964,13.288,13.3149,0,healthy,0.0,50.0,12.5959,0
SN_008085,LOT_026,11.3357,12.0534,12.487,12.4562,0,healthy,0.0,50.0,12.5959,0
SN_008086,LOT_026,13.6642,14.6217,15.1113,15.4818,0,healthy,0.0,50.0,12.5959,0
SN_008087,LOT_026,13.865,14.1584,14.3734,14.6626,0,healthy,0.0,50.0,12.5959,0
SN_008088,LOT_026,13.6013,14.6653,14.6993,14.7299,0,healthy,0.0,50.0,12.5959,0
SN_008089,LOT_026,10.8831,11.4856,11.7108,11.8499,0,healthy,0.0,50.0,12.5959,0
SN_008090,LOT_026,11.0654,11.4697,11.6385,11.8294,0,healthy,0.0,50.0,12.5959,0
SN_008091,LOT_026,12.5133,13.1992,13.5383,13.8749,0,healthy,0.0,50.0,12.5959,0
SN_008092,LOT_026,16.2857,17.289,17.5876,18.4025,0,healthy,0.0,50.0,12.5959,0
SN_008093,LOT_026,12.8947,14.4962,15.0656,15.0608,0,healthy,0.0,50.0,12.5959,0
SN_008094,LOT_026,11.6973,12.7886,13.4548,13.7262,0,healthy,0.0,50.0,12.5959,0
SN_008095,LOT_026,11.6802,12.9373,13.333,13.3472,0,healthy,0.0,50.0,12.5959,0
SN_008096,LOT_026,19.3823,21.7012,22.4461,23.2383,0,healthy,0.0,50.0,12.5959,0
SN_008097,LOT_026,14.2892,15.4628,16.207,16.485,0,healthy,0.0,50.0,12.5959,0
SN_008098,LOT_026,10.9964,11.5984,11.5866,11.8363,0,healthy,0.0,50.0,12.5959,0
SN_008099,LOT_026,10.9177,11.4032,11.6923,12.0073,0,healthy,0.0,50.0,12.5959,0
SN_008100,LOT_026,14.9705,16.1956,16.797,16.5975,0,healthy,0.0,50.0,12.5959,0
SN_008101,LOT_026,16.2578,17.5713,18.0451,18.086,0,healthy,0.0,50.0,12.5959,0
SN_008102,LOT_026,11.1681,12.0598,12.2585,12.3899,0,healthy,0.0,50.0,12.5959,0
SN_008103,LOT_026,13.8654,14.382,14.8213,14.5857,0,healthy,0.0,50.0,12.5959,0
SN_008104,LOT_026,14.0101,15.7469,16.3288,16.5713,0,healthy,0.0,50.0,12.5959,0
SN_008105,LOT_026,10.814,11.7751,11.9792,12.4748,0,healthy,0.0,50.0,12.5959,0
SN_008106,LOT_026,12.1254,12.7474,12.9068,13.0007,0,healthy,0.0,50.0,12.5959,0
SN_008107,LOT_026,12.1252,12.4531,13.0995,13.0111,0,healthy,0.0,50.0,12.5959,0
SN_008108,LOT_026,13.1999,14.5541,15.0654,15.2731,0,healthy,0.0,50.0,12.5959,0
SN_008109,LOT_026,11.8724,12.4271,12.6806,12.6375,0,healthy,0.0,50.0,12.5959,0
SN_008110,LOT_026,11.2734,11.7743,12.0125,12.2353,0,healthy,0.0,50.0,12.5959,0
SN_008111,LOT_026,15.0475,16.0656,16.7366,16.8897,0,healthy,0.0,50.0,12.5959,0
SN_008112,LOT_026,15.0975,17.0453,17.8403,17.8966,0,healthy,0.0,50.0,12.5959,0
SN_008113,LOT_026,13.9387,14.8705,15.5039,15.5874,0,healthy,0.0,50.0,12.5959,0
SN_008114,LOT_026,14.5479,17.4526,26.1807,34.6878,1,electromigration,0.2324,50.0,12.5959,0
SN_008115,LOT_026,13.1599,13.7244,13.8275,14.1214,0,healthy,0.0,50.0,12.5959,0
SN_008116,LOT_026,12.6556,14.4524,14.7638,14.9194,0,healthy,0.0,50.0,12.5959,0
SN_008117,LOT_026,10.1865,11.3715,12.0842,12.1227,0,healthy,0.0,50.0,12.5959,0
SN_008118,LOT_026,13.5852,14.9457,15.2045,15.4327,0,healthy,0.0,50.0,12.5959,0
SN_008119,LOT_026,10.6754,11.817,12.4942,12.6425,0,healthy,0.0,50.0,12.5959,0
SN_008120,LOT_026,12.0722,13.7324,14.2054,14.3199,0,healthy,0.0,50.0,12.5959,0
SN_008121,LOT_026,13.6075,14.5131,14.7082,15.1788,0,healthy,0.0,50.0,12.5959,0
SN_008122,LOT_026,12.2733,14.0282,14.3892,14.8063,0,healthy,0.0,50.0,12.5959,0
SN_008123,LOT_026,10.3565,11.3265,11.6932,12.0164,0,healthy,0.0,50.0,12.5959,0
SN_008124,LOT_026,17.0815,17.8184,18.4726,18.6684,0,healthy,0.0,50.0,12.5959,0
SN_008125,LOT_026,12.2099,13.056,13.2809,13.1959,0,healthy,0.0,50.0,12.5959,0
SN_008126,LOT_026,13.3283,14.3255,14.8598,14.8584,0,healthy,0.0,50.0,12.5959,0
SN_008127,LOT_026,14.49,15.4465,15.9809,16.0819,0,healthy,0.0,50.0,12.5959,0
SN_008128,LOT_026,13.167,13.9086,14.2956,14.3402,0,healthy,0.0,50.0,12.5959,0
SN_008129,LOT_026,13.6847,14.8076,15.4599,15.6754,0,healthy,0.0,50.0,12.5959,0
SN_008130,LOT_026,17.73,19.7386,20.4322,21.1807,0,healthy,0.0,50.0,12.5959,0
SN_008131,LOT_026,11.9971,13.1419,13.7033,13.8722,0,healthy,0.0,50.0,12.5959,0
SN_008132,LOT_026,10.4293,11.1493,11.2244,11.2704,0,healthy,0.0,50.0,12.5959,0
SN_008133,LOT_026,12.7545,13.2782,13.6044,13.8864,0,healthy,0.0,50.0,12.5959,0
SN_008134,LOT_026,13.8566,15.4695,16.3111,16.3299,0,healthy,0.0,50.0,12.5959,0
SN_008135,LOT_026,11.9117,12.5908,12.881,13.0077,0,healthy,0.0,50.0,12.5959,0
SN_008136,LOT_026,11.0073,11.3346,11.5752,11.7267,0,healthy,0.0,50.0,12.5959,0
SN_008137,LOT_026,8.7521,9.5884,9.9161,9.9133,0,healthy,0.0,50.0,12.5959,0
SN_008138,LOT_026,14.0249,14.6943,14.9648,15.2647,0,healthy,0.0,50.0,12.5959,0
SN_008139,LOT_026,15.0961,16.1731,16.7351,16.9202,0,healthy,0.0,50.0,12.5959,0
SN_008140,LOT_026,15.0272,18.9112,31.6205,43.3939,1,electromigration,0.4412,50.0,12.5959,0
SN_008141,LOT_026,13.3359,14.1677,14.5276,14.6149,0,healthy,0.0,50.0,12.5959,0
SN_008142,LOT_026,12.9383,14.0175,14.6504,14.9808,0,healthy,0.0,50.0,12.5959,0
SN_008143,LOT_026,15.7256,17.8566,18.482,19.0025,0,healthy,0.0,50.0,12.5959,0
SN_008144,LOT_026,13.1051,14.5293,14.965,15.2418,0,healthy,0.0,50.0,12.5959,0
SN_008145,LOT_026,11.2347,12.0302,12.1857,12.3821,0,healthy,0.0,50.0,12.5959,0
SN_008146,LOT_026,11.1653,12.1603,12.7732,13.0069,0,healthy,0.0,50.0,12.5959,0
SN_008147,LOT_026,11.316,12.2338,12.4906,12.5438,0,healthy,0.0,50.0,12.5959,0
SN_008148,LOT_026,14.9443,15.2803,15.704,15.9513,0,healthy,0.0,50.0,12.5959,0
SN_008149,LOT_026,12.3267,12.7468,12.9423,13.065,0,healthy,0.0,50.0,12.5959,0
SN_008150,LOT_026,16.1824,17.1828,17.6728,17.9042,0,healthy,0.0,50.0,12.5959,0
SN_008151,LOT_026,12.0647,13.1235,13.2278,13.7414,0,healthy,0.0,50.0,12.5959,0
SN_008152,LOT_026,14.542,14.9597,15.1412,15.4053,0,healthy,0.0,50.0,12.5959,0
SN_008153,LOT_026,13.8216,15.2208,15.9256,16.1872,0,healthy,0.0,50.0,12.5959,0
SN_008154,LOT_026,13.1212,13.6,13.8885,13.8667,0,healthy,0.0,50.0,12.5959,0
SN_008155,LOT_026,12.7793,13.4509,13.4102,13.5842,0,healthy,0.0,50.0,12.5959,0
SN_008156,LOT_026,11.6721,12.3101,12.484,12.4104,0,healthy,0.0,50.0,12.5959,0
SN_008157,LOT_026,10.9633,11.3947,11.6727,11.7302,0,healthy,0.0,50.0,12.5959,0
SN_008158,LOT_026,12.4614,13.2534,13.5401,13.8924,0,healthy,0.0,50.0,12.5959,0
SN_008159,LOT_026,16.9626,18.9165,19.7782,19.8063,0,healthy,0.0,50.0,12.5959,0
SN_008160,LOT_026,10.8304,11.7063,12.0892,12.0857,0,healthy,0.0,50.0,12.5959,0
SN_008161,LOT_026,12.7749,13.32,13.5198,13.8376,0,healthy,0.0,50.0,12.5959,0
SN_008162,LOT_026,10.9237,12.0219,12.2226,12.7147,0,healthy,0.0,50.0,12.5959,0
SN_008163,LOT_026,12.8196,13.4346,13.8337,14.1086,0,healthy,0.0,50.0,12.5959,0
SN_008164,LOT_026,11.9711,14.0206,14.3741,14.4327,0,healthy,0.0,50.0,12.5959,0
SN_008165,LOT_026,12.6603,13.5208,14.1341,14.3213,0,healthy,0.0,50.0,12.5959,0
SN_008166,LOT_026,13.6673,14.1259,14.1185,14.3746,0,healthy,0.0,50.0,12.5959,0
SN_008167,LOT_026,15.8832,16.689,16.6665,16.5435,0,healthy,0.0,50.0,12.5959,0
SN_008168,LOT_026,11.4397,12.861,13.0319,13.2733,0,healthy,0.0,50.0,12.5959,0
SN_008169,LOT_026,18.921,20.2694,21.1553,21.1809,0,healthy,0.0,50.0,12.5959,0
SN_008170,LOT_026,14.2732,15.5363,15.9722,16.2401,0,healthy,0.0,50.0,12.5959,0
SN_008171,LOT_026,14.7059,15.3817,15.6976,16.1345,0,healthy,0.0,50.0,12.5959,0
SN_008172,LOT_026,10.7532,11.1864,11.5158,11.7545,0,healthy,0.0,50.0,12.5959,0
SN_008173,LOT_026,11.983,12.7089,13.1249,12.9245,0,healthy,0.0,50.0,12.5959,0
SN_008174,LOT_026,12.6385,14.1153,14.4192,14.7916,0,healthy,0.0,50.0,12.5959,0
SN_008175,LOT_026,16.015,16.5957,16.5571,17.0183,0,healthy,0.0,50.0,12.5959,0
SN_008176,LOT_026,11.7419,12.1931,12.3531,12.4992,0,healthy,0.0,50.0,12.5959,0
SN_008177,LOT_026,12.49,13.7798,14.1321,14.3137,0,healthy,0.0,50.0,12.5959,0
SN_008178,LOT_026,11.5835,12.5975,13.0185,13.2715,0,healthy,0.0,50.0,12.5959,0
SN_008179,LOT_026,10.3367,11.6999,11.9531,12.2492,0,healthy,0.0,50.0,12.5959,0
SN_008180,LOT_026,12.2029,13.6903,14.2862,14.5305,0,healthy,0.0,50.0,12.5959,0
SN_008181,LOT_026,13.4016,14.155,14.1626,14.3645,0,healthy,0.0,50.0,12.5959,0
SN_008182,LOT_026,13.6184,14.9562,15.1978,15.2442,0,healthy,0.0,50.0,12.5959,0
SN_008183,LOT_026,13.7578,14.7872,14.8258,15.0192,0,healthy,0.0,50.0,12.5959,0
SN_008184,LOT_026,12.6922,14.1831,14.5795,14.9379,0,healthy,0.0,50.0,12.5959,0
SN_008185,LOT_026,13.3606,15.4138,15.7619,15.6773,0,healthy,0.0,50.0,12.5959,0
SN_008186,LOT_026,10.4366,10.86,11.1118,11.1424,0,healthy,0.0,50.0,12.5959,0
SN_008187,LOT_026,13.1388,14.0691,14.6369,14.7807,0,healthy,0.0,50.0,12.5959,0
SN_008188,LOT_026,14.1292,14.5811,14.6626,15.0904,0,healthy,0.0,50.0,12.5959,0
SN_008189,LOT_026,11.0598,12.436,12.8788,13.2337,0,healthy,0.0,50.0,12.5959,0
SN_008190,LOT_026,10.3336,11.5766,12.0759,12.2497,0,healthy,0.0,50.0,12.5959,0
SN_008191,LOT_027,5.684,5.9763,6.2215,6.213,0,healthy,0.0,50.0,6.6413,1
SN_008192,LOT_027,11.4248,12.3065,12.5054,12.714,0,healthy,0.0,50.0,6.6413,1
SN_008193,LOT_027,5.7737,6.0559,6.2165,6.2298,0,healthy,0.0,50.0,6.6413,1
SN_008194,LOT_027,3.3085,3.6182,3.7263,3.8364,0,healthy,0.0,50.0,6.6413,1
SN_008195,LOT_027,9.869,10.766,11.2182,11.2869,0,healthy,0.0,50.0,6.6413,1
SN_008196,LOT_027,5.9335,6.5647,6.7542,7.0498,0,healthy,0.0,50.0,6.6413,1
SN_008197,LOT_027,5.7753,5.9507,6.1852,6.231,0,healthy,0.0,50.0,6.6413,1
SN_008198,LOT_027,5.2341,5.6636,5.8174,5.8757,0,healthy,0.0,50.0,6.6413,1
SN_008199,LOT_027,7.6801,8.244,8.6954,8.8039,0,healthy,0.0,50.0,6.6413,1
SN_008200,LOT_027,6.1364,6.9727,7.153,7.2153,0,healthy,0.0,50.0,6.6413,1
SN_008201,LOT_027,6.447,7.1762,7.4778,7.6937,0,healthy,0.0,50.0,6.6413,1
SN_008202,LOT_027,5.9021,6.2174,6.329,6.3842,0,healthy,0.0,50.0,6.6413,1
SN_008203,LOT_027,7.2631,7.6594,7.7061,7.8365,0,healthy,0.0,50.0,6.6413,1
SN_008204,LOT_027,5.5983,6.1676,6.2016,6.4493,0,healthy,0.0,50.0,6.6413,1
SN_008205,LOT_027,9.0777,9.2813,9.4478,9.4895,0,healthy,0.0,50.0,6.6413,1
SN_008206,LOT_027,6.8276,7.6015,7.9746,8.0846,0,healthy,0.0,50.0,6.6413,1
SN_008207,LOT_027,5.943,6.4165,6.7776,6.8601,0,healthy,0.0,50.0,6.6413,1
SN_008208,LOT_027,7.1031,7.7133,7.93,8.0734,0,healthy,0.0,50.0,6.6413,1
SN_008209,LOT_027,6.6702,7.1894,7.4578,7.6118,0,healthy,0.0,50.0,6.6413,1
SN_008210,LOT_027,4.1089,4.46,4.44,4.513,0,healthy,0.0,50.0,6.6413,1
SN_008211,LOT_027,9.3623,10.3759,10.5432,10.9175,0,healthy,0.0,50.0,6.6413,1
SN_008212,LOT_027,6.1842,6.7329,6.9856,7.0647,0,healthy,0.0,50.0,6.6413,1
SN_008213,LOT_027,7.1021,7.7922,8.1944,8.4587,0,healthy,0.0,50.0,6.6413,1
SN_008214,LOT_027,7.2753,7.8587,8.0712,8.0794,0,healthy,0.0,50.0,6.6413,1
SN_008215,LOT_027,6.0754,6.3608,6.5307,6.6216,0,healthy,0.0,50.0,6.6413,1
SN_008216,LOT_027,6.8288,7.0895,7.1554,7.2712,0,healthy,0.0,50.0,6.6413,1
SN_008217,LOT_027,5.2694,5.8765,6.0444,6.1601,0,healthy,0.0,50.0,6.6413,1
SN_008218,LOT_027,5.4582,5.8123,5.9538,6.1035,0,healthy,0.0,50.0,6.6413,1
SN_008219,LOT_027,9.6907,10.401,10.6448,10.8298,0,healthy,0.0,50.0,6.6413,1
SN_008220,LOT_027,7.0042,7.2467,7.4064,7.3966,0,healthy,0.0,50.0,6.6413,1
SN_008221,LOT_027,7.1931,8.0593,8.3502,8.4529,0,healthy,0.0,50.0,6.6413,1
SN_008222,LOT_027,8.4263,9.5287,9.5853,9.8042,0,healthy,0.0,50.0,6.6413,1
SN_008223,LOT_027,4.4341,4.7008,4.8415,4.882,0,healthy,0.0,50.0,6.6413,1
SN_008224,LOT_027,5.9624,6.1993,6.2723,6.451,0,healthy,0.0,50.0,6.6413,1
SN_008225,LOT_027,9.5277,10.4821,10.6604,10.8201,0,healthy,0.0,50.0,6.6413,1
SN_008226,LOT_027,5.0252,5.3384,5.5457,5.4219,0,healthy,0.0,50.0,6.6413,1
SN_008227,LOT_027,3.9739,4.5298,4.6403,4.7823,0,healthy,0.0,50.0,6.6413,1
SN_008228,LOT_027,5.9909,6.4647,6.6737,6.6839,0,healthy,0.0,50.0,6.6413,1
SN_008229,LOT_027,10.255,10.7895,10.8183,10.9904,0,healthy,0.0,50.0,6.6413,1
SN_008230,LOT_027,6.0276,6.7724,7.074,7.1364,0,healthy,0.0,50.0,6.6413,1
SN_008231,LOT_027,7.5157,8.496,8.8856,8.9025,0,healthy,0.0,50.0,6.6413,1
SN_008232,LOT_027,4.2027,4.3249,4.3868,4.4368,0,healthy,0.0,50.0,6.6413,1
SN_008233,LOT_027,3.8809,4.2925,4.3466,4.3888,0,healthy,0.0,50.0,6.6413,1
SN_008234,LOT_027,7.6758,8.5032,8.7328,8.7892,0,healthy,0.0,50.0,6.6413,1
SN_008235,LOT_027,7.0056,7.3185,7.3942,7.4399,0,healthy,0.0,50.0,6.6413,1
SN_008236,LOT_027,7.7178,8.2657,8.6621,8.7824,0,healthy,0.0,50.0,6.6413,1
SN_008237,LOT_027,7.0712,7.9837,8.1685,8.2335,0,healthy,0.0,50.0,6.6413,1
SN_008238,LOT_027,4.0261,4.1899,4.3022,4.3208,0,healthy,0.0,50.0,6.6413,1
SN_008239,LOT_027,7.9916,8.4105,8.6315,8.662,0,healthy,0.0,50.0,6.6413,1
SN_008240,LOT_027,5.2569,5.8079,5.9537,6.0826,0,healthy,0.0,50.0,6.6413,1
SN_008241,LOT_027,5.3326,5.6657,5.7157,5.7174,0,healthy,0.0,50.0,6.6413,1
SN_008242,LOT_027,4.2351,4.4831,4.642,4.704,0,healthy,0.0,50.0,6.6413,1
SN_008243,LOT_027,7.3406,8.0912,8.1991,8.2336,0,healthy,0.0,50.0,6.6413,1
SN_008244,LOT_027,7.9209,8.8778,9.2319,9.3256,0,healthy,0.0,50.0,6.6413,1
SN_008245,LOT_027,6.5243,6.9174,7.0382,7.0964,0,healthy,0.0,50.0,6.6413,1
SN_008246,LOT_027,4.3385,4.7227,4.8696,4.8515,0,healthy,0.0,50.0,6.6413,1
SN_008247,LOT_027,10.8398,12.0144,12.2717,12.4599,0,healthy,0.0,50.0,6.6413,1
SN_008248,LOT_027,11.0493,12.4166,12.6791,12.947,0,healthy,0.0,50.0,6.6413,1
SN_008249,LOT_027,12.7706,13.83,14.2553,14.6212,0,healthy,0.0,50.0,6.6413,1
SN_008250,LOT_027,5.9163,6.2032,6.3253,6.349,0,healthy,0.0,50.0,6.6413,1
SN_008251,LOT_027,8.2918,9.0304,9.3579,9.4707,0,healthy,0.0,50.0,6.6413,1
SN_008252,LOT_027,5.9566,6.7398,7.0375,7.0869,0,healthy,0.0,50.0,6.6413,1
SN_008253,LOT_027,6.1568,6.8477,7.1611,7.2974,0,healthy,0.0,50.0,6.6413,1
SN_008254,LOT_027,5.0234,5.4028,5.6189,5.6173,0,healthy,0.0,50.0,6.6413,1
SN_008255,LOT_027,9.5543,10.7322,10.8083,11.0683,0,healthy,0.0,50.0,6.6413,1
SN_008256,LOT_027,8.8963,8.9822,9.2662,9.3344,0,healthy,0.0,50.0,6.6413,1
SN_008257,LOT_027,8.8991,9.3119,9.4601,9.6392,0,healthy,0.0,50.0,6.6413,1
SN_008258,LOT_027,8.9951,9.4352,9.5204,9.6751,0,healthy,0.0,50.0,6.6413,1
SN_008259,LOT_027,5.6487,5.7624,5.9644,6.0773,0,healthy,0.0,50.0,6.6413,1
SN_008260,LOT_027,5.0725,5.3064,5.3489,5.3649,0,healthy,0.0,50.0,6.6413,1
SN_008261,LOT_027,9.0682,10.1726,10.6872,10.9482,0,healthy,0.0,50.0,6.6413,1
SN_008262,LOT_027,7.4271,7.8326,7.9672,8.055,0,healthy,0.0,50.0,6.6413,1
SN_008263,LOT_027,7.4787,8.3481,8.7745,8.8138,0,healthy,0.0,50.0,6.6413,1
SN_008264,LOT_027,7.3047,7.872,8.2284,8.5011,0,healthy,0.0,50.0,6.6413,1
SN_008265,LOT_027,6.5628,7.1638,7.4192,7.4967,0,healthy,0.0,50.0,6.6413,1
SN_008266,LOT_027,8.4986,9.1089,9.2616,9.3395,0,healthy,0.0,50.0,6.6413,1
SN_008267,LOT_027,9.8026,10.6365,10.9933,11.2831,0,healthy,0.0,50.0,6.6413,1
SN_008268,LOT_027,8.383,9.5795,9.9251,9.9176,0,healthy,0.0,50.0,6.6413,1
SN_008269,LOT_027,4.8076,5.145,5.3743,5.4883,0,healthy,0.0,50.0,6.6413,1
SN_008270,LOT_027,5.4418,5.6396,5.721,5.8232,0,healthy,0.0,50.0,6.6413,1
SN_008271,LOT_027,4.0252,4.2161,4.2331,4.3028,0,healthy,0.0,50.0,6.6413,1
SN_008272,LOT_027,6.254,6.9187,7.1022,7.3066,0,healthy,0.0,50.0,6.6413,1
SN_008273,LOT_027,8.0395,8.4083,8.6055,8.6063,0,healthy,0.0,50.0,6.6413,1
SN_008274,LOT_027,6.891,7.2872,7.4078,7.3799,0,healthy,0.0,50.0,6.6413,1
SN_008275,LOT_027,9.2363,10.1246,10.4173,10.6417,0,healthy,0.0,50.0,6.6413,1
SN_008276,LOT_027,6.8481,7.228,7.4833,7.5236,0,healthy,0.0,50.0,6.6413,1
SN_008277,LOT_027,5.2349,5.8247,6.0292,6.0879,0,healthy,0.0,50.0,6.6413,1
SN_008278,LOT_027,7.0505,8.0821,11.3168,14.7669,1,electromigration,0.1138,50.0,6.6413,1
SN_008279,LOT_027,7.1753,7.588,7.8291,7.8797,0,healthy,0.0,50.0,6.6413,1
SN_008280,LOT_027,7.13,7.5506,7.7944,7.8789,0,healthy,0.0,50.0,6.6413,1
SN_008281,LOT_027,9.1022,9.4514,9.6073,9.6737,0,healthy,0.0,50.0,6.6413,1
SN_008282,LOT_027,6.1614,6.4915,6.4953,6.6544,0,healthy,0.0,50.0,6.6413,1
SN_008283,LOT_027,6.2602,6.8546,7.0667,7.1932,0,healthy,0.0,50.0,6.6413,1
SN_008284,LOT_027,8.0248,8.7391,9.077,9.205,0,healthy,0.0,50.0,6.6413,1
SN_008285,LOT_027,5.9548,6.2837,6.3339,6.4131,0,healthy,0.0,50.0,6.6413,1
SN_008286,LOT_027,7.6967,8.7106,8.9158,9.2632,0,healthy,0.0,50.0,6.6413,1
SN_008287,LOT_027,7.0342,7.8908,8.075,8.0728,0,healthy,0.0,50.0,6.6413,1
SN_008288,LOT_027,4.7968,5.3676,5.5171,5.6749,0,healthy,0.0,50.0,6.6413,1
SN_008289,LOT_027,5.8254,6.413,6.5816,6.6978,0,healthy,0.0,50.0,6.6413,1
SN_008290,LOT_027,4.5618,5.1485,5.2501,5.3649,0,healthy,0.0,50.0,6.6413,1
SN_008291,LOT_027,6.4682,6.7547,6.8317,6.8659,0,healthy,0.0,50.0,6.6413,1
SN_008292,LOT_027,9.1473,10.2998,10.8687,10.9102,0,healthy,0.0,50.0,6.6413,1
SN_008293,LOT_027,7.7662,8.589,8.841,9.0617,0,healthy,0.0,50.0,6.6413,1
SN_008294,LOT_027,10.5281,11.7437,12.2104,12.6147,0,healthy,0.0,50.0,6.6413,1
SN_008295,LOT_027,6.3077,6.8308,6.8824,7.015,0,healthy,0.0,50.0,6.6413,1
SN_008296,LOT_027,7.633,8.3008,8.573,8.519,0,healthy,0.0,50.0,6.6413,1
SN_008297,LOT_027,7.8971,8.2308,8.291,8.3501,0,healthy,0.0,50.0,6.6413,1
SN_008298,LOT_027,6.2556,6.9716,7.1148,7.3305,0,healthy,0.0,50.0,6.6413,1
SN_008299,LOT_027,6.7005,7.5115,7.812,7.8314,0,healthy,0.0,50.0,6.6413,1
SN_008300,LOT_027,9.5565,10.193,10.4132,10.3544,0,healthy,0.0,50.0,6.6413,1
SN_008301,LOT_027,6.5058,6.8303,6.9307,7.0489,0,healthy,0.0,50.0,6.6413,1
SN_008302,LOT_027,6.2917,7.0674,7.3412,7.5227,0,healthy,0.0,50.0,6.6413,1
SN_008303,LOT_027,5.9473,6.3048,6.5139,6.6192,0,healthy,0.0,50.0,6.6413,1
SN_008304,LOT_027,7.7715,8.2697,8.2234,8.3491,0,healthy,0.0,50.0,6.6413,1
SN_008305,LOT_027,9.426,9.9162,10.0608,10.01,0,healthy,0.0,50.0,6.6413,1
SN_008306,LOT_027,8.1191,8.7108,8.8143,8.9274,0,healthy,0.0,50.0,6.6413,1
SN_008307,LOT_027,7.2403,7.7339,8.0471,8.3028,0,healthy,0.0,50.0,6.6413,1
SN_008308,LOT_027,6.3788,6.741,6.9697,6.9936,0,healthy,0.0,50.0,6.6413,1
SN_008309,LOT_027,4.5064,4.8098,4.8545,4.9007,0,healthy,0.0,50.0,6.6413,1
SN_008310,LOT_027,10.3022,11.1091,11.3353,11.3838,0,healthy,0.0,50.0,6.6413,1
SN_008311,LOT_027,6.2402,6.6783,6.7886,6.8086,0,healthy,0.0,50.0,6.6413,1
SN_008312,LOT_027,6.4211,7.0379,7.2202,7.3633,0,healthy,0.0,50.0,6.6413,1
SN_008313,LOT_027,7.1773,7.5405,7.7321,7.655,0,healthy,0.0,50.0,6.6413,1
SN_008314,LOT_027,7.0932,7.4213,7.8606,7.8726,0,healthy,0.0,50.0,6.6413,1
SN_008315,LOT_027,4.4999,4.8194,5.1028,5.1491,0,healthy,0.0,50.0,6.6413,1
SN_008316,LOT_027,6.129,6.3529,6.4339,6.6422,0,healthy,0.0,50.0,6.6413,1
SN_008317,LOT_027,4.3595,4.5166,4.5168,4.611,0,healthy,0.0,50.0,6.6413,1
SN_008318,LOT_027,10.3194,10.6225,11.083,11.2188,0,healthy,0.0,50.0,6.6413,1
SN_008319,LOT_027,6.9706,7.4067,7.591,7.6841,0,healthy,0.0,50.0,6.6413,1
SN_008320,LOT_027,5.4881,5.6359,5.7134,5.7874,0,healthy,0.0,50.0,6.6413,1
SN_008321,LOT_027,5.2827,5.6685,5.7161,5.7739,0,healthy,0.0,50.0,6.6413,1
SN_008322,LOT_027,5.6853,6.138,6.473,6.5222,0,healthy,0.0,50.0,6.6413,1
SN_008323,LOT_027,9.1016,9.8644,10.1261,10.191,0,healthy,0.0,50.0,6.6413,1
SN_008324,LOT_027,5.9026,6.3822,6.578,6.6522,0,healthy,0.0,50.0,6.6413,1
SN_008325,LOT_027,6.5341,7.2085,7.255,7.3436,0,healthy,0.0,50.0,6.6413,1
SN_008326,LOT_027,8.6935,9.6404,9.9381,10.1049,0,healthy,0.0,50.0,6.6413,1
SN_008327,LOT_027,7.4199,7.8959,7.9385,8.2181,0,healthy,0.0,50.0,6.6413,1
SN_008328,LOT_027,4.4768,4.9798,5.1461,5.2673,0,healthy,0.0,50.0,6.6413,1
SN_008329,LOT_027,9.0367,9.5735,9.8132,10.0578,0,healthy,0.0,50.0,6.6413,1
SN_008330,LOT_027,7.5162,8.1407,8.3153,8.4565,0,healthy,0.0,50.0,6.6413,1
SN_008331,LOT_027,3.5448,3.8159,3.9532,3.9658,0,healthy,0.0,50.0,6.6413,1
SN_008332,LOT_027,8.3804,9.1247,9.6598,9.7746,0,healthy,0.0,50.0,6.6413,1
SN_008333,LOT_027,7.0305,7.6926,7.8424,7.8928,0,healthy,0.0,50.0,6.6413,1
SN_008334,LOT_027,4.3945,4.6047,4.7701,4.7764,0,healthy,0.0,50.0,6.6413,1
SN_008335,LOT_027,6.5291,7.1076,7.3979,7.4549,0,healthy,0.0,50.0,6.6413,1
SN_008336,LOT_027,6.1146,6.776,7.0368,7.2096,0,healthy,0.0,50.0,6.6413,1
SN_008337,LOT_027,5.5905,5.7484,5.85,5.9713,0,healthy,0.0,50.0,6.6413,1
SN_008338,LOT_027,7.723,8.1215,8.2278,8.2533,0,healthy,0.0,50.0,6.6413,1
SN_008339,LOT_027,8.1641,9.1494,9.1598,9.3056,0,healthy,0.0,50.0,6.6413,1
SN_008340,LOT_027,6.7876,7.4881,7.6685,7.8401,0,healthy,0.0,50.0,6.6413,1
SN_008341,LOT_027,5.9425,6.4544,6.7728,6.9398,0,healthy,0.0,50.0,6.6413,1
SN_008342,LOT_027,5.8823,6.2171,6.2977,6.2797,0,healthy,0.0,50.0,6.6413,1
SN_008343,LOT_027,5.0782,5.4901,5.7137,5.742,0,healthy,0.0,50.0,6.6413,1
SN_008344,LOT_027,7.0792,7.9786,8.279,8.3966,0,healthy,0.0,50.0,6.6413,1
SN_008345,LOT_027,6.2533,6.9293,7.1476,7.2725,0,healthy,0.0,50.0,6.6413,1
SN_008346,LOT_027,5.9172,6.3413,6.4632,6.4382,0,healthy,0.0,50.0,6.6413,1
SN_008347,LOT_027,10.8953,11.939,12.3719,12.4495,0,healthy,0.0,50.0,6.6413,1
SN_008348,LOT_027,11.0425,11.8245,12.2263,12.3429,0,healthy,0.0,50.0,6.6413,1
SN_008349,LOT_027,8.2106,8.4357,8.629,8.6644,0,healthy,0.0,50.0,6.6413,1
SN_008350,LOT_027,7.6124,8.1355,8.4809,8.5717,0,healthy,0.0,50.0,6.6413,1
SN_008351,LOT_027,5.7319,6.2403,6.4924,6.5392,0,healthy,0.0,50.0,6.6413,1
SN_008352,LOT_027,9.923,10.4876,10.5974,10.8743,0,healthy,0.0,50.0,6.6413,1
SN_008353,LOT_027,7.8752,8.9101,9.1729,9.4201,0,healthy,0.0,50.0,6.6413,1
SN_008354,LOT_027,5.7095,6.3398,6.549,6.4858,0,healthy,0.0,50.0,6.6413,1
SN_008355,LOT_027,7.8072,8.5278,8.7608,8.8087,0,healthy,0.0,50.0,6.6413,1
SN_008356,LOT_027,6.7384,7.2266,7.2353,7.4529,0,healthy,0.0,50.0,6.6413,1
SN_008357,LOT_027,5.8059,5.934,6.2013,6.1858,0,healthy,0.0,50.0,6.6413,1
SN_008358,LOT_027,7.0906,7.7707,7.9795,8.1881,0,healthy,0.0,50.0,6.6413,1
SN_008359,LOT_027,7.3765,8.3612,8.5941,8.6554,0,healthy,0.0,50.0,6.6413,1
SN_008360,LOT_027,6.3038,6.7682,6.8459,6.9633,0,healthy,0.0,50.0,6.6413,1
SN_008361,LOT_027,5.9397,6.3001,6.4101,6.5199,0,healthy,0.0,50.0,6.6413,1
SN_008362,LOT_027,8.4863,9.3182,9.6294,9.9781,0,healthy,0.0,50.0,6.6413,1
SN_008363,LOT_027,3.804,4.2903,4.471,4.4794,0,healthy,0.0,50.0,6.6413,1
SN_008364,LOT_027,6.1918,6.9649,7.205,7.2345,0,healthy,0.0,50.0,6.6413,1
SN_008365,LOT_027,5.0951,5.5463,5.7817,5.8964,0,healthy,0.0,50.0,6.6413,1
SN_008366,LOT_027,8.6649,9.4575,9.9984,10.1935,0,healthy,0.0,50.0,6.6413,1
SN_008367,LOT_027,10.1704,10.2356,12.8995,18.773,1,tddb_dielectric,0.1079,50.0,6.6413,1
SN_008368,LOT_027,4.8689,5.3443,5.5324,5.7706,0,healthy,0.0,50.0,6.6413,1
SN_008369,LOT_027,6.1632,6.3678,6.4405,6.5824,0,healthy,0.0,50.0,6.6413,1
SN_008370,LOT_027,4.1021,4.5152,4.7039,4.6968,0,healthy,0.0,50.0,6.6413,1
SN_008371,LOT_027,7.9408,9.0066,9.1913,9.4564,0,healthy,0.0,50.0,6.6413,1
SN_008372,LOT_027,3.4164,3.6677,3.7145,3.7497,0,healthy,0.0,50.0,6.6413,1
SN_008373,LOT_027,5.0543,5.5859,5.8737,5.9832,0,healthy,0.0,50.0,6.6413,1
SN_008374,LOT_027,6.2337,6.5987,6.6764,6.719,0,healthy,0.0,50.0,6.6413,1
SN_008375,LOT_027,6.6775,7.0153,7.2839,7.4718,0,healthy,0.0,50.0,6.6413,1
SN_008376,LOT_027,6.6949,7.4591,7.7273,7.8418,0,healthy,0.0,50.0,6.6413,1
SN_008377,LOT_027,4.6548,4.9497,5.04,5.2133,0,healthy,0.0,50.0,6.6413,1
SN_008378,LOT_027,6.7534,7.2151,7.226,7.3308,0,healthy,0.0,50.0,6.6413,1
SN_008379,LOT_027,4.4478,4.826,5.1001,5.2062,0,healthy,0.0,50.0,6.6413,1
SN_008380,LOT_027,7.6749,7.9248,8.0064,8.0132,0,healthy,0.0,50.0,6.6413,1
SN_008381,LOT_027,6.4087,7.1643,7.2788,7.3798,0,healthy,0.0,50.0,6.6413,1
SN_008382,LOT_027,6.6294,7.2629,7.5023,7.5474,0,healthy,0.0,50.0,6.6413,1
SN_008383,LOT_027,6.8549,7.5932,7.9801,8.0871,0,healthy,0.0,50.0,6.6413,1
SN_008384,LOT_027,8.0093,8.5792,8.9197,8.9238,0,healthy,0.0,50.0,6.6413,1
SN_008385,LOT_027,9.5279,10.1338,10.384,10.657,0,healthy,0.0,50.0,6.6413,1
SN_008386,LOT_027,5.5978,6.0418,6.296,6.3422,0,healthy,0.0,50.0,6.6413,1
SN_008387,LOT_027,7.4006,8.2583,8.491,8.6564,0,healthy,0.0,50.0,6.6413,1
SN_008388,LOT_027,7.1174,7.9865,8.3564,8.5077,0,healthy,0.0,50.0,6.6413,1
SN_008389,LOT_027,5.8405,5.9983,6.213,6.2153,0,healthy,0.0,50.0,6.6413,1
SN_008390,LOT_027,6.3606,6.49,6.7239,6.7065,0,healthy,0.0,50.0,6.6413,1
SN_008391,LOT_027,6.1872,6.4601,6.6132,6.528,0,healthy,0.0,50.0,6.6413,1
SN_008392,LOT_027,4.9288,5.0962,5.1991,5.2221,0,healthy,0.0,50.0,6.6413,1
SN_008393,LOT_027,4.9405,5.4865,5.6697,5.7325,0,healthy,0.0,50.0,6.6413,1
SN_008394,LOT_027,7.549,8.2258,8.8135,8.7732,0,healthy,0.0,50.0,6.6413,1
SN_008395,LOT_027,9.3117,10.1196,10.3689,10.6746,0,healthy,0.0,50.0,6.6413,1
SN_008396,LOT_027,6.8565,7.5626,7.7547,7.8548,0,healthy,0.0,50.0,6.6413,1
SN_008397,LOT_027,7.9856,8.4694,8.6139,8.6185,0,healthy,0.0,50.0,6.6413,1
SN_008398,LOT_027,5.1459,5.4482,5.5795,5.644,0,healthy,0.0,50.0,6.6413,1
SN_008399,LOT_027,7.2054,7.4548,7.4906,7.5113,0,healthy,0.0,50.0,6.6413,1
SN_008400,LOT_027,5.7524,6.1964,6.2917,6.5013,0,healthy,0.0,50.0,6.6413,1
SN_008401,LOT_027,8.0596,8.4031,8.5637,8.5706,0,healthy,0.0,50.0,6.6413,1
SN_008402,LOT_027,7.1664,7.5021,7.7486,7.7482,0,healthy,0.0,50.0,6.6413,1
SN_008403,LOT_027,7.9741,8.4498,8.5756,8.7525,0,healthy,0.0,50.0,6.6413,1
SN_008404,LOT_027,9.7382,10.0812,10.2849,10.2717,0,healthy,0.0,50.0,6.6413,1
SN_008405,LOT_027,6.5731,6.8325,6.915,6.9563,0,healthy,0.0,50.0,6.6413,1
SN_008406,LOT_027,6.0658,6.6263,6.9877,7.0982,0,healthy,0.0,50.0,6.6413,1
SN_008407,LOT_027,12.2324,13.1755,13.2229,13.2861,0,healthy,0.0,50.0,6.6413,1
SN_008408,LOT_027,6.6138,7.1868,7.2636,7.3519,0,healthy,0.0,50.0,6.6413,1
SN_008409,LOT_027,5.2666,5.7494,6.1201,6.1192,0,healthy,0.0,50.0,6.6413,1
SN_008410,LOT_027,4.9823,5.23,5.3482,5.4272,0,healthy,0.0,50.0,6.6413,1
SN_008411,LOT_027,6.2321,6.6482,6.7626,6.8481,0,healthy,0.0,50.0,6.6413,1
SN_008412,LOT_027,7.3928,8.1601,8.4975,8.6864,0,healthy,0.0,50.0,6.6413,1
SN_008413,LOT_027,5.2499,5.803,6.1027,6.2536,0,healthy,0.0,50.0,6.6413,1
SN_008414,LOT_027,7.8399,8.766,9.1327,9.2511,0,healthy,0.0,50.0,6.6413,1
SN_008415,LOT_027,9.1368,9.9696,10.2736,10.3874,0,healthy,0.0,50.0,6.6413,1
SN_008416,LOT_027,4.5288,5.1198,5.209,5.2609,0,healthy,0.0,50.0,6.6413,1
SN_008417,LOT_027,7.4369,7.6908,7.8564,8.0276,0,healthy,0.0,50.0,6.6413,1
SN_008418,LOT_027,9.2856,9.9424,10.2662,10.3449,0,healthy,0.0,50.0,6.6413,1
SN_008419,LOT_027,4.4497,5.1193,5.2083,5.2446,0,healthy,0.0,50.0,6.6413,1
SN_008420,LOT_027,6.3701,7.1643,7.3705,7.5575,0,healthy,0.0,50.0,6.6413,1
SN_008421,LOT_027,5.964,6.1748,6.2348,6.2708,0,healthy,0.0,50.0,6.6413,1
SN_008422,LOT_027,10.6016,11.8895,12.0597,12.2409,0,healthy,0.0,50.0,6.6413,1
SN_008423,LOT_027,4.7528,5.2033,5.2674,5.4703,0,healthy,0.0,50.0,6.6413,1
SN_008424,LOT_027,5.4089,5.8505,6.0834,6.1781,0,healthy,0.0,50.0,6.6413,1
SN_008425,LOT_027,4.1308,4.3239,4.3625,4.3418,0,healthy,0.0,50.0,6.6413,1
SN_008426,LOT_027,6.707,6.9406,7.1431,7.2567,0,healthy,0.0,50.0,6.6413,1
SN_008427,LOT_027,5.581,5.9264,6.0719,6.1971,0,healthy,0.0,50.0,6.6413,1
SN_008428,LOT_027,6.4732,7.1041,7.2253,7.3908,0,healthy,0.0,50.0,6.6413,1
SN_008429,LOT_027,5.8,6.1746,6.3487,6.5292,0,healthy,0.0,50.0,6.6413,1
SN_008430,LOT_027,9.4588,10.128,10.6509,10.9399,0,healthy,0.0,50.0,6.6413,1
SN_008431,LOT_027,5.4147,5.6091,5.7282,5.7716,0,healthy,0.0,50.0,6.6413,1
SN_008432,LOT_027,8.2322,9.2602,9.776,9.9259,0,healthy,0.0,50.0,6.6413,1
SN_008433,LOT_027,6.3573,6.8024,6.9617,7.0373,0,healthy,0.0,50.0,6.6413,1
SN_008434,LOT_027,5.9306,6.6492,6.7899,6.8236,0,healthy,0.0,50.0,6.6413,1
SN_008435,LOT_027,5.2889,5.729,5.7908,5.853,0,healthy,0.0,50.0,6.6413,1
SN_008436,LOT_027,4.5226,4.9653,5.1787,5.1308,0,healthy,0.0,50.0,6.6413,1
SN_008437,LOT_027,11.9747,12.61,13.156,13.2228,0,healthy,0.0,50.0,6.6413,1
SN_008438,LOT_027,5.7989,6.4494,6.6323,6.614,0,healthy,0.0,50.0,6.6413,1
SN_008439,LOT_027,7.5779,8.2919,8.6207,8.8338,0,healthy,0.0,50.0,6.6413,1
SN_008440,LOT_027,7.9828,8.6404,8.906,9.1645,0,healthy,0.0,50.0,6.6413,1
SN_008441,LOT_027,6.5519,7.505,7.7715,7.7907,0,healthy,0.0,50.0,6.6413,1
SN_008442,LOT_027,7.4457,7.9702,8.0263,8.1375,0,healthy,0.0,50.0,6.6413,1
SN_008443,LOT_027,3.8197,4.1045,4.1387,4.2204,0,healthy,0.0,50.0,6.6413,1
SN_008444,LOT_027,7.026,7.7802,8.0625,8.1146,0,healthy,0.0,50.0,6.6413,1
SN_008445,LOT_027,6.352,6.6555,6.5769,6.7126,0,healthy,0.0,50.0,6.6413,1
SN_008446,LOT_027,6.6519,7.2519,7.4165,7.5255,0,healthy,0.0,50.0,6.6413,1
SN_008447,LOT_028,5.8352,6.4512,6.6023,6.5729,0,healthy,0.0,50.0,6.4332,0
SN_008448,LOT_028,6.1073,6.4413,6.527,6.5676,0,healthy,0.0,50.0,6.4332,0
SN_008449,LOT_028,6.1574,6.502,6.7147,6.7034,0,healthy,0.0,50.0,6.4332,0
SN_008450,LOT_028,5.5602,5.9701,6.1193,6.1102,0,healthy,0.0,50.0,6.4332,0
SN_008451,LOT_028,7.5347,8.0957,8.1878,8.4524,0,healthy,0.0,50.0,6.4332,0
SN_008452,LOT_028,5.7272,6.4258,6.6618,6.7594,0,healthy,0.0,50.0,6.4332,0
SN_008453,LOT_028,6.6647,7.0232,7.2243,7.2658,0,healthy,0.0,50.0,6.4332,0
SN_008454,LOT_028,5.0966,5.7765,5.974,6.1122,0,healthy,0.0,50.0,6.4332,0
SN_008455,LOT_028,6.7455,7.5445,7.7883,8.0189,0,healthy,0.0,50.0,6.4332,0
SN_008456,LOT_028,5.5689,6.2051,6.4637,6.5529,0,healthy,0.0,50.0,6.4332,0
SN_008457,LOT_028,6.2725,6.851,7.1813,7.309,0,healthy,0.0,50.0,6.4332,0
SN_008458,LOT_028,6.1705,6.4527,6.7012,6.6534,0,healthy,0.0,50.0,6.4332,0
SN_008459,LOT_028,7.3137,7.8825,8.3167,8.4169,0,healthy,0.0,50.0,6.4332,0
SN_008460,LOT_028,7.0794,7.6425,7.7877,7.9826,0,healthy,0.0,50.0,6.4332,0
SN_008461,LOT_028,6.8849,7.471,7.6701,7.7876,0,healthy,0.0,50.0,6.4332,0
SN_008462,LOT_028,6.718,7.5558,7.7088,7.9718,0,healthy,0.0,50.0,6.4332,0
SN_008463,LOT_028,5.9561,6.3834,6.5228,6.6646,0,healthy,0.0,50.0,6.4332,0
SN_008464,LOT_028,5.5819,6.2509,6.4341,6.4826,0,healthy,0.0,50.0,6.4332,0
SN_008465,LOT_028,5.8831,6.3061,6.4374,6.4942,0,healthy,0.0,50.0,6.4332,0
SN_008466,LOT_028,7.1417,7.679,7.8656,7.9928,0,healthy,0.0,50.0,6.4332,0
SN_008467,LOT_028,5.8176,6.3713,6.4811,6.7116,0,healthy,0.0,50.0,6.4332,0
SN_008468,LOT_028,5.4532,5.9788,6.1201,6.248,0,healthy,0.0,50.0,6.4332,0
SN_008469,LOT_028,6.0612,6.6938,6.8593,6.9322,0,healthy,0.0,50.0,6.4332,0
SN_008470,LOT_028,7.0435,7.7336,8.0551,8.2283,0,healthy,0.0,50.0,6.4332,0
SN_008471,LOT_028,7.1054,7.4292,7.4873,7.6186,0,healthy,0.0,50.0,6.4332,0
SN_008472,LOT_028,6.1339,6.7862,6.9392,6.9339,0,healthy,0.0,50.0,6.4332,0
SN_008473,LOT_028,6.3688,6.9042,7.0979,7.0722,0,healthy,0.0,50.0,6.4332,0
SN_008474,LOT_028,6.4095,7.2354,7.4598,7.512,0,healthy,0.0,50.0,6.4332,0
SN_008475,LOT_028,5.7319,6.4426,6.7596,6.9041,0,healthy,0.0,50.0,6.4332,0
SN_008476,LOT_028,6.1498,6.5366,6.6166,6.6373,0,healthy,0.0,50.0,6.4332,0
SN_008477,LOT_028,6.7706,7.4777,7.7355,7.8334,0,healthy,0.0,50.0,6.4332,0
SN_008478,LOT_028,5.8204,6.0717,6.1308,6.2596,0,healthy,0.0,50.0,6.4332,0
SN_008479,LOT_028,6.5085,6.9205,7.0599,7.1114,0,healthy,0.0,50.0,6.4332,0
SN_008480,LOT_028,6.9747,7.5113,7.6871,7.8086,0,healthy,0.0,50.0,6.4332,0
SN_008481,LOT_028,6.7463,7.6718,7.8522,7.9936,0,healthy,0.0,50.0,6.4332,0
SN_008482,LOT_028,7.1987,7.7905,8.169,8.2255,0,healthy,0.0,50.0,6.4332,0
SN_008483,LOT_028,5.7103,6.1041,6.2293,6.3193,0,healthy,0.0,50.0,6.4332,0
SN_008484,LOT_028,6.248,6.8556,7.1648,7.2895,0,healthy,0.0,50.0,6.4332,0
SN_008485,LOT_028,6.7867,7.4684,7.6972,7.7725,0,healthy,0.0,50.0,6.4332,0
SN_008486,LOT_028,5.6752,5.9471,6.1313,6.2451,0,healthy,0.0,50.0,6.4332,0
SN_008487,LOT_028,5.8824,6.2862,6.5982,6.615,0,healthy,0.0,50.0,6.4332,0
SN_008488,LOT_028,6.7409,7.3033,7.6559,7.5928,0,healthy,0.0,50.0,6.4332,0
SN_008489,LOT_028,5.953,6.4773,6.5417,6.6701,0,healthy,0.0,50.0,6.4332,0
SN_008490,LOT_028,5.8841,6.4397,6.7682,6.7889,0,healthy,0.0,50.0,6.4332,0
SN_008491,LOT_028,5.4669,5.7664,5.8651,5.9024,0,healthy,0.0,50.0,6.4332,0
SN_008492,LOT_028,7.3461,7.8795,7.9407,7.9091,0,healthy,0.0,50.0,6.4332,0
SN_008493,LOT_028,6.7933,7.4916,7.8415,8.1141,0,healthy,0.0,50.0,6.4332,0
SN_008494,LOT_028,7.0206,7.8765,8.0582,8.3413,0,healthy,0.0,50.0,6.4332,0
SN_008495,LOT_028,5.7418,6.3123,6.4842,6.5915,0,healthy,0.0,50.0,6.4332,0
SN_008496,LOT_028,6.7115,7.5425,7.8732,7.9974,0,healthy,0.0,50.0,6.4332,0
SN_008497,LOT_028,7.2802,7.8813,8.1153,8.3953,0,healthy,0.0,50.0,6.4332,0
SN_008498,LOT_028,5.9588,6.611,6.8715,7.0388,0,healthy,0.0,50.0,6.4332,0
SN_008499,LOT_028,6.6187,7.2021,7.3816,7.5243,0,healthy,0.0,50.0,6.4332,0
SN_008500,LOT_028,6.7356,7.1879,7.2545,7.2364,0,healthy,0.0,50.0,6.4332,0
SN_008501,LOT_028,6.26,6.6755,6.8697,7.0047,0,healthy,0.0,50.0,6.4332,0
SN_008502,LOT_028,5.5885,6.2449,6.3759,6.4587,0,healthy,0.0,50.0,6.4332,0
SN_008503,LOT_028,6.7445,7.2858,7.5104,7.6004,0,healthy,0.0,50.0,6.4332,0
SN_008504,LOT_028,6.7077,7.0116,7.1939,7.3301,0,healthy,0.0,50.0,6.4332,0
SN_008505,LOT_028,7.0615,7.4476,7.7871,7.8256,0,healthy,0.0,50.0,6.4332,0
SN_008506,LOT_028,5.8067,6.6469,6.8407,6.9364,0,healthy,0.0,50.0,6.4332,0
SN_008507,LOT_028,7.0931,7.8798,8.1569,8.3018,0,healthy,0.0,50.0,6.4332,0
SN_008508,LOT_028,7.2577,7.7056,7.9227,7.9703,0,healthy,0.0,50.0,6.4332,0
SN_008509,LOT_028,6.6597,7.157,7.2311,7.3566,0,healthy,0.0,50.0,6.4332,0
SN_008510,LOT_028,6.4793,6.78,7.0032,6.8895,0,healthy,0.0,50.0,6.4332,0
SN_008511,LOT_028,6.339,6.7629,6.9247,7.0201,0,healthy,0.0,50.0,6.4332,0
SN_008512,LOT_028,7.2517,8.0194,8.4107,8.5554,0,healthy,0.0,50.0,6.4332,0
SN_008513,LOT_028,6.2377,6.5401,6.5887,6.7444,0,healthy,0.0,50.0,6.4332,0
SN_008514,LOT_028,5.7893,6.1921,6.3423,6.4599,0,healthy,0.0,50.0,6.4332,0
SN_008515,LOT_028,7.1001,7.6054,7.7988,7.8142,0,healthy,0.0,50.0,6.4332,0
SN_008516,LOT_028,5.4059,5.5439,5.6307,5.7152,0,healthy,0.0,50.0,6.4332,0
SN_008517,LOT_028,5.8046,6.0331,6.2005,6.1745,0,healthy,0.0,50.0,6.4332,0
SN_008518,LOT_028,5.7296,6.2453,6.3043,6.3965,0,healthy,0.0,50.0,6.4332,0
SN_008519,LOT_028,6.3228,6.9357,7.0322,7.1726,0,healthy,0.0,50.0,6.4332,0
SN_008520,LOT_028,5.9602,6.4463,6.5373,6.6686,0,healthy,0.0,50.0,6.4332,0
SN_008521,LOT_028,6.4774,7.0618,7.2324,7.2738,0,healthy,0.0,50.0,6.4332,0
SN_008522,LOT_028,6.8687,7.2154,7.4159,7.3521,0,healthy,0.0,50.0,6.4332,0
SN_008523,LOT_028,6.7892,7.2099,7.3646,7.4079,0,healthy,0.0,50.0,6.4332,0
SN_008524,LOT_028,8.2077,8.5205,8.5095,8.6235,0,healthy,0.0,50.0,6.4332,0
SN_008525,LOT_028,6.1008,6.5106,6.6692,6.784,0,healthy,0.0,50.0,6.4332,0
SN_008526,LOT_028,6.8823,7.525,7.7743,7.9239,0,healthy,0.0,50.0,6.4332,0
SN_008527,LOT_028,7.0775,7.9783,8.2711,8.381,0,healthy,0.0,50.0,6.4332,0
SN_008528,LOT_028,6.0752,6.7964,6.9464,7.2326,0,healthy,0.0,50.0,6.4332,0
SN_008529,LOT_028,6.6781,7.136,7.3905,7.4069,0,healthy,0.0,50.0,6.4332,0
SN_008530,LOT_028,6.5549,6.888,7.0811,7.0747,0,healthy,0.0,50.0,6.4332,0
SN_008531,LOT_028,6.2614,6.9372,7.241,7.3263,0,healthy,0.0,50.0,6.4332,0
SN_008532,LOT_028,6.9131,7.4053,7.5531,7.5901,0,healthy,0.0,50.0,6.4332,0
SN_008533,LOT_028,7.7029,8.2722,8.4657,8.4958,0,healthy,0.0,50.0,6.4332,0
SN_008534,LOT_028,6.1807,6.5346,6.6539,6.6613,0,healthy,0.0,50.0,6.4332,0
SN_008535,LOT_028,6.001,6.4921,6.7515,6.7188,0,healthy,0.0,50.0,6.4332,0
SN_008536,LOT_028,7.2604,8.0081,8.3769,8.5364,0,healthy,0.0,50.0,6.4332,0
SN_008537,LOT_028,6.9521,7.5937,7.6222,7.81,0,healthy,0.0,50.0,6.4332,0
SN_008538,LOT_028,5.2535,5.8603,6.0079,6.0722,0,healthy,0.0,50.0,6.4332,0
SN_008539,LOT_028,6.3655,6.7702,6.9243,6.966,0,healthy,0.0,50.0,6.4332,0
SN_008540,LOT_028,8.1072,8.6207,8.9033,8.918,0,healthy,0.0,50.0,6.4332,0
SN_008541,LOT_028,5.2559,5.8533,5.9933,6.2457,0,healthy,0.0,50.0,6.4332,0
SN_008542,LOT_028,6.1426,6.47,6.578,6.7184,0,healthy,0.0,50.0,6.4332,0
SN_008543,LOT_028,6.5082,7.038,7.1852,7.3771,0,healthy,0.0,50.0,6.4332,0
SN_008544,LOT_028,5.5697,7.3098,8.6022,9.0167,1,nbti_ageing,0.2866,50.0,6.4332,0
SN_008545,LOT_028,6.2063,6.7191,6.8447,6.9322,0,healthy,0.0,50.0,6.4332,0
SN_008546,LOT_028,5.8706,6.0714,6.2383,6.2501,0,healthy,0.0,50.0,6.4332,0
SN_008547,LOT_028,6.1261,6.6467,6.8997,6.9518,0,healthy,0.0,50.0,6.4332,0
SN_008548,LOT_028,6.4717,6.7636,6.9338,7.0157,0,healthy,0.0,50.0,6.4332,0
SN_008549,LOT_028,6.4722,7.0637,7.3813,7.5044,0,healthy,0.0,50.0,6.4332,0
SN_008550,LOT_028,6.2466,6.886,7.1366,7.0917,0,healthy,0.0,50.0,6.4332,0
SN_008551,LOT_028,5.8744,6.3613,6.4829,6.5301,0,healthy,0.0,50.0,6.4332,0
SN_008552,LOT_028,7.0992,7.3536,7.466,7.5688,0,healthy,0.0,50.0,6.4332,0
SN_008553,LOT_028,6.2851,7.1104,7.377,7.5399,0,healthy,0.0,50.0,6.4332,0
SN_008554,LOT_028,8.1285,8.5451,8.8187,8.7211,0,healthy,0.0,50.0,6.4332,0
SN_008555,LOT_028,6.7724,7.2504,7.3195,7.4163,0,healthy,0.0,50.0,6.4332,0
SN_008556,LOT_028,7.3265,7.7183,8.0089,7.9729,0,healthy,0.0,50.0,6.4332,0
SN_008557,LOT_028,5.7071,5.9642,6.0042,5.975,0,healthy,0.0,50.0,6.4332,0
SN_008558,LOT_028,5.813,6.2109,6.3615,6.393,0,healthy,0.0,50.0,6.4332,0
SN_008559,LOT_028,6.4705,7.2417,7.4813,7.5145,0,healthy,0.0,50.0,6.4332,0
SN_008560,LOT_028,7.932,8.6478,9.0779,9.2794,0,healthy,0.0,50.0,6.4332,0
SN_008561,LOT_028,6.7007,7.4655,7.8077,7.8858,0,healthy,0.0,50.0,6.4332,0
SN_008562,LOT_028,7.5044,8.1607,8.5041,8.6154,0,healthy,0.0,50.0,6.4332,0
SN_008563,LOT_028,5.5047,5.9835,6.1235,6.2095,0,healthy,0.0,50.0,6.4332,0
SN_008564,LOT_028,5.4525,5.8436,6.0135,6.0135,0,healthy,0.0,50.0,6.4332,0
SN_008565,LOT_028,5.9175,6.4496,6.5718,6.6936,0,healthy,0.0,50.0,6.4332,0
SN_008566,LOT_028,6.3619,6.9751,7.1052,7.1904,0,healthy,0.0,50.0,6.4332,0
SN_008567,LOT_028,5.7013,6.2629,6.5586,6.6985,0,healthy,0.0,50.0,6.4332,0
SN_008568,LOT_028,6.925,7.2945,7.4314,7.3999,0,healthy,0.0,50.0,6.4332,0
SN_008569,LOT_028,6.5374,7.4209,7.4174,7.676,0,healthy,0.0,50.0,6.4332,0
SN_008570,LOT_028,6.4871,6.8809,6.7952,6.8811,0,healthy,0.0,50.0,6.4332,0
SN_008571,LOT_028,7.3468,7.8971,8.0543,8.2931,0,healthy,0.0,50.0,6.4332,0
SN_008572,LOT_028,6.042,6.7088,7.1042,7.2093,0,healthy,0.0,50.0,6.4332,0
SN_008573,LOT_028,7.7856,8.2734,8.3971,8.4876,0,healthy,0.0,50.0,6.4332,0
SN_008574,LOT_028,6.3285,7.062,7.1401,7.26,0,healthy,0.0,50.0,6.4332,0
SN_008575,LOT_028,6.8176,7.5297,7.7483,7.9484,0,healthy,0.0,50.0,6.4332,0
SN_008576,LOT_028,6.0264,6.5018,6.7883,6.8671,0,healthy,0.0,50.0,6.4332,0
SN_008577,LOT_028,5.5199,6.0766,6.2936,6.4136,0,healthy,0.0,50.0,6.4332,0
SN_008578,LOT_028,6.957,7.4028,7.6058,7.636,0,healthy,0.0,50.0,6.4332,0
SN_008579,LOT_028,6.3432,6.9341,7.2896,7.3829,0,healthy,0.0,50.0,6.4332,0
SN_008580,LOT_028,5.6587,6.091,6.221,6.2692,0,healthy,0.0,50.0,6.4332,0
SN_008581,LOT_028,5.4855,5.8817,5.9742,5.9556,0,healthy,0.0,50.0,6.4332,0
SN_008582,LOT_028,5.4651,5.8675,6.0302,6.1356,0,healthy,0.0,50.0,6.4332,0
SN_008583,LOT_028,5.8272,6.3619,6.4396,6.6346,0,healthy,0.0,50.0,6.4332,0
SN_008584,LOT_028,6.3524,7.1742,7.4564,7.6392,0,healthy,0.0,50.0,6.4332,0
SN_008585,LOT_028,6.1342,6.7137,6.9245,6.9748,0,healthy,0.0,50.0,6.4332,0
SN_008586,LOT_028,6.216,6.525,6.7125,6.6343,0,healthy,0.0,50.0,6.4332,0
SN_008587,LOT_028,6.2526,6.827,7.0996,7.2225,0,healthy,0.0,50.0,6.4332,0
SN_008588,LOT_028,6.1393,6.3907,6.3922,6.5664,0,healthy,0.0,50.0,6.4332,0
SN_008589,LOT_028,6.3177,6.8707,7.105,7.1791,0,healthy,0.0,50.0,6.4332,0
SN_008590,LOT_028,6.2386,6.6633,6.792,6.9987,0,healthy,0.0,50.0,6.4332,0
SN_008591,LOT_028,6.6973,7.1522,7.3724,7.5375,0,healthy,0.0,50.0,6.4332,0
SN_008592,LOT_028,5.8557,6.1568,6.3084,6.3849,0,healthy,0.0,50.0,6.4332,0
SN_008593,LOT_028,6.1289,6.3366,6.41,6.5613,0,healthy,0.0,50.0,6.4332,0
SN_008594,LOT_028,6.03,6.5188,6.7431,6.7784,0,healthy,0.0,50.0,6.4332,0
SN_008595,LOT_028,5.806,6.1146,6.2666,6.4048,0,healthy,0.0,50.0,6.4332,0
SN_008596,LOT_028,5.905,6.7349,6.9549,7.133,0,healthy,0.0,50.0,6.4332,0
SN_008597,LOT_028,5.5816,6.1145,6.2825,6.2798,0,healthy,0.0,50.0,6.4332,0
SN_008598,LOT_028,7.0059,7.4067,7.5481,7.5341,0,healthy,0.0,50.0,6.4332,0
SN_008599,LOT_028,6.6246,6.8357,6.8547,6.9909,0,healthy,0.0,50.0,6.4332,0
SN_008600,LOT_028,17.4777,17.7139,18.824,19.7515,1,subtle_in_spec,0.0867,50.0,6.4332,0
SN_008601,LOT_028,6.6926,6.7168,8.1722,10.9578,1,tddb_dielectric,0.0461,50.0,6.4332,0
SN_008602,LOT_028,5.9358,6.5771,6.7781,6.902,0,healthy,0.0,50.0,6.4332,0
SN_008603,LOT_028,5.8361,6.1526,6.239,6.308,0,healthy,0.0,50.0,6.4332,0
SN_008604,LOT_028,7.0709,7.7456,7.9848,8.1743,0,healthy,0.0,50.0,6.4332,0
SN_008605,LOT_028,6.6395,7.0181,7.3223,7.3588,0,healthy,0.0,50.0,6.4332,0
SN_008606,LOT_028,8.813,9.337,9.6773,9.8212,0,healthy,0.0,50.0,6.4332,0
SN_008607,LOT_028,7.2586,7.885,8.237,8.3007,0,healthy,0.0,50.0,6.4332,0
SN_008608,LOT_028,7.1192,7.8314,8.1784,8.1648,0,healthy,0.0,50.0,6.4332,0
SN_008609,LOT_028,5.8626,6.5763,6.783,6.7468,0,healthy,0.0,50.0,6.4332,0
SN_008610,LOT_028,6.2405,6.6867,6.931,7.0293,0,healthy,0.0,50.0,6.4332,0
SN_008611,LOT_028,7.4106,7.854,8.0747,8.1161,0,healthy,0.0,50.0,6.4332,0
SN_008612,LOT_028,5.5474,6.1263,6.3468,6.368,0,healthy,0.0,50.0,6.4332,0
SN_008613,LOT_028,7.2215,7.8089,7.9868,8.2344,0,healthy,0.0,50.0,6.4332,0
SN_008614,LOT_028,6.2347,7.0126,7.2694,7.4634,0,healthy,0.0,50.0,6.4332,0
SN_008615,LOT_028,8.2887,9.1076,9.4936,9.6939,0,healthy,0.0,50.0,6.4332,0
SN_008616,LOT_028,7.346,7.6702,7.7842,7.8571,0,healthy,0.0,50.0,6.4332,0
SN_008617,LOT_028,6.7227,7.4154,7.788,7.926,0,healthy,0.0,50.0,6.4332,0
SN_008618,LOT_028,6.5093,7.271,7.5264,7.7092,0,healthy,0.0,50.0,6.4332,0
SN_008619,LOT_028,4.9854,5.3184,5.5075,5.5637,0,healthy,0.0,50.0,6.4332,0
SN_008620,LOT_028,5.667,6.1984,6.2882,6.3111,0,healthy,0.0,50.0,6.4332,0
SN_008621,LOT_028,6.7164,7.2582,7.4729,7.53,0,healthy,0.0,50.0,6.4332,0
SN_008622,LOT_028,6.3961,6.9656,7.1873,7.3755,0,healthy,0.0,50.0,6.4332,0
SN_008623,LOT_028,4.9794,5.2489,5.4134,5.4994,0,healthy,0.0,50.0,6.4332,0
SN_008624,LOT_028,5.7488,6.1291,6.4555,6.3913,0,healthy,0.0,50.0,6.4332,0
SN_008625,LOT_028,6.4556,6.8718,7.1429,7.0398,0,healthy,0.0,50.0,6.4332,0
SN_008626,LOT_028,7.525,7.9666,8.2234,8.2381,0,healthy,0.0,50.0,6.4332,0
SN_008627,LOT_028,5.7377,6.4809,6.7356,6.8612,0,healthy,0.0,50.0,6.4332,0
SN_008628,LOT_028,7.3716,7.5678,7.8744,7.833,0,healthy,0.0,50.0,6.4332,0
SN_008629,LOT_028,6.3521,7.1784,7.4569,7.6342,0,healthy,0.0,50.0,6.4332,0
SN_008630,LOT_028,6.5938,9.3123,10.9059,11.9502,1,nbti_ageing,0.4052,50.0,6.4332,0
SN_008631,LOT_028,5.8964,6.3952,6.5421,6.7203,0,healthy,0.0,50.0,6.4332,0
SN_008632,LOT_028,6.7664,7.6039,7.7891,7.9285,0,healthy,0.0,50.0,6.4332,0
SN_008633,LOT_028,6.4891,6.9722,7.2203,7.2904,0,healthy,0.0,50.0,6.4332,0
SN_008634,LOT_028,6.4167,6.8447,7.0538,7.0608,0,healthy,0.0,50.0,6.4332,0
SN_008635,LOT_028,5.9877,6.1893,6.298,6.2727,0,healthy,0.0,50.0,6.4332,0
SN_008636,LOT_028,6.4785,6.995,7.1166,7.2905,0,healthy,0.0,50.0,6.4332,0
SN_008637,LOT_028,5.598,6.3153,6.4675,6.6138,0,healthy,0.0,50.0,6.4332,0
SN_008638,LOT_028,6.3275,6.8831,7.1743,7.2918,0,healthy,0.0,50.0,6.4332,0
SN_008639,LOT_028,6.2425,6.8164,7.0701,7.1164,0,healthy,0.0,50.0,6.4332,0
SN_008640,LOT_028,7.6354,8.5069,8.9223,9.1914,0,healthy,0.0,50.0,6.4332,0
SN_008641,LOT_028,6.6607,7.1144,7.3802,7.4767,0,healthy,0.0,50.0,6.4332,0
SN_008642,LOT_028,6.6467,6.8399,6.9317,6.9363,0,healthy,0.0,50.0,6.4332,0
SN_008643,LOT_028,6.4565,7.3049,7.517,7.7704,0,healthy,0.0,50.0,6.4332,0
SN_008644,LOT_028,6.4107,7.0122,7.2298,7.4338,0,healthy,0.0,50.0,6.4332,0
SN_008645,LOT_028,5.971,6.3156,6.2673,6.3044,0,healthy,0.0,50.0,6.4332,0
SN_008646,LOT_028,7.2101,8.1083,8.3925,8.5684,0,healthy,0.0,50.0,6.4332,0
SN_008647,LOT_028,7.4976,8.0642,8.492,8.6297,0,healthy,0.0,50.0,6.4332,0
SN_008648,LOT_028,6.8113,7.1375,7.4254,7.3487,0,healthy,0.0,50.0,6.4332,0
SN_008649,LOT_029,8.1942,8.8803,9.1453,9.1952,0,healthy,0.0,50.0,8.8271,0
SN_008650,LOT_029,8.7418,9.0585,9.4125,9.5911,0,healthy,0.0,50.0,8.8271,0
SN_008651,LOT_029,9.0019,9.6442,9.8243,10.1975,0,healthy,0.0,50.0,8.8271,0
SN_008652,LOT_029,7.9148,8.7558,9.2055,9.3533,0,healthy,0.0,50.0,8.8271,0
SN_008653,LOT_029,7.3463,7.9047,8.0698,8.1335,0,healthy,0.0,50.0,8.8271,0
SN_008654,LOT_029,8.4191,8.8812,8.936,8.9388,0,healthy,0.0,50.0,8.8271,0
SN_008655,LOT_029,10.6649,11.4291,11.7915,12.0184,0,healthy,0.0,50.0,8.8271,0
SN_008656,LOT_029,9.6634,10.1618,10.5742,10.6844,0,healthy,0.0,50.0,8.8271,0
SN_008657,LOT_029,7.1436,7.8248,8.1277,8.327,0,healthy,0.0,50.0,8.8271,0
SN_008658,LOT_029,7.1574,7.7231,7.9074,8.0277,0,healthy,0.0,50.0,8.8271,0
SN_008659,LOT_029,10.9404,11.4294,11.3863,11.7317,0,healthy,0.0,50.0,8.8271,0
SN_008660,LOT_029,8.1438,8.3449,8.4705,8.6411,0,healthy,0.0,50.0,8.8271,0
SN_008661,LOT_029,9.1185,10.0533,10.2972,10.4839,0,healthy,0.0,50.0,8.8271,0
SN_008662,LOT_029,8.7953,9.6734,9.8772,10.0422,0,healthy,0.0,50.0,8.8271,0
SN_008663,LOT_029,8.4894,9.323,9.6409,9.5355,0,healthy,0.0,50.0,8.8271,0
SN_008664,LOT_029,8.7056,9.2006,9.3722,9.4453,0,healthy,0.0,50.0,8.8271,0
SN_008665,LOT_029,9.1915,9.9005,9.9881,10.0439,0,healthy,0.0,50.0,8.8271,0
SN_008666,LOT_029,8.4716,8.8815,9.022,9.3692,0,healthy,0.0,50.0,8.8271,0
SN_008667,LOT_029,8.9787,9.9706,10.29,10.3521,0,healthy,0.0,50.0,8.8271,0
SN_008668,LOT_029,9.33,9.8236,10.1199,10.1681,0,healthy,0.0,50.0,8.8271,0
SN_008669,LOT_029,9.1663,9.9695,10.316,10.4296,0,healthy,0.0,50.0,8.8271,0
SN_008670,LOT_029,7.581,8.1925,8.4771,8.6421,0,healthy,0.0,50.0,8.8271,0
SN_008671,LOT_029,9.8394,10.96,11.3306,11.4285,0,healthy,0.0,50.0,8.8271,0
SN_008672,LOT_029,9.7652,10.9606,11.2913,11.4444,0,healthy,0.0,50.0,8.8271,0
SN_008673,LOT_029,8.8195,9.5404,9.662,9.6502,0,healthy,0.0,50.0,8.8271,0
SN_008674,LOT_029,8.7247,9.4277,9.4757,9.4877,0,healthy,0.0,50.0,8.8271,0
SN_008675,LOT_029,9.3697,10.3731,10.8753,11.045,0,healthy,0.0,50.0,8.8271,0
SN_008676,LOT_029,7.4118,7.6979,7.839,7.894,0,healthy,0.0,50.0,8.8271,0
SN_008677,LOT_029,7.9605,8.6902,8.8794,8.9953,0,healthy,0.0,50.0,8.8271,0
SN_008678,LOT_029,7.4847,7.9727,7.8828,8.0232,0,healthy,0.0,50.0,8.8271,0
SN_008679,LOT_029,8.6719,9.2513,9.3431,9.429,0,healthy,0.0,50.0,8.8271,0
SN_008680,LOT_029,8.7067,9.0274,9.1975,9.1784,0,healthy,0.0,50.0,8.8271,0
SN_008681,LOT_029,7.7542,8.3542,8.6006,8.5285,0,healthy,0.0,50.0,8.8271,0
SN_008682,LOT_029,7.9152,8.9563,9.2572,9.3447,0,healthy,0.0,50.0,8.8271,0
SN_008683,LOT_029,9.4693,9.8971,9.9171,10.1446,0,healthy,0.0,50.0,8.8271,0
SN_008684,LOT_029,8.1499,8.556,8.6943,8.592,0,healthy,0.0,50.0,8.8271,0
SN_008685,LOT_029,7.7953,8.6451,8.8558,9.0483,0,healthy,0.0,50.0,8.8271,0
SN_008686,LOT_029,8.7095,8.9626,9.082,9.1696,0,healthy,0.0,50.0,8.8271,0
SN_008687,LOT_029,7.7838,8.1137,8.2846,8.3224,0,healthy,0.0,50.0,8.8271,0
SN_008688,LOT_029,9.0097,9.8121,10.1883,10.3215,0,healthy,0.0,50.0,8.8271,0
SN_008689,LOT_029,8.5449,9.2472,9.6503,9.6077,0,healthy,0.0,50.0,8.8271,0
SN_008690,LOT_029,9.2055,9.7654,10.0145,10.0608,0,healthy,0.0,50.0,8.8271,0
SN_008691,LOT_029,11.0831,11.6251,11.8617,11.8521,0,healthy,0.0,50.0,8.8271,0
SN_008692,LOT_029,7.6078,7.8825,7.8854,7.9819,0,healthy,0.0,50.0,8.8271,0
SN_008693,LOT_029,10.0648,10.665,10.8373,10.7227,0,healthy,0.0,50.0,8.8271,0
SN_008694,LOT_029,7.5982,8.1075,8.4137,8.602,0,healthy,0.0,50.0,8.8271,0
SN_008695,LOT_029,9.9752,10.9711,11.2764,11.5625,0,healthy,0.0,50.0,8.8271,0
SN_008696,LOT_029,9.0104,10.2484,10.5674,10.7096,0,healthy,0.0,50.0,8.8271,0
SN_008697,LOT_029,7.878,8.6021,8.9544,9.1342,0,healthy,0.0,50.0,8.8271,0
SN_008698,LOT_029,9.3,9.9218,10.0828,10.2454,0,healthy,0.0,50.0,8.8271,0
SN_008699,LOT_029,8.013,8.7117,8.9217,9.029,0,healthy,0.0,50.0,8.8271,0
SN_008700,LOT_029,7.5684,8.0788,8.2335,8.3651,0,healthy,0.0,50.0,8.8271,0
SN_008701,LOT_029,9.5575,9.9417,10.0807,10.1928,0,healthy,0.0,50.0,8.8271,0
SN_008702,LOT_029,8.5439,9.3716,9.6487,10.0031,0,healthy,0.0,50.0,8.8271,0
SN_008703,LOT_029,8.5485,9.2831,9.637,9.6438,0,healthy,0.0,50.0,8.8271,0
SN_008704,LOT_029,9.4072,10.1628,10.2409,10.4446,0,healthy,0.0,50.0,8.8271,0
SN_008705,LOT_029,8.1584,8.6466,8.725,8.9093,0,healthy,0.0,50.0,8.8271,0
SN_008706,LOT_029,8.7061,9.1479,9.3637,9.4369,0,healthy,0.0,50.0,8.8271,0
SN_008707,LOT_029,7.7598,8.1152,8.2333,8.3083,0,healthy,0.0,50.0,8.8271,0
SN_008708,LOT_029,9.1399,9.3912,9.5596,9.4978,0,healthy,0.0,50.0,8.8271,0
SN_008709,LOT_029,10.1675,11.1551,11.1661,11.2597,0,healthy,0.0,50.0,8.8271,0
SN_008710,LOT_029,8.8127,9.6094,9.8185,10.0106,0,healthy,0.0,50.0,8.8271,0
SN_008711,LOT_029,7.973,8.7593,8.9916,9.0649,0,healthy,0.0,50.0,8.8271,0
SN_008712,LOT_029,7.3459,8.0967,8.33,8.2942,0,healthy,0.0,50.0,8.8271,0
SN_008713,LOT_029,8.8592,9.5026,9.9415,10.1316,0,healthy,0.0,50.0,8.8271,0
SN_008714,LOT_029,8.4625,9.2156,9.4419,9.6772,0,healthy,0.0,50.0,8.8271,0
SN_008715,LOT_029,7.2232,8.1085,8.3573,8.514,0,healthy,0.0,50.0,8.8271,0
SN_008716,LOT_029,6.8855,7.2275,7.3017,7.2672,0,healthy,0.0,50.0,8.8271,0
SN_008717,LOT_029,9.2959,10.2369,10.7124,10.808,0,healthy,0.0,50.0,8.8271,0
SN_008718,LOT_029,10.4237,11.0235,11.3042,11.4407,0,healthy,0.0,50.0,8.8271,0
SN_008719,LOT_029,9.2836,10.0439,10.5449,10.9164,0,healthy,0.0,50.0,8.8271,0
SN_008720,LOT_029,8.6843,9.2908,9.5345,9.6758,0,healthy,0.0,50.0,8.8271,0
SN_008721,LOT_029,8.2837,8.9531,9.1179,9.2834,0,healthy,0.0,50.0,8.8271,0
SN_008722,LOT_029,9.1936,10.1282,10.6841,10.6324,0,healthy,0.0,50.0,8.8271,0
SN_008723,LOT_029,8.7667,9.201,9.3685,9.5177,0,healthy,0.0,50.0,8.8271,0
SN_008724,LOT_029,10.0448,10.8109,11.0774,11.3685,0,healthy,0.0,50.0,8.8271,0
SN_008725,LOT_029,7.0344,7.4861,7.6314,7.7119,0,healthy,0.0,50.0,8.8271,0
SN_008726,LOT_029,7.591,8.2177,8.4859,8.5857,0,healthy,0.0,50.0,8.8271,0
SN_008727,LOT_029,9.0145,9.5612,9.8901,10.0434,0,healthy,0.0,50.0,8.8271,0
SN_008728,LOT_029,9.5698,10.8014,11.1051,11.2296,0,healthy,0.0,50.0,8.8271,0
SN_008729,LOT_029,7.9434,8.2797,8.5583,8.6015,0,healthy,0.0,50.0,8.8271,0
SN_008730,LOT_029,8.5045,9.3939,9.6834,10.0508,0,healthy,0.0,50.0,8.8271,0
SN_008731,LOT_029,8.133,8.8399,9.0096,9.1465,0,healthy,0.0,50.0,8.8271,0
SN_008732,LOT_029,8.684,9.0745,9.0875,9.2292,0,healthy,0.0,50.0,8.8271,0
SN_008733,LOT_029,9.0798,9.7758,9.8766,10.2078,0,healthy,0.0,50.0,8.8271,0
SN_008734,LOT_029,9.79,10.6259,10.9595,11.0659,0,healthy,0.0,50.0,8.8271,0
SN_008735,LOT_029,7.6658,8.1125,8.434,8.4175,0,healthy,0.0,50.0,8.8271,0
SN_008736,LOT_029,7.2292,8.1778,8.4281,8.4326,0,healthy,0.0,50.0,8.8271,0
SN_008737,LOT_029,8.7675,9.9076,10.1889,10.359,0,healthy,0.0,50.0,8.8271,0
SN_008738,LOT_029,7.9441,8.1369,8.3653,8.5827,0,healthy,0.0,50.0,8.8271,0
SN_008739,LOT_029,8.5179,9.4299,9.6967,10.0818,0,healthy,0.0,50.0,8.8271,0
SN_008740,LOT_029,7.0176,7.7624,7.9442,8.1567,0,healthy,0.0,50.0,8.8271,0
SN_008741,LOT_029,10.5994,11.4918,11.9058,12.199,0,healthy,0.0,50.0,8.8271,0
SN_008742,LOT_029,9.8624,10.8296,11.2307,11.4498,0,healthy,0.0,50.0,8.8271,0
SN_008743,LOT_029,8.4375,9.2477,9.4365,9.5915,0,healthy,0.0,50.0,8.8271,0
SN_008744,LOT_029,10.7561,11.9882,12.5514,12.7631,0,healthy,0.0,50.0,8.8271,0
SN_008745,LOT_029,10.9664,11.8135,12.3888,12.5,0,healthy,0.0,50.0,8.8271,0
SN_008746,LOT_029,7.707,8.2079,8.4972,8.6869,0,healthy,0.0,50.0,8.8271,0
SN_008747,LOT_029,8.4809,9.415,9.8826,10.1123,0,healthy,0.0,50.0,8.8271,0
SN_008748,LOT_029,10.2601,11.3968,11.7388,11.8897,0,healthy,0.0,50.0,8.8271,0
SN_008749,LOT_029,9.84,11.1662,11.6067,11.7128,0,healthy,0.0,50.0,8.8271,0
SN_008750,LOT_029,8.8883,9.3643,9.3568,9.6359,0,healthy,0.0,50.0,8.8271,0
SN_008751,LOT_029,7.2994,8.0259,8.267,8.6259,0,healthy,0.0,50.0,8.8271,0
SN_008752,LOT_029,8.6917,9.2898,9.2658,9.4563,0,healthy,0.0,50.0,8.8271,0
SN_008753,LOT_029,8.4599,8.9929,9.1287,9.3805,0,healthy,0.0,50.0,8.8271,0
SN_008754,LOT_029,7.5374,8.1559,8.3634,8.5479,0,healthy,0.0,50.0,8.8271,0
SN_008755,LOT_029,8.4559,9.128,9.281,9.4244,0,healthy,0.0,50.0,8.8271,0
SN_008756,LOT_029,9.0782,9.8079,10.2057,10.3249,0,healthy,0.0,50.0,8.8271,0
SN_008757,LOT_029,10.0789,10.7792,10.8623,10.9532,0,healthy,0.0,50.0,8.8271,0
SN_008758,LOT_029,8.8622,9.3696,9.3835,9.4767,0,healthy,0.0,50.0,8.8271,0
SN_008759,LOT_029,9.338,9.8806,9.9606,10.0809,0,healthy,0.0,50.0,8.8271,0
SN_008760,LOT_029,8.255,9.0937,9.3788,9.3594,0,healthy,0.0,50.0,8.8271,0
SN_008761,LOT_029,8.8967,9.6785,9.6881,9.9696,0,healthy,0.0,50.0,8.8271,0
SN_008762,LOT_029,8.2996,8.8356,8.8498,9.1715,0,healthy,0.0,50.0,8.8271,0
SN_008763,LOT_029,8.0465,8.9371,9.2021,9.349,0,healthy,0.0,50.0,8.8271,0
SN_008764,LOT_029,8.7915,9.0712,9.2764,9.2087,0,healthy,0.0,50.0,8.8271,0
SN_008765,LOT_029,8.2377,8.694,9.1466,9.3583,0,healthy,0.0,50.0,8.8271,0
SN_008766,LOT_029,9.9717,10.6603,10.8978,10.7985,0,healthy,0.0,50.0,8.8271,0
SN_008767,LOT_029,9.1488,9.914,10.3809,10.6216,0,healthy,0.0,50.0,8.8271,0
SN_008768,LOT_029,8.6917,9.2254,9.481,9.4939,0,healthy,0.0,50.0,8.8271,0
SN_008769,LOT_029,8.4734,9.2826,9.5185,9.803,0,healthy,0.0,50.0,8.8271,0
SN_008770,LOT_029,8.6588,9.5808,9.8861,10.0869,0,healthy,0.0,50.0,8.8271,0
SN_008771,LOT_029,8.6877,9.5487,9.8647,10.0461,0,healthy,0.0,50.0,8.8271,0
SN_008772,LOT_029,9.658,10.5094,10.8062,11.0098,0,healthy,0.0,50.0,8.8271,0
SN_008773,LOT_029,9.4086,9.9416,10.1507,10.354,0,healthy,0.0,50.0,8.8271,0
SN_008774,LOT_029,10.0826,10.807,10.8782,11.1476,0,healthy,0.0,50.0,8.8271,0
SN_008775,LOT_029,9.9924,10.9296,11.0504,11.2887,0,healthy,0.0,50.0,8.8271,0
SN_008776,LOT_029,8.3796,9.5014,13.1573,16.7659,1,electromigration,0.0805,50.0,8.8271,0
SN_008777,LOT_029,8.909,9.5389,9.7259,9.7896,0,healthy,0.0,50.0,8.8271,0
SN_008778,LOT_029,9.1434,10.3723,10.6707,10.7543,0,healthy,0.0,50.0,8.8271,0
SN_008779,LOT_029,8.6586,9.0533,9.1418,9.1073,0,healthy,0.0,50.0,8.8271,0
SN_008780,LOT_029,8.2207,9.12,9.546,9.6324,0,healthy,0.0,50.0,8.8271,0
SN_008781,LOT_029,10.7235,11.5847,12.0225,12.2004,0,healthy,0.0,50.0,8.8271,0
SN_008782,LOT_029,7.0039,7.5443,7.9004,8.0614,0,healthy,0.0,50.0,8.8271,0
SN_008783,LOT_029,8.7918,9.2245,9.4504,9.5959,0,healthy,0.0,50.0,8.8271,0
SN_008784,LOT_029,8.3952,8.5805,8.8155,8.8848,0,healthy,0.0,50.0,8.8271,0
SN_008785,LOT_029,7.1943,8.0756,8.4433,8.5427,0,healthy,0.0,50.0,8.8271,0
SN_008786,LOT_029,9.2278,10.3325,10.6405,11.0003,0,healthy,0.0,50.0,8.8271,0
SN_008787,LOT_029,8.1843,8.681,8.7155,8.8246,0,healthy,0.0,50.0,8.8271,0
SN_008788,LOT_029,9.6942,10.052,10.1871,10.3327,0,healthy,0.0,50.0,8.8271,0
SN_008789,LOT_029,9.1651,10.0869,10.3915,10.7029,0,healthy,0.0,50.0,8.8271,0
SN_008790,LOT_029,8.6123,9.3592,9.6807,9.7653,0,healthy,0.0,50.0,8.8271,0
SN_008791,LOT_029,7.2686,7.6816,7.9068,7.9603,0,healthy,0.0,50.0,8.8271,0
SN_008792,LOT_029,7.9543,8.8281,9.1383,9.1274,0,healthy,0.0,50.0,8.8271,0
SN_008793,LOT_029,7.3677,8.1207,8.414,8.6315,0,healthy,0.0,50.0,8.8271,0
SN_008794,LOT_029,9.2839,9.6984,9.9093,10.044,0,healthy,0.0,50.0,8.8271,0
SN_008795,LOT_029,8.4394,9.2038,9.416,9.6614,0,healthy,0.0,50.0,8.8271,0
SN_008796,LOT_029,8.7097,9.1383,9.1346,9.2016,0,healthy,0.0,50.0,8.8271,0
SN_008797,LOT_029,9.1604,9.8354,9.8118,9.9582,0,healthy,0.0,50.0,8.8271,0
SN_008798,LOT_029,10.3181,10.8338,11.1742,11.0338,0,healthy,0.0,50.0,8.8271,0
SN_008799,LOT_029,9.9507,10.8084,11.2153,11.2703,0,healthy,0.0,50.0,8.8271,0
SN_008800,LOT_029,7.9704,8.9323,9.3275,9.4164,0,healthy,0.0,50.0,8.8271,0
SN_008801,LOT_029,7.9301,8.2534,8.2674,8.2933,0,healthy,0.0,50.0,8.8271,0
SN_008802,LOT_029,9.2496,9.661,9.9161,9.9112,0,healthy,0.0,50.0,8.8271,0
SN_008803,LOT_029,8.0583,8.5445,8.8497,8.7389,0,healthy,0.0,50.0,8.8271,0
SN_008804,LOT_029,8.8223,9.5585,9.9143,10.139,0,healthy,0.0,50.0,8.8271,0
SN_008805,LOT_029,9.5366,10.352,10.6513,10.7644,0,healthy,0.0,50.0,8.8271,0
SN_008806,LOT_029,10.8228,11.9112,12.226,12.1828,0,healthy,0.0,50.0,8.8271,0
SN_008807,LOT_029,8.4507,8.8096,8.9319,9.0491,0,healthy,0.0,50.0,8.8271,0
SN_008808,LOT_029,9.9059,10.8736,11.3906,11.5387,0,healthy,0.0,50.0,8.8271,0
SN_008809,LOT_029,7.9537,8.8578,9.1889,9.2954,0,healthy,0.0,50.0,8.8271,0
SN_008810,LOT_029,10.4143,11.5918,11.8857,11.9423,0,healthy,0.0,50.0,8.8271,0
SN_008811,LOT_029,8.7952,9.4555,9.7463,9.9675,0,healthy,0.0,50.0,8.8271,0
SN_008812,LOT_029,8.1165,8.5143,8.6759,8.8983,0,healthy,0.0,50.0,8.8271,0
SN_008813,LOT_029,8.0202,8.4486,8.5862,8.6397,0,healthy,0.0,50.0,8.8271,0
SN_008814,LOT_029,10.1666,10.8397,10.7542,11.0521,0,healthy,0.0,50.0,8.8271,0
SN_008815,LOT_029,8.6644,8.9593,9.2291,9.3212,0,healthy,0.0,50.0,8.8271,0
SN_008816,LOT_029,7.8723,8.3303,8.6731,8.741,0,healthy,0.0,50.0,8.8271,0
SN_008817,LOT_029,8.8632,9.503,9.6791,9.9054,0,healthy,0.0,50.0,8.8271,0
SN_008818,LOT_029,8.5767,9.0308,9.1109,9.1438,0,healthy,0.0,50.0,8.8271,0
SN_008819,LOT_029,7.8546,8.702,9.1302,9.4012,0,healthy,0.0,50.0,8.8271,0
SN_008820,LOT_029,10.1383,10.6173,10.9162,10.8534,0,healthy,0.0,50.0,8.8271,0
SN_008821,LOT_029,8.877,9.7182,10.0768,10.082,0,healthy,0.0,50.0,8.8271,0
SN_008822,LOT_029,10.0808,10.6555,10.8745,11.011,0,healthy,0.0,50.0,8.8271,0
SN_008823,LOT_029,9.659,10.6393,11.0408,11.1331,0,healthy,0.0,50.0,8.8271,0
SN_008824,LOT_029,9.2846,10.1902,10.6234,10.8213,0,healthy,0.0,50.0,8.8271,0
SN_008825,LOT_029,8.8217,9.3219,9.6767,9.8016,0,healthy,0.0,50.0,8.8271,0
SN_008826,LOT_029,7.9402,9.0002,9.3488,9.5888,0,healthy,0.0,50.0,8.8271,0
SN_008827,LOT_029,10.1742,10.4338,10.7201,10.8666,0,healthy,0.0,50.0,8.8271,0
SN_008828,LOT_029,9.0024,9.4495,9.5106,9.7444,0,healthy,0.0,50.0,8.8271,0
SN_008829,LOT_029,10.4023,11.1106,11.1523,11.2331,0,healthy,0.0,50.0,8.8271,0
SN_008830,LOT_029,9.6911,14.1073,17.3833,19.3879,1,nbti_ageing,0.524,50.0,8.8271,0
SN_008831,LOT_029,8.9874,9.4152,9.8069,9.8842,0,healthy,0.0,50.0,8.8271,0
SN_008832,LOT_029,8.0053,8.4683,8.6004,8.6797,0,healthy,0.0,50.0,8.8271,0
SN_008833,LOT_029,8.8643,9.1961,9.3534,9.1934,0,healthy,0.0,50.0,8.8271,0
SN_008834,LOT_029,8.3555,8.9845,9.2526,9.409,0,healthy,0.0,50.0,8.8271,0
SN_008835,LOT_029,8.4892,9.4276,9.567,9.8501,0,healthy,0.0,50.0,8.8271,0
SN_008836,LOT_029,7.8393,8.3898,8.6214,8.6572,0,healthy,0.0,50.0,8.8271,0
SN_008837,LOT_029,7.8153,8.4224,8.5259,8.5543,0,healthy,0.0,50.0,8.8271,0
SN_008838,LOT_029,9.4403,9.9033,10.2173,10.2015,0,healthy,0.0,50.0,8.8271,0
SN_008839,LOT_029,8.3207,8.8168,9.2267,9.454,0,healthy,0.0,50.0,8.8271,0
SN_008840,LOT_029,8.6096,9.0408,9.1584,9.1879,0,healthy,0.0,50.0,8.8271,0
SN_008841,LOT_029,8.1512,9.0503,9.1802,9.2622,0,healthy,0.0,50.0,8.8271,0
SN_008842,LOT_029,9.2728,10.528,10.9124,11.0482,0,healthy,0.0,50.0,8.8271,0
SN_008843,LOT_029,8.9406,9.9594,10.3581,10.3926,0,healthy,0.0,50.0,8.8271,0
SN_008844,LOT_029,9.7971,10.9772,11.2866,11.3651,0,healthy,0.0,50.0,8.8271,0
SN_008845,LOT_029,8.4354,9.375,9.7222,10.0206,0,healthy,0.0,50.0,8.8271,0
SN_008846,LOT_029,8.2009,8.6875,8.8402,8.8657,0,healthy,0.0,50.0,8.8271,0
SN_008847,LOT_029,7.904,8.7106,8.8506,8.8622,0,healthy,0.0,50.0,8.8271,0
SN_008848,LOT_029,10.2423,10.6064,10.7114,10.8855,0,healthy,0.0,50.0,8.8271,0
SN_008849,LOT_029,9.0721,9.5506,10.0206,10.0173,0,healthy,0.0,50.0,8.8271,0
SN_008850,LOT_029,8.1215,8.9915,9.2206,9.4719,0,healthy,0.0,50.0,8.8271,0
SN_008851,LOT_029,10.0711,10.4883,10.8385,11.0141,0,healthy,0.0,50.0,8.8271,0
SN_008852,LOT_029,8.2198,8.5609,8.6251,8.6659,0,healthy,0.0,50.0,8.8271,0
SN_008853,LOT_029,8.7304,9.5592,9.6947,9.8742,0,healthy,0.0,50.0,8.8271,0
SN_008854,LOT_029,8.7699,9.4493,9.7347,9.9943,0,healthy,0.0,50.0,8.8271,0
SN_008855,LOT_029,8.7971,9.8357,9.9836,10.2014,0,healthy,0.0,50.0,8.8271,0
SN_008856,LOT_029,9.7674,10.8728,11.1626,11.2664,0,healthy,0.0,50.0,8.8271,0
SN_008857,LOT_029,8.5663,9.3192,9.4524,9.4176,0,healthy,0.0,50.0,8.8271,0
SN_008858,LOT_029,8.7216,9.6114,9.9132,10.0439,0,healthy,0.0,50.0,8.8271,0
SN_008859,LOT_029,7.9655,8.8895,9.2986,9.4607,0,healthy,0.0,50.0,8.8271,0
SN_008860,LOT_029,9.8323,10.5823,10.5567,10.8349,0,healthy,0.0,50.0,8.8271,0
SN_008861,LOT_029,9.138,9.944,10.4331,10.6443,0,healthy,0.0,50.0,8.8271,0
SN_008862,LOT_029,8.7671,9.5977,9.9096,10.0548,0,healthy,0.0,50.0,8.8271,0
SN_008863,LOT_029,11.0134,11.5006,11.6613,11.6903,0,healthy,0.0,50.0,8.8271,0
SN_008864,LOT_029,8.4486,8.7508,8.9535,8.9911,0,healthy,0.0,50.0,8.8271,0
SN_008865,LOT_029,10.942,11.7516,12.155,12.0674,0,healthy,0.0,50.0,8.8271,0
SN_008866,LOT_029,9.5347,10.1361,10.4021,10.5726,0,healthy,0.0,50.0,8.8271,0
SN_008867,LOT_029,9.6012,10.2249,10.2912,10.4151,0,healthy,0.0,50.0,8.8271,0
SN_008868,LOT_029,8.9816,9.6547,9.7249,9.9994,0,healthy,0.0,50.0,8.8271,0
SN_008869,LOT_029,8.8325,9.6191,9.8209,10.1,0,healthy,0.0,50.0,8.8271,0
SN_008870,LOT_029,8.6214,9.5,9.8154,9.7425,0,healthy,0.0,50.0,8.8271,0
SN_008871,LOT_029,8.968,10.012,10.3086,10.4177,0,healthy,0.0,50.0,8.8271,0
SN_008872,LOT_029,9.1521,9.8549,10.3524,10.4243,0,healthy,0.0,50.0,8.8271,0
SN_008873,LOT_029,9.3455,10.2085,10.5655,10.578,0,healthy,0.0,50.0,8.8271,0
SN_008874,LOT_029,7.8446,8.6476,8.9727,9.2821,0,healthy,0.0,50.0,8.8271,0
SN_008875,LOT_029,8.8185,9.3294,9.3726,9.4805,0,healthy,0.0,50.0,8.8271,0
SN_008876,LOT_029,8.6598,9.1113,9.2921,9.416,0,healthy,0.0,50.0,8.8271,0
SN_008877,LOT_029,7.6019,8.2131,8.4998,8.4452,0,healthy,0.0,50.0,8.8271,0
SN_008878,LOT_029,8.306,8.8818,8.9884,9.1156,0,healthy,0.0,50.0,8.8271,0
SN_008879,LOT_029,10.8544,12.0311,12.5208,12.8517,0,healthy,0.0,50.0,8.8271,0
SN_008880,LOT_029,9.225,10.1515,10.7255,10.859,0,healthy,0.0,50.0,8.8271,0
SN_008881,LOT_029,8.946,9.6591,9.9518,10.0848,0,healthy,0.0,50.0,8.8271,0
SN_008882,LOT_029,8.4191,9.5743,9.8737,10.1561,0,healthy,0.0,50.0,8.8271,0
SN_008883,LOT_029,9.2381,9.8865,10.2701,10.5704,0,healthy,0.0,50.0,8.8271,0
SN_008884,LOT_029,8.5686,8.8276,9.0641,9.048,0,healthy,0.0,50.0,8.8271,0
SN_008885,LOT_029,10.4996,11.9277,12.1936,12.2997,0,healthy,0.0,50.0,8.8271,0
SN_008886,LOT_029,8.4198,9.3387,9.6991,9.9801,0,healthy,0.0,50.0,8.8271,0
SN_008887,LOT_029,10.6758,11.5385,11.6127,11.6946,0,healthy,0.0,50.0,8.8271,0
SN_008888,LOT_029,8.2537,8.41,8.5924,8.6956,0,healthy,0.0,50.0,8.8271,0
SN_008889,LOT_029,9.5733,10.4449,10.9296,11.1324,0,healthy,0.0,50.0,8.8271,0
SN_008890,LOT_029,9.1951,10.136,10.5109,10.6115,0,healthy,0.0,50.0,8.8271,0
SN_008891,LOT_029,9.4762,10.6189,11.0771,11.2741,0,healthy,0.0,50.0,8.8271,0
SN_008892,LOT_029,6.9785,7.3672,7.4051,7.4573,0,healthy,0.0,50.0,8.8271,0
SN_008893,LOT_029,8.5466,9.2172,9.6825,9.9702,0,healthy,0.0,50.0,8.8271,0
SN_008894,LOT_029,8.8966,9.8727,10.3472,10.5197,0,healthy,0.0,50.0,8.8271,0
SN_008895,LOT_029,10.2757,11.0949,11.2331,11.4492,0,healthy,0.0,50.0,8.8271,0
SN_008896,LOT_029,8.6766,9.4968,10.062,10.1863,0,healthy,0.0,50.0,8.8271,0
SN_008897,LOT_029,9.147,9.5294,9.6693,9.7666,0,healthy,0.0,50.0,8.8271,0
SN_008898,LOT_029,8.278,8.8605,8.8846,8.9348,0,healthy,0.0,50.0,8.8271,0
SN_008899,LOT_029,9.3214,10.4312,10.6816,10.9147,0,healthy,0.0,50.0,8.8271,0
SN_008900,LOT_029,9.355,10.5395,10.9657,11.2222,0,healthy,0.0,50.0,8.8271,0
SN_008901,LOT_029,8.4188,8.9907,9.3729,9.5546,0,healthy,0.0,50.0,8.8271,0
SN_008902,LOT_029,8.3226,9.1625,9.4792,9.8337,0,healthy,0.0,50.0,8.8271,0
SN_008903,LOT_029,9.1124,10.0566,10.5332,10.7159,0,healthy,0.0,50.0,8.8271,0
SN_008904,LOT_029,10.6318,11.7887,12.2079,12.3674,0,healthy,0.0,50.0,8.8271,0
SN_008905,LOT_029,11.5679,12.5667,12.5212,12.947,0,healthy,0.0,50.0,8.8271,0
SN_008906,LOT_029,10.4021,11.196,11.3392,11.3965,0,healthy,0.0,50.0,8.8271,0
SN_008907,LOT_029,7.4224,8.3828,8.5684,8.8622,0,healthy,0.0,50.0,8.8271,0
SN_008908,LOT_029,10.7036,10.7842,11.0352,11.5413,0,healthy,0.0,50.0,8.8271,0
SN_008909,LOT_029,10.1137,10.9982,11.3944,11.4829,0,healthy,0.0,50.0,8.8271,0
SN_008910,LOT_029,7.1719,7.5442,7.6745,7.6969,0,healthy,0.0,50.0,8.8271,0
SN_008911,LOT_029,10.3913,11.25,11.9995,12.185,0,healthy,0.0,50.0,8.8271,0
SN_008912,LOT_029,10.3555,11.6495,12.2737,12.5308,0,healthy,0.0,50.0,8.8271,0
SN_008913,LOT_029,10.2024,10.8485,11.2453,11.1466,0,healthy,0.0,50.0,8.8271,0
SN_008914,LOT_029,8.315,8.8283,8.9303,8.9403,0,healthy,0.0,50.0,8.8271,0
SN_008915,LOT_029,8.232,8.5203,8.7813,8.6652,0,healthy,0.0,50.0,8.8271,0
SN_008916,LOT_029,6.769,7.4025,7.541,7.8242,0,healthy,0.0,50.0,8.8271,0
SN_008917,LOT_029,8.4202,8.9879,9.3739,9.5283,0,healthy,0.0,50.0,8.8271,0
SN_008918,LOT_030,9.7268,10.6062,10.7757,10.8578,0,healthy,0.0,50.0,10.9909,0
SN_008919,LOT_030,11.6899,12.7896,13.0331,13.0874,0,healthy,0.0,50.0,10.9909,0
SN_008920,LOT_030,10.4585,11.1638,11.5519,11.7812,0,healthy,0.0,50.0,10.9909,0
SN_008921,LOT_030,10.4026,10.8421,10.9595,11.1238,0,healthy,0.0,50.0,10.9909,0
SN_008922,LOT_030,11.4251,12.5782,13.23,13.4074,0,healthy,0.0,50.0,10.9909,0
SN_008923,LOT_030,11.8441,12.2761,12.6902,12.73,0,healthy,0.0,50.0,10.9909,0
SN_008924,LOT_030,13.184,14.7605,15.6046,15.5011,0,healthy,0.0,50.0,10.9909,0
SN_008925,LOT_030,10.82,11.984,12.4961,12.8412,0,healthy,0.0,50.0,10.9909,0
SN_008926,LOT_030,11.6936,12.7927,13.3667,13.7516,0,healthy,0.0,50.0,10.9909,0
SN_008927,LOT_030,13.0442,14.1182,14.4577,14.8599,0,healthy,0.0,50.0,10.9909,0
SN_008928,LOT_030,11.1717,11.7467,11.8314,11.8624,0,healthy,0.0,50.0,10.9909,0
SN_008929,LOT_030,10.2627,11.5449,12.0173,12.2586,0,healthy,0.0,50.0,10.9909,0
SN_008930,LOT_030,10.5677,11.0707,11.2667,11.523,0,healthy,0.0,50.0,10.9909,0
SN_008931,LOT_030,10.0905,10.893,11.2564,11.4179,0,healthy,0.0,50.0,10.9909,0
SN_008932,LOT_030,12.267,13.752,14.3789,14.6275,0,healthy,0.0,50.0,10.9909,0
SN_008933,LOT_030,10.6564,11.1531,11.2777,11.4234,0,healthy,0.0,50.0,10.9909,0
SN_008934,LOT_030,12.1989,13.3085,13.7793,14.0966,0,healthy,0.0,50.0,10.9909,0
SN_008935,LOT_030,10.8744,11.9849,12.3164,12.5343,0,healthy,0.0,50.0,10.9909,0
SN_008936,LOT_030,11.1312,12.2091,12.5549,12.8905,0,healthy,0.0,50.0,10.9909,0
SN_008937,LOT_030,11.4309,12.7619,12.8942,13.0916,0,healthy,0.0,50.0,10.9909,0
SN_008938,LOT_030,11.1652,12.2085,12.5971,12.9048,0,healthy,0.0,50.0,10.9909,0
SN_008939,LOT_030,11.683,13.074,13.4493,13.7831,0,healthy,0.0,50.0,10.9909,0
SN_008940,LOT_030,9.4855,9.9666,10.1292,10.2165,0,healthy,0.0,50.0,10.9909,0
SN_008941,LOT_030,12.9973,13.8838,14.2112,14.2691,0,healthy,0.0,50.0,10.9909,0
SN_008942,LOT_030,11.789,12.2649,12.3269,12.419,0,healthy,0.0,50.0,10.9909,0
SN_008943,LOT_030,9.5411,10.5943,10.907,11.0992,0,healthy,0.0,50.0,10.9909,0
SN_008944,LOT_030,10.7032,11.9734,12.127,12.4058,0,healthy,0.0,50.0,10.9909,0
SN_008945,LOT_030,11.2513,11.6759,12.0664,11.9822,0,healthy,0.0,50.0,10.9909,0
SN_008946,LOT_030,11.4415,12.5165,12.8929,13.2532,0,healthy,0.0,50.0,10.9909,0
SN_008947,LOT_030,9.6732,10.4126,10.5443,10.8116,0,healthy,0.0,50.0,10.9909,0
SN_008948,LOT_030,10.185,10.6586,10.9097,10.9988,0,healthy,0.0,50.0,10.9909,0
SN_008949,LOT_030,11.6651,12.0857,12.1037,12.4676,0,healthy,0.0,50.0,10.9909,0
SN_008950,LOT_030,11.8105,12.1622,12.3429,12.5906,0,healthy,0.0,50.0,10.9909,0
SN_008951,LOT_030,11.4031,12.8336,13.3438,13.4492,0,healthy,0.0,50.0,10.9909,0
SN_008952,LOT_030,10.6384,11.0358,11.128,11.2411,0,healthy,0.0,50.0,10.9909,0
SN_008953,LOT_030,10.9059,12.0993,12.4033,12.6389,0,healthy,0.0,50.0,10.9909,0
SN_008954,LOT_030,10.4322,11.4599,11.8747,12.0262,0,healthy,0.0,50.0,10.9909,0
SN_008955,LOT_030,11.8665,13.0893,13.6835,14.0931,0,healthy,0.0,50.0,10.9909,0
SN_008956,LOT_030,9.841,10.3673,10.6912,10.8463,0,healthy,0.0,50.0,10.9909,0
SN_008957,LOT_030,10.4854,11.2766,11.4083,11.6074,0,healthy,0.0,50.0,10.9909,0
SN_008958,LOT_030,11.7881,13.054,13.4816,13.5516,0,healthy,0.0,50.0,10.9909,0
SN_008959,LOT_030,10.5351,11.3624,11.557,11.691,0,healthy,0.0,50.0,10.9909,0
SN_008960,LOT_030,11.0702,12.0051,12.6038,12.8154,0,healthy,0.0,50.0,10.9909,0
SN_008961,LOT_030,11.3906,12.4422,12.4789,12.5377,0,healthy,0.0,50.0,10.9909,0
SN_008962,LOT_030,11.1396,12.2116,12.7677,12.8627,0,healthy,0.0,50.0,10.9909,0
SN_008963,LOT_030,11.098,12.5992,12.8903,13.0013,0,healthy,0.0,50.0,10.9909,0
SN_008964,LOT_030,11.7036,12.8513,13.2002,13.5423,0,healthy,0.0,50.0,10.9909,0
SN_008965,LOT_030,11.9004,12.9386,13.0944,13.2887,0,healthy,0.0,50.0,10.9909,0
SN_008966,LOT_030,12.0277,13.2051,13.5203,13.7949,0,healthy,0.0,50.0,10.9909,0
SN_008967,LOT_030,11.9432,12.6377,12.9607,12.8967,0,healthy,0.0,50.0,10.9909,0
SN_008968,LOT_030,10.4259,11.7187,12.1105,12.4664,0,healthy,0.0,50.0,10.9909,0
SN_008969,LOT_030,10.8018,11.5294,11.8254,11.8484,0,healthy,0.0,50.0,10.9909,0
SN_008970,LOT_030,11.2906,12.0334,12.2722,12.7091,0,healthy,0.0,50.0,10.9909,0
SN_008971,LOT_030,11.3126,12.2159,12.5374,12.5095,0,healthy,0.0,50.0,10.9909,0
SN_008972,LOT_030,10.7597,11.4309,11.2661,11.5478,0,healthy,0.0,50.0,10.9909,0
SN_008973,LOT_030,9.659,10.5839,11.1294,11.4921,0,healthy,0.0,50.0,10.9909,0
SN_008974,LOT_030,12.095,13.5873,14.2108,14.4088,0,healthy,0.0,50.0,10.9909,0
SN_008975,LOT_030,9.3223,9.9624,10.3254,10.434,0,healthy,0.0,50.0,10.9909,0
SN_008976,LOT_030,11.8804,12.3933,12.5363,12.6222,0,healthy,0.0,50.0,10.9909,0
SN_008977,LOT_030,11.3393,11.76,11.841,11.9625,0,healthy,0.0,50.0,10.9909,0
SN_008978,LOT_030,12.4412,13.4292,13.7168,13.944,0,healthy,0.0,50.0,10.9909,0
SN_008979,LOT_030,11.9167,12.3806,12.5019,12.3709,0,healthy,0.0,50.0,10.9909,0
SN_008980,LOT_030,10.3508,11.5411,12.0627,12.1637,0,healthy,0.0,50.0,10.9909,0
SN_008981,LOT_030,10.1705,11.2642,11.6718,11.8635,0,healthy,0.0,50.0,10.9909,0
SN_008982,LOT_030,12.1285,13.4186,13.6561,13.849,0,healthy,0.0,50.0,10.9909,0
SN_008983,LOT_030,11.9469,12.5377,12.9128,13.2712,0,healthy,0.0,50.0,10.9909,0
SN_008984,LOT_030,10.9315,11.4349,11.6999,11.6638,0,healthy,0.0,50.0,10.9909,0
SN_008985,LOT_030,10.6723,11.2219,11.4539,11.5093,0,healthy,0.0,50.0,10.9909,0
SN_008986,LOT_030,11.0155,11.5413,11.4906,11.6502,0,healthy,0.0,50.0,10.9909,0
SN_008987,LOT_030,8.7066,9.4519,9.4934,9.7304,0,healthy,0.0,50.0,10.9909,0
SN_008988,LOT_030,14.1434,14.641,14.9083,15.1165,0,healthy,0.0,50.0,10.9909,0
SN_008989,LOT_030,10.2034,10.8754,11.1614,11.0497,0,healthy,0.0,50.0,10.9909,0
SN_008990,LOT_030,11.7544,12.4374,12.4673,12.7553,0,healthy,0.0,50.0,10.9909,0
SN_008991,LOT_030,10.7276,11.5952,11.9659,12.0619,0,healthy,0.0,50.0,10.9909,0
SN_008992,LOT_030,10.5092,11.0358,11.476,11.5643,0,healthy,0.0,50.0,10.9909,0
SN_008993,LOT_030,11.3487,12.6635,13.2093,13.3735,0,healthy,0.0,50.0,10.9909,0
SN_008994,LOT_030,10.3118,11.5913,12.0435,12.0816,0,healthy,0.0,50.0,10.9909,0
SN_008995,LOT_030,11.9176,12.6483,13.0927,13.1496,0,healthy,0.0,50.0,10.9909,0
SN_008996,LOT_030,13.7608,14.5182,14.4655,14.4792,0,healthy,0.0,50.0,10.9909,0
SN_008997,LOT_030,11.4353,12.7573,13.1116,13.5883,0,healthy,0.0,50.0,10.9909,0
SN_008998,LOT_030,11.7245,12.2883,12.1751,12.3785,0,healthy,0.0,50.0,10.9909,0
SN_008999,LOT_030,10.1563,11.1492,11.2761,11.5284,0,healthy,0.0,50.0,10.9909,0
SN_009000,LOT_030,11.9426,13.2656,13.6139,13.952,0,healthy,0.0,50.0,10.9909,0
SN_009001,LOT_030,10.2888,11.2549,11.6479,11.8683,0,healthy,0.0,50.0,10.9909,0
SN_009002,LOT_030,11.7635,12.2564,12.4527,12.6255,0,healthy,0.0,50.0,10.9909,0
SN_009003,LOT_030,11.5439,12.5476,13.0756,13.1146,0,healthy,0.0,50.0,10.9909,0
SN_009004,LOT_030,8.9892,9.525,9.7201,9.8435,0,healthy,0.0,50.0,10.9909,0
SN_009005,LOT_030,10.3495,11.0132,11.3858,11.4647,0,healthy,0.0,50.0,10.9909,0
SN_009006,LOT_030,12.488,13.1293,13.2898,13.2542,0,healthy,0.0,50.0,10.9909,0
SN_009007,LOT_030,11.3758,11.9288,12.4831,12.5711,0,healthy,0.0,50.0,10.9909,0
SN_009008,LOT_030,11.2062,12.341,13.0539,13.4527,0,healthy,0.0,50.0,10.9909,0
SN_009009,LOT_030,12.0813,13.4278,13.6578,13.8881,0,healthy,0.0,50.0,10.9909,0
SN_009010,LOT_030,12.3546,14.229,14.6576,14.7016,0,healthy,0.0,50.0,10.9909,0
SN_009011,LOT_030,11.3045,11.9043,12.2514,12.3688,0,healthy,0.0,50.0,10.9909,0
SN_009012,LOT_030,10.5686,11.1403,11.7416,11.5742,0,healthy,0.0,50.0,10.9909,0
SN_009013,LOT_030,9.306,9.881,10.1341,10.2504,0,healthy,0.0,50.0,10.9909,0
SN_009014,LOT_030,12.7053,14.497,14.9431,15.2523,0,healthy,0.0,50.0,10.9909,0
SN_009015,LOT_030,10.2547,11.2884,11.6083,11.7817,0,healthy,0.0,50.0,10.9909,0
SN_009016,LOT_030,11.1099,11.6148,11.6921,11.9218,0,healthy,0.0,50.0,10.9909,0
SN_009017,LOT_030,12.7958,13.4226,13.7239,13.9971,0,healthy,0.0,50.0,10.9909,0
SN_009018,LOT_030,12.6581,13.1559,13.2903,13.2679,0,healthy,0.0,50.0,10.9909,0
SN_009019,LOT_030,12.7411,13.5816,13.4784,13.5394,0,healthy,0.0,50.0,10.9909,0
SN_009020,LOT_030,10.8691,11.6802,11.9904,12.0809,0,healthy,0.0,50.0,10.9909,0
SN_009021,LOT_030,11.5896,12.4691,12.6486,12.6342,0,healthy,0.0,50.0,10.9909,0
SN_009022,LOT_030,9.7344,10.46,10.8231,10.8078,0,healthy,0.0,50.0,10.9909,0
SN_009023,LOT_030,10.5759,11.4436,11.7207,11.8576,0,healthy,0.0,50.0,10.9909,0
SN_009024,LOT_030,10.5048,11.7753,12.0796,12.2113,0,healthy,0.0,50.0,10.9909,0
SN_009025,LOT_030,12.3881,13.1047,13.1059,13.3193,0,healthy,0.0,50.0,10.9909,0
SN_009026,LOT_030,10.6516,11.6959,12.1878,12.4418,0,healthy,0.0,50.0,10.9909,0
SN_009027,LOT_030,11.4173,12.6722,12.9284,13.1155,0,healthy,0.0,50.0,10.9909,0
SN_009028,LOT_030,10.2621,10.5335,10.9589,10.9783,0,healthy,0.0,50.0,10.9909,0
SN_009029,LOT_030,11.762,12.2049,12.4501,12.4455,0,healthy,0.0,50.0,10.9909,0
SN_009030,LOT_030,12.9947,13.5504,13.9157,14.078,0,healthy,0.0,50.0,10.9909,0
SN_009031,LOT_030,14.0378,15.1678,15.6689,15.9824,0,healthy,0.0,50.0,10.9909,0
SN_009032,LOT_030,11.4436,12.3859,12.4152,12.7135,0,healthy,0.0,50.0,10.9909,0
SN_009033,LOT_030,10.8057,11.5924,11.8939,12.1499,0,healthy,0.0,50.0,10.9909,0
SN_009034,LOT_030,10.7643,12.12,12.5885,12.7967,0,healthy,0.0,50.0,10.9909,0
SN_009035,LOT_030,11.777,12.7258,12.795,13.2008,0,healthy,0.0,50.0,10.9909,0
SN_009036,LOT_030,9.8343,11.0114,11.2201,11.5709,0,healthy,0.0,50.0,10.9909,0
SN_009037,LOT_030,11.2624,12.1373,12.8495,12.9605,0,healthy,0.0,50.0,10.9909,0
SN_009038,LOT_030,9.2826,9.8132,10.1466,10.2154,0,healthy,0.0,50.0,10.9909,0
SN_009039,LOT_030,9.9055,10.8368,11.244,11.3841,0,healthy,0.0,50.0,10.9909,0
SN_009040,LOT_030,12.214,13.2737,13.5867,13.61,0,healthy,0.0,50.0,10.9909,0
SN_009041,LOT_030,10.1756,11.2515,11.4859,11.6231,0,healthy,0.0,50.0,10.9909,0
SN_009042,LOT_030,12.5223,13.2341,13.5479,13.668,0,healthy,0.0,50.0,10.9909,0
SN_009043,LOT_030,11.6757,12.65,13.0895,13.2501,0,healthy,0.0,50.0,10.9909,0
SN_009044,LOT_030,9.6142,9.9442,10.1583,10.1595,0,healthy,0.0,50.0,10.9909,0
SN_009045,LOT_030,11.0265,11.4413,11.6617,11.7787,0,healthy,0.0,50.0,10.9909,0
SN_009046,LOT_030,11.5773,11.8428,12.267,12.0605,0,healthy,0.0,50.0,10.9909,0
SN_009047,LOT_030,10.5252,11.1431,11.5021,11.3936,0,healthy,0.0,50.0,10.9909,0
SN_009048,LOT_030,12.1685,13.4235,14.1493,14.2349,0,healthy,0.0,50.0,10.9909,0
SN_009049,LOT_030,11.9814,13.4326,14.0499,14.3853,0,healthy,0.0,50.0,10.9909,0
SN_009050,LOT_030,12.5561,13.2667,13.6974,13.9169,0,healthy,0.0,50.0,10.9909,0
SN_009051,LOT_030,11.2686,12.2044,12.44,12.7009,0,healthy,0.0,50.0,10.9909,0
SN_009052,LOT_030,10.1698,10.5622,10.8925,10.9854,0,healthy,0.0,50.0,10.9909,0
SN_009053,LOT_030,9.658,10.1492,10.2846,10.4004,0,healthy,0.0,50.0,10.9909,0
SN_009054,LOT_030,9.422,9.8623,9.9911,10.0135,0,healthy,0.0,50.0,10.9909,0
SN_009055,LOT_030,9.7523,10.1612,10.3052,10.4643,0,healthy,0.0,50.0,10.9909,0
SN_009056,LOT_030,12.0181,12.7324,12.8764,13.391,0,healthy,0.0,50.0,10.9909,0
SN_009057,LOT_030,13.4088,13.9827,14.0339,14.2549,0,healthy,0.0,50.0,10.9909,0
SN_009058,LOT_030,11.0549,11.7055,12.074,12.3339,0,healthy,0.0,50.0,10.9909,0
SN_009059,LOT_030,12.3254,13.0172,13.3032,13.5084,0,healthy,0.0,50.0,10.9909,0
SN_009060,LOT_030,10.7703,11.2642,11.3812,11.4916,0,healthy,0.0,50.0,10.9909,0
SN_009061,LOT_030,11.0636,12.0848,12.6572,13.1959,0,healthy,0.0,50.0,10.9909,0
SN_009062,LOT_030,9.7747,10.3444,10.5642,10.6955,0,healthy,0.0,50.0,10.9909,0
SN_009063,LOT_030,9.8581,10.3303,10.5706,10.7931,0,healthy,0.0,50.0,10.9909,0
SN_009064,LOT_030,11.5906,13.192,13.448,13.907,0,healthy,0.0,50.0,10.9909,0
SN_009065,LOT_030,12.1019,13.6372,14.1173,14.4901,0,healthy,0.0,50.0,10.9909,0
SN_009066,LOT_030,10.3652,11.2288,11.5262,11.6877,0,healthy,0.0,50.0,10.9909,0
SN_009067,LOT_030,10.8944,11.7204,11.7037,12.1359,0,healthy,0.0,50.0,10.9909,0
SN_009068,LOT_030,9.6691,10.386,10.4913,10.6766,0,healthy,0.0,50.0,10.9909,0
SN_009069,LOT_030,10.4015,11.4054,11.7485,11.9345,0,healthy,0.0,50.0,10.9909,0
SN_009070,LOT_030,9.8668,10.2532,10.4914,10.7495,0,healthy,0.0,50.0,10.9909,0
SN_009071,LOT_030,11.7377,12.9252,13.0866,13.1227,0,healthy,0.0,50.0,10.9909,0
SN_009072,LOT_030,11.0019,11.283,11.4276,11.4718,0,healthy,0.0,50.0,10.9909,0
SN_009073,LOT_030,11.9465,12.8878,13.4126,13.7056,0,healthy,0.0,50.0,10.9909,0
SN_009074,LOT_030,9.2805,9.5949,9.7009,9.7984,0,healthy,0.0,50.0,10.9909,0
SN_009075,LOT_030,12.0326,12.3244,12.7288,12.674,0,healthy,0.0,50.0,10.9909,0
SN_009076,LOT_030,10.8587,11.4895,11.5756,11.8377,0,healthy,0.0,50.0,10.9909,0
SN_009077,LOT_030,10.2867,11.0356,11.2061,11.402,0,healthy,0.0,50.0,10.9909,0
SN_009078,LOT_030,10.8496,11.5636,11.8467,12.0715,0,healthy,0.0,50.0,10.9909,0
SN_009079,LOT_030,10.4533,11.2704,11.5504,11.6279,0,healthy,0.0,50.0,10.9909,0
SN_009080,LOT_030,9.9645,10.6896,11.4637,11.4747,0,healthy,0.0,50.0,10.9909,0
SN_009081,LOT_030,10.9371,11.8776,12.064,12.539,0,healthy,0.0,50.0,10.9909,0
SN_009082,LOT_030,10.6518,11.2384,11.5258,11.7006,0,healthy,0.0,50.0,10.9909,0
SN_009083,LOT_030,10.8581,11.6501,11.8453,12.179,0,healthy,0.0,50.0,10.9909,0
SN_009084,LOT_030,11.0686,11.5775,11.7906,11.8543,0,healthy,0.0,50.0,10.9909,0
SN_009085,LOT_030,11.5249,12.812,13.3154,13.7215,0,healthy,0.0,50.0,10.9909,0
SN_009086,LOT_030,10.2024,11.3016,11.3845,11.5676,0,healthy,0.0,50.0,10.9909,0
SN_009087,LOT_030,11.8853,13.1573,13.7858,13.9649,0,healthy,0.0,50.0,10.9909,0
SN_009088,LOT_030,10.4229,10.7429,11.1191,11.0237,0,healthy,0.0,50.0,10.9909,0
SN_009089,LOT_030,11.0915,12.0347,12.2792,12.6536,0,healthy,0.0,50.0,10.9909,0
SN_009090,LOT_030,10.8666,11.2404,11.4986,11.3746,0,healthy,0.0,50.0,10.9909,0
SN_009091,LOT_030,11.1926,11.7582,12.0271,12.0818,0,healthy,0.0,50.0,10.9909,0
SN_009092,LOT_030,10.4727,11.4705,11.7513,12.1024,0,healthy,0.0,50.0,10.9909,0
SN_009093,LOT_030,10.5213,11.5152,11.9399,12.4197,0,healthy,0.0,50.0,10.9909,0
SN_009094,LOT_030,10.3347,10.8177,11.0208,11.2463,0,healthy,0.0,50.0,10.9909,0
SN_009095,LOT_030,8.8714,9.7293,10.0434,10.1181,0,healthy,0.0,50.0,10.9909,0
SN_009096,LOT_030,9.0475,9.937,10.3279,10.3386,0,healthy,0.0,50.0,10.9909,0
SN_009097,LOT_030,10.6527,11.5298,11.6698,11.8699,0,healthy,0.0,50.0,10.9909,0
SN_009098,LOT_030,11.2384,12.4616,13.0889,13.4139,0,healthy,0.0,50.0,10.9909,0
SN_009099,LOT_030,10.3291,11.4333,11.708,11.9712,0,healthy,0.0,50.0,10.9909,0
SN_009100,LOT_030,34.269,35.8257,39.6746,43.0904,1,esd_oxide,0.309,50.0,10.9909,0
SN_009101,LOT_030,9.9394,10.8559,11.1345,11.31,0,healthy,0.0,50.0,10.9909,0
SN_009102,LOT_030,10.1416,11.2686,11.5162,11.7698,0,healthy,0.0,50.0,10.9909,0
SN_009103,LOT_030,10.2593,10.5239,10.7126,10.817,0,healthy,0.0,50.0,10.9909,0
SN_009104,LOT_030,9.2237,10.1263,10.4847,10.6811,0,healthy,0.0,50.0,10.9909,0
SN_009105,LOT_030,10.299,10.6607,10.7935,10.7717,0,healthy,0.0,50.0,10.9909,0
SN_009106,LOT_030,11.3123,11.7826,12.0402,12.3887,0,healthy,0.0,50.0,10.9909,0
SN_009107,LOT_030,11.8715,13.1128,13.4102,13.8033,0,healthy,0.0,50.0,10.9909,0
SN_009108,LOT_030,11.4344,11.9623,11.9712,12.1293,0,healthy,0.0,50.0,10.9909,0
SN_009109,LOT_030,10.3915,10.9496,11.1179,10.9968,0,healthy,0.0,50.0,10.9909,0
SN_009110,LOT_030,10.0057,10.7072,11.0707,11.1764,0,healthy,0.0,50.0,10.9909,0
SN_009111,LOT_030,9.9084,11.0537,11.453,11.531,0,healthy,0.0,50.0,10.9909,0
SN_009112,LOT_030,12.5334,12.8614,13.062,13.1919,0,healthy,0.0,50.0,10.9909,0
SN_009113,LOT_030,9.3759,10.2432,10.6153,10.6262,0,healthy,0.0,50.0,10.9909,0
SN_009114,LOT_030,10.521,11.5208,11.8036,11.9446,0,healthy,0.0,50.0,10.9909,0
SN_009115,LOT_030,10.8689,11.51,11.8169,11.9521,0,healthy,0.0,50.0,10.9909,0
SN_009116,LOT_030,10.8979,11.6679,11.9601,12.0835,0,healthy,0.0,50.0,10.9909,0
SN_009117,LOT_030,11.0817,12.0808,12.4044,12.5641,0,healthy,0.0,50.0,10.9909,0
SN_009118,LOT_030,10.7847,11.8965,12.0048,12.2261,0,healthy,0.0,50.0,10.9909,0
SN_009119,LOT_030,11.337,11.8567,12.3168,12.5155,0,healthy,0.0,50.0,10.9909,0
SN_009120,LOT_030,10.7049,11.3877,11.6026,11.6995,0,healthy,0.0,50.0,10.9909,0
SN_009121,LOT_030,11.2576,11.7397,11.8756,12.0278,0,healthy,0.0,50.0,10.9909,0
SN_009122,LOT_030,9.4348,10.5581,10.982,11.3096,0,healthy,0.0,50.0,10.9909,0
SN_009123,LOT_030,10.5107,11.2558,11.5494,11.7922,0,healthy,0.0,50.0,10.9909,0
SN_009124,LOT_030,11.4318,12.0838,12.222,12.2267,0,healthy,0.0,50.0,10.9909,0
SN_009125,LOT_030,10.8525,11.2578,11.5305,11.6574,0,healthy,0.0,50.0,10.9909,0
SN_009126,LOT_030,9.7328,10.6713,11.2434,11.407,0,healthy,0.0,50.0,10.9909,0
SN_009127,LOT_030,11.5369,12.3004,12.6529,12.7643,0,healthy,0.0,50.0,10.9909,0
SN_009128,LOT_030,11.3225,12.2553,12.506,12.8444,0,healthy,0.0,50.0,10.9909,0
SN_009129,LOT_030,10.484,11.2529,11.5299,11.448,0,healthy,0.0,50.0,10.9909,0
SN_009130,LOT_030,11.9607,12.2716,12.6153,12.6673,0,healthy,0.0,50.0,10.9909,0
SN_009131,LOT_030,10.7617,11.9651,12.3174,12.4387,0,healthy,0.0,50.0,10.9909,0
SN_009132,LOT_030,9.2239,9.9303,10.2709,10.4963,0,healthy,0.0,50.0,10.9909,0
SN_009133,LOT_030,10.463,11.4468,11.9698,12.164,0,healthy,0.0,50.0,10.9909,0
SN_009134,LOT_030,11.3017,12.2264,12.6287,12.8118,0,healthy,0.0,50.0,10.9909,0
SN_009135,LOT_030,12.9786,14.6462,15.2749,15.4871,0,healthy,0.0,50.0,10.9909,0
SN_009136,LOT_030,11.7557,12.8175,13.2217,13.3928,0,healthy,0.0,50.0,10.9909,0
SN_009137,LOT_030,12.0634,13.0939,13.494,13.7172,0,healthy,0.0,50.0,10.9909,0
SN_009138,LOT_030,9.7001,10.538,10.8086,11.1216,0,healthy,0.0,50.0,10.9909,0
SN_009139,LOT_030,10.3291,11.0294,11.3365,11.6413,0,healthy,0.0,50.0,10.9909,0
SN_009140,LOT_030,11.403,12.3892,13.0884,13.3968,0,healthy,0.0,50.0,10.9909,0
SN_009141,LOT_030,10.1383,10.7637,11.0711,11.2906,0,healthy,0.0,50.0,10.9909,0
SN_009142,LOT_030,9.948,10.9176,11.2017,11.3078,0,healthy,0.0,50.0,10.9909,0
SN_009143,LOT_030,11.3368,12.755,13.0682,13.249,0,healthy,0.0,50.0,10.9909,0
SN_009144,LOT_030,11.311,12.0448,12.3799,12.6359,0,healthy,0.0,50.0,10.9909,0
SN_009145,LOT_030,10.6286,11.937,12.2246,12.348,0,healthy,0.0,50.0,10.9909,0
SN_009146,LOT_030,11.2403,12.157,12.4291,12.5745,0,healthy,0.0,50.0,10.9909,0
SN_009147,LOT_030,13.6623,14.4809,14.6417,14.6552,0,healthy,0.0,50.0,10.9909,0
SN_009148,LOT_030,11.3092,12.1191,12.4843,12.7207,0,healthy,0.0,50.0,10.9909,0
SN_009149,LOT_030,10.8042,11.9923,12.2693,12.4968,0,healthy,0.0,50.0,10.9909,0
SN_009150,LOT_030,11.7793,13.213,13.4574,13.5233,0,healthy,0.0,50.0,10.9909,0
SN_009151,LOT_030,10.1165,11.0504,11.3395,11.3684,0,healthy,0.0,50.0,10.9909,0
SN_009152,LOT_030,11.8039,12.4592,13.0395,13.1917,0,healthy,0.0,50.0,10.9909,0
SN_009153,LOT_030,9.8519,10.4613,10.9328,11.0695,0,healthy,0.0,50.0,10.9909,0
SN_009154,LOT_030,12.5458,13.973,14.714,14.8854,0,healthy,0.0,50.0,10.9909,0
SN_009155,LOT_030,10.4353,11.0829,11.4745,11.6164,0,healthy,0.0,50.0,10.9909,0
SN_009156,LOT_030,12.2816,12.9949,13.5965,13.4981,0,healthy,0.0,50.0,10.9909,0
SN_009157,LOT_030,12.2935,13.4641,14.2862,14.5482,0,healthy,0.0,50.0,10.9909,0
SN_009158,LOT_030,9.3559,10.2078,10.5016,10.6074,0,healthy,0.0,50.0,10.9909,0
SN_009159,LOT_030,10.5898,11.9499,12.3084,12.6154,0,healthy,0.0,50.0,10.9909,0
SN_009160,LOT_030,9.0538,9.773,9.9378,9.9824,0,healthy,0.0,50.0,10.9909,0
SN_009161,LOT_030,10.3242,10.8538,11.0108,11.0268,0,healthy,0.0,50.0,10.9909,0
SN_009162,LOT_030,10.249,11.6452,12.0088,12.4422,0,healthy,0.0,50.0,10.9909,0
SN_009163,LOT_030,11.6197,12.5022,12.8623,13.3259,0,healthy,0.0,50.0,10.9909,0
SN_009164,LOT_030,11.624,12.1798,12.2834,12.5078,0,healthy,0.0,50.0,10.9909,0
SN_009165,LOT_030,12.2483,13.5464,13.6795,13.9939,0,healthy,0.0,50.0,10.9909,0
SN_009166,LOT_030,11.5334,13.019,13.6706,13.7206,0,healthy,0.0,50.0,10.9909,0
SN_009167,LOT_030,11.1652,12.1143,12.3742,12.6564,0,healthy,0.0,50.0,10.9909,0
SN_009168,LOT_030,11.7048,12.9533,13.5062,13.9128,0,healthy,0.0,50.0,10.9909,0
SN_009169,LOT_030,10.6262,11.2822,11.6787,11.8361,0,healthy,0.0,50.0,10.9909,0
SN_009170,LOT_030,9.9972,10.2934,10.4591,10.5189,0,healthy,0.0,50.0,10.9909,0
SN_009171,LOT_030,10.9378,11.8162,12.2828,12.4929,0,healthy,0.0,50.0,10.9909,0
SN_009172,LOT_030,10.3918,11.2248,11.9309,11.951,0,healthy,0.0,50.0,10.9909,0
SN_009173,LOT_030,10.6817,11.3686,11.4286,11.4206,0,healthy,0.0,50.0,10.9909,0
SN_009174,LOT_030,10.1002,10.9072,11.2599,11.4293,0,healthy,0.0,50.0,10.9909,0
SN_009175,LOT_030,11.9222,12.2766,12.8274,12.9773,0,healthy,0.0,50.0,10.9909,0
SN_009176,LOT_030,10.3035,10.826,11.0105,11.1612,0,healthy,0.0,50.0,10.9909,0
SN_009177,LOT_030,10.3231,11.0597,11.2501,11.4479,0,healthy,0.0,50.0,10.9909,0
SN_009178,LOT_030,11.4644,12.2473,12.3744,12.5774,0,healthy,0.0,50.0,10.9909,0
SN_009179,LOT_030,10.6441,11.1914,11.1734,11.3098,0,healthy,0.0,50.0,10.9909,0
SN_009180,LOT_030,9.654,10.9629,11.2938,11.528,0,healthy,0.0,50.0,10.9909,0
SN_009181,LOT_030,11.0504,12.0454,12.2202,12.187,0,healthy,0.0,50.0,10.9909,0
SN_009182,LOT_030,12.7525,14.0662,14.5582,14.6617,0,healthy,0.0,50.0,10.9909,0
SN_009183,LOT_030,11.6222,12.7383,13.2815,13.6368,0,healthy,0.0,50.0,10.9909,0
SN_009184,LOT_030,10.8769,11.5041,11.8215,12.2111,0,healthy,0.0,50.0,10.9909,0
SN_009185,LOT_030,12.68,14.08,14.4938,14.926,0,healthy,0.0,50.0,10.9909,0
SN_009186,LOT_030,12.465,13.717,14.1785,14.6149,0,healthy,0.0,50.0,10.9909,0
SN_009187,LOT_030,10.3132,11.4746,11.7791,12.0388,0,healthy,0.0,50.0,10.9909,0
SN_009188,LOT_030,10.8592,11.3049,11.6305,11.6837,0,healthy,0.0,50.0,10.9909,0
SN_009189,LOT_030,9.3022,9.7893,9.965,9.9547,0,healthy,0.0,50.0,10.9909,0
SN_009190,LOT_030,10.6296,11.9118,12.3199,12.7694,0,healthy,0.0,50.0,10.9909,0
SN_009191,LOT_030,9.5448,10.5506,10.7276,10.9885,0,healthy,0.0,50.0,10.9909,0
SN_009192,LOT_030,12.8102,13.2273,13.6893,13.9995,0,healthy,0.0,50.0,10.9909,0
SN_009193,LOT_030,10.7661,12.0365,12.2742,12.545,0,healthy,0.0,50.0,10.9909,0
SN_009194,LOT_030,10.9923,12.1363,12.3065,12.33,0,healthy,0.0,50.0,10.9909,0
SN_009195,LOT_030,9.4255,10.0608,10.4986,10.5429,0,healthy,0.0,50.0,10.9909,0
SN_009196,LOT_030,11.5315,12.9188,13.6688,13.7229,0,healthy,0.0,50.0,10.9909,0
SN_009197,LOT_030,11.3507,11.8538,12.0201,12.1055,0,healthy,0.0,50.0,10.9909,0
SN_009198,LOT_030,11.0225,12.5981,13.0504,13.2863,0,healthy,0.0,50.0,10.9909,0
SN_009199,LOT_030,10.0398,10.9173,10.9689,11.0446,0,healthy,0.0,50.0,10.9909,0
SN_009200,LOT_030,11.351,12.3058,12.7873,12.8789,0,healthy,0.0,50.0,10.9909,0
SN_009201,LOT_030,12.2196,13.0572,13.3808,13.5697,0,healthy,0.0,50.0,10.9909,0
SN_009202,LOT_030,9.9237,10.654,11.0396,10.9676,0,healthy,0.0,50.0,10.9909,0
SN_009203,LOT_030,10.8553,11.9241,12.2051,12.4626,0,healthy,0.0,50.0,10.9909,0
SN_009204,LOT_030,9.2826,10.3608,10.5806,10.7351,0,healthy,0.0,50.0,10.9909,0
SN_009205,LOT_030,11.5645,12.3547,12.9364,13.0797,0,healthy,0.0,50.0,10.9909,0
SN_009206,LOT_030,14.1969,14.9616,15.1425,15.4832,0,healthy,0.0,50.0,10.9909,0
SN_009207,LOT_030,12.5705,13.2916,13.4581,13.5648,0,healthy,0.0,50.0,10.9909,0
SN_009208,LOT_030,12.9931,13.578,13.9737,14.0214,0,healthy,0.0,50.0,10.9909,0
SN_009209,LOT_030,12.1409,12.9315,13.0758,13.2586,0,healthy,0.0,50.0,10.9909,0
SN_009210,LOT_030,11.6125,12.4175,12.9335,13.095,0,healthy,0.0,50.0,10.9909,0
SN_009211,LOT_030,9.8192,10.3286,10.443,10.6837,0,healthy,0.0,50.0,10.9909,0
SN_009212,LOT_030,13.1819,14.5739,15.122,15.4492,0,healthy,0.0,50.0,10.9909,0
SN_009213,LOT_030,10.5834,12.0418,12.3014,12.4029,0,healthy,0.0,50.0,10.9909,0
SN_009214,LOT_030,9.6524,10.2463,10.3344,10.444,0,healthy,0.0,50.0,10.9909,0
SN_009215,LOT_030,11.6908,12.6097,13.0326,13.1674,0,healthy,0.0,50.0,10.9909,0
SN_009216,LOT_030,11.7514,12.6339,12.8693,12.8691,0,healthy,0.0,50.0,10.9909,0
SN_009217,LOT_030,9.6015,9.984,10.1253,10.4762,0,healthy,0.0,50.0,10.9909,0
SN_009218,LOT_030,10.0481,11.2587,11.458,11.5713,0,healthy,0.0,50.0,10.9909,0
SN_009219,LOT_030,10.2335,11.1085,11.3619,11.5919,0,healthy,0.0,50.0,10.9909,0
SN_009220,LOT_030,10.5193,11.4348,11.6459,11.7501,0,healthy,0.0,50.0,10.9909,0
SN_009221,LOT_030,12.0595,13.048,13.5156,13.6059,0,healthy,0.0,50.0,10.9909,0
SN_009222,LOT_030,9.4005,10.7007,10.9751,11.1791,0,healthy,0.0,50.0,10.9909,0
SN_009223,LOT_030,10.7533,11.3746,11.748,11.908,0,healthy,0.0,50.0,10.9909,0
SN_009224,LOT_030,11.8402,12.6366,13.1458,13.2479,0,healthy,0.0,50.0,10.9909,0
SN_009225,LOT_030,10.525,11.0039,11.0903,11.2198,0,healthy,0.0,50.0,10.9909,0
SN_009226,LOT_030,12.5222,13.148,13.1547,13.3559,0,healthy,0.0,50.0,10.9909,0
SN_009227,LOT_030,11.0801,11.9035,12.0373,12.2139,0,healthy,0.0,50.0,10.9909,0
SN_009228,LOT_030,11.3773,12.4124,12.5037,12.6887,0,healthy,0.0,50.0,10.9909,0
SN_009229,LOT_030,10.3055,10.7016,10.7559,10.863,0,healthy,0.0,50.0,10.9909,0
SN_009230,LOT_030,10.1408,10.6618,10.6235,10.8898,0,healthy,0.0,50.0,10.9909,0
SN_009231,LOT_030,9.8964,10.532,10.8693,10.7852,0,healthy,0.0,50.0,10.9909,0
SN_009232,LOT_030,11.8625,12.4681,12.7515,12.7448,0,healthy,0.0,50.0,10.9909,0
SN_009233,LOT_030,12.7114,13.3524,13.7975,14.1192,0,healthy,0.0,50.0,10.9909,0
SN_009234,LOT_030,9.2334,9.5276,9.7209,9.853,0,healthy,0.0,50.0,10.9909,0
SN_009235,LOT_030,10.0954,11.1917,11.4865,11.386,0,healthy,0.0,50.0,10.9909,0
SN_009236,LOT_030,10.3119,11.4416,11.6201,11.821,0,healthy,0.0,50.0,10.9909,0
SN_009237,LOT_030,9.0175,9.9135,10.3023,10.4539,0,healthy,0.0,50.0,10.9909,0
SN_009238,LOT_030,11.5196,13.1591,13.6462,13.6389,0,healthy,0.0,50.0,10.9909,0
SN_009239,LOT_030,10.1738,11.0987,11.5433,11.7511,0,healthy,0.0,50.0,10.9909,0
SN_009240,LOT_030,11.6149,12.6519,12.9017,12.9503,0,healthy,0.0,50.0,10.9909,0
SN_009241,LOT_030,11.5124,12.5619,12.9528,13.257,0,healthy,0.0,50.0,10.9909,0
SN_009242,LOT_030,11.8022,12.2507,12.424,12.6811,0,healthy,0.0,50.0,10.9909,0
SN_009243,LOT_030,10.6737,12.0987,12.2881,12.6608,0,healthy,0.0,50.0,10.9909,0
SN_009244,LOT_030,8.6897,9.301,9.7953,9.8101,0,healthy,0.0,50.0,10.9909,0
SN_009245,LOT_030,11.02,11.9364,11.9956,12.1938,0,healthy,0.0,50.0,10.9909,0
SN_009246,LOT_030,11.1091,12.4919,12.6752,12.8477,0,healthy,0.0,50.0,10.9909,0
SN_009247,LOT_030,11.3152,11.6919,12.1631,12.0432,0,healthy,0.0,50.0,10.9909,0
SN_009248,LOT_030,11.0777,11.8639,12.1394,12.4173,0,healthy,0.0,50.0,10.9909,0
SN_009249,LOT_030,10.3249,11.609,11.9406,11.9705,0,healthy,0.0,50.0,10.9909,0
SN_009250,LOT_030,11.9437,13.113,13.9415,14.2506,0,healthy,0.0,50.0,10.9909,0
SN_009251,LOT_030,9.9579,11.2772,11.5251,11.8919,0,healthy,0.0,50.0,10.9909,0
SN_009252,LOT_030,11.8393,12.361,12.7076,12.7382,0,healthy,0.0,50.0,10.9909,0
SN_009253,LOT_030,10.9759,11.3084,11.7226,11.7046,0,healthy,0.0,50.0,10.9909,0
SN_009254,LOT_030,11.7168,12.6926,12.895,12.984,0,healthy,0.0,50.0,10.9909,0
SN_009255,LOT_030,11.0151,12.1679,12.6728,13.1352,0,healthy,0.0,50.0,10.9909,0
SN_009256,LOT_030,11.8649,12.5578,12.9165,13.1258,0,healthy,0.0,50.0,10.9909,0
SN_009257,LOT_030,11.2804,12.467,13.0274,13.602,0,healthy,0.0,50.0,10.9909,0
SN_009258,LOT_030,10.1812,11.0985,11.5442,11.815,0,healthy,0.0,50.0,10.9909,0
SN_009259,LOT_030,10.7681,11.2749,11.3943,11.5012,0,healthy,0.0,50.0,10.9909,0
SN_009260,LOT_030,10.32,11.689,11.9961,12.2082,0,healthy,0.0,50.0,10.9909,0
SN_009261,LOT_030,12.0175,13.2799,13.8517,14.0806,0,healthy,0.0,50.0,10.9909,0
SN_009262,LOT_030,9.6444,10.1386,10.2255,10.4524,0,healthy,0.0,50.0,10.9909,0
SN_009263,LOT_030,11.4675,11.8011,12.0915,12.3431,0,healthy,0.0,50.0,10.9909,0
SN_009264,LOT_030,11.3786,12.4615,13.147,13.4001,0,healthy,0.0,50.0,10.9909,0
SN_009265,LOT_030,10.5296,11.0501,11.3539,11.6471,0,healthy,0.0,50.0,10.9909,0
SN_009266,LOT_030,9.8938,10.4308,10.8868,11.1126,0,healthy,0.0,50.0,10.9909,0
SN_009267,LOT_030,11.0742,12.0356,12.2326,12.2443,0,healthy,0.0,50.0,10.9909,0
SN_009268,LOT_030,11.4458,13.02,13.3151,13.7043,0,healthy,0.0,50.0,10.9909,0
SN_009269,LOT_030,10.7365,11.8042,12.2185,12.5808,0,healthy,0.0,50.0,10.9909,0
SN_009270,LOT_030,11.2615,12.5722,13.1677,13.2121,0,healthy,0.0,50.0,10.9909,0
SN_009271,LOT_030,11.2717,12.3999,12.7937,12.95,0,healthy,0.0,50.0,10.9909,0
SN_009272,LOT_030,10.2716,11.3141,11.6215,11.9322,0,healthy,0.0,50.0,10.9909,0
SN_009273,LOT_030,11.0095,12.383,13.0402,12.9942,0,healthy,0.0,50.0,10.9909,0
SN_009274,LOT_030,10.5133,10.9136,11.1723,11.4187,0,healthy,0.0,50.0,10.9909,0
SN_009275,LOT_030,12.2248,12.9127,12.9711,13.1663,0,healthy,0.0,50.0,10.9909,0
SN_009276,LOT_030,11.7996,13.1953,13.7141,13.9842,0,healthy,0.0,50.0,10.9909,0
SN_009277,LOT_030,10.5971,11.4636,11.7832,11.9999,0,healthy,0.0,50.0,10.9909,0
SN_009278,LOT_030,10.5158,11.9808,12.2866,12.6617,0,healthy,0.0,50.0,10.9909,0
SN_009279,LOT_030,10.2398,11.469,11.9188,12.1538,0,healthy,0.0,50.0,10.9909,0
SN_009280,LOT_030,11.0462,12.0134,12.4459,12.75,0,healthy,0.0,50.0,10.9909,0
SN_009281,LOT_030,11.2532,12.0263,12.5255,12.4476,0,healthy,0.0,50.0,10.9909,0
SN_009282,LOT_030,10.5158,11.5336,11.8108,11.9718,0,healthy,0.0,50.0,10.9909,0
SN_009283,LOT_030,10.2159,10.6946,11.0301,10.9226,0,healthy,0.0,50.0,10.9909,0
SN_009284,LOT_030,11.8492,12.6637,13.002,13.1812,0,healthy,0.0,50.0,10.9909,0
SN_009285,LOT_030,12.4317,13.5512,13.5048,13.702,0,healthy,0.0,50.0,10.9909,0
SN_009286,LOT_030,9.9767,11.0263,11.0425,11.4622,0,healthy,0.0,50.0,10.9909,0
SN_009287,LOT_030,10.7766,11.6703,11.9094,11.8749,0,healthy,0.0,50.0,10.9909,0
SN_009288,LOT_030,10.6457,11.1655,11.1185,10.9937,0,healthy,0.0,50.0,10.9909,0
SN_009289,LOT_030,13.5063,14.9826,15.4403,15.5948,0,healthy,0.0,50.0,10.9909,0
SN_009290,LOT_030,9.7401,10.9451,11.3171,11.6104,0,healthy,0.0,50.0,10.9909,0
SN_009291,LOT_030,11.9314,13.3646,13.8243,13.9261,0,healthy,0.0,50.0,10.9909,0
SN_009292,LOT_030,10.1645,10.6121,10.912,10.9966,0,healthy,0.0,50.0,10.9909,0
SN_009293,LOT_030,11.0449,12.411,12.5974,12.8964,0,healthy,0.0,50.0,10.9909,0
SN_009294,LOT_030,11.5727,12.9774,13.5366,14.001,0,healthy,0.0,50.0,10.9909,0
SN_009295,LOT_030,13.0211,14.6367,15.3309,15.4331,0,healthy,0.0,50.0,10.9909,0
SN_009296,LOT_030,12.3217,13.763,13.9766,14.0192,0,healthy,0.0,50.0,10.9909,0
SN_009297,LOT_030,12.7533,19.7706,20.0567,20.0578,1,mobile_ion,0.1326,50.0,10.9909,0
SN_009298,LOT_030,11.3744,12.2991,12.6098,12.6835,0,healthy,0.0,50.0,10.9909,0
SN_009299,LOT_030,12.1198,13.5065,14.2153,14.5088,0,healthy,0.0,50.0,10.9909,0
SN_009300,LOT_030,11.3267,11.8442,12.0193,11.9643,0,healthy,0.0,50.0,10.9909,0
SN_009301,LOT_030,10.035,10.4153,10.5812,10.6643,0,healthy,0.0,50.0,10.9909,0
SN_009302,LOT_030,10.6595,11.2132,11.4378,11.5133,0,healthy,0.0,50.0,10.9909,0
SN_009303,LOT_030,10.4318,11.1797,11.5328,11.7551,0,healthy,0.0,50.0,10.9909,0
SN_009304,LOT_030,8.6914,9.0531,9.4048,9.4025,0,healthy,0.0,50.0,10.9909,0
SN_009305,LOT_031,8.4957,8.8888,8.9619,9.0186,0,healthy,0.0,50.0,8.5276,0
SN_009306,LOT_031,6.9732,7.9303,8.1128,8.1558,0,healthy,0.0,50.0,8.5276,0
SN_009307,LOT_031,8.6391,9.3385,9.4853,9.532,0,healthy,0.0,50.0,8.5276,0
SN_009308,LOT_031,9.0133,9.7848,10.0585,10.2206,0,healthy,0.0,50.0,8.5276,0
SN_009309,LOT_031,10.218,11.2371,11.6598,11.8536,0,healthy,0.0,50.0,8.5276,0
SN_009310,LOT_031,6.6848,7.11,7.2816,7.3764,0,healthy,0.0,50.0,8.5276,0
SN_009311,LOT_031,9.2461,10.2986,10.4575,10.7859,0,healthy,0.0,50.0,8.5276,0
SN_009312,LOT_031,7.8497,8.8969,9.0496,9.169,0,healthy,0.0,50.0,8.5276,0
SN_009313,LOT_031,8.6381,9.8668,10.1775,10.3613,0,healthy,0.0,50.0,8.5276,0
SN_009314,LOT_031,8.8798,9.6704,10.0734,10.0636,0,healthy,0.0,50.0,8.5276,0
SN_009315,LOT_031,7.726,8.5509,8.7765,9.0441,0,healthy,0.0,50.0,8.5276,0
SN_009316,LOT_031,8.5462,9.1466,9.2561,9.4433,0,healthy,0.0,50.0,8.5276,0
SN_009317,LOT_031,8.7413,9.172,9.3103,9.3623,0,healthy,0.0,50.0,8.5276,0
SN_009318,LOT_031,8.2705,9.104,9.4128,9.6382,0,healthy,0.0,50.0,8.5276,0
SN_009319,LOT_031,7.7532,8.5837,8.9221,9.1763,0,healthy,0.0,50.0,8.5276,0
SN_009320,LOT_031,8.193,8.9381,9.3697,9.6249,0,healthy,0.0,50.0,8.5276,0
SN_009321,LOT_031,9.0876,9.6529,9.6851,9.79,0,healthy,0.0,50.0,8.5276,0
SN_009322,LOT_031,11.7435,12.5544,13.117,13.4689,0,healthy,0.0,50.0,8.5276,0
SN_009323,LOT_031,7.0682,7.9469,8.3111,8.4112,0,healthy,0.0,50.0,8.5276,0
SN_009324,LOT_031,7.1431,7.5509,7.7757,8.0476,0,healthy,0.0,50.0,8.5276,0
SN_009325,LOT_031,7.1871,8.0518,8.3045,8.4395,0,healthy,0.0,50.0,8.5276,0
SN_009326,LOT_031,7.723,8.2909,8.609,8.7122,0,healthy,0.0,50.0,8.5276,0
SN_009327,LOT_031,6.9328,7.3932,7.66,7.74,0,healthy,0.0,50.0,8.5276,0
SN_009328,LOT_031,9.0603,9.7425,9.8751,10.1271,0,healthy,0.0,50.0,8.5276,0
SN_009329,LOT_031,6.5133,6.9542,7.2601,7.3741,0,healthy,0.0,50.0,8.5276,0
SN_009330,LOT_031,6.8265,7.4691,7.9948,8.1326,0,healthy,0.0,50.0,8.5276,0
SN_009331,LOT_031,8.7961,16.1866,16.381,16.5182,1,mobile_ion,0.2675,50.0,8.5276,0
SN_009332,LOT_031,7.9846,8.7094,8.9839,8.9314,0,healthy,0.0,50.0,8.5276,0
SN_009333,LOT_031,9.2466,10.1353,10.5448,10.7675,0,healthy,0.0,50.0,8.5276,0
SN_009334,LOT_031,7.4476,9.3625,14.9747,20.9696,1,electromigration,0.3993,50.0,8.5276,0
SN_009335,LOT_031,7.6746,8.6234,8.9069,8.9378,0,healthy,0.0,50.0,8.5276,0
SN_009336,LOT_031,8.2647,9.3453,9.6555,9.5397,0,healthy,0.0,50.0,8.5276,0
SN_009337,LOT_031,9.766,10.7744,11.3149,11.5152,0,healthy,0.0,50.0,8.5276,0
SN_009338,LOT_031,7.9866,8.3182,8.373,8.52,0,healthy,0.0,50.0,8.5276,0
SN_009339,LOT_031,8.4827,9.1641,9.5308,9.6294,0,healthy,0.0,50.0,8.5276,0
SN_009340,LOT_031,8.4254,8.9674,9.1464,9.3536,0,healthy,0.0,50.0,8.5276,0
SN_009341,LOT_031,8.5683,9.6962,10.0424,10.3011,0,healthy,0.0,50.0,8.5276,0
SN_009342,LOT_031,8.3495,8.6707,8.9183,8.9776,0,healthy,0.0,50.0,8.5276,0
SN_009343,LOT_031,9.1347,9.5105,9.6785,9.7335,0,healthy,0.0,50.0,8.5276,0
SN_009344,LOT_031,9.7027,11.0997,11.3903,11.4771,0,healthy,0.0,50.0,8.5276,0
SN_009345,LOT_031,8.3961,9.4227,9.6997,9.8783,0,healthy,0.0,50.0,8.5276,0
SN_009346,LOT_031,9.6524,10.5551,10.952,10.9967,0,healthy,0.0,50.0,8.5276,0
SN_009347,LOT_031,7.1712,7.8495,8.2168,8.2894,0,healthy,0.0,50.0,8.5276,0
SN_009348,LOT_031,9.2161,12.1948,13.4436,14.4393,1,nbti_ageing,0.2435,50.0,8.5276,0
SN_009349,LOT_031,7.5474,8.5068,8.6328,8.771,0,healthy,0.0,50.0,8.5276,0
SN_009350,LOT_031,8.8287,9.7733,10.0735,10.323,0,healthy,0.0,50.0,8.5276,0
SN_009351,LOT_031,7.5395,8.2226,8.371,8.4017,0,healthy,0.0,50.0,8.5276,0
SN_009352,LOT_031,9.2856,10.1904,10.8962,10.8617,0,healthy,0.0,50.0,8.5276,0
SN_009353,LOT_031,7.1715,7.9142,8.1148,8.3239,0,healthy,0.0,50.0,8.5276,0
SN_009354,LOT_031,6.9518,7.5912,7.9365,7.9414,0,healthy,0.0,50.0,8.5276,0
SN_009355,LOT_031,7.9334,8.2662,8.5012,8.5572,0,healthy,0.0,50.0,8.5276,0
SN_009356,LOT_031,8.3232,9.2279,9.3992,9.4956,0,healthy,0.0,50.0,8.5276,0
SN_009357,LOT_031,8.9447,9.8551,10.2932,10.6025,0,healthy,0.0,50.0,8.5276,0
SN_009358,LOT_031,9.1073,9.6063,9.7985,9.8562,0,healthy,0.0,50.0,8.5276,0
SN_009359,LOT_031,9.366,10.3211,10.7836,10.9519,0,healthy,0.0,50.0,8.5276,0
SN_009360,LOT_031,9.1204,9.9268,10.2534,10.1849,0,healthy,0.0,50.0,8.5276,0
SN_009361,LOT_031,8.2886,9.2719,9.5806,9.633,0,healthy,0.0,50.0,8.5276,0
SN_009362,LOT_031,8.388,9.0629,9.3135,9.3865,0,healthy,0.0,50.0,8.5276,0
SN_009363,LOT_031,9.3249,9.8916,10.2233,10.5818,0,healthy,0.0,50.0,8.5276,0
SN_009364,LOT_031,8.3133,8.964,9.2335,9.2013,0,healthy,0.0,50.0,8.5276,0
SN_009365,LOT_031,8.6103,9.4161,9.7981,9.9298,0,healthy,0.0,50.0,8.5276,0
SN_009366,LOT_031,8.2921,9.0045,9.1464,9.1814,0,healthy,0.0,50.0,8.5276,0
SN_009367,LOT_031,7.7415,8.1959,8.4832,8.4173,0,healthy,0.0,50.0,8.5276,0
SN_009368,LOT_031,9.1419,9.8618,10.0973,10.2786,0,healthy,0.0,50.0,8.5276,0
SN_009369,LOT_031,7.7807,8.6737,8.9418,9.1954,0,healthy,0.0,50.0,8.5276,0
SN_009370,LOT_031,6.8227,7.618,7.8611,8.1444,0,healthy,0.0,50.0,8.5276,0
SN_009371,LOT_031,7.8937,8.1978,8.4081,8.6743,0,healthy,0.0,50.0,8.5276,0
SN_009372,LOT_031,7.6295,8.3576,8.6462,8.7581,0,healthy,0.0,50.0,8.5276,0
SN_009373,LOT_031,8.617,9.5823,9.7659,9.9285,0,healthy,0.0,50.0,8.5276,0
SN_009374,LOT_031,9.7303,10.2586,10.6004,10.9135,0,healthy,0.0,50.0,8.5276,0
SN_009375,LOT_031,10.3343,11.1706,11.7953,11.9498,0,healthy,0.0,50.0,8.5276,0
SN_009376,LOT_031,8.1879,8.7552,8.7832,8.7691,0,healthy,0.0,50.0,8.5276,0
SN_009377,LOT_031,7.3752,7.9996,8.1859,8.1844,0,healthy,0.0,50.0,8.5276,0
SN_009378,LOT_031,8.251,8.6429,8.8924,8.9056,0,healthy,0.0,50.0,8.5276,0
SN_009379,LOT_031,8.2956,9.1881,9.359,9.4789,0,healthy,0.0,50.0,8.5276,0
SN_009380,LOT_031,9.1428,9.8691,9.9837,10.0862,0,healthy,0.0,50.0,8.5276,0
SN_009381,LOT_031,8.8577,9.8137,10.0519,10.2091,0,healthy,0.0,50.0,8.5276,0
SN_009382,LOT_031,8.6003,9.1737,9.2581,9.4797,0,healthy,0.0,50.0,8.5276,0
SN_009383,LOT_031,7.2921,7.6118,8.0173,7.8801,0,healthy,0.0,50.0,8.5276,0
SN_009384,LOT_031,7.2929,7.8399,8.0341,7.9942,0,healthy,0.0,50.0,8.5276,0
SN_009385,LOT_031,7.4784,8.1984,8.5035,8.7548,0,healthy,0.0,50.0,8.5276,0
SN_009386,LOT_031,9.0267,9.6978,10.0537,10.1444,0,healthy,0.0,50.0,8.5276,0
SN_009387,LOT_031,10.7943,11.306,11.407,11.5401,0,healthy,0.0,50.0,8.5276,0
SN_009388,LOT_031,7.0355,7.3793,7.4411,7.4768,0,healthy,0.0,50.0,8.5276,0
SN_009389,LOT_031,9.3559,10.6269,10.7747,11.0633,0,healthy,0.0,50.0,8.5276,0
SN_009390,LOT_031,8.0705,8.9189,9.264,9.4673,0,healthy,0.0,50.0,8.5276,0
SN_009391,LOT_031,8.3103,8.5694,8.7254,8.8042,0,healthy,0.0,50.0,8.5276,0
SN_009392,LOT_031,9.7182,10.2715,10.6337,10.784,0,healthy,0.0,50.0,8.5276,0
SN_009393,LOT_031,8.1581,9.0076,9.2158,9.2901,0,healthy,0.0,50.0,8.5276,0
SN_009394,LOT_031,8.3947,9.1109,9.269,9.3037,0,healthy,0.0,50.0,8.5276,0
SN_009395,LOT_031,11.218,12.3642,12.6655,12.6655,0,healthy,0.0,50.0,8.5276,0
SN_009396,LOT_031,7.8466,8.1117,8.2905,8.4875,0,healthy,0.0,50.0,8.5276,0
SN_009397,LOT_031,9.2359,9.878,10.1001,10.3877,0,healthy,0.0,50.0,8.5276,0
SN_009398,LOT_031,9.0159,9.631,9.8391,10.0027,0,healthy,0.0,50.0,8.5276,0
SN_009399,LOT_031,8.5301,8.8884,9.1335,9.0316,0,healthy,0.0,50.0,8.5276,0
SN_009400,LOT_031,8.6866,9.0553,9.1491,9.2368,0,healthy,0.0,50.0,8.5276,0
SN_009401,LOT_031,9.2574,9.5033,9.732,9.7942,0,healthy,0.0,50.0,8.5276,0
SN_009402,LOT_031,10.9063,11.681,11.9086,11.8345,0,healthy,0.0,50.0,8.5276,0
SN_009403,LOT_031,10.6631,11.8934,12.2343,12.5483,0,healthy,0.0,50.0,8.5276,0
SN_009404,LOT_031,8.1102,8.662,8.7924,8.9827,0,healthy,0.0,50.0,8.5276,0
SN_009405,LOT_031,7.1766,7.6255,7.7946,7.8103,0,healthy,0.0,50.0,8.5276,0
SN_009406,LOT_031,7.981,8.8866,9.2447,9.5607,0,healthy,0.0,50.0,8.5276,0
SN_009407,LOT_031,8.4395,8.933,8.9923,9.31,0,healthy,0.0,50.0,8.5276,0
SN_009408,LOT_031,8.282,8.552,8.9552,8.7875,0,healthy,0.0,50.0,8.5276,0
SN_009409,LOT_031,6.4016,6.8385,6.9274,6.9594,0,healthy,0.0,50.0,8.5276,0
SN_009410,LOT_031,8.0139,8.4456,8.4921,8.5469,0,healthy,0.0,50.0,8.5276,0
SN_009411,LOT_031,10.9211,11.4704,11.6031,11.827,0,healthy,0.0,50.0,8.5276,0
SN_009412,LOT_031,8.5132,9.62,9.9511,10.0589,0,healthy,0.0,50.0,8.5276,0
SN_009413,LOT_031,6.3614,7.1554,7.388,7.5836,0,healthy,0.0,50.0,8.5276,0
SN_009414,LOT_031,6.9373,7.637,8.056,8.2145,0,healthy,0.0,50.0,8.5276,0
SN_009415,LOT_031,7.2936,7.5584,7.4917,7.7675,0,healthy,0.0,50.0,8.5276,0
SN_009416,LOT_031,9.8917,10.2548,10.5222,10.6716,0,healthy,0.0,50.0,8.5276,0
SN_009417,LOT_031,7.8653,8.7099,9.0678,9.1622,0,healthy,0.0,50.0,8.5276,0
SN_009418,LOT_031,7.7515,8.4427,8.8441,9.0273,0,healthy,0.0,50.0,8.5276,0
SN_009419,LOT_031,9.7055,10.1775,10.2256,10.4118,0,healthy,0.0,50.0,8.5276,0
SN_009420,LOT_031,8.0483,8.9962,9.2843,9.2846,0,healthy,0.0,50.0,8.5276,0
SN_009421,LOT_031,7.9016,8.5258,8.6941,8.9193,0,healthy,0.0,50.0,8.5276,0
SN_009422,LOT_031,7.1668,7.9163,8.1293,8.2353,0,healthy,0.0,50.0,8.5276,0
SN_009423,LOT_031,9.3788,9.967,10.0657,10.2441,0,healthy,0.0,50.0,8.5276,0
SN_009424,LOT_031,8.3636,8.8953,9.2323,9.2972,0,healthy,0.0,50.0,8.5276,0
SN_009425,LOT_031,9.819,10.943,11.2405,11.3057,0,healthy,0.0,50.0,8.5276,0
SN_009426,LOT_031,7.7987,8.3749,8.6268,8.6545,0,healthy,0.0,50.0,8.5276,0
SN_009427,LOT_031,8.1465,9.2295,9.517,9.7069,0,healthy,0.0,50.0,8.5276,0
SN_009428,LOT_031,8.8153,9.492,9.6463,9.9958,0,healthy,0.0,50.0,8.5276,0
SN_009429,LOT_031,10.4365,11.3679,11.5456,11.7109,0,healthy,0.0,50.0,8.5276,0
SN_009430,LOT_031,6.9037,7.337,7.5417,7.4461,0,healthy,0.0,50.0,8.5276,0
SN_009431,LOT_031,6.7099,7.584,7.7726,7.9005,0,healthy,0.0,50.0,8.5276,0
SN_009432,LOT_031,9.0306,9.8378,10.1276,10.1413,0,healthy,0.0,50.0,8.5276,0
SN_009433,LOT_031,8.4122,9.0618,9.2433,9.1165,0,healthy,0.0,50.0,8.5276,0
SN_009434,LOT_031,7.6565,8.025,8.2949,8.3979,0,healthy,0.0,50.0,8.5276,0
SN_009435,LOT_031,11.6337,12.471,12.5939,12.8253,0,healthy,0.0,50.0,8.5276,0
SN_009436,LOT_031,9.7379,10.9289,11.2013,11.1033,0,healthy,0.0,50.0,8.5276,0
SN_009437,LOT_031,8.9685,10.0474,10.3243,10.5394,0,healthy,0.0,50.0,8.5276,0
SN_009438,LOT_031,7.0357,7.8745,8.2203,8.445,0,healthy,0.0,50.0,8.5276,0
SN_009439,LOT_031,9.3697,10.1121,10.2837,10.4415,0,healthy,0.0,50.0,8.5276,0
SN_009440,LOT_031,10.3949,11.1969,11.2807,11.561,0,healthy,0.0,50.0,8.5276,0
SN_009441,LOT_031,7.0213,7.5212,7.8331,8.0039,0,healthy,0.0,50.0,8.5276,0
SN_009442,LOT_031,7.6466,8.3552,8.4511,8.3967,0,healthy,0.0,50.0,8.5276,0
SN_009443,LOT_031,8.0106,8.1838,8.4844,8.6574,0,healthy,0.0,50.0,8.5276,0
SN_009444,LOT_031,9.155,9.7214,9.8345,9.9072,0,healthy,0.0,50.0,8.5276,0
SN_009445,LOT_031,8.9751,10.1763,10.5414,10.9031,0,healthy,0.0,50.0,8.5276,0
SN_009446,LOT_031,8.1966,8.538,8.7578,8.7448,0,healthy,0.0,50.0,8.5276,0
SN_009447,LOT_031,9.0894,9.7035,9.8491,10.09,0,healthy,0.0,50.0,8.5276,0
SN_009448,LOT_031,6.4368,6.8435,6.8521,7.0139,0,healthy,0.0,50.0,8.5276,0
SN_009449,LOT_031,8.0562,8.3774,8.5359,8.4728,0,healthy,0.0,50.0,8.5276,0
SN_009450,LOT_031,9.8488,11.1424,11.2415,11.515,0,healthy,0.0,50.0,8.5276,0
SN_009451,LOT_031,8.367,8.7076,8.8684,8.979,0,healthy,0.0,50.0,8.5276,0
SN_009452,LOT_031,9.8552,10.2832,10.536,10.601,0,healthy,0.0,50.0,8.5276,0
SN_009453,LOT_031,8.689,9.2313,9.3189,9.3838,0,healthy,0.0,50.0,8.5276,0
SN_009454,LOT_031,10.2627,11.1403,11.5064,11.7452,0,healthy,0.0,50.0,8.5276,0
SN_009455,LOT_031,9.0484,9.8437,10.1811,10.1317,0,healthy,0.0,50.0,8.5276,0
SN_009456,LOT_031,8.1139,8.5585,8.7352,8.9489,0,healthy,0.0,50.0,8.5276,0
SN_009457,LOT_031,10.3729,10.8244,11.1255,11.2483,0,healthy,0.0,50.0,8.5276,0
SN_009458,LOT_031,7.6336,8.0064,8.2883,8.5166,0,healthy,0.0,50.0,8.5276,0
SN_009459,LOT_031,7.6212,8.2124,8.4143,8.6015,0,healthy,0.0,50.0,8.5276,0
SN_009460,LOT_031,8.9255,9.7992,10.3137,10.405,0,healthy,0.0,50.0,8.5276,0
SN_009461,LOT_031,6.8744,7.1395,7.2302,7.3265,0,healthy,0.0,50.0,8.5276,0
SN_009462,LOT_031,7.9882,8.3217,8.4761,8.687,0,healthy,0.0,50.0,8.5276,0
SN_009463,LOT_031,7.5575,7.9952,8.2093,8.3372,0,healthy,0.0,50.0,8.5276,0
SN_009464,LOT_031,7.8849,8.7226,9.0092,9.2439,0,healthy,0.0,50.0,8.5276,0
SN_009465,LOT_031,7.8463,8.5414,8.6128,8.8056,0,healthy,0.0,50.0,8.5276,0
SN_009466,LOT_031,8.8299,9.3412,9.7078,9.5948,0,healthy,0.0,50.0,8.5276,0
SN_009467,LOT_031,6.6968,7.1492,7.2553,7.2398,0,healthy,0.0,50.0,8.5276,0
SN_009468,LOT_031,9.7517,10.98,11.088,11.23,0,healthy,0.0,50.0,8.5276,0
SN_009469,LOT_031,8.0915,8.4487,8.4141,8.5927,0,healthy,0.0,50.0,8.5276,0
SN_009470,LOT_031,7.0385,7.9267,8.0753,8.3647,0,healthy,0.0,50.0,8.5276,0
SN_009471,LOT_031,8.1067,8.7625,9.0074,9.2046,0,healthy,0.0,50.0,8.5276,0
SN_009472,LOT_031,8.2229,9.1923,9.4099,9.6827,0,healthy,0.0,50.0,8.5276,0
SN_009473,LOT_031,7.59,8.0489,8.0784,8.2397,0,healthy,0.0,50.0,8.5276,0
SN_009474,LOT_031,9.7793,10.5363,10.7843,10.9021,0,healthy,0.0,50.0,8.5276,0
SN_009475,LOT_031,7.9955,8.6655,9.1084,9.2744,0,healthy,0.0,50.0,8.5276,0
SN_009476,LOT_031,8.6603,9.6445,10.1127,10.2594,0,healthy,0.0,50.0,8.5276,0
SN_009477,LOT_031,8.961,9.931,10.5145,10.6843,0,healthy,0.0,50.0,8.5276,0
SN_009478,LOT_031,8.8395,9.5809,9.9037,10.1126,0,healthy,0.0,50.0,8.5276,0
SN_009479,LOT_031,8.4676,9.1679,9.3512,9.5146,0,healthy,0.0,50.0,8.5276,0
SN_009480,LOT_031,9.645,10.9216,11.2809,11.5205,0,healthy,0.0,50.0,8.5276,0
SN_009481,LOT_031,9.9372,10.6415,10.9036,11.0946,0,healthy,0.0,50.0,8.5276,0
SN_009482,LOT_031,8.7922,9.7559,10.0224,10.0659,0,healthy,0.0,50.0,8.5276,0
SN_009483,LOT_031,8.312,8.9918,9.0552,9.312,0,healthy,0.0,50.0,8.5276,0
SN_009484,LOT_031,8.4041,8.8223,8.9054,9.1315,0,healthy,0.0,50.0,8.5276,0
SN_009485,LOT_031,7.8927,8.544,8.5763,8.7507,0,healthy,0.0,50.0,8.5276,0
SN_009486,LOT_031,8.7865,9.4845,9.6812,9.7753,0,healthy,0.0,50.0,8.5276,0
SN_009487,LOT_031,7.3976,8.4788,8.6785,8.7747,0,healthy,0.0,50.0,8.5276,0
SN_009488,LOT_031,8.8661,9.3444,9.4626,9.4325,0,healthy,0.0,50.0,8.5276,0
SN_009489,LOT_031,7.656,8.5264,8.7212,9.0204,0,healthy,0.0,50.0,8.5276,0
SN_009490,LOT_031,7.9501,9.0893,9.2666,9.302,0,healthy,0.0,50.0,8.5276,0
SN_009491,LOT_031,7.5874,8.0087,8.1989,8.2006,0,healthy,0.0,50.0,8.5276,0
SN_009492,LOT_031,8.4559,9.3435,9.5517,9.7751,0,healthy,0.0,50.0,8.5276,0
SN_009493,LOT_031,7.7373,8.3699,8.6124,8.7029,0,healthy,0.0,50.0,8.5276,0
SN_009494,LOT_031,8.6532,9.5249,9.9305,10.0749,0,healthy,0.0,50.0,8.5276,0
SN_009495,LOT_031,8.3155,8.9607,9.3175,9.2864,0,healthy,0.0,50.0,8.5276,0
SN_009496,LOT_031,7.8783,8.9043,9.226,9.4018,0,healthy,0.0,50.0,8.5276,0
SN_009497,LOT_031,9.5961,9.9577,10.0908,10.3308,0,healthy,0.0,50.0,8.5276,0
SN_009498,LOT_031,8.9125,9.5969,10.0092,10.0711,0,healthy,0.0,50.0,8.5276,0
SN_009499,LOT_031,10.1743,10.7232,10.8329,10.972,0,healthy,0.0,50.0,8.5276,0
SN_009500,LOT_031,8.6134,9.2447,9.5576,9.6728,0,healthy,0.0,50.0,8.5276,0
SN_009501,LOT_031,9.0878,10.2307,10.5957,10.6886,0,healthy,0.0,50.0,8.5276,0
SN_009502,LOT_031,9.3304,10.409,10.9233,11.0719,0,healthy,0.0,50.0,8.5276,0
SN_009503,LOT_031,7.7823,8.5511,8.9219,9.1346,0,healthy,0.0,50.0,8.5276,0
SN_009504,LOT_031,7.7235,8.3358,8.4742,8.7138,0,healthy,0.0,50.0,8.5276,0
SN_009505,LOT_031,10.1146,10.6998,10.7741,10.8032,0,healthy,0.0,50.0,8.5276,0
SN_009506,LOT_031,9.1347,9.9491,10.2089,10.4345,0,healthy,0.0,50.0,8.5276,0
SN_009507,LOT_031,8.9783,9.4302,9.4685,9.526,0,healthy,0.0,50.0,8.5276,0
SN_009508,LOT_031,7.9904,8.1865,8.3666,8.4247,0,healthy,0.0,50.0,8.5276,0
SN_009509,LOT_031,8.5673,9.4596,9.8076,9.828,0,healthy,0.0,50.0,8.5276,0
SN_009510,LOT_031,8.7461,9.8303,10.1321,10.4281,0,healthy,0.0,50.0,8.5276,0
SN_009511,LOT_031,9.617,9.9179,9.9499,10.1599,0,healthy,0.0,50.0,8.5276,0
SN_009512,LOT_031,9.161,9.4475,9.7318,9.604,0,healthy,0.0,50.0,8.5276,0
SN_009513,LOT_031,9.6146,10.0824,10.5609,10.6079,0,healthy,0.0,50.0,8.5276,0
SN_009514,LOT_031,7.0421,7.8854,8.1543,8.3177,0,healthy,0.0,50.0,8.5276,0
SN_009515,LOT_031,8.6718,9.5836,10.1539,10.3155,0,healthy,0.0,50.0,8.5276,0
SN_009516,LOT_031,11.2398,11.6136,11.7644,11.9249,0,healthy,0.0,50.0,8.5276,0
SN_009517,LOT_031,8.7747,9.9867,10.1973,10.283,0,healthy,0.0,50.0,8.5276,0
SN_009518,LOT_031,8.2469,8.4972,8.6396,8.5469,0,healthy,0.0,50.0,8.5276,0
SN_009519,LOT_031,8.7885,9.3566,9.6043,9.6681,0,healthy,0.0,50.0,8.5276,0
SN_009520,LOT_031,9.4861,10.1949,10.2861,10.6002,0,healthy,0.0,50.0,8.5276,0
SN_009521,LOT_031,9.7548,10.1902,10.4376,10.5433,0,healthy,0.0,50.0,8.5276,0
SN_009522,LOT_031,8.6339,8.9895,9.0464,9.0436,0,healthy,0.0,50.0,8.5276,0
SN_009523,LOT_031,11.0236,11.8601,11.9441,11.9233,0,healthy,0.0,50.0,8.5276,0
SN_009524,LOT_031,7.8215,8.3051,8.7173,8.7324,0,healthy,0.0,50.0,8.5276,0
SN_009525,LOT_031,6.7747,7.6101,7.8197,7.9465,0,healthy,0.0,50.0,8.5276,0
SN_009526,LOT_031,8.727,9.1282,9.2058,9.2514,0,healthy,0.0,50.0,8.5276,0
SN_009527,LOT_031,7.6912,8.485,8.8205,8.9354,0,healthy,0.0,50.0,8.5276,0
SN_009528,LOT_031,8.5937,9.276,9.4814,9.6607,0,healthy,0.0,50.0,8.5276,0
SN_009529,LOT_031,8.2891,8.7728,8.8617,8.777,0,healthy,0.0,50.0,8.5276,0
SN_009530,LOT_031,10.2727,11.3453,11.4916,11.8625,0,healthy,0.0,50.0,8.5276,0
SN_009531,LOT_031,7.7202,7.9365,8.0249,8.2657,0,healthy,0.0,50.0,8.5276,0
SN_009532,LOT_031,7.5943,8.372,8.5948,8.7292,0,healthy,0.0,50.0,8.5276,0
SN_009533,LOT_031,8.2996,8.6912,8.9568,8.9746,0,healthy,0.0,50.0,8.5276,0
SN_009534,LOT_031,8.5649,9.6894,10.0554,10.1512,0,healthy,0.0,50.0,8.5276,0
SN_009535,LOT_031,8.4045,9.1644,9.1899,9.2856,0,healthy,0.0,50.0,8.5276,0
SN_009536,LOT_031,9.7529,11.0071,11.3227,11.5504,0,healthy,0.0,50.0,8.5276,0
SN_009537,LOT_031,7.26,7.7508,8.0637,7.9872,0,healthy,0.0,50.0,8.5276,0
SN_009538,LOT_031,9.7017,10.4848,10.9125,11.0415,0,healthy,0.0,50.0,8.5276,0
SN_009539,LOT_031,8.7649,9.2658,9.2769,9.4117,0,healthy,0.0,50.0,8.5276,0
SN_009540,LOT_031,6.2383,6.5847,6.7284,6.7561,0,healthy,0.0,50.0,8.5276,0
SN_009541,LOT_031,9.6942,10.6048,10.8473,11.1974,0,healthy,0.0,50.0,8.5276,0
SN_009542,LOT_031,9.7356,10.3223,10.2198,10.4126,0,healthy,0.0,50.0,8.5276,0
SN_009543,LOT_031,6.2323,6.4969,6.7709,6.7905,0,healthy,0.0,50.0,8.5276,0
SN_009544,LOT_031,9.4501,10.6967,11.0322,11.4099,0,healthy,0.0,50.0,8.5276,0
SN_009545,LOT_031,9.2148,10.1596,10.6076,10.7447,0,healthy,0.0,50.0,8.5276,0
SN_009546,LOT_031,8.8664,10.145,10.3887,10.4681,0,healthy,0.0,50.0,8.5276,0
SN_009547,LOT_031,7.7724,8.7557,9.1271,9.2118,0,healthy,0.0,50.0,8.5276,0
SN_009548,LOT_031,8.0202,8.3107,8.3206,8.5414,0,healthy,0.0,50.0,8.5276,0
SN_009549,LOT_031,8.6433,9.5185,9.752,9.8944,0,healthy,0.0,50.0,8.5276,0
SN_009550,LOT_031,10.0337,10.9251,11.542,11.8531,0,healthy,0.0,50.0,8.5276,0
SN_009551,LOT_031,9.0708,10.2436,10.5895,10.8698,0,healthy,0.0,50.0,8.5276,0
SN_009552,LOT_031,8.251,9.3356,9.5354,9.6411,0,healthy,0.0,50.0,8.5276,0
SN_009553,LOT_031,10.4934,11.3746,11.7757,11.9752,0,healthy,0.0,50.0,8.5276,0
SN_009554,LOT_031,9.4232,10.3719,10.6722,10.6575,0,healthy,0.0,50.0,8.5276,0
SN_009555,LOT_031,9.3635,9.7335,9.9302,9.8954,0,healthy,0.0,50.0,8.5276,0
SN_009556,LOT_031,9.8725,10.2432,10.3705,10.3075,0,healthy,0.0,50.0,8.5276,0
SN_009557,LOT_031,9.5749,10.3388,10.5797,10.6362,0,healthy,0.0,50.0,8.5276,0
SN_009558,LOT_031,6.5798,7.1175,7.3567,7.5089,0,healthy,0.0,50.0,8.5276,0
SN_009559,LOT_031,8.8925,9.7559,10.2183,10.3922,0,healthy,0.0,50.0,8.5276,0
SN_009560,LOT_031,7.8521,8.5195,8.7638,8.8501,0,healthy,0.0,50.0,8.5276,0
SN_009561,LOT_031,7.9261,8.7665,9.1724,9.3784,0,healthy,0.0,50.0,8.5276,0
SN_009562,LOT_031,10.5014,11.4316,11.5441,11.9292,0,healthy,0.0,50.0,8.5276,0
SN_009563,LOT_031,8.7945,9.6211,10.1881,10.3691,0,healthy,0.0,50.0,8.5276,0
SN_009564,LOT_031,7.7204,8.3109,8.3776,8.3229,0,healthy,0.0,50.0,8.5276,0
SN_009565,LOT_031,8.6812,9.4038,9.7569,9.9848,0,healthy,0.0,50.0,8.5276,0
SN_009566,LOT_031,8.9076,10.0806,10.415,10.6183,0,healthy,0.0,50.0,8.5276,0
SN_009567,LOT_031,9.1289,10.191,10.5378,10.7964,0,healthy,0.0,50.0,8.5276,0
SN_009568,LOT_031,7.6559,8.0467,8.3041,8.3015,0,healthy,0.0,50.0,8.5276,0
SN_009569,LOT_031,8.5279,9.1232,9.3489,9.4783,0,healthy,0.0,50.0,8.5276,0
SN_009570,LOT_031,7.0191,7.6793,7.8819,8.0336,0,healthy,0.0,50.0,8.5276,0
SN_009571,LOT_031,9.0677,10.231,10.4799,10.9004,0,healthy,0.0,50.0,8.5276,0
SN_009572,LOT_031,8.1204,8.924,9.1329,9.2254,0,healthy,0.0,50.0,8.5276,0
SN_009573,LOT_031,9.2713,9.7385,9.7528,9.9502,0,healthy,0.0,50.0,8.5276,0
SN_009574,LOT_031,8.2836,8.5343,8.6575,8.8559,0,healthy,0.0,50.0,8.5276,0
SN_009575,LOT_031,8.2353,9.3679,9.5895,9.8594,0,healthy,0.0,50.0,8.5276,0
SN_009576,LOT_031,7.2962,7.6277,7.7162,7.7768,0,healthy,0.0,50.0,8.5276,0
SN_009577,LOT_031,9.5492,10.325,10.2475,10.5485,0,healthy,0.0,50.0,8.5276,0
SN_009578,LOT_031,8.7633,9.384,9.7412,9.7778,0,healthy,0.0,50.0,8.5276,0
SN_009579,LOT_031,8.9491,9.4377,9.6306,9.5883,0,healthy,0.0,50.0,8.5276,0
SN_009580,LOT_031,7.8954,8.6788,8.9681,8.9783,0,healthy,0.0,50.0,8.5276,0
SN_009581,LOT_031,9.4709,9.8104,10.0889,10.1882,0,healthy,0.0,50.0,8.5276,0
SN_009582,LOT_031,8.3497,9.035,9.2934,9.3574,0,healthy,0.0,50.0,8.5276,0
SN_009583,LOT_031,9.9413,10.7847,10.9141,11.0629,0,healthy,0.0,50.0,8.5276,0
SN_009584,LOT_031,8.7305,9.656,10.0272,10.2961,0,healthy,0.0,50.0,8.5276,0
SN_009585,LOT_031,8.6857,9.4255,9.7673,9.9101,0,healthy,0.0,50.0,8.5276,0
SN_009586,LOT_031,9.2976,9.9489,10.4294,10.7663,0,healthy,0.0,50.0,8.5276,0
SN_009587,LOT_031,9.3947,9.8583,10.017,9.8644,0,healthy,0.0,50.0,8.5276,0
SN_009588,LOT_031,7.92,8.7779,9.1329,9.4669,0,healthy,0.0,50.0,8.5276,0
SN_009589,LOT_031,9.3165,10.2976,10.6071,10.7329,0,healthy,0.0,50.0,8.5276,0
SN_009590,LOT_031,7.8629,8.6716,9.0511,9.2002,0,healthy,0.0,50.0,8.5276,0
SN_009591,LOT_031,10.6946,11.8324,12.1569,12.3823,0,healthy,0.0,50.0,8.5276,0
SN_009592,LOT_031,9.5385,10.3176,10.7636,10.8469,0,healthy,0.0,50.0,8.5276,0
SN_009593,LOT_031,8.064,8.7943,9.3345,9.4332,0,healthy,0.0,50.0,8.5276,0
SN_009594,LOT_031,8.2933,8.575,8.7226,8.9086,0,healthy,0.0,50.0,8.5276,0
SN_009595,LOT_031,6.6325,7.498,7.8024,7.8748,0,healthy,0.0,50.0,8.5276,0
SN_009596,LOT_031,9.0782,9.6309,9.8772,9.8882,0,healthy,0.0,50.0,8.5276,0
SN_009597,LOT_031,9.4685,10.4655,10.6942,10.73,0,healthy,0.0,50.0,8.5276,0
SN_009598,LOT_031,8.15,8.993,9.2342,9.4235,0,healthy,0.0,50.0,8.5276,0
SN_009599,LOT_031,7.7719,8.4135,8.807,8.9215,0,healthy,0.0,50.0,8.5276,0
SN_009600,LOT_031,9.6492,11.13,11.1757,11.2581,0,healthy,0.0,50.0,8.5276,0
SN_009601,LOT_031,8.7848,9.5985,9.7506,10.0139,0,healthy,0.0,50.0,8.5276,0
SN_009602,LOT_031,9.3804,9.9715,10.0807,10.0723,0,healthy,0.0,50.0,8.5276,0
SN_009603,LOT_031,8.6227,9.5844,9.8148,9.7954,0,healthy,0.0,50.0,8.5276,0
SN_009604,LOT_031,8.4779,8.954,9.1773,9.2132,0,healthy,0.0,50.0,8.5276,0
SN_009605,LOT_031,7.9353,8.6588,8.9988,9.2624,0,healthy,0.0,50.0,8.5276,0
SN_009606,LOT_031,9.1877,9.6386,9.887,9.949,0,healthy,0.0,50.0,8.5276,0
SN_009607,LOT_031,9.6896,10.1285,10.4135,10.5956,0,healthy,0.0,50.0,8.5276,0
SN_009608,LOT_031,8.2618,9.0687,9.5284,9.7801,0,healthy,0.0,50.0,8.5276,0
SN_009609,LOT_031,9.1412,9.8496,10.1497,10.2957,0,healthy,0.0,50.0,8.5276,0
SN_009610,LOT_031,10.4397,11.4999,11.8254,11.7957,0,healthy,0.0,50.0,8.5276,0
SN_009611,LOT_031,7.9985,8.643,9.2613,9.4136,0,healthy,0.0,50.0,8.5276,0
SN_009612,LOT_031,8.163,9.051,9.4123,9.5084,0,healthy,0.0,50.0,8.5276,0
SN_009613,LOT_031,8.0574,8.6766,8.9297,9.0099,0,healthy,0.0,50.0,8.5276,0
SN_009614,LOT_031,10.0961,10.5416,10.854,10.9762,0,healthy,0.0,50.0,8.5276,0
SN_009615,LOT_031,8.3841,9.0442,9.2556,9.2782,0,healthy,0.0,50.0,8.5276,0
SN_009616,LOT_031,8.7887,9.138,9.3102,9.2253,0,healthy,0.0,50.0,8.5276,0
SN_009617,LOT_031,7.2835,8.1022,8.2756,8.5898,0,healthy,0.0,50.0,8.5276,0
SN_009618,LOT_031,8.1716,8.8203,8.851,8.9459,0,healthy,0.0,50.0,8.5276,0
SN_009619,LOT_031,8.7735,9.9394,10.0716,10.2937,0,healthy,0.0,50.0,8.5276,0
SN_009620,LOT_031,7.1979,7.7941,7.8883,8.1586,0,healthy,0.0,50.0,8.5276,0
SN_009621,LOT_031,9.875,10.5102,10.7573,10.9887,0,healthy,0.0,50.0,8.5276,0
SN_009622,LOT_031,9.4431,10.3028,10.4922,10.5721,0,healthy,0.0,50.0,8.5276,0
SN_009623,LOT_031,7.0091,7.3308,7.4083,7.3857,0,healthy,0.0,50.0,8.5276,0
SN_009624,LOT_031,9.0036,9.7657,10.0303,10.2388,0,healthy,0.0,50.0,8.5276,0
SN_009625,LOT_031,7.3113,8.0533,8.1856,8.4418,0,healthy,0.0,50.0,8.5276,0
SN_009626,LOT_031,9.4268,10.2826,10.8135,10.8899,0,healthy,0.0,50.0,8.5276,0
SN_009627,LOT_031,11.0606,11.7799,11.8168,11.8051,0,healthy,0.0,50.0,8.5276,0
SN_009628,LOT_031,8.2402,9.1947,9.3866,9.445,0,healthy,0.0,50.0,8.5276,0
SN_009629,LOT_031,8.8841,9.742,9.913,9.995,0,healthy,0.0,50.0,8.5276,0
SN_009630,LOT_031,9.2519,9.8394,10.1235,10.2307,0,healthy,0.0,50.0,8.5276,0
SN_009631,LOT_031,7.2467,7.5262,7.8361,7.7302,0,healthy,0.0,50.0,8.5276,0
SN_009632,LOT_031,11.3176,12.1514,12.5215,12.655,0,healthy,0.0,50.0,8.5276,0
SN_009633,LOT_031,7.3449,7.6369,7.8767,7.9357,0,healthy,0.0,50.0,8.5276,0
SN_009634,LOT_031,8.133,8.8154,9.1811,9.2761,0,healthy,0.0,50.0,8.5276,0
SN_009635,LOT_031,10.2777,11.0774,11.4111,11.6175,0,healthy,0.0,50.0,8.5276,0
SN_009636,LOT_031,7.1284,7.4926,7.6044,7.7269,0,healthy,0.0,50.0,8.5276,0
SN_009637,LOT_031,7.4709,7.8508,7.7478,7.9012,0,healthy,0.0,50.0,8.5276,0
SN_009638,LOT_031,7.6832,8.5536,9.0488,9.1261,0,healthy,0.0,50.0,8.5276,0
SN_009639,LOT_031,8.578,9.3282,9.6269,9.6037,0,healthy,0.0,50.0,8.5276,0
SN_009640,LOT_031,10.9412,12.1379,12.2948,12.6966,0,healthy,0.0,50.0,8.5276,0
SN_009641,LOT_031,8.5928,8.9872,9.1146,9.1525,0,healthy,0.0,50.0,8.5276,0
SN_009642,LOT_031,7.9442,8.6661,9.0101,9.13,0,healthy,0.0,50.0,8.5276,0
SN_009643,LOT_031,7.2415,8.0342,8.4846,8.5899,0,healthy,0.0,50.0,8.5276,0
SN_009644,LOT_031,8.4289,9.278,9.4665,9.713,0,healthy,0.0,50.0,8.5276,0
SN_009645,LOT_031,9.7178,10.3241,10.5195,10.6583,0,healthy,0.0,50.0,8.5276,0
SN_009646,LOT_031,9.7506,10.7564,10.8915,10.953,0,healthy,0.0,50.0,8.5276,0
SN_009647,LOT_031,7.3504,7.6265,7.7432,7.8956,0,healthy,0.0,50.0,8.5276,0
SN_009648,LOT_031,8.4434,9.0667,9.3531,9.3919,0,healthy,0.0,50.0,8.5276,0
SN_009649,LOT_031,6.0055,6.3866,6.5021,6.5784,0,healthy,0.0,50.0,8.5276,0
SN_009650,LOT_031,7.3577,8.1584,8.4278,8.4523,0,healthy,0.0,50.0,8.5276,0
SN_009651,LOT_031,8.0195,8.6883,8.8362,8.9787,0,healthy,0.0,50.0,8.5276,0
SN_009652,LOT_031,8.0633,8.922,9.1873,9.5136,0,healthy,0.0,50.0,8.5276,0
SN_009653,LOT_031,10.4392,11.1814,11.537,11.8437,0,healthy,0.0,50.0,8.5276,0
SN_009654,LOT_031,8.8895,9.4556,9.477,9.5953,0,healthy,0.0,50.0,8.5276,0
SN_009655,LOT_031,6.9968,7.9295,8.0627,8.3041,0,healthy,0.0,50.0,8.5276,0
SN_009656,LOT_031,9.6784,10.5996,11.0902,11.2203,0,healthy,0.0,50.0,8.5276,0
SN_009657,LOT_031,8.6321,9.2337,9.4639,9.5872,0,healthy,0.0,50.0,8.5276,0
SN_009658,LOT_031,9.7225,10.427,10.908,11.0842,0,healthy,0.0,50.0,8.5276,0
SN_009659,LOT_031,9.3529,9.7765,9.8094,9.8241,0,healthy,0.0,50.0,8.5276,0
SN_009660,LOT_031,8.9617,9.9081,10.2884,10.4746,0,healthy,0.0,50.0,8.5276,0
SN_009661,LOT_031,7.7938,8.5185,8.9662,9.068,0,healthy,0.0,50.0,8.5276,0
SN_009662,LOT_031,9.124,10.1507,10.2205,10.3111,0,healthy,0.0,50.0,8.5276,0
SN_009663,LOT_031,9.2423,9.9134,10.0774,10.1412,0,healthy,0.0,50.0,8.5276,0
SN_009664,LOT_031,8.2371,9.0587,9.4075,9.5893,0,healthy,0.0,50.0,8.5276,0
SN_009665,LOT_031,8.8941,9.913,10.3187,10.5433,0,healthy,0.0,50.0,8.5276,0
SN_009666,LOT_031,8.1507,9.1553,9.2913,9.6469,0,healthy,0.0,50.0,8.5276,0
SN_009667,LOT_031,8.5468,9.1149,9.3259,9.3963,0,healthy,0.0,50.0,8.5276,0
SN_009668,LOT_031,7.5878,8.3475,8.5132,8.6482,0,healthy,0.0,50.0,8.5276,0
SN_009669,LOT_031,8.5734,9.173,9.5555,9.5886,0,healthy,0.0,50.0,8.5276,0
SN_009670,LOT_031,7.4544,8.0879,8.308,8.4815,0,healthy,0.0,50.0,8.5276,0
SN_009671,LOT_031,8.108,8.9811,9.1228,9.0845,0,healthy,0.0,50.0,8.5276,0
SN_009672,LOT_031,9.1513,9.9818,10.0268,10.2016,0,healthy,0.0,50.0,8.5276,0
SN_009673,LOT_031,9.0207,9.9748,9.9778,10.0115,0,healthy,0.0,50.0,8.5276,0
SN_009674,LOT_031,10.6869,11.1299,11.2199,11.3198,0,healthy,0.0,50.0,8.5276,0
SN_009675,LOT_031,9.4736,10.1971,10.4275,10.5814,0,healthy,0.0,50.0,8.5276,0
SN_009676,LOT_031,7.6372,8.1751,8.0258,8.276,0,healthy,0.0,50.0,8.5276,0
SN_009677,LOT_031,9.2837,10.1316,10.152,10.3458,0,healthy,0.0,50.0,8.5276,0
SN_009678,LOT_031,7.565,8.4255,8.8216,8.9781,0,healthy,0.0,50.0,8.5276,0
SN_009679,LOT_031,8.6792,9.009,9.1811,9.3383,0,healthy,0.0,50.0,8.5276,0
SN_009680,LOT_031,8.9991,9.8128,10.3017,10.3762,0,healthy,0.0,50.0,8.5276,0
SN_009681,LOT_031,7.7241,8.1458,8.3773,8.3295,0,healthy,0.0,50.0,8.5276,0
SN_009682,LOT_031,7.6945,7.963,8.0463,8.0909,0,healthy,0.0,50.0,8.5276,0
SN_009683,LOT_031,7.9007,8.2541,8.3179,8.3019,0,healthy,0.0,50.0,8.5276,0
SN_009684,LOT_032,5.1062,5.6741,5.8785,6.0618,0,healthy,0.0,50.0,7.1666,1
SN_009685,LOT_032,5.4957,6.1962,6.342,6.4219,0,healthy,0.0,50.0,7.1666,1
SN_009686,LOT_032,7.1588,7.3144,7.5647,7.5722,0,healthy,0.0,50.0,7.1666,1
SN_009687,LOT_032,7.9924,8.4806,8.7453,8.8972,0,healthy,0.0,50.0,7.1666,1
SN_009688,LOT_032,7.8118,8.1274,8.2864,8.5805,0,healthy,0.0,50.0,7.1666,1
SN_009689,LOT_032,7.5793,8.1869,8.2527,8.4613,0,healthy,0.0,50.0,7.1666,1
SN_009690,LOT_032,8.4199,8.8798,9.0016,9.1293,0,healthy,0.0,50.0,7.1666,1
SN_009691,LOT_032,6.3611,6.9487,7.076,7.3227,0,healthy,0.0,50.0,7.1666,1
SN_009692,LOT_032,5.8668,6.1475,6.2636,6.3487,0,healthy,0.0,50.0,7.1666,1
SN_009693,LOT_032,8.5116,9.1004,9.3282,9.3413,0,healthy,0.0,50.0,7.1666,1
SN_009694,LOT_032,5.1267,5.4494,5.5681,5.5717,0,healthy,0.0,50.0,7.1666,1
SN_009695,LOT_032,6.1104,6.4883,6.5487,6.6539,0,healthy,0.0,50.0,7.1666,1
SN_009696,LOT_032,5.6919,6.2731,6.3705,6.5104,0,healthy,0.0,50.0,7.1666,1
SN_009697,LOT_032,9.9946,10.9243,11.2272,11.2645,0,healthy,0.0,50.0,7.1666,1
SN_009698,LOT_032,6.5506,7.1948,7.4071,7.4774,0,healthy,0.0,50.0,7.1666,1
SN_009699,LOT_032,7.1453,8.0259,8.2599,8.3411,0,healthy,0.0,50.0,7.1666,1
SN_009700,LOT_032,9.0758,9.9712,10.5067,10.6735,0,healthy,0.0,50.0,7.1666,1
SN_009701,LOT_032,6.8791,7.7499,7.9222,8.0326,0,healthy,0.0,50.0,7.1666,1
SN_009702,LOT_032,7.4679,8.1805,8.5285,8.5562,0,healthy,0.0,50.0,7.1666,1
SN_009703,LOT_032,6.832,7.704,7.9313,7.9326,0,healthy,0.0,50.0,7.1666,1
SN_009704,LOT_032,10.6207,11.3729,11.424,11.4963,0,healthy,0.0,50.0,7.1666,1
SN_009705,LOT_032,5.9539,6.6012,6.8549,6.9708,0,healthy,0.0,50.0,7.1666,1
SN_009706,LOT_032,9.5036,10.0288,10.3232,10.3489,0,healthy,0.0,50.0,7.1666,1
SN_009707,LOT_032,10.3108,11.4327,11.9543,11.9365,0,healthy,0.0,50.0,7.1666,1
SN_009708,LOT_032,5.7257,6.0332,6.1002,6.155,0,healthy,0.0,50.0,7.1666,1
SN_009709,LOT_032,7.1928,7.5353,7.752,7.8817,0,healthy,0.0,50.0,7.1666,1
SN_009710,LOT_032,6.3084,7.0486,7.326,7.4612,0,healthy,0.0,50.0,7.1666,1
SN_009711,LOT_032,6.198,7.0038,7.2693,7.4634,0,healthy,0.0,50.0,7.1666,1
SN_009712,LOT_032,5.2096,5.7941,6.0205,6.1805,0,healthy,0.0,50.0,7.1666,1
SN_009713,LOT_032,6.0866,6.5347,6.6892,6.6112,0,healthy,0.0,50.0,7.1666,1
SN_009714,LOT_032,7.5327,8.194,8.3347,8.5115,0,healthy,0.0,50.0,7.1666,1
SN_009715,LOT_032,9.8517,10.5263,10.7015,10.7364,0,healthy,0.0,50.0,7.1666,1
SN_009716,LOT_032,8.268,8.7479,8.9047,9.0123,0,healthy,0.0,50.0,7.1666,1
SN_009717,LOT_032,7.2031,8.1388,8.2799,8.392,0,healthy,0.0,50.0,7.1666,1
SN_009718,LOT_032,7.6819,8.2719,8.6612,8.7924,0,healthy,0.0,50.0,7.1666,1
SN_009719,LOT_032,9.2513,10.1202,10.3676,10.4726,0,healthy,0.0,50.0,7.1666,1
SN_009720,LOT_032,5.6886,6.0867,6.3713,6.3229,0,healthy,0.0,50.0,7.1666,1
SN_009721,LOT_032,8.2182,8.5187,8.6396,8.7254,0,healthy,0.0,50.0,7.1666,1
SN_009722,LOT_032,6.5438,7.4063,7.7668,7.7468,0,healthy,0.0,50.0,7.1666,1
SN_009723,LOT_032,9.6082,10.0913,10.2703,10.3299,0,healthy,0.0,50.0,7.1666,1
SN_009724,LOT_032,8.6996,9.8434,10.2573,10.4506,0,healthy,0.0,50.0,7.1666,1
SN_009725,LOT_032,8.0088,8.8203,9.2773,9.4707,0,healthy,0.0,50.0,7.1666,1
SN_009726,LOT_032,5.7358,6.2619,6.4819,6.6146,0,healthy,0.0,50.0,7.1666,1
SN_009727,LOT_032,6.1362,6.6494,6.7578,6.8255,0,healthy,0.0,50.0,7.1666,1
SN_009728,LOT_032,7.4679,7.8361,8.1356,8.1836,0,healthy,0.0,50.0,7.1666,1
SN_009729,LOT_032,5.4122,5.9823,6.1853,6.3209,0,healthy,0.0,50.0,7.1666,1
SN_009730,LOT_032,5.1365,5.7187,5.9205,6.0042,0,healthy,0.0,50.0,7.1666,1
SN_009731,LOT_032,6.0982,6.3518,6.4282,6.4982,0,healthy,0.0,50.0,7.1666,1
SN_009732,LOT_032,7.6538,8.2318,8.4208,8.5427,0,healthy,0.0,50.0,7.1666,1
SN_009733,LOT_032,8.4893,8.9329,9.1608,9.1755,0,healthy,0.0,50.0,7.1666,1
SN_009734,LOT_032,5.7374,6.029,6.1308,6.2004,0,healthy,0.0,50.0,7.1666,1
SN_009735,LOT_032,5.2257,5.8243,6.105,6.1574,0,healthy,0.0,50.0,7.1666,1
SN_009736,LOT_032,5.8949,6.1225,6.2204,6.1775,0,healthy,0.0,50.0,7.1666,1
SN_009737,LOT_032,5.9562,6.2207,6.2553,6.3882,0,healthy,0.0,50.0,7.1666,1
SN_009738,LOT_032,6.0892,6.3786,6.358,6.4831,0,healthy,0.0,50.0,7.1666,1
SN_009739,LOT_032,5.6186,6.2452,6.53,6.6389,0,healthy,0.0,50.0,7.1666,1
SN_009740,LOT_032,6.5558,7.1669,7.4096,7.4524,0,healthy,0.0,50.0,7.1666,1
SN_009741,LOT_032,5.0563,5.6035,5.7004,5.6679,0,healthy,0.0,50.0,7.1666,1
SN_009742,LOT_032,8.2113,8.9045,9.054,9.2181,0,healthy,0.0,50.0,7.1666,1
SN_009743,LOT_032,5.0405,5.5211,5.7157,5.8739,0,healthy,0.0,50.0,7.1666,1
SN_009744,LOT_032,8.5757,8.9841,9.0479,9.281,0,healthy,0.0,50.0,7.1666,1
SN_009745,LOT_032,4.5362,4.9071,5.0985,5.0956,0,healthy,0.0,50.0,7.1666,1
SN_009746,LOT_032,7.0059,7.5026,7.6613,7.7627,0,healthy,0.0,50.0,7.1666,1
SN_009747,LOT_032,10.3228,11.2099,11.5,11.7584,0,healthy,0.0,50.0,7.1666,1
SN_009748,LOT_032,6.3915,7.2175,7.4638,7.5468,0,healthy,0.0,50.0,7.1666,1
SN_009749,LOT_032,6.9359,7.7364,7.8966,8.1077,0,healthy,0.0,50.0,7.1666,1
SN_009750,LOT_032,6.536,6.8234,6.9284,6.9934,0,healthy,0.0,50.0,7.1666,1
SN_009751,LOT_032,8.6087,9.2508,9.7206,9.8702,0,healthy,0.0,50.0,7.1666,1
SN_009752,LOT_032,7.0702,7.4709,7.6023,7.76,0,healthy,0.0,50.0,7.1666,1
SN_009753,LOT_032,7.1763,8.0899,8.443,8.5513,0,healthy,0.0,50.0,7.1666,1
SN_009754,LOT_032,6.5426,7.2504,7.5132,7.7047,0,healthy,0.0,50.0,7.1666,1
SN_009755,LOT_032,5.7338,6.1275,6.3269,6.3783,0,healthy,0.0,50.0,7.1666,1
SN_009756,LOT_032,7.9552,8.3882,8.6627,8.6067,0,healthy,0.0,50.0,7.1666,1
SN_009757,LOT_032,7.787,8.0056,8.3058,8.3378,0,healthy,0.0,50.0,7.1666,1
SN_009758,LOT_032,9.7521,10.7035,11.1638,11.3686,0,healthy,0.0,50.0,7.1666,1
SN_009759,LOT_032,5.6637,5.9689,6.206,6.185,0,healthy,0.0,50.0,7.1666,1
SN_009760,LOT_032,7.8075,8.3798,8.5693,8.7129,0,healthy,0.0,50.0,7.1666,1
SN_009761,LOT_032,6.6837,7.2405,7.5234,7.5421,0,healthy,0.0,50.0,7.1666,1
SN_009762,LOT_032,6.5326,6.7703,6.9596,6.8723,0,healthy,0.0,50.0,7.1666,1
SN_009763,LOT_032,6.1744,6.738,6.8486,6.9362,0,healthy,0.0,50.0,7.1666,1
SN_009764,LOT_032,5.867,6.5372,6.7965,6.8885,0,healthy,0.0,50.0,7.1666,1
SN_009765,LOT_032,6.9829,7.8155,8.1244,8.2206,0,healthy,0.0,50.0,7.1666,1
SN_009766,LOT_032,7.4679,8.3814,8.6865,8.8244,0,healthy,0.0,50.0,7.1666,1
SN_009767,LOT_032,6.7292,7.2347,7.6054,7.8111,0,healthy,0.0,50.0,7.1666,1
SN_009768,LOT_032,6.7851,7.6654,7.7344,7.751,0,healthy,0.0,50.0,7.1666,1
SN_009769,LOT_032,5.9401,6.2799,6.2531,6.4359,0,healthy,0.0,50.0,7.1666,1
SN_009770,LOT_032,6.2222,6.5,6.5453,6.6789,0,healthy,0.0,50.0,7.1666,1
SN_009771,LOT_032,7.1524,7.4641,7.7241,7.8245,0,healthy,0.0,50.0,7.1666,1
SN_009772,LOT_032,8.028,8.3482,8.5391,8.5136,0,healthy,0.0,50.0,7.1666,1
SN_009773,LOT_032,8.1659,8.6219,8.8743,8.9224,0,healthy,0.0,50.0,7.1666,1
SN_009774,LOT_032,4.8573,5.2373,5.4187,5.46,0,healthy,0.0,50.0,7.1666,1
SN_009775,LOT_032,6.7842,7.544,7.659,7.9301,0,healthy,0.0,50.0,7.1666,1
SN_009776,LOT_032,8.3859,9.1338,9.6853,10.0839,0,healthy,0.0,50.0,7.1666,1
SN_009777,LOT_032,6.8683,7.5202,7.9003,8.1256,0,healthy,0.0,50.0,7.1666,1
SN_009778,LOT_032,9.4575,10.5614,11.0789,11.2989,0,healthy,0.0,50.0,7.1666,1
SN_009779,LOT_032,8.6887,9.2816,9.1154,9.3533,0,healthy,0.0,50.0,7.1666,1
SN_009780,LOT_032,7.7447,8.1609,8.3362,8.3613,0,healthy,0.0,50.0,7.1666,1
SN_009781,LOT_032,6.1722,6.8839,7.2102,7.3231,0,healthy,0.0,50.0,7.1666,1
SN_009782,LOT_032,7.8382,8.5303,8.8051,8.8475,0,healthy,0.0,50.0,7.1666,1
SN_009783,LOT_032,8.2707,8.612,8.4516,8.6352,0,healthy,0.0,50.0,7.1666,1
SN_009784,LOT_032,6.5096,6.7122,6.9164,6.7959,0,healthy,0.0,50.0,7.1666,1
SN_009785,LOT_032,6.4414,7.0184,7.3245,7.4495,0,healthy,0.0,50.0,7.1666,1
SN_009786,LOT_032,5.7519,5.8981,5.8948,6.1232,0,healthy,0.0,50.0,7.1666,1
SN_009787,LOT_032,5.3411,5.5838,5.8231,5.9156,0,healthy,0.0,50.0,7.1666,1
SN_009788,LOT_032,7.9761,8.3292,8.497,8.5091,0,healthy,0.0,50.0,7.1666,1
SN_009789,LOT_032,8.1486,8.9155,9.0278,9.2571,0,healthy,0.0,50.0,7.1666,1
SN_009790,LOT_032,8.7342,9.1365,9.2756,9.2554,0,healthy,0.0,50.0,7.1666,1
SN_009791,LOT_032,6.535,6.9875,7.2032,7.2483,0,healthy,0.0,50.0,7.1666,1
SN_009792,LOT_032,7.4372,8.1407,8.2777,8.4869,0,healthy,0.0,50.0,7.1666,1
SN_009793,LOT_032,6.0253,6.2652,6.3592,6.302,0,healthy,0.0,50.0,7.1666,1
SN_009794,LOT_032,7.8017,8.294,8.3985,8.5425,0,healthy,0.0,50.0,7.1666,1
SN_009795,LOT_032,6.0263,6.7033,6.7915,6.967,0,healthy,0.0,50.0,7.1666,1
SN_009796,LOT_032,9.1247,11.5098,12.5938,13.2907,1,nbti_ageing,0.1702,50.0,7.1666,1
SN_009797,LOT_032,8.3861,9.0227,9.3194,9.4145,0,healthy,0.0,50.0,7.1666,1
SN_009798,LOT_032,7.0198,7.9213,8.3552,8.3251,0,healthy,0.0,50.0,7.1666,1
SN_009799,LOT_032,7.1197,7.8179,8.2254,8.3617,0,healthy,0.0,50.0,7.1666,1
SN_009800,LOT_032,5.6251,5.7791,5.8933,5.999,0,healthy,0.0,50.0,7.1666,1
SN_009801,LOT_032,8.9083,9.8574,10.0587,10.3456,0,healthy,0.0,50.0,7.1666,1
SN_009802,LOT_032,6.3482,6.9053,7.0752,7.1154,0,healthy,0.0,50.0,7.1666,1
SN_009803,LOT_032,8.478,9.4003,9.8777,10.1291,0,healthy,0.0,50.0,7.1666,1
SN_009804,LOT_032,9.648,10.5317,11.1096,11.2299,0,healthy,0.0,50.0,7.1666,1
SN_009805,LOT_032,8.1659,8.7961,8.8179,8.9223,0,healthy,0.0,50.0,7.1666,1
SN_009806,LOT_032,7.1668,7.6459,7.908,8.0094,0,healthy,0.0,50.0,7.1666,1
SN_009807,LOT_032,5.0124,5.4788,5.5316,5.6785,0,healthy,0.0,50.0,7.1666,1
SN_009808,LOT_032,8.3661,9.2398,9.3916,9.4151,0,healthy,0.0,50.0,7.1666,1
SN_009809,LOT_032,8.0091,9.1399,9.3223,9.387,0,healthy,0.0,50.0,7.1666,1
SN_009810,LOT_032,5.9882,6.6885,6.9406,7.1182,0,healthy,0.0,50.0,7.1666,1
SN_009811,LOT_032,7.284,8.2165,8.5158,8.693,0,healthy,0.0,50.0,7.1666,1
SN_009812,LOT_032,5.9406,6.5245,6.7392,6.9339,0,healthy,0.0,50.0,7.1666,1
SN_009813,LOT_032,8.9473,9.1228,9.3854,9.5202,0,healthy,0.0,50.0,7.1666,1
SN_009814,LOT_032,6.2547,6.8436,7.007,7.1506,0,healthy,0.0,50.0,7.1666,1
SN_009815,LOT_032,6.5337,6.7948,6.872,6.8925,0,healthy,0.0,50.0,7.1666,1
SN_009816,LOT_032,6.3828,6.7432,6.8444,7.013,0,healthy,0.0,50.0,7.1666,1
SN_009817,LOT_032,12.4948,13.8892,14.507,14.9812,0,healthy,0.0,50.0,7.1666,1
SN_009818,LOT_032,7.0787,7.5939,7.9367,7.9011,0,healthy,0.0,50.0,7.1666,1
SN_009819,LOT_032,5.2685,5.8011,5.9442,6.0779,0,healthy,0.0,50.0,7.1666,1
SN_009820,LOT_032,6.8634,7.6078,7.9402,8.0682,0,healthy,0.0,50.0,7.1666,1
SN_009821,LOT_032,10.5945,11.5671,11.9832,12.1215,0,healthy,0.0,50.0,7.1666,1
SN_009822,LOT_032,7.9793,8.4134,8.645,8.5968,0,healthy,0.0,50.0,7.1666,1
SN_009823,LOT_032,7.486,8.2977,8.7394,8.7781,0,healthy,0.0,50.0,7.1666,1
SN_009824,LOT_032,8.1876,8.7137,9.1222,9.2753,0,healthy,0.0,50.0,7.1666,1
SN_009825,LOT_032,7.2746,7.6239,7.7708,7.8047,0,healthy,0.0,50.0,7.1666,1
SN_009826,LOT_032,6.5145,6.8491,7.0524,7.0234,0,healthy,0.0,50.0,7.1666,1
SN_009827,LOT_032,8.74,9.234,9.373,9.4506,0,healthy,0.0,50.0,7.1666,1
SN_009828,LOT_032,8.0194,8.5314,8.6075,8.8168,0,healthy,0.0,50.0,7.1666,1
SN_009829,LOT_032,10.5244,10.9197,10.9125,11.2845,0,healthy,0.0,50.0,7.1666,1
SN_009830,LOT_032,7.0571,7.7388,8.0603,8.1447,0,healthy,0.0,50.0,7.1666,1
SN_009831,LOT_032,9.3318,10.3364,10.6773,10.9205,0,healthy,0.0,50.0,7.1666,1
SN_009832,LOT_032,10.3845,10.978,11.2109,11.3399,0,healthy,0.0,50.0,7.1666,1
SN_009833,LOT_032,7.5753,8.3171,8.5304,8.6636,0,healthy,0.0,50.0,7.1666,1
SN_009834,LOT_032,7.2244,8.0454,8.3923,8.6461,0,healthy,0.0,50.0,7.1666,1
SN_009835,LOT_032,6.0951,6.5325,6.6115,6.6498,0,healthy,0.0,50.0,7.1666,1
SN_009836,LOT_032,7.6768,8.4387,8.7589,8.8379,0,healthy,0.0,50.0,7.1666,1
SN_009837,LOT_032,6.8026,7.4655,7.7279,7.9927,0,healthy,0.0,50.0,7.1666,1
SN_009838,LOT_032,6.9058,7.4115,7.5437,7.756,0,healthy,0.0,50.0,7.1666,1
SN_009839,LOT_032,6.7028,6.9088,7.0416,7.0366,0,healthy,0.0,50.0,7.1666,1
SN_009840,LOT_032,7.1881,8.1828,8.4914,8.6466,0,healthy,0.0,50.0,7.1666,1
SN_009841,LOT_032,7.0693,7.7655,8.0058,8.0367,0,healthy,0.0,50.0,7.1666,1
SN_009842,LOT_032,6.3577,7.0592,7.2087,7.3473,0,healthy,0.0,50.0,7.1666,1
SN_009843,LOT_032,5.2905,5.5075,5.6887,5.6729,0,healthy,0.0,50.0,7.1666,1
SN_009844,LOT_032,9.359,9.8221,10.1075,10.3097,0,healthy,0.0,50.0,7.1666,1
SN_009845,LOT_032,6.7314,7.5024,7.77,8.0144,0,healthy,0.0,50.0,7.1666,1
SN_009846,LOT_032,7.9743,8.6028,8.852,8.9059,0,healthy,0.0,50.0,7.1666,1
SN_009847,LOT_032,9.4911,10.1341,10.5078,10.6223,0,healthy,0.0,50.0,7.1666,1
SN_009848,LOT_032,6.817,7.6741,8.0782,8.1801,0,healthy,0.0,50.0,7.1666,1
SN_009849,LOT_032,6.2484,6.805,7.0843,7.1299,0,healthy,0.0,50.0,7.1666,1
SN_009850,LOT_032,6.1821,6.3623,6.5554,6.5223,0,healthy,0.0,50.0,7.1666,1
SN_009851,LOT_032,7.3895,8.2536,8.5653,8.767,0,healthy,0.0,50.0,7.1666,1
SN_009852,LOT_032,5.523,5.6813,5.8067,5.805,0,healthy,0.0,50.0,7.1666,1
SN_009853,LOT_032,8.4056,8.7867,8.8704,9.0353,0,healthy,0.0,50.0,7.1666,1
SN_009854,LOT_032,8.8935,9.577,9.7093,9.8868,0,healthy,0.0,50.0,7.1666,1
SN_009855,LOT_032,7.4444,8.0006,8.0926,8.2345,0,healthy,0.0,50.0,7.1666,1
SN_009856,LOT_032,9.1545,9.9651,10.4229,10.7008,0,healthy,0.0,50.0,7.1666,1
SN_009857,LOT_032,5.7851,6.4471,6.6268,6.6793,0,healthy,0.0,50.0,7.1666,1
SN_009858,LOT_032,6.2144,6.9652,7.196,7.2454,0,healthy,0.0,50.0,7.1666,1
SN_009859,LOT_032,7.8065,8.4256,8.5276,8.6666,0,healthy,0.0,50.0,7.1666,1
SN_009860,LOT_032,6.7686,7.4629,7.7336,7.9075,0,healthy,0.0,50.0,7.1666,1
SN_009861,LOT_032,11.8505,13.3463,13.7715,14.1095,0,healthy,0.0,50.0,7.1666,1
SN_009862,LOT_032,7.9989,8.3315,8.5248,8.534,0,healthy,0.0,50.0,7.1666,1
SN_009863,LOT_032,7.1238,7.7739,7.9963,8.1774,0,healthy,0.0,50.0,7.1666,1
SN_009864,LOT_032,5.4991,6.0636,6.2996,6.4567,0,healthy,0.0,50.0,7.1666,1
SN_009865,LOT_032,9.5052,10.269,10.6443,10.5162,0,healthy,0.0,50.0,7.1666,1
SN_009866,LOT_032,7.1929,7.7051,7.8467,8.0752,0,healthy,0.0,50.0,7.1666,1
SN_009867,LOT_032,6.1459,6.6042,6.7337,6.8007,0,healthy,0.0,50.0,7.1666,1
SN_009868,LOT_032,6.3089,6.6158,6.6935,6.8396,0,healthy,0.0,50.0,7.1666,1
SN_009869,LOT_032,8.1491,8.6275,8.7369,8.7777,0,healthy,0.0,50.0,7.1666,1
SN_009870,LOT_032,8.6872,9.1882,9.5146,9.7084,0,healthy,0.0,50.0,7.1666,1
SN_009871,LOT_032,8.4647,9.2255,9.4746,9.5423,0,healthy,0.0,50.0,7.1666,1
SN_009872,LOT_032,7.3825,7.8517,8.1231,8.2322,0,healthy,0.0,50.0,7.1666,1
SN_009873,LOT_032,6.7505,7.238,7.5023,7.6364,0,healthy,0.0,50.0,7.1666,1
SN_009874,LOT_032,6.8648,7.2425,7.2934,7.3188,0,healthy,0.0,50.0,7.1666,1
SN_009875,LOT_032,6.0216,6.6829,6.9433,7.1094,0,healthy,0.0,50.0,7.1666,1
SN_009876,LOT_032,8.7809,9.3904,9.7832,9.7712,0,healthy,0.0,50.0,7.1666,1
SN_009877,LOT_032,7.0785,7.8274,8.0701,8.2386,0,healthy,0.0,50.0,7.1666,1
SN_009878,LOT_032,6.8854,7.1448,7.242,7.4472,0,healthy,0.0,50.0,7.1666,1
SN_009879,LOT_032,12.2234,13.9702,14.2803,14.65,0,healthy,0.0,50.0,7.1666,1
SN_009880,LOT_032,8.4643,8.8531,9.0115,9.1661,0,healthy,0.0,50.0,7.1666,1
SN_009881,LOT_032,6.8561,7.167,7.3057,7.344,0,healthy,0.0,50.0,7.1666,1
SN_009882,LOT_032,6.8589,7.2916,7.437,7.5268,0,healthy,0.0,50.0,7.1666,1
SN_009883,LOT_032,10.2707,11.1035,11.3031,11.5843,0,healthy,0.0,50.0,7.1666,1
SN_009884,LOT_032,7.2383,7.8017,7.9695,8.1478,0,healthy,0.0,50.0,7.1666,1
SN_009885,LOT_032,8.7646,9.8358,10.1431,10.2526,0,healthy,0.0,50.0,7.1666,1
SN_009886,LOT_032,6.8387,7.2042,7.3504,7.3325,0,healthy,0.0,50.0,7.1666,1
SN_009887,LOT_032,5.8714,6.4625,6.7219,6.7207,0,healthy,0.0,50.0,7.1666,1
SN_009888,LOT_032,9.9011,10.6022,10.9511,11.2085,0,healthy,0.0,50.0,7.1666,1
SN_009889,LOT_032,6.168,6.5802,6.724,6.7496,0,healthy,0.0,50.0,7.1666,1
SN_009890,LOT_032,6.1606,6.5275,6.888,7.1031,0,healthy,0.0,50.0,7.1666,1
SN_009891,LOT_032,5.9671,6.4331,6.4666,6.7043,0,healthy,0.0,50.0,7.1666,1
SN_009892,LOT_032,6.4668,6.6694,6.8829,6.8653,0,healthy,0.0,50.0,7.1666,1
SN_009893,LOT_032,7.1563,7.5912,7.7015,7.8374,0,healthy,0.0,50.0,7.1666,1
SN_009894,LOT_032,6.3191,6.8303,7.0266,7.0902,0,healthy,0.0,50.0,7.1666,1
SN_009895,LOT_032,8.6358,9.5115,9.7382,9.7936,0,healthy,0.0,50.0,7.1666,1
SN_009896,LOT_032,6.6112,6.8468,7.1002,7.133,0,healthy,0.0,50.0,7.1666,1
SN_009897,LOT_032,8.5056,9.2144,9.4201,9.6239,0,healthy,0.0,50.0,7.1666,1
SN_009898,LOT_032,5.085,5.2577,5.3883,5.5069,0,healthy,0.0,50.0,7.1666,1
SN_009899,LOT_032,7.9179,8.2484,8.2925,8.4545,0,healthy,0.0,50.0,7.1666,1
SN_009900,LOT_032,5.1251,5.6272,5.7789,5.8202,0,healthy,0.0,50.0,7.1666,1
SN_009901,LOT_032,7.4876,8.0325,8.1791,8.4381,0,healthy,0.0,50.0,7.1666,1
SN_009902,LOT_032,7.4696,8.3011,8.4332,8.5406,0,healthy,0.0,50.0,7.1666,1
SN_009903,LOT_032,7.901,8.3338,8.4772,8.6624,0,healthy,0.0,50.0,7.1666,1
SN_009904,LOT_032,6.6472,6.8128,7.0433,7.081,0,healthy,0.0,50.0,7.1666,1
SN_009905,LOT_032,6.0906,6.9563,7.1328,7.283,0,healthy,0.0,50.0,7.1666,1
SN_009906,LOT_032,6.8878,7.4734,7.6293,7.5791,0,healthy,0.0,50.0,7.1666,1
SN_009907,LOT_032,9.5058,9.8806,9.9724,10.1879,0,healthy,0.0,50.0,7.1666,1
SN_009908,LOT_032,6.8697,7.5463,7.738,7.7411,0,healthy,0.0,50.0,7.1666,1
SN_009909,LOT_032,5.6942,6.4383,6.7865,6.7565,0,healthy,0.0,50.0,7.1666,1
SN_009910,LOT_032,8.9663,10.0003,10.3897,10.5958,0,healthy,0.0,50.0,7.1666,1
SN_009911,LOT_032,6.6453,7.1847,7.4108,7.5244,0,healthy,0.0,50.0,7.1666,1
SN_009912,LOT_032,5.9094,6.7471,6.972,7.083,0,healthy,0.0,50.0,7.1666,1
SN_009913,LOT_032,7.1015,7.3186,7.3747,7.4091,0,healthy,0.0,50.0,7.1666,1
SN_009914,LOT_032,7.111,7.9259,8.2399,8.3936,0,healthy,0.0,50.0,7.1666,1
SN_009915,LOT_032,6.4729,7.1866,7.3726,7.5277,0,healthy,0.0,50.0,7.1666,1
SN_009916,LOT_032,9.47,10.0356,10.2658,10.385,0,healthy,0.0,50.0,7.1666,1
SN_009917,LOT_032,5.8999,6.1485,6.1604,6.346,0,healthy,0.0,50.0,7.1666,1
SN_009918,LOT_032,8.5416,9.0092,9.3025,9.3243,0,healthy,0.0,50.0,7.1666,1
SN_009919,LOT_032,6.9399,7.9447,8.0629,8.2259,0,healthy,0.0,50.0,7.1666,1
SN_009920,LOT_032,8.7404,9.5304,9.9456,10.1341,0,healthy,0.0,50.0,7.1666,1
SN_009921,LOT_032,6.8064,7.0417,7.2641,7.2362,0,healthy,0.0,50.0,7.1666,1
SN_009922,LOT_032,6.9775,7.7745,8.0722,8.2084,0,healthy,0.0,50.0,7.1666,1
SN_009923,LOT_032,10.8171,11.4824,11.85,11.9887,0,healthy,0.0,50.0,7.1666,1
SN_009924,LOT_032,8.9576,9.4838,9.7949,9.7984,0,healthy,0.0,50.0,7.1666,1
SN_009925,LOT_032,7.359,7.7878,7.7191,7.7806,0,healthy,0.0,50.0,7.1666,1
SN_009926,LOT_032,8.5169,9.3672,9.6342,9.7039,0,healthy,0.0,50.0,7.1666,1
SN_009927,LOT_032,9.4667,10.3821,10.776,10.8653,0,healthy,0.0,50.0,7.1666,1
SN_009928,LOT_032,10.631,11.6234,12.0389,12.2316,0,healthy,0.0,50.0,7.1666,1
SN_009929,LOT_032,9.3061,10.1326,10.3543,10.6432,0,healthy,0.0,50.0,7.1666,1
SN_009930,LOT_032,9.5467,9.8729,10.0561,10.0013,0,healthy,0.0,50.0,7.1666,1
SN_009931,LOT_032,7.4501,8.2338,8.4186,8.4634,0,healthy,0.0,50.0,7.1666,1
SN_009932,LOT_032,5.615,6.3394,6.5903,6.6602,0,healthy,0.0,50.0,7.1666,1
SN_009933,LOT_032,6.9169,7.7134,7.9901,8.2607,0,healthy,0.0,50.0,7.1666,1
SN_009934,LOT_032,8.1378,8.6403,9.0443,9.1637,0,healthy,0.0,50.0,7.1666,1
SN_009935,LOT_032,4.4489,5.0318,5.1641,5.2299,0,healthy,0.0,50.0,7.1666,1
SN_009936,LOT_032,6.4053,6.6019,6.7529,6.9645,0,healthy,0.0,50.0,7.1666,1
SN_009937,LOT_032,6.946,7.6643,8.0732,8.2456,0,healthy,0.0,50.0,7.1666,1
SN_009938,LOT_032,6.6539,7.4396,7.6949,7.9383,0,healthy,0.0,50.0,7.1666,1
SN_009939,LOT_032,6.6345,6.9963,7.0999,7.0347,0,healthy,0.0,50.0,7.1666,1
SN_009940,LOT_032,5.7684,6.1266,6.1082,6.2154,0,healthy,0.0,50.0,7.1666,1
SN_009941,LOT_032,7.2004,8.0083,8.3101,8.4667,0,healthy,0.0,50.0,7.1666,1
SN_009942,LOT_032,5.8888,6.5032,6.9353,7.056,0,healthy,0.0,50.0,7.1666,1
SN_009943,LOT_032,6.9418,7.3912,7.4917,7.5698,0,healthy,0.0,50.0,7.1666,1
SN_009944,LOT_032,4.6928,4.9412,4.9418,4.9608,0,healthy,0.0,50.0,7.1666,1
SN_009945,LOT_032,7.7365,8.2533,8.4058,8.5126,0,healthy,0.0,50.0,7.1666,1
SN_009946,LOT_032,5.3799,5.6291,5.6609,5.7845,0,healthy,0.0,50.0,7.1666,1
SN_009947,LOT_032,8.0629,8.3739,8.3944,8.598,0,healthy,0.0,50.0,7.1666,1
SN_009948,LOT_032,8.8069,9.5161,9.6348,9.797,0,healthy,0.0,50.0,7.1666,1
SN_009949,LOT_032,8.4138,9.4603,9.7772,9.8699,0,healthy,0.0,50.0,7.1666,1
SN_009950,LOT_032,5.3552,5.6458,5.8124,5.9307,0,healthy,0.0,50.0,7.1666,1
SN_009951,LOT_032,6.8424,7.3369,7.2778,7.5143,0,healthy,0.0,50.0,7.1666,1
SN_009952,LOT_032,5.2576,5.712,5.9315,6.1013,0,healthy,0.0,50.0,7.1666,1
SN_009953,LOT_032,5.6143,6.2366,6.4107,6.5284,0,healthy,0.0,50.0,7.1666,1
SN_009954,LOT_032,7.3528,8.0176,8.4018,8.5052,0,healthy,0.0,50.0,7.1666,1
SN_009955,LOT_032,5.2392,5.5405,5.7333,5.8292,0,healthy,0.0,50.0,7.1666,1
SN_009956,LOT_032,7.7273,8.259,8.3592,8.5101,0,healthy,0.0,50.0,7.1666,1
SN_009957,LOT_032,8.133,8.613,8.6997,8.8433,0,healthy,0.0,50.0,7.1666,1
SN_009958,LOT_032,9.5402,10.8933,11.2215,11.3942,0,healthy,0.0,50.0,7.1666,1
SN_009959,LOT_032,9.0144,9.8894,10.2883,10.6212,0,healthy,0.0,50.0,7.1666,1
SN_009960,LOT_032,5.0159,5.3989,5.4397,5.4412,0,healthy,0.0,50.0,7.1666,1
SN_009961,LOT_032,9.4006,9.8726,10.0667,10.2498,0,healthy,0.0,50.0,7.1666,1
SN_009962,LOT_032,10.5111,11.336,11.8015,12.0536,0,healthy,0.0,50.0,7.1666,1
SN_009963,LOT_032,8.2276,8.9265,9.025,9.1384,0,healthy,0.0,50.0,7.1666,1
SN_009964,LOT_032,5.0353,5.1881,5.3383,5.3729,0,healthy,0.0,50.0,7.1666,1
SN_009965,LOT_032,4.4966,4.6563,4.7991,4.7964,0,healthy,0.0,50.0,7.1666,1
SN_009966,LOT_032,8.2534,9.0975,9.5797,9.8686,0,healthy,0.0,50.0,7.1666,1
SN_009967,LOT_032,23.8821,24.8628,26.8755,29.4093,1,esd_oxide,0.4162,50.0,7.1666,1
SN_009968,LOT_033,8.3667,9.1708,9.7621,9.916,0,healthy,0.0,50.0,11.7289,0
SN_009969,LOT_033,11.8607,12.9752,13.4751,13.5727,0,healthy,0.0,50.0,11.7289,0
SN_009970,LOT_033,10.9087,12.2386,12.5027,12.8552,0,healthy,0.0,50.0,11.7289,0
SN_009971,LOT_033,10.7187,11.9033,12.4137,12.8282,0,healthy,0.0,50.0,11.7289,0
SN_009972,LOT_033,11.943,12.962,13.2785,13.6835,0,healthy,0.0,50.0,11.7289,0
SN_009973,LOT_033,13.1767,14.353,14.5549,14.7732,0,healthy,0.0,50.0,11.7289,0
SN_009974,LOT_033,10.8298,12.0538,12.2817,12.3126,0,healthy,0.0,50.0,11.7289,0
SN_009975,LOT_033,11.6967,12.4899,12.8908,13.1571,0,healthy,0.0,50.0,11.7289,0
SN_009976,LOT_033,10.2747,11.305,11.6734,11.7485,0,healthy,0.0,50.0,11.7289,0
SN_009977,LOT_033,12.4417,13.0553,13.4464,13.8579,0,healthy,0.0,50.0,11.7289,0
SN_009978,LOT_033,12.0618,12.9058,13.0039,13.3898,0,healthy,0.0,50.0,11.7289,0
SN_009979,LOT_033,12.5274,13.8092,14.486,14.655,0,healthy,0.0,50.0,11.7289,0
SN_009980,LOT_033,12.0602,12.6144,13.0125,12.9855,0,healthy,0.0,50.0,11.7289,0
SN_009981,LOT_033,11.9005,13.3148,13.8871,13.87,0,healthy,0.0,50.0,11.7289,0
SN_009982,LOT_033,13.2784,14.6327,14.9824,14.9954,0,healthy,0.0,50.0,11.7289,0
SN_009983,LOT_033,11.1641,11.6403,11.7882,12.0444,0,healthy,0.0,50.0,11.7289,0
SN_009984,LOT_033,11.2562,11.6901,11.8062,11.9108,0,healthy,0.0,50.0,11.7289,0
SN_009985,LOT_033,10.5223,11.5352,11.9553,12.2473,0,healthy,0.0,50.0,11.7289,0
SN_009986,LOT_033,9.0567,9.2683,13.1018,23.4318,1,tddb_dielectric,0.366,50.0,11.7289,0
SN_009987,LOT_033,9.5217,10.7638,11.0276,11.4026,0,healthy,0.0,50.0,11.7289,0
SN_009988,LOT_033,12.8671,13.3472,13.8393,13.8033,0,healthy,0.0,50.0,11.7289,0
SN_009989,LOT_033,11.835,13.1967,13.7169,14.1011,0,healthy,0.0,50.0,11.7289,0
SN_009990,LOT_033,10.1331,11.292,11.5647,11.7494,0,healthy,0.0,50.0,11.7289,0
SN_009991,LOT_033,11.2612,11.7291,11.7916,11.9411,0,healthy,0.0,50.0,11.7289,0
SN_009992,LOT_033,12.5452,14.2903,14.6594,14.8433,0,healthy,0.0,50.0,11.7289,0
SN_009993,LOT_033,9.8377,10.5182,10.8191,10.9828,0,healthy,0.0,50.0,11.7289,0
SN_009994,LOT_033,11.398,12.5844,13.0405,13.2569,0,healthy,0.0,50.0,11.7289,0
SN_009995,LOT_033,11.2979,12.8421,13.1665,13.6428,0,healthy,0.0,50.0,11.7289,0
SN_009996,LOT_033,10.4249,11.9743,12.1471,12.4047,0,healthy,0.0,50.0,11.7289,0
SN_009997,LOT_033,10.2613,10.5733,10.6905,11.0428,0,healthy,0.0,50.0,11.7289,0
SN_009998,LOT_033,11.9289,13.0882,13.4809,13.6375,0,healthy,0.0,50.0,11.7289,0
SN_009999,LOT_033,13.1742,13.7606,13.8489,14.088,0,healthy,0.0,50.0,11.7289,0
SN_010000,LOT_033,11.0991,11.6735,12.0416,11.9311,0,healthy,0.0,50.0,11.7289,0
SN_010001,LOT_033,8.9339,9.4065,9.6236,9.9597,0,healthy,0.0,50.0,11.7289,0
SN_010002,LOT_033,10.4465,10.8899,11.0214,11.1008,0,healthy,0.0,50.0,11.7289,0
SN_010003,LOT_033,11.2968,12.1307,12.3488,12.4333,0,healthy,0.0,50.0,11.7289,0
SN_010004,LOT_033,11.3688,12.4064,13.002,13.3242,0,healthy,0.0,50.0,11.7289,0
SN_010005,LOT_033,10.5825,11.6826,12.2533,12.5024,0,healthy,0.0,50.0,11.7289,0
SN_010006,LOT_033,14.0413,14.6163,14.8236,14.7555,0,healthy,0.0,50.0,11.7289,0
SN_010007,LOT_033,11.0455,12.0669,12.4807,12.7325,0,healthy,0.0,50.0,11.7289,0
SN_010008,LOT_033,11.0085,12.3407,12.8067,12.9197,0,healthy,0.0,50.0,11.7289,0
SN_010009,LOT_033,12.3077,13.8638,14.1938,14.668,0,healthy,0.0,50.0,11.7289,0
SN_010010,LOT_033,12.1558,12.9527,13.2019,13.1738,0,healthy,0.0,50.0,11.7289,0
SN_010011,LOT_033,12.2543,12.7825,12.9824,12.8439,0,healthy,0.0,50.0,11.7289,0
SN_010012,LOT_033,10.5207,11.7426,12.1395,12.402,0,healthy,0.0,50.0,11.7289,0
SN_010013,LOT_033,11.3711,12.6644,13.1063,13.3324,0,healthy,0.0,50.0,11.7289,0
SN_010014,LOT_033,11.9589,12.5051,12.9623,13.1762,0,healthy,0.0,50.0,11.7289,0
SN_010015,LOT_033,9.9615,10.6333,10.8542,10.9625,0,healthy,0.0,50.0,11.7289,0
SN_010016,LOT_033,10.4209,10.8706,11.2422,11.1662,0,healthy,0.0,50.0,11.7289,0
SN_010017,LOT_033,11.3431,12.1321,12.3917,12.5199,0,healthy,0.0,50.0,11.7289,0
SN_010018,LOT_033,12.298,13.4293,13.8225,13.9174,0,healthy,0.0,50.0,11.7289,0
SN_010019,LOT_033,12.8184,13.9218,14.5792,14.8085,0,healthy,0.0,50.0,11.7289,0
SN_010020,LOT_033,12.0725,12.8256,13.1085,13.2062,0,healthy,0.0,50.0,11.7289,0
SN_010021,LOT_033,12.0058,12.791,13.1192,13.5065,0,healthy,0.0,50.0,11.7289,0
SN_010022,LOT_033,13.0475,13.8601,14.4508,14.5406,0,healthy,0.0,50.0,11.7289,0
SN_010023,LOT_033,11.6899,12.4478,12.5715,12.7439,0,healthy,0.0,50.0,11.7289,0
SN_010024,LOT_033,42.5985,43.0233,45.7039,48.0478,1,esd_oxide,0.566,50.0,11.7289,0
SN_010025,LOT_033,12.4395,14.0571,14.5587,14.8445,0,healthy,0.0,50.0,11.7289,0
SN_010026,LOT_033,13.0028,13.6294,13.8689,13.793,0,healthy,0.0,50.0,11.7289,0
SN_010027,LOT_033,10.9567,12.1675,12.4407,12.7789,0,healthy,0.0,50.0,11.7289,0
SN_010028,LOT_033,14.1569,15.9211,16.4352,16.5952,0,healthy,0.0,50.0,11.7289,0
SN_010029,LOT_033,12.1273,13.7467,14.1947,14.2006,0,healthy,0.0,50.0,11.7289,0
SN_010030,LOT_033,10.9359,12.4259,12.5804,12.9611,0,healthy,0.0,50.0,11.7289,0
SN_010031,LOT_033,12.03,12.8912,13.1604,13.3789,0,healthy,0.0,50.0,11.7289,0
SN_010032,LOT_033,12.4382,13.1197,13.4238,13.6892,0,healthy,0.0,50.0,11.7289,0
SN_010033,LOT_033,13.5912,14.9734,15.4037,15.6965,0,healthy,0.0,50.0,11.7289,0
SN_010034,LOT_033,11.3269,11.8689,12.0798,12.1679,0,healthy,0.0,50.0,11.7289,0
SN_010035,LOT_033,11.417,11.6499,11.9004,12.1198,0,healthy,0.0,50.0,11.7289,0
SN_010036,LOT_033,11.6288,12.3634,12.5458,12.5657,0,healthy,0.0,50.0,11.7289,0
SN_010037,LOT_033,12.7494,13.5435,13.4741,13.6882,0,healthy,0.0,50.0,11.7289,0
SN_010038,LOT_033,9.8439,10.7255,11.246,11.4652,0,healthy,0.0,50.0,11.7289,0
SN_010039,LOT_033,12.5976,13.925,14.3877,14.6272,0,healthy,0.0,50.0,11.7289,0
SN_010040,LOT_033,41.5355,42.9819,47.9444,52.7371,1,subtle_in_spec,0.4165,50.0,11.7289,0
SN_010041,LOT_033,11.9308,13.1091,13.6312,13.552,0,healthy,0.0,50.0,11.7289,0
SN_010042,LOT_033,13.0447,14.729,15.4348,15.6839,0,healthy,0.0,50.0,11.7289,0
SN_010043,LOT_033,11.085,12.1119,12.7603,13.0909,0,healthy,0.0,50.0,11.7289,0
SN_010044,LOT_033,11.7658,12.7521,13.5147,13.8902,0,healthy,0.0,50.0,11.7289,0
SN_010045,LOT_033,10.3297,11.036,11.1757,11.241,0,healthy,0.0,50.0,11.7289,0
SN_010046,LOT_033,11.1275,12.0456,12.0484,12.3433,0,healthy,0.0,50.0,11.7289,0
SN_010047,LOT_033,10.8196,11.7273,12.2971,12.4018,0,healthy,0.0,50.0,11.7289,0
SN_010048,LOT_033,9.4787,10.2119,10.4041,10.5687,0,healthy,0.0,50.0,11.7289,0
SN_010049,LOT_033,14.4313,15.8674,16.1694,16.45,0,healthy,0.0,50.0,11.7289,0
SN_010050,LOT_033,10.5182,11.7382,12.2309,12.5705,0,healthy,0.0,50.0,11.7289,0
SN_010051,LOT_033,9.6979,10.7265,11.1834,11.5141,0,healthy,0.0,50.0,11.7289,0
SN_010052,LOT_033,12.8938,14.019,14.6023,14.854,0,healthy,0.0,50.0,11.7289,0
SN_010053,LOT_033,12.4994,13.7434,14.4555,14.5492,0,healthy,0.0,50.0,11.7289,0
SN_010054,LOT_033,11.4303,11.9198,12.0628,12.1371,0,healthy,0.0,50.0,11.7289,0
SN_010055,LOT_033,12.5001,13.5574,13.5959,13.8702,0,healthy,0.0,50.0,11.7289,0
SN_010056,LOT_033,11.2076,12.1733,12.4034,12.679,0,healthy,0.0,50.0,11.7289,0
SN_010057,LOT_033,12.7441,13.0844,13.4106,13.5369,0,healthy,0.0,50.0,11.7289,0
SN_010058,LOT_033,10.6624,11.716,11.8986,12.2497,0,healthy,0.0,50.0,11.7289,0
SN_010059,LOT_033,11.8542,12.3587,12.573,12.8516,0,healthy,0.0,50.0,11.7289,0
SN_010060,LOT_033,12.3193,13.7608,14.2233,14.6092,0,healthy,0.0,50.0,11.7289,0
SN_010061,LOT_033,10.3713,11.3844,11.689,11.876,0,healthy,0.0,50.0,11.7289,0
SN_010062,LOT_033,12.2288,13.0724,13.3383,13.4224,0,healthy,0.0,50.0,11.7289,0
SN_010063,LOT_033,14.6703,15.7463,16.4499,16.8938,0,healthy,0.0,50.0,11.7289,0
SN_010064,LOT_033,13.3867,14.3796,14.7707,15.0363,0,healthy,0.0,50.0,11.7289,0
SN_010065,LOT_033,9.6525,10.159,10.3705,10.6259,0,healthy,0.0,50.0,11.7289,0
SN_010066,LOT_033,11.6653,12.3444,12.4219,12.3635,0,healthy,0.0,50.0,11.7289,0
SN_010067,LOT_033,11.2206,11.5308,11.7503,11.9773,0,healthy,0.0,50.0,11.7289,0
SN_010068,LOT_033,16.055,17.087,17.5568,17.9204,0,healthy,0.0,50.0,11.7289,0
SN_010069,LOT_033,12.6701,14.5285,15.0272,15.0806,0,healthy,0.0,50.0,11.7289,0
SN_010070,LOT_033,12.2555,13.2704,14.0538,14.0218,0,healthy,0.0,50.0,11.7289,0
SN_010071,LOT_033,12.5365,14.1877,14.7493,15.0791,0,healthy,0.0,50.0,11.7289,0
SN_010072,LOT_033,9.5561,10.219,10.6326,10.8817,0,healthy,0.0,50.0,11.7289,0
SN_010073,LOT_033,11.8378,13.0271,13.4634,13.9078,0,healthy,0.0,50.0,11.7289,0
SN_010074,LOT_033,12.3055,12.6263,12.8448,13.0342,0,healthy,0.0,50.0,11.7289,0
SN_010075,LOT_033,12.4753,13.1839,13.4495,13.7035,0,healthy,0.0,50.0,11.7289,0
SN_010076,LOT_033,10.3379,11.616,12.0069,12.3543,0,healthy,0.0,50.0,11.7289,0
SN_010077,LOT_033,10.8404,12.3556,12.5768,12.9213,0,healthy,0.0,50.0,11.7289,0
SN_010078,LOT_033,10.8055,11.4932,11.4578,11.7594,0,healthy,0.0,50.0,11.7289,0
SN_010079,LOT_033,11.5704,12.0185,12.3939,12.3583,0,healthy,0.0,50.0,11.7289,0
SN_010080,LOT_033,12.5036,13.5351,13.9785,14.1594,0,healthy,0.0,50.0,11.7289,0
SN_010081,LOT_033,11.8341,13.0455,13.6702,13.9246,0,healthy,0.0,50.0,11.7289,0
SN_010082,LOT_033,10.2756,11.4551,11.9794,12.1878,0,healthy,0.0,50.0,11.7289,0
SN_010083,LOT_033,12.3458,13.8216,14.2004,14.6916,0,healthy,0.0,50.0,11.7289,0
SN_010084,LOT_033,10.8329,11.4236,11.7645,11.7773,0,healthy,0.0,50.0,11.7289,0
SN_010085,LOT_033,13.3404,14.5053,14.998,15.6016,0,healthy,0.0,50.0,11.7289,0
SN_010086,LOT_033,9.6416,10.1301,10.4889,10.7226,0,healthy,0.0,50.0,11.7289,0
SN_010087,LOT_033,11.0106,12.059,12.2384,12.1828,0,healthy,0.0,50.0,11.7289,0
SN_010088,LOT_033,11.8317,12.5536,13.1252,13.2596,0,healthy,0.0,50.0,11.7289,0
SN_010089,LOT_033,13.0767,14.5477,14.8917,15.1283,0,healthy,0.0,50.0,11.7289,0
SN_010090,LOT_033,12.8358,13.5692,13.7451,13.9949,0,healthy,0.0,50.0,11.7289,0
SN_010091,LOT_033,12.1777,13.4527,13.8415,14.1633,0,healthy,0.0,50.0,11.7289,0
SN_010092,LOT_033,11.7934,12.6724,12.9881,13.1424,0,healthy,0.0,50.0,11.7289,0
SN_010093,LOT_033,11.8739,12.5229,12.6967,12.9613,0,healthy,0.0,50.0,11.7289,0
SN_010094,LOT_033,10.2363,10.8905,11.2006,11.3542,0,healthy,0.0,50.0,11.7289,0
SN_010095,LOT_033,11.5912,12.5818,12.9608,13.005,0,healthy,0.0,50.0,11.7289,0
SN_010096,LOT_033,10.5471,11.5203,11.8101,12.1009,0,healthy,0.0,50.0,11.7289,0
SN_010097,LOT_033,12.4448,13.087,13.2028,13.3766,0,healthy,0.0,50.0,11.7289,0
SN_010098,LOT_033,9.8993,10.451,10.5334,10.6808,0,healthy,0.0,50.0,11.7289,0
SN_010099,LOT_033,12.7321,13.8222,14.1712,14.2227,0,healthy,0.0,50.0,11.7289,0
SN_010100,LOT_033,10.41,11.6257,11.9167,12.1679,0,healthy,0.0,50.0,11.7289,0
SN_010101,LOT_033,10.609,11.6116,11.8948,11.8816,0,healthy,0.0,50.0,11.7289,0
SN_010102,LOT_033,11.448,12.6493,12.9343,12.9543,0,healthy,0.0,50.0,11.7289,0
SN_010103,LOT_033,10.8702,12.0388,12.436,12.6065,0,healthy,0.0,50.0,11.7289,0
SN_010104,LOT_033,13.3219,14.2034,14.3351,14.5775,0,healthy,0.0,50.0,11.7289,0
SN_010105,LOT_033,10.3763,11.0955,11.3256,11.4807,0,healthy,0.0,50.0,11.7289,0
SN_010106,LOT_033,10.5851,11.6417,12.1864,12.3809,0,healthy,0.0,50.0,11.7289,0
SN_010107,LOT_033,13.6697,14.3062,14.9547,14.7585,0,healthy,0.0,50.0,11.7289,0
SN_010108,LOT_033,11.2024,12.6017,13.102,13.4401,0,healthy,0.0,50.0,11.7289,0
SN_010109,LOT_033,13.7589,14.5853,14.8511,15.2359,0,healthy,0.0,50.0,11.7289,0
SN_010110,LOT_033,10.6175,11.8691,12.2821,12.6704,0,healthy,0.0,50.0,11.7289,0
SN_010111,LOT_033,12.176,12.6389,12.9211,12.9337,0,healthy,0.0,50.0,11.7289,0
SN_010112,LOT_033,10.7998,11.6108,11.8901,12.0652,0,healthy,0.0,50.0,11.7289,0
SN_010113,LOT_033,10.9267,12.2309,12.6132,12.8908,0,healthy,0.0,50.0,11.7289,0
SN_010114,LOT_033,9.2779,10.3972,10.8907,11.1382,0,healthy,0.0,50.0,11.7289,0
SN_010115,LOT_033,10.8819,12.2189,12.7048,13.0938,0,healthy,0.0,50.0,11.7289,0
SN_010116,LOT_033,12.7171,14.1402,14.408,14.7486,0,healthy,0.0,50.0,11.7289,0
SN_010117,LOT_033,10.411,11.6047,12.2258,12.5364,0,healthy,0.0,50.0,11.7289,0
SN_010118,LOT_033,10.8566,11.5876,11.7716,11.8021,0,healthy,0.0,50.0,11.7289,0
SN_010119,LOT_033,9.703,10.6365,10.8923,11.1569,0,healthy,0.0,50.0,11.7289,0
SN_010120,LOT_033,11.7697,12.8826,13.3018,13.445,0,healthy,0.0,50.0,11.7289,0
SN_010121,LOT_033,11.1621,11.7714,12.1412,12.3774,0,healthy,0.0,50.0,11.7289,0
SN_010122,LOT_033,10.3665,11.4409,11.7933,12.1538,0,healthy,0.0,50.0,11.7289,0
SN_010123,LOT_033,12.9855,13.9939,14.185,14.2205,0,healthy,0.0,50.0,11.7289,0
SN_010124,LOT_033,14.1789,14.9529,15.1755,15.4134,0,healthy,0.0,50.0,11.7289,0
SN_010125,LOT_033,10.8632,12.2935,12.6586,12.9368,0,healthy,0.0,50.0,11.7289,0
SN_010126,LOT_033,12.91,14.2398,14.9649,15.29,0,healthy,0.0,50.0,11.7289,0
SN_010127,LOT_033,10.1654,10.7684,10.9766,11.2753,0,healthy,0.0,50.0,11.7289,0
SN_010128,LOT_033,11.2785,12.6265,13.199,13.4712,0,healthy,0.0,50.0,11.7289,0
SN_010129,LOT_033,10.0938,11.174,11.511,11.6195,0,healthy,0.0,50.0,11.7289,0
SN_010130,LOT_033,12.4515,13.0521,13.1225,13.3707,0,healthy,0.0,50.0,11.7289,0
SN_010131,LOT_033,9.8799,10.5279,10.7898,10.7893,0,healthy,0.0,50.0,11.7289,0
SN_010132,LOT_033,11.7759,12.5687,12.7755,13.0482,0,healthy,0.0,50.0,11.7289,0
SN_010133,LOT_033,11.6669,12.9855,13.3283,13.4931,0,healthy,0.0,50.0,11.7289,0
SN_010134,LOT_033,12.1634,13.4355,14.006,14.3367,0,healthy,0.0,50.0,11.7289,0
SN_010135,LOT_033,12.3664,13.5839,13.718,13.68,0,healthy,0.0,50.0,11.7289,0
SN_010136,LOT_033,13.0652,14.121,14.5657,14.9983,0,healthy,0.0,50.0,11.7289,0
SN_010137,LOT_033,11.5946,12.7708,13.474,13.5487,0,healthy,0.0,50.0,11.7289,0
SN_010138,LOT_033,13.7464,14.5042,14.9099,15.3233,0,healthy,0.0,50.0,11.7289,0
SN_010139,LOT_033,14.5801,16.0858,16.7145,16.7773,0,healthy,0.0,50.0,11.7289,0
SN_010140,LOT_033,11.6839,12.6168,12.6345,12.938,0,healthy,0.0,50.0,11.7289,0
SN_010141,LOT_033,13.0086,14.2667,14.5652,14.7601,0,healthy,0.0,50.0,11.7289,0
SN_010142,LOT_033,10.7154,11.266,11.6277,11.5422,0,healthy,0.0,50.0,11.7289,0
SN_010143,LOT_033,11.2226,12.3692,12.6184,12.8294,0,healthy,0.0,50.0,11.7289,0
SN_010144,LOT_033,11.9922,13.0559,13.473,13.4474,0,healthy,0.0,50.0,11.7289,0
SN_010145,LOT_033,12.3889,13.407,13.7411,13.7975,0,healthy,0.0,50.0,11.7289,0
SN_010146,LOT_033,12.1308,13.2044,13.5496,13.7081,0,healthy,0.0,50.0,11.7289,0
SN_010147,LOT_033,11.6847,13.3515,13.685,13.5993,0,healthy,0.0,50.0,11.7289,0
SN_010148,LOT_033,12.8242,14.5402,15.0279,15.2254,0,healthy,0.0,50.0,11.7289,0
SN_010149,LOT_033,10.6635,11.919,12.1031,12.1625,0,healthy,0.0,50.0,11.7289,0
SN_010150,LOT_033,9.827,10.8155,11.0835,11.5921,0,healthy,0.0,50.0,11.7289,0
SN_010151,LOT_033,10.0553,10.5937,10.4809,10.5369,0,healthy,0.0,50.0,11.7289,0
SN_010152,LOT_033,11.7972,12.9478,13.4684,13.8395,0,healthy,0.0,50.0,11.7289,0
SN_010153,LOT_033,12.1538,13.1355,13.2238,13.4609,0,healthy,0.0,50.0,11.7289,0
SN_010154,LOT_033,10.066,11.5026,11.6859,12.0172,0,healthy,0.0,50.0,11.7289,0
SN_010155,LOT_033,13.5312,14.1843,14.4683,14.5667,0,healthy,0.0,50.0,11.7289,0
SN_010156,LOT_033,10.5275,10.9543,11.1578,11.2803,0,healthy,0.0,50.0,11.7289,0
SN_010157,LOT_033,11.4411,12.9633,13.4411,13.6726,0,healthy,0.0,50.0,11.7289,0
SN_010158,LOT_033,12.2793,13.0129,13.1904,13.0949,0,healthy,0.0,50.0,11.7289,0
SN_010159,LOT_033,11.04,12.1752,12.4478,12.7448,0,healthy,0.0,50.0,11.7289,0
SN_010160,LOT_033,14.5405,15.2733,15.4489,15.5905,0,healthy,0.0,50.0,11.7289,0
SN_010161,LOT_033,11.9911,12.7822,12.8262,12.9329,0,healthy,0.0,50.0,11.7289,0
SN_010162,LOT_033,10.211,10.7185,10.9449,11.1038,0,healthy,0.0,50.0,11.7289,0
SN_010163,LOT_033,9.7609,10.6939,11.1167,11.4482,0,healthy,0.0,50.0,11.7289,0
SN_010164,LOT_033,11.563,11.955,12.083,12.3128,0,healthy,0.0,50.0,11.7289,0
SN_010165,LOT_033,13.9609,15.7479,16.04,16.1432,0,healthy,0.0,50.0,11.7289,0
SN_010166,LOT_033,11.5794,12.536,13.1015,13.1378,0,healthy,0.0,50.0,11.7289,0
SN_010167,LOT_033,10.999,12.5561,13.05,12.9995,0,healthy,0.0,50.0,11.7289,0
SN_010168,LOT_033,12.3137,13.1034,13.759,13.9911,0,healthy,0.0,50.0,11.7289,0
SN_010169,LOT_033,10.1198,10.7832,10.9231,10.7715,0,healthy,0.0,50.0,11.7289,0
SN_010170,LOT_033,11.4023,12.3472,12.5965,12.7967,0,healthy,0.0,50.0,11.7289,0
SN_010171,LOT_033,13.0974,14.4322,14.828,15.3044,0,healthy,0.0,50.0,11.7289,0
SN_010172,LOT_033,11.1115,12.2518,12.9385,13.0367,0,healthy,0.0,50.0,11.7289,0
SN_010173,LOT_034,11.8342,12.9448,13.5513,13.6758,0,healthy,0.0,50.0,12.0451,0
SN_010174,LOT_034,10.6848,11.1815,11.0919,11.2213,0,healthy,0.0,50.0,12.0451,0
SN_010175,LOT_034,11.1591,12.3628,12.6815,12.8253,0,healthy,0.0,50.0,12.0451,0
SN_010176,LOT_034,12.9819,14.5106,14.9747,15.1735,0,healthy,0.0,50.0,12.0451,0
SN_010177,LOT_034,12.8998,14.1101,14.6375,14.9262,0,healthy,0.0,50.0,12.0451,0
SN_010178,LOT_034,15.2584,15.5797,22.6472,40.6625,1,tddb_dielectric,0.3842,50.0,12.0451,0
SN_010179,LOT_034,12.0998,12.7962,13.1887,13.1584,0,healthy,0.0,50.0,12.0451,0
SN_010180,LOT_034,10.9718,11.8885,12.2441,12.3485,0,healthy,0.0,50.0,12.0451,0
SN_010181,LOT_034,14.2548,15.3803,15.6702,16.0399,0,healthy,0.0,50.0,12.0451,0
SN_010182,LOT_034,11.7482,12.4561,12.5476,12.9149,0,healthy,0.0,50.0,12.0451,0
SN_010183,LOT_034,10.7925,11.3426,11.5963,11.951,0,healthy,0.0,50.0,12.0451,0
SN_010184,LOT_034,12.1634,13.3408,13.8436,13.8987,0,healthy,0.0,50.0,12.0451,0
SN_010185,LOT_034,11.7791,12.439,12.8141,12.9724,0,healthy,0.0,50.0,12.0451,0
SN_010186,LOT_034,12.0247,12.7572,12.8686,12.8979,0,healthy,0.0,50.0,12.0451,0
SN_010187,LOT_034,12.3149,13.4368,14.184,14.4192,0,healthy,0.0,50.0,12.0451,0
SN_010188,LOT_034,11.8754,12.862,13.1913,13.175,0,healthy,0.0,50.0,12.0451,0
SN_010189,LOT_034,11.594,12.5982,13.0434,13.3325,0,healthy,0.0,50.0,12.0451,0
SN_010190,LOT_034,13.3293,14.1052,14.5954,14.6162,0,healthy,0.0,50.0,12.0451,0
SN_010191,LOT_034,12.3948,13.3164,13.4785,13.6338,0,healthy,0.0,50.0,12.0451,0
SN_010192,LOT_034,11.401,12.4387,12.7511,12.8276,0,healthy,0.0,50.0,12.0451,0
SN_010193,LOT_034,11.9229,12.9393,12.9265,13.0526,0,healthy,0.0,50.0,12.0451,0
SN_010194,LOT_034,13.0534,13.7225,14.1525,14.2867,0,healthy,0.0,50.0,12.0451,0
SN_010195,LOT_034,12.0256,12.5306,12.6406,12.5751,0,healthy,0.0,50.0,12.0451,0
SN_010196,LOT_034,12.2633,12.8644,12.8868,13.0555,0,healthy,0.0,50.0,12.0451,0
SN_010197,LOT_034,11.6368,12.5987,12.9688,13.15,0,healthy,0.0,50.0,12.0451,0
SN_010198,LOT_034,10.7146,12.0037,12.5862,12.7644,0,healthy,0.0,50.0,12.0451,0
SN_010199,LOT_034,13.8207,14.6364,14.8571,14.9816,0,healthy,0.0,50.0,12.0451,0
SN_010200,LOT_034,13.0617,13.5343,13.787,13.7348,0,healthy,0.0,50.0,12.0451,0
SN_010201,LOT_034,13.551,14.8985,15.3957,15.6544,0,healthy,0.0,50.0,12.0451,0
SN_010202,LOT_034,11.1932,12.0395,12.3845,12.6273,0,healthy,0.0,50.0,12.0451,0
SN_010203,LOT_034,11.3431,11.9406,12.0913,12.0156,0,healthy,0.0,50.0,12.0451,0
SN_010204,LOT_034,11.6663,12.805,12.8666,13.1783,0,healthy,0.0,50.0,12.0451,0
SN_010205,LOT_034,12.2225,13.6157,14.1985,14.574,0,healthy,0.0,50.0,12.0451,0
SN_010206,LOT_034,11.1071,12.3485,12.9204,12.979,0,healthy,0.0,50.0,12.0451,0
SN_010207,LOT_034,12.047,13.3621,13.8436,14.314,0,healthy,0.0,50.0,12.0451,0
SN_010208,LOT_034,13.2131,14.5163,15.0657,15.2413,0,healthy,0.0,50.0,12.0451,0
SN_010209,LOT_034,13.4172,15.0369,15.7868,16.1598,0,healthy,0.0,50.0,12.0451,0
SN_010210,LOT_034,12.3515,13.1464,13.3517,13.5044,0,healthy,0.0,50.0,12.0451,0
SN_010211,LOT_034,12.6541,13.4871,13.6012,13.8207,0,healthy,0.0,50.0,12.0451,0
SN_010212,LOT_034,12.3308,13.724,14.2075,14.6448,0,healthy,0.0,50.0,12.0451,0
SN_010213,LOT_034,11.8258,13.0318,13.7149,13.9177,0,healthy,0.0,50.0,12.0451,0
SN_010214,LOT_034,12.5752,14.2247,14.8056,14.9133,0,healthy,0.0,50.0,12.0451,0
SN_010215,LOT_034,12.6883,13.3065,13.4036,13.6085,0,healthy,0.0,50.0,12.0451,0
SN_010216,LOT_034,12.4234,13.1217,13.3149,13.2897,0,healthy,0.0,50.0,12.0451,0
SN_010217,LOT_034,13.3865,14.3274,14.6209,14.7198,0,healthy,0.0,50.0,12.0451,0
SN_010218,LOT_034,11.6724,12.7766,13.5182,13.6793,0,healthy,0.0,50.0,12.0451,0
SN_010219,LOT_034,13.46,14.054,14.468,14.6439,0,healthy,0.0,50.0,12.0451,0
SN_010220,LOT_034,11.8536,13.5495,14.1809,14.5082,1,nbti_ageing,0.0134,50.0,12.0451,0
SN_010221,LOT_034,12.1739,13.079,13.4073,13.4656,0,healthy,0.0,50.0,12.0451,0
SN_010222,LOT_034,12.4069,13.1675,13.7485,13.8832,0,healthy,0.0,50.0,12.0451,0
SN_010223,LOT_034,13.376,14.2889,14.2235,14.2907,0,healthy,0.0,50.0,12.0451,0
SN_010224,LOT_034,12.6587,13.9852,14.7512,15.0788,0,healthy,0.0,50.0,12.0451,0
SN_010225,LOT_034,12.7351,14.4628,14.9473,15.0734,0,healthy,0.0,50.0,12.0451,0
SN_010226,LOT_034,12.0222,12.545,12.8295,12.9894,0,healthy,0.0,50.0,12.0451,0
SN_010227,LOT_034,11.9133,13.4165,13.8995,14.0604,0,healthy,0.0,50.0,12.0451,0
SN_010228,LOT_034,10.7462,12.0947,12.6244,12.7552,0,healthy,0.0,50.0,12.0451,0
SN_010229,LOT_034,11.5473,12.6199,12.7989,13.0908,0,healthy,0.0,50.0,12.0451,0
SN_010230,LOT_034,10.664,11.0414,11.4139,11.5623,0,healthy,0.0,50.0,12.0451,0
SN_010231,LOT_034,10.8975,11.4059,11.4028,11.7727,0,healthy,0.0,50.0,12.0451,0
SN_010232,LOT_034,11.6396,12.5391,13.0247,13.2456,0,healthy,0.0,50.0,12.0451,0
SN_010233,LOT_034,11.0684,11.8603,12.5103,12.7747,0,healthy,0.0,50.0,12.0451,0
SN_010234,LOT_034,12.6341,13.2641,13.8063,13.7848,0,healthy,0.0,50.0,12.0451,0
SN_010235,LOT_034,11.8176,12.6739,12.8626,13.0687,0,healthy,0.0,50.0,12.0451,0
SN_010236,LOT_034,12.008,12.8738,13.3059,13.6434,0,healthy,0.0,50.0,12.0451,0
SN_010237,LOT_034,12.014,12.365,12.699,12.6837,0,healthy,0.0,50.0,12.0451,0
SN_010238,LOT_034,10.52,11.2691,11.551,11.6386,0,healthy,0.0,50.0,12.0451,0
SN_010239,LOT_034,11.7584,12.4172,12.5876,13.0065,0,healthy,0.0,50.0,12.0451,0
SN_010240,LOT_034,13.0323,14.3407,14.731,14.8174,0,healthy,0.0,50.0,12.0451,0
SN_010241,LOT_034,10.5058,10.9066,11.0034,11.0123,0,healthy,0.0,50.0,12.0451,0
SN_010242,LOT_034,13.4861,14.8947,15.6527,15.6049,0,healthy,0.0,50.0,12.0451,0
SN_010243,LOT_034,11.8845,13.2231,13.4038,13.6021,0,healthy,0.0,50.0,12.0451,0
SN_010244,LOT_034,13.7973,14.8687,15.3066,15.6509,0,healthy,0.0,50.0,12.0451,0
SN_010245,LOT_034,12.7257,14.067,15.0137,15.0936,0,healthy,0.0,50.0,12.0451,0
SN_010246,LOT_034,11.2905,11.7483,11.9777,12.2122,0,healthy,0.0,50.0,12.0451,0
SN_010247,LOT_034,11.5126,12.6387,13.1986,13.5318,0,healthy,0.0,50.0,12.0451,0
SN_010248,LOT_034,10.3446,11.0276,11.2773,11.4471,0,healthy,0.0,50.0,12.0451,0
SN_010249,LOT_034,13.7913,15.2127,16.0021,16.571,0,healthy,0.0,50.0,12.0451,0
SN_010250,LOT_034,12.4923,13.1122,13.0917,13.2673,0,healthy,0.0,50.0,12.0451,0
SN_010251,LOT_034,11.089,11.7286,12.298,12.3167,0,healthy,0.0,50.0,12.0451,0
SN_010252,LOT_034,10.5145,11.4181,11.9016,12.0378,0,healthy,0.0,50.0,12.0451,0
SN_010253,LOT_034,12.2335,13.3923,13.9903,13.9611,0,healthy,0.0,50.0,12.0451,0
SN_010254,LOT_034,11.8298,12.6443,13.0373,12.9625,0,healthy,0.0,50.0,12.0451,0
SN_010255,LOT_034,11.8527,12.7631,13.2311,13.6441,0,healthy,0.0,50.0,12.0451,0
SN_010256,LOT_034,12.4186,13.2754,13.6987,13.8749,0,healthy,0.0,50.0,12.0451,0
SN_010257,LOT_034,12.4618,13.4327,13.6896,14.1269,0,healthy,0.0,50.0,12.0451,0
SN_010258,LOT_034,12.5218,13.2144,13.4478,13.4219,0,healthy,0.0,50.0,12.0451,0
SN_010259,LOT_034,11.4385,12.792,12.817,13.1593,0,healthy,0.0,50.0,12.0451,0
SN_010260,LOT_034,13.2496,14.0973,14.3559,14.4397,0,healthy,0.0,50.0,12.0451,0
SN_010261,LOT_034,12.9218,14.4821,14.937,14.914,0,healthy,0.0,50.0,12.0451,0
SN_010262,LOT_034,13.0064,13.4484,13.7907,14.1167,0,healthy,0.0,50.0,12.0451,0
SN_010263,LOT_034,12.5202,13.3905,13.9494,14.1012,0,healthy,0.0,50.0,12.0451,0
SN_010264,LOT_034,11.4689,12.587,12.836,12.7805,0,healthy,0.0,50.0,12.0451,0
SN_010265,LOT_034,11.4705,12.3947,12.7017,13.2839,0,healthy,0.0,50.0,12.0451,0
SN_010266,LOT_034,14.4071,14.9689,15.3561,14.9323,0,healthy,0.0,50.0,12.0451,0
SN_010267,LOT_034,11.8055,12.8301,13.1745,13.1585,0,healthy,0.0,50.0,12.0451,0
SN_010268,LOT_034,12.6013,13.6634,13.7504,13.9045,0,healthy,0.0,50.0,12.0451,0
SN_010269,LOT_034,11.6837,12.4495,12.4351,12.3114,0,healthy,0.0,50.0,12.0451,0
SN_010270,LOT_034,13.7329,14.8011,15.4505,15.6624,0,healthy,0.0,50.0,12.0451,0
SN_010271,LOT_034,11.2732,11.9962,12.2681,12.5758,0,healthy,0.0,50.0,12.0451,0
SN_010272,LOT_034,11.3007,11.5613,17.7533,37.4653,1,tddb_dielectric,0.6047,50.0,12.0451,0
SN_010273,LOT_034,10.7391,11.189,11.362,11.4411,0,healthy,0.0,50.0,12.0451,0
SN_010274,LOT_034,12.1465,12.9298,13.2643,13.673,0,healthy,0.0,50.0,12.0451,0
SN_010275,LOT_034,11.8557,12.9648,13.6689,14.0213,0,healthy,0.0,50.0,12.0451,0
SN_010276,LOT_034,14.2196,15.4375,15.9069,16.2414,0,healthy,0.0,50.0,12.0451,0
SN_010277,LOT_034,10.3635,11.1053,11.5596,11.7147,0,healthy,0.0,50.0,12.0451,0
SN_010278,LOT_034,13.4714,14.3797,14.9304,15.0994,0,healthy,0.0,50.0,12.0451,0
SN_010279,LOT_034,12.1016,13.1181,13.2889,13.7124,0,healthy,0.0,50.0,12.0451,0
SN_010280,LOT_034,14.5629,15.9567,16.1044,16.3885,0,healthy,0.0,50.0,12.0451,0
SN_010281,LOT_034,10.395,11.363,11.5523,11.7868,0,healthy,0.0,50.0,12.0451,0
SN_010282,LOT_034,12.1921,12.5241,12.7299,12.8055,0,healthy,0.0,50.0,12.0451,0
SN_010283,LOT_034,12.1427,12.9421,13.5237,13.5997,0,healthy,0.0,50.0,12.0451,0
SN_010284,LOT_034,10.9053,11.6095,12.1957,12.1128,0,healthy,0.0,50.0,12.0451,0
SN_010285,LOT_034,12.3314,13.7715,14.2648,14.3444,0,healthy,0.0,50.0,12.0451,0
SN_010286,LOT_034,10.1702,10.9794,11.5336,11.6132,0,healthy,0.0,50.0,12.0451,0
SN_010287,LOT_034,12.2796,13.999,14.3913,14.6738,0,healthy,0.0,50.0,12.0451,0
SN_010288,LOT_034,10.0475,10.88,11.2422,11.4136,0,healthy,0.0,50.0,12.0451,0
SN_010289,LOT_034,12.8296,14.0543,14.4684,14.6338,0,healthy,0.0,50.0,12.0451,0
SN_010290,LOT_034,11.476,12.5497,12.7869,12.7451,0,healthy,0.0,50.0,12.0451,0
SN_010291,LOT_034,11.7529,13.2478,13.8606,14.0798,0,healthy,0.0,50.0,12.0451,0
SN_010292,LOT_034,12.3616,13.69,14.0506,14.4311,0,healthy,0.0,50.0,12.0451,0
SN_010293,LOT_034,10.5622,11.8103,12.2581,12.5068,0,healthy,0.0,50.0,12.0451,0
SN_010294,LOT_034,12.0401,12.3957,12.6689,12.8447,0,healthy,0.0,50.0,12.0451,0
SN_010295,LOT_034,12.9312,14.0031,14.2265,14.558,0,healthy,0.0,50.0,12.0451,0
SN_010296,LOT_034,11.7438,12.2954,12.3072,12.3969,0,healthy,0.0,50.0,12.0451,0
SN_010297,LOT_034,12.0705,13.1626,13.7202,13.6421,0,healthy,0.0,50.0,12.0451,0
SN_010298,LOT_034,13.0761,14.6111,15.2348,15.3792,0,healthy,0.0,50.0,12.0451,0
SN_010299,LOT_034,10.8707,12.1357,12.3441,12.6529,0,healthy,0.0,50.0,12.0451,0
SN_010300,LOT_034,11.7473,12.8381,13.0339,12.9918,0,healthy,0.0,50.0,12.0451,0
SN_010301,LOT_034,12.2719,13.1994,13.4536,13.6474,0,healthy,0.0,50.0,12.0451,0
SN_010302,LOT_034,13.807,14.3801,14.4268,14.5723,0,healthy,0.0,50.0,12.0451,0
SN_010303,LOT_034,11.6535,13.0737,13.6071,13.4979,0,healthy,0.0,50.0,12.0451,0
SN_010304,LOT_034,13.6592,14.2229,14.2273,14.4898,0,healthy,0.0,50.0,12.0451,0
SN_010305,LOT_034,12.4163,13.6328,14.2564,14.5125,0,healthy,0.0,50.0,12.0451,0
SN_010306,LOT_034,10.3661,10.9983,11.1027,11.3573,0,healthy,0.0,50.0,12.0451,0
SN_010307,LOT_034,11.842,12.7025,13.1782,13.1009,0,healthy,0.0,50.0,12.0451,0
SN_010308,LOT_034,12.9905,13.9919,14.4311,14.5017,0,healthy,0.0,50.0,12.0451,0
SN_010309,LOT_034,12.6898,14.2549,14.9294,15.0616,0,healthy,0.0,50.0,12.0451,0
SN_010310,LOT_034,12.6915,15.7455,17.1231,17.8868,1,nbti_ageing,0.1394,50.0,12.0451,0
SN_010311,LOT_034,13.2801,15.0734,15.5726,15.7481,0,healthy,0.0,50.0,12.0451,0
SN_010312,LOT_034,11.781,12.4044,12.5372,12.8638,0,healthy,0.0,50.0,12.0451,0
SN_010313,LOT_034,11.8254,12.9646,13.5822,13.8427,0,healthy,0.0,50.0,12.0451,0
SN_010314,LOT_034,12.3665,13.3095,13.79,13.9903,0,healthy,0.0,50.0,12.0451,0
SN_010315,LOT_034,13.4609,14.2323,14.431,14.2643,0,healthy,0.0,50.0,12.0451,0
SN_010316,LOT_034,12.9481,13.769,13.9016,13.8516,0,healthy,0.0,50.0,12.0451,0
SN_010317,LOT_034,12.8891,14.4319,15.1479,15.3574,0,healthy,0.0,50.0,12.0451,0
SN_010318,LOT_034,10.9837,11.9349,12.4581,12.7201,0,healthy,0.0,50.0,12.0451,0
SN_010319,LOT_034,12.6253,13.813,14.1686,14.1885,0,healthy,0.0,50.0,12.0451,0
SN_010320,LOT_034,12.4287,14.0346,14.2568,14.8972,0,healthy,0.0,50.0,12.0451,0
SN_010321,LOT_034,13.0292,14.2431,14.4812,14.8034,0,healthy,0.0,50.0,12.0451,0
SN_010322,LOT_034,14.7763,15.5281,15.8465,15.7474,0,healthy,0.0,50.0,12.0451,0
SN_010323,LOT_034,12.6316,13.343,13.7215,13.7836,0,healthy,0.0,50.0,12.0451,0
SN_010324,LOT_034,11.7284,12.7124,12.9511,13.0419,0,healthy,0.0,50.0,12.0451,0
SN_010325,LOT_034,10.9607,11.6178,11.9835,11.9863,0,healthy,0.0,50.0,12.0451,0
SN_010326,LOT_034,12.0255,12.8337,13.1254,13.3131,0,healthy,0.0,50.0,12.0451,0
SN_010327,LOT_034,12.1912,13.3582,14.0384,14.4323,0,healthy,0.0,50.0,12.0451,0
SN_010328,LOT_034,11.7403,12.2372,12.5326,12.6786,0,healthy,0.0,50.0,12.0451,0
SN_010329,LOT_034,11.889,12.5368,12.8351,12.7735,0,healthy,0.0,50.0,12.0451,0
SN_010330,LOT_034,9.2175,9.7894,10.0594,10.0225,0,healthy,0.0,50.0,12.0451,0
SN_010331,LOT_034,12.666,14.1762,14.8634,15.006,0,healthy,0.0,50.0,12.0451,0
SN_010332,LOT_034,10.3947,11.4473,11.7416,12.2068,0,healthy,0.0,50.0,12.0451,0
SN_010333,LOT_034,13.0584,13.8463,14.2044,14.3773,0,healthy,0.0,50.0,12.0451,0
SN_010334,LOT_034,11.9792,13.4435,13.7883,14.3066,0,healthy,0.0,50.0,12.0451,0
SN_010335,LOT_034,13.358,14.8967,15.2555,15.4363,0,healthy,0.0,50.0,12.0451,0
SN_010336,LOT_034,38.5033,40.0303,43.0963,46.7487,1,subtle_in_spec,0.2786,50.0,12.0451,0
SN_010337,LOT_034,11.2987,12.1757,12.3862,12.5972,0,healthy,0.0,50.0,12.0451,0
SN_010338,LOT_034,14.5126,15.9001,16.6332,16.9411,0,healthy,0.0,50.0,12.0451,0
SN_010339,LOT_034,14.0384,15.0494,15.5494,15.4606,0,healthy,0.0,50.0,12.0451,0
SN_010340,LOT_034,11.0164,12.2986,13.0262,13.1994,0,healthy,0.0,50.0,12.0451,0
SN_010341,LOT_034,12.4454,13.3449,13.5733,13.641,0,healthy,0.0,50.0,12.0451,0
SN_010342,LOT_034,11.9289,12.7509,13.0756,13.2238,0,healthy,0.0,50.0,12.0451,0
SN_010343,LOT_034,12.2306,13.1937,13.4488,13.4032,0,healthy,0.0,50.0,12.0451,0
SN_010344,LOT_034,11.9263,12.9679,12.9964,13.4022,0,healthy,0.0,50.0,12.0451,0
SN_010345,LOT_034,13.1448,14.153,14.9829,15.0506,0,healthy,0.0,50.0,12.0451,0
SN_010346,LOT_034,11.3955,12.6964,13.0308,13.0992,0,healthy,0.0,50.0,12.0451,0
SN_010347,LOT_034,13.832,14.8506,15.0834,15.3962,0,healthy,0.0,50.0,12.0451,0
SN_010348,LOT_034,11.2313,11.7141,11.8847,11.9794,0,healthy,0.0,50.0,12.0451,0
SN_010349,LOT_034,11.3539,11.8092,12.2599,12.4636,0,healthy,0.0,50.0,12.0451,0
SN_010350,LOT_034,12.953,13.4491,13.5414,13.8163,0,healthy,0.0,50.0,12.0451,0
SN_010351,LOT_034,12.947,14.6427,15.3577,15.5162,0,healthy,0.0,50.0,12.0451,0
SN_010352,LOT_034,12.8436,14.0372,14.6547,14.9627,0,healthy,0.0,50.0,12.0451,0
SN_010353,LOT_034,13.044,13.8329,14.0298,14.3488,0,healthy,0.0,50.0,12.0451,0
SN_010354,LOT_034,11.2299,12.0307,12.2568,12.3543,0,healthy,0.0,50.0,12.0451,0
SN_010355,LOT_034,12.0845,12.9049,13.3545,13.4772,0,healthy,0.0,50.0,12.0451,0
SN_010356,LOT_034,12.4118,13.1216,13.5262,13.5765,0,healthy,0.0,50.0,12.0451,0
SN_010357,LOT_034,13.8256,14.475,14.3549,14.6051,0,healthy,0.0,50.0,12.0451,0
SN_010358,LOT_034,11.9657,13.1958,13.5716,13.4867,0,healthy,0.0,50.0,12.0451,0
SN_010359,LOT_034,13.5031,14.0673,14.0436,14.6678,0,healthy,0.0,50.0,12.0451,0
SN_010360,LOT_034,12.1761,12.899,13.0365,12.946,0,healthy,0.0,50.0,12.0451,0
SN_010361,LOT_034,11.4361,12.4445,12.95,13.1717,0,healthy,0.0,50.0,12.0451,0
SN_010362,LOT_034,13.0315,14.2833,14.779,15.1105,0,healthy,0.0,50.0,12.0451,0
SN_010363,LOT_034,10.68,12.0255,12.5457,12.8555,0,healthy,0.0,50.0,12.0451,0
SN_010364,LOT_034,12.5549,13.3172,13.7213,13.7851,0,healthy,0.0,50.0,12.0451,0
SN_010365,LOT_034,12.1747,13.3081,13.6533,13.632,0,healthy,0.0,50.0,12.0451,0
SN_010366,LOT_034,12.7615,13.3173,13.5044,13.6715,0,healthy,0.0,50.0,12.0451,0
SN_010367,LOT_034,10.3076,10.8116,11.4887,11.4651,0,healthy,0.0,50.0,12.0451,0
SN_010368,LOT_034,11.1053,12.5415,12.8626,13.152,0,healthy,0.0,50.0,12.0451,0
SN_010369,LOT_034,13.5031,15.0736,15.7831,16.2205,0,healthy,0.0,50.0,12.0451,0
SN_010370,LOT_034,12.8574,13.9491,14.2198,14.5257,0,healthy,0.0,50.0,12.0451,0
SN_010371,LOT_034,11.8389,12.7443,12.9079,13.3371,0,healthy,0.0,50.0,12.0451,0
SN_010372,LOT_034,11.5829,12.3761,12.8108,12.9056,0,healthy,0.0,50.0,12.0451,0
SN_010373,LOT_034,10.759,11.7683,12.1106,12.2667,0,healthy,0.0,50.0,12.0451,0
SN_010374,LOT_034,11.9732,12.4521,12.652,12.7101,0,healthy,0.0,50.0,12.0451,0
SN_010375,LOT_034,14.9123,15.5411,15.9718,16.0449,0,healthy,0.0,50.0,12.0451,0
SN_010376,LOT_034,12.279,13.886,14.4639,14.6431,0,healthy,0.0,50.0,12.0451,0
SN_010377,LOT_034,12.0872,13.2189,13.8894,14.153,0,healthy,0.0,50.0,12.0451,0
SN_010378,LOT_034,11.6836,12.3231,12.5655,12.6019,0,healthy,0.0,50.0,12.0451,0
SN_010379,LOT_034,10.5333,11.6593,12.178,12.5438,0,healthy,0.0,50.0,12.0451,0
SN_010380,LOT_034,10.374,11.0581,11.6047,11.6819,0,healthy,0.0,50.0,12.0451,0
SN_010381,LOT_034,12.1694,13.6435,14.0601,13.9765,0,healthy,0.0,50.0,12.0451,0
SN_010382,LOT_034,12.801,13.4554,13.5618,13.7233,0,healthy,0.0,50.0,12.0451,0
SN_010383,LOT_034,12.1217,13.6605,14.0517,14.5482,0,healthy,0.0,50.0,12.0451,0
SN_010384,LOT_034,11.4897,12.8483,13.1218,13.1419,0,healthy,0.0,50.0,12.0451,0
SN_010385,LOT_034,10.3624,11.4179,11.6345,11.5773,0,healthy,0.0,50.0,12.0451,0
SN_010386,LOT_034,13.198,14.3997,15.0465,15.2948,0,healthy,0.0,50.0,12.0451,0
SN_010387,LOT_034,12.4273,14.0177,14.0531,14.2492,0,healthy,0.0,50.0,12.0451,0
SN_010388,LOT_034,12.5383,13.4358,13.5012,13.7559,0,healthy,0.0,50.0,12.0451,0
SN_010389,LOT_034,13.2066,14.7949,15.3304,15.7786,0,healthy,0.0,50.0,12.0451,0
SN_010390,LOT_034,11.0777,11.3365,11.6366,11.7103,0,healthy,0.0,50.0,12.0451,0
SN_010391,LOT_034,11.6566,12.6239,13.211,13.3815,0,healthy,0.0,50.0,12.0451,0
SN_010392,LOT_034,14.4933,16.1519,16.8516,17.0475,0,healthy,0.0,50.0,12.0451,0
SN_010393,LOT_034,10.7271,12.1235,12.4926,12.7965,0,healthy,0.0,50.0,12.0451,0
SN_010394,LOT_034,11.0108,12.2211,12.8268,12.8292,0,healthy,0.0,50.0,12.0451,0
SN_010395,LOT_034,12.8901,13.4883,13.6658,14.0097,0,healthy,0.0,50.0,12.0451,0
SN_010396,LOT_034,10.9752,11.6123,11.9176,11.9088,0,healthy,0.0,50.0,12.0451,0
SN_010397,LOT_034,12.7307,13.6685,13.8371,14.1617,0,healthy,0.0,50.0,12.0451,0
SN_010398,LOT_034,10.4636,11.2397,11.2805,11.2624,0,healthy,0.0,50.0,12.0451,0
SN_010399,LOT_034,14.9585,15.426,15.6369,15.7913,0,healthy,0.0,50.0,12.0451,0
SN_010400,LOT_034,11.6973,13.0633,13.2566,13.4311,0,healthy,0.0,50.0,12.0451,0
SN_010401,LOT_034,12.1273,13.2016,13.5715,13.8164,0,healthy,0.0,50.0,12.0451,0
SN_010402,LOT_034,13.4421,14.2565,14.5635,14.6016,0,healthy,0.0,50.0,12.0451,0
SN_010403,LOT_034,11.2988,12.8214,13.1566,13.5608,0,healthy,0.0,50.0,12.0451,0
SN_010404,LOT_034,11.2822,12.9601,13.2355,13.4112,0,healthy,0.0,50.0,12.0451,0
SN_010405,LOT_034,10.8503,11.7895,12.1632,12.6871,0,healthy,0.0,50.0,12.0451,0
SN_010406,LOT_034,12.7264,14.0735,14.503,14.5518,0,healthy,0.0,50.0,12.0451,0
SN_010407,LOT_034,11.8872,13.0692,13.1521,13.7315,0,healthy,0.0,50.0,12.0451,0
SN_010408,LOT_034,12.0786,12.7195,13.0143,13.2418,0,healthy,0.0,50.0,12.0451,0
SN_010409,LOT_034,12.7786,14.0992,14.4115,14.6517,0,healthy,0.0,50.0,12.0451,0
SN_010410,LOT_034,14.637,15.6243,16.1722,16.1086,0,healthy,0.0,50.0,12.0451,0
SN_010411,LOT_034,11.3347,12.4644,12.8603,13.2673,0,healthy,0.0,50.0,12.0451,0
SN_010412,LOT_034,11.159,11.9259,12.3311,12.4953,0,healthy,0.0,50.0,12.0451,0
SN_010413,LOT_034,11.9717,13.1137,13.4199,13.6383,0,healthy,0.0,50.0,12.0451,0
SN_010414,LOT_034,11.2634,11.6441,11.8228,11.9179,0,healthy,0.0,50.0,12.0451,0
SN_010415,LOT_034,10.4078,11.5042,11.8345,11.8882,0,healthy,0.0,50.0,12.0451,0
SN_010416,LOT_034,12.2843,12.8354,13.2053,13.4339,0,healthy,0.0,50.0,12.0451,0
SN_010417,LOT_034,12.4964,12.9925,13.1665,13.1497,0,healthy,0.0,50.0,12.0451,0
SN_010418,LOT_034,11.8215,12.64,12.7155,12.8256,0,healthy,0.0,50.0,12.0451,0
SN_010419,LOT_034,13.1,13.8123,14.2562,14.319,0,healthy,0.0,50.0,12.0451,0
SN_010420,LOT_034,12.3266,13.1292,13.6331,13.8739,0,healthy,0.0,50.0,12.0451,0
SN_010421,LOT_034,13.2037,14.4091,14.6533,15.3803,0,healthy,0.0,50.0,12.0451,0
SN_010422,LOT_034,10.7463,12.0234,12.5591,12.9069,0,healthy,0.0,50.0,12.0451,0
SN_010423,LOT_034,10.7564,11.865,12.3486,12.4065,0,healthy,0.0,50.0,12.0451,0
SN_010424,LOT_034,10.8817,11.7758,12.2241,12.4984,0,healthy,0.0,50.0,12.0451,0
SN_010425,LOT_034,10.9473,11.9297,12.2833,12.4156,0,healthy,0.0,50.0,12.0451,0
SN_010426,LOT_034,11.1839,12.2182,12.9402,13.419,0,healthy,0.0,50.0,12.0451,0
SN_010427,LOT_034,12.2087,13.1384,13.5814,13.6172,0,healthy,0.0,50.0,12.0451,0
SN_010428,LOT_034,13.3786,14.2078,14.4275,14.2682,0,healthy,0.0,50.0,12.0451,0
SN_010429,LOT_034,11.9498,12.9207,13.1636,13.2481,0,healthy,0.0,50.0,12.0451,0
SN_010430,LOT_034,11.8824,12.9149,13.612,13.8847,0,healthy,0.0,50.0,12.0451,0
SN_010431,LOT_034,12.1316,12.8991,13.1062,13.3165,0,healthy,0.0,50.0,12.0451,0
SN_010432,LOT_034,13.8349,14.6526,15.0926,15.1169,0,healthy,0.0,50.0,12.0451,0
SN_010433,LOT_034,11.3913,12.1317,12.5962,12.6697,0,healthy,0.0,50.0,12.0451,0
SN_010434,LOT_034,12.1704,12.6855,12.91,13.1272,0,healthy,0.0,50.0,12.0451,0
SN_010435,LOT_034,10.9826,12.4413,12.8886,13.1316,0,healthy,0.0,50.0,12.0451,0
SN_010436,LOT_034,12.2691,13.4398,13.9257,14.1383,0,healthy,0.0,50.0,12.0451,0
SN_010437,LOT_034,12.5841,13.6461,14.0175,14.3519,0,healthy,0.0,50.0,12.0451,0
SN_010438,LOT_034,12.7165,13.1273,13.4257,13.4389,0,healthy,0.0,50.0,12.0451,0
SN_010439,LOT_034,12.166,13.0666,13.406,13.4658,0,healthy,0.0,50.0,12.0451,0
SN_010440,LOT_034,9.5769,9.99,10.3802,10.2406,0,healthy,0.0,50.0,12.0451,0
SN_010441,LOT_034,11.7947,12.6314,12.6815,12.8664,0,healthy,0.0,50.0,12.0451,0
SN_010442,LOT_034,11.176,11.9118,12.1842,12.5189,0,healthy,0.0,50.0,12.0451,0
SN_010443,LOT_034,12.9253,14.3315,14.902,15.0107,0,healthy,0.0,50.0,12.0451,0
SN_010444,LOT_034,11.6128,12.5938,13.0506,13.3865,0,healthy,0.0,50.0,12.0451,0
SN_010445,LOT_034,10.693,11.4256,11.72,11.951,0,healthy,0.0,50.0,12.0451,0
SN_010446,LOT_034,12.1915,12.8397,13.2037,13.4771,0,healthy,0.0,50.0,12.0451,0
SN_010447,LOT_034,11.7285,12.8558,13.5173,13.8679,0,healthy,0.0,50.0,12.0451,0
SN_010448,LOT_034,44.0,45.8097,52.5991,58.3632,1,subtle_in_spec,0.5831,50.0,12.0451,0
SN_010449,LOT_034,12.5345,13.1756,13.3358,13.6043,0,healthy,0.0,50.0,12.0451,0
SN_010450,LOT_034,10.399,11.7918,12.0301,12.2529,0,healthy,0.0,50.0,12.0451,0
SN_010451,LOT_034,12.0978,12.4925,12.6618,12.8326,0,healthy,0.0,50.0,12.0451,0
SN_010452,LOT_034,12.6826,14.5504,14.9522,15.1335,0,healthy,0.0,50.0,12.0451,0
SN_010453,LOT_034,12.2737,12.7917,13.1434,13.3849,0,healthy,0.0,50.0,12.0451,0
SN_010454,LOT_034,11.4901,12.7243,13.3918,13.6724,0,healthy,0.0,50.0,12.0451,0
SN_010455,LOT_034,13.439,15.0657,15.7728,15.8118,0,healthy,0.0,50.0,12.0451,0
SN_010456,LOT_034,12.3661,12.9567,13.0822,13.1749,0,healthy,0.0,50.0,12.0451,0
SN_010457,LOT_034,12.9864,13.8121,14.273,14.4123,0,healthy,0.0,50.0,12.0451,0
SN_010458,LOT_034,10.4447,11.0462,11.2878,11.4297,0,healthy,0.0,50.0,12.0451,0
SN_010459,LOT_034,10.9877,11.8539,12.0094,12.1333,0,healthy,0.0,50.0,12.0451,0
SN_010460,LOT_034,11.3576,12.3684,12.8458,13.0284,0,healthy,0.0,50.0,12.0451,0
SN_010461,LOT_034,10.0494,10.5735,10.8581,10.9559,0,healthy,0.0,50.0,12.0451,0
SN_010462,LOT_034,12.6301,13.8441,14.2326,14.3393,0,healthy,0.0,50.0,12.0451,0
SN_010463,LOT_034,10.6835,14.8726,17.2572,18.673,1,nbti_ageing,0.3738,50.0,12.0451,0
SN_010464,LOT_034,11.2804,12.6031,13.0932,13.3424,0,healthy,0.0,50.0,12.0451,0
SN_010465,LOT_034,11.447,12.6049,13.1121,13.1908,0,healthy,0.0,50.0,12.0451,0
SN_010466,LOT_034,11.2871,12.7922,13.1822,13.1535,0,healthy,0.0,50.0,12.0451,0
SN_010467,LOT_034,10.4883,11.2058,11.6833,12.0205,0,healthy,0.0,50.0,12.0451,0
SN_010468,LOT_034,10.8314,11.3478,11.4731,11.6916,0,healthy,0.0,50.0,12.0451,0
SN_010469,LOT_034,11.9745,13.0678,13.6114,13.7938,0,healthy,0.0,50.0,12.0451,0
SN_010470,LOT_034,11.8034,13.4133,13.8053,14.2229,0,healthy,0.0,50.0,12.0451,0
SN_010471,LOT_034,15.8656,17.8193,18.4685,19.3201,0,healthy,0.0,50.0,12.0451,0
SN_010472,LOT_034,10.8795,11.7497,11.7716,11.943,0,healthy,0.0,50.0,12.0451,0
SN_010473,LOT_034,14.2324,15.0155,15.1593,15.2381,0,healthy,0.0,50.0,12.0451,0
SN_010474,LOT_034,12.2402,13.5568,13.9361,14.0138,0,healthy,0.0,50.0,12.0451,0
SN_010475,LOT_034,10.736,11.5877,12.0375,12.0979,0,healthy,0.0,50.0,12.0451,0
SN_010476,LOT_034,10.2034,11.3552,11.6801,11.7936,0,healthy,0.0,50.0,12.0451,0
SN_010477,LOT_034,11.6738,12.7277,13.2945,13.4287,0,healthy,0.0,50.0,12.0451,0
SN_010478,LOT_034,11.0055,11.86,12.1997,12.3603,0,healthy,0.0,50.0,12.0451,0
SN_010479,LOT_034,11.6177,11.9463,12.4717,12.3609,0,healthy,0.0,50.0,12.0451,0
SN_010480,LOT_034,11.2404,12.2306,12.665,12.7413,0,healthy,0.0,50.0,12.0451,0
SN_010481,LOT_034,11.0716,12.352,12.7417,12.8469,0,healthy,0.0,50.0,12.0451,0
SN_010482,LOT_034,11.7685,13.3496,13.901,14.0585,0,healthy,0.0,50.0,12.0451,0
SN_010483,LOT_034,12.0532,12.4167,13.0719,13.0367,0,healthy,0.0,50.0,12.0451,0
SN_010484,LOT_034,12.536,14.0232,14.6975,14.8241,0,healthy,0.0,50.0,12.0451,0
SN_010485,LOT_034,11.4549,12.3543,12.7835,13.013,0,healthy,0.0,50.0,12.0451,0
SN_010486,LOT_034,12.8085,13.5286,13.9632,14.1375,0,healthy,0.0,50.0,12.0451,0
SN_010487,LOT_034,13.1658,13.8492,13.8846,13.9703,0,healthy,0.0,50.0,12.0451,0
SN_010488,LOT_034,10.4081,10.797,10.7479,10.7232,0,healthy,0.0,50.0,12.0451,0
SN_010489,LOT_034,11.5647,12.0379,12.6089,12.3459,0,healthy,0.0,50.0,12.0451,0
SN_010490,LOT_034,11.35,12.1402,12.4812,12.5119,0,healthy,0.0,50.0,12.0451,0
SN_010491,LOT_034,15.261,16.5897,17.4796,17.4268,0,healthy,0.0,50.0,12.0451,0
SN_010492,LOT_034,12.3348,12.8973,13.1377,13.4155,0,healthy,0.0,50.0,12.0451,0
SN_010493,LOT_034,12.5591,14.1053,14.4263,14.579,0,healthy,0.0,50.0,12.0451,0
SN_010494,LOT_034,12.3528,12.9447,13.4944,13.5014,0,healthy,0.0,50.0,12.0451,0
SN_010495,LOT_034,12.5566,13.2283,13.606,13.9318,0,healthy,0.0,50.0,12.0451,0
SN_010496,LOT_034,12.1996,13.1691,13.5647,13.748,0,healthy,0.0,50.0,12.0451,0
SN_010497,LOT_034,11.2763,11.711,11.8032,11.9548,0,healthy,0.0,50.0,12.0451,0
SN_010498,LOT_034,9.6743,10.3337,10.615,11.0353,0,healthy,0.0,50.0,12.0451,0
SN_010499,LOT_034,13.2579,13.6457,13.9059,14.1001,0,healthy,0.0,50.0,12.0451,0
SN_010500,LOT_034,10.7964,11.9056,12.3867,12.7175,0,healthy,0.0,50.0,12.0451,0
SN_010501,LOT_034,11.9911,12.5024,12.8313,12.7341,0,healthy,0.0,50.0,12.0451,0
SN_010502,LOT_034,11.5196,12.4634,12.7675,13.0972,0,healthy,0.0,50.0,12.0451,0
SN_010503,LOT_034,12.9062,14.2308,14.5129,15.1425,0,healthy,0.0,50.0,12.0451,0
SN_010504,LOT_034,9.6217,10.4785,10.6593,10.8503,0,healthy,0.0,50.0,12.0451,0
SN_010505,LOT_034,11.279,11.8458,11.9599,12.0047,0,healthy,0.0,50.0,12.0451,0
SN_010506,LOT_034,11.873,13.2765,13.6494,13.9121,0,healthy,0.0,50.0,12.0451,0
SN_010507,LOT_034,11.0042,11.4966,12.0305,12.1247,0,healthy,0.0,50.0,12.0451,0
SN_010508,LOT_034,14.4884,16.112,16.4558,16.6433,0,healthy,0.0,50.0,12.0451,0
SN_010509,LOT_034,12.0304,13.5596,14.0611,14.167,0,healthy,0.0,50.0,12.0451,0
SN_010510,LOT_034,12.0668,13.2501,13.642,13.7698,0,healthy,0.0,50.0,12.0451,0
SN_010511,LOT_034,10.9971,11.3486,11.5998,11.7992,0,healthy,0.0,50.0,12.0451,0
SN_010512,LOT_034,10.7073,11.6285,11.9588,12.1912,0,healthy,0.0,50.0,12.0451,0
SN_010513,LOT_034,15.105,15.5468,15.6563,16.1955,0,healthy,0.0,50.0,12.0451,0
SN_010514,LOT_034,11.8791,13.0807,13.2617,13.5285,0,healthy,0.0,50.0,12.0451,0
SN_010515,LOT_034,11.7694,12.2798,12.4915,12.5166,0,healthy,0.0,50.0,12.0451,0
SN_010516,LOT_034,11.5418,12.2627,12.7669,12.9166,0,healthy,0.0,50.0,12.0451,0
SN_010517,LOT_034,10.6531,11.5989,11.9852,12.0618,0,healthy,0.0,50.0,12.0451,0
SN_010518,LOT_034,12.1737,12.83,13.0916,13.3981,0,healthy,0.0,50.0,12.0451,0
SN_010519,LOT_034,12.012,12.8079,13.1477,13.3721,0,healthy,0.0,50.0,12.0451,0
SN_010520,LOT_034,13.9385,15.5062,16.3401,16.3932,0,healthy,0.0,50.0,12.0451,0
SN_010521,LOT_034,13.2139,14.1556,14.5892,14.8347,0,healthy,0.0,50.0,12.0451,0
SN_010522,LOT_035,7.3628,8.0435,8.1623,8.293,0,healthy,0.0,50.0,7.4048,0
SN_010523,LOT_035,7.8804,8.9252,9.2548,9.3741,0,healthy,0.0,50.0,7.4048,0
SN_010524,LOT_035,6.2895,6.4864,6.6427,6.5967,0,healthy,0.0,50.0,7.4048,0
SN_010525,LOT_035,6.9764,7.8865,8.058,8.0848,0,healthy,0.0,50.0,7.4048,0
SN_010526,LOT_035,28.3888,28.9875,30.3782,31.4043,1,esd_oxide,0.6669,50.0,7.4048,0
SN_010527,LOT_035,7.9863,8.4983,8.925,8.8793,0,healthy,0.0,50.0,7.4048,0
SN_010528,LOT_035,6.4167,6.8076,6.9419,6.9068,0,healthy,0.0,50.0,7.4048,0
SN_010529,LOT_035,7.1656,7.4485,7.4094,7.6516,0,healthy,0.0,50.0,7.4048,0
SN_010530,LOT_035,7.1842,7.9445,7.9812,8.0874,0,healthy,0.0,50.0,7.4048,0
SN_010531,LOT_035,6.9272,7.6466,7.8782,7.9287,0,healthy,0.0,50.0,7.4048,0
SN_010532,LOT_035,7.253,8.0038,8.3921,8.4792,0,healthy,0.0,50.0,7.4048,0
SN_010533,LOT_035,7.2283,8.1388,8.2919,8.4697,0,healthy,0.0,50.0,7.4048,0
SN_010534,LOT_035,8.4969,8.941,9.3117,9.426,0,healthy,0.0,50.0,7.4048,0
SN_010535,LOT_035,8.9085,9.3159,9.487,9.5909,0,healthy,0.0,50.0,7.4048,0
SN_010536,LOT_035,6.9459,7.1582,7.213,7.3409,0,healthy,0.0,50.0,7.4048,0
SN_010537,LOT_035,7.275,7.6045,7.6113,7.6739,0,healthy,0.0,50.0,7.4048,0
SN_010538,LOT_035,6.9592,7.8215,8.1309,8.3582,0,healthy,0.0,50.0,7.4048,0
SN_010539,LOT_035,6.4759,7.3593,7.5433,7.6863,0,healthy,0.0,50.0,7.4048,0
SN_010540,LOT_035,8.4023,8.9617,8.9322,8.9816,0,healthy,0.0,50.0,7.4048,0
SN_010541,LOT_035,7.3955,7.8392,8.1315,8.0753,0,healthy,0.0,50.0,7.4048,0
SN_010542,LOT_035,7.2526,7.5884,7.7572,7.8861,0,healthy,0.0,50.0,7.4048,0
SN_010543,LOT_035,8.2091,8.9135,9.1735,9.4192,0,healthy,0.0,50.0,7.4048,0
SN_010544,LOT_035,7.4042,8.1944,8.5199,8.7076,0,healthy,0.0,50.0,7.4048,0
SN_010545,LOT_035,6.5267,7.1828,7.5531,7.7375,0,healthy,0.0,50.0,7.4048,0
SN_010546,LOT_035,8.4163,8.9584,9.1805,9.2645,0,healthy,0.0,50.0,7.4048,0
SN_010547,LOT_035,7.5911,8.1168,8.2992,8.4001,0,healthy,0.0,50.0,7.4048,0
SN_010548,LOT_035,7.9566,8.7786,8.9809,9.1246,0,healthy,0.0,50.0,7.4048,0
SN_010549,LOT_035,6.4902,6.7015,6.9307,6.9243,0,healthy,0.0,50.0,7.4048,0
SN_010550,LOT_035,6.8729,7.5357,7.8307,8.048,0,healthy,0.0,50.0,7.4048,0
SN_010551,LOT_035,7.2498,8.0903,8.1868,8.4594,0,healthy,0.0,50.0,7.4048,0
SN_010552,LOT_035,7.3768,8.1325,8.5329,8.7956,0,healthy,0.0,50.0,7.4048,0
SN_010553,LOT_035,7.7102,8.6456,8.9721,9.2811,0,healthy,0.0,50.0,7.4048,0
SN_010554,LOT_035,6.9106,7.7812,8.0527,8.1753,0,healthy,0.0,50.0,7.4048,0
SN_010555,LOT_035,7.3537,8.1138,8.4142,8.5397,0,healthy,0.0,50.0,7.4048,0
SN_010556,LOT_035,8.2995,9.289,9.5223,9.8712,0,healthy,0.0,50.0,7.4048,0
SN_010557,LOT_035,9.1892,9.7759,10.0554,10.1388,0,healthy,0.0,50.0,7.4048,0
SN_010558,LOT_035,6.8068,7.2906,7.5547,7.7859,0,healthy,0.0,50.0,7.4048,0
SN_010559,LOT_035,7.5053,8.001,8.1721,8.2468,0,healthy,0.0,50.0,7.4048,0
SN_010560,LOT_035,6.8756,7.5412,7.722,7.791,0,healthy,0.0,50.0,7.4048,0
SN_010561,LOT_035,7.0694,7.4001,7.6891,7.7603,0,healthy,0.0,50.0,7.4048,0
SN_010562,LOT_035,7.3625,7.5095,7.7252,7.7524,0,healthy,0.0,50.0,7.4048,0
SN_010563,LOT_035,6.8085,7.6472,7.8921,8.126,0,healthy,0.0,50.0,7.4048,0
SN_010564,LOT_035,7.3685,8.2438,8.5897,8.7673,0,healthy,0.0,50.0,7.4048,0
SN_010565,LOT_035,7.5408,8.3536,8.6265,8.7808,0,healthy,0.0,50.0,7.4048,0
SN_010566,LOT_035,7.4289,8.0689,8.2172,8.4124,0,healthy,0.0,50.0,7.4048,0
SN_010567,LOT_035,8.8262,9.1888,9.5113,9.4108,0,healthy,0.0,50.0,7.4048,0
SN_010568,LOT_035,6.8979,7.0216,7.2817,7.4133,0,healthy,0.0,50.0,7.4048,0
SN_010569,LOT_035,7.4924,8.0157,8.4469,8.4721,0,healthy,0.0,50.0,7.4048,0
SN_010570,LOT_035,7.2858,7.598,7.8154,7.8322,0,healthy,0.0,50.0,7.4048,0
SN_010571,LOT_035,7.6681,8.3307,8.5485,8.6508,0,healthy,0.0,50.0,7.4048,0
SN_010572,LOT_035,6.5513,6.8984,7.0045,7.1311,0,healthy,0.0,50.0,7.4048,0
SN_010573,LOT_035,7.0855,9.3233,10.5335,11.1779,1,nbti_ageing,0.255,50.0,7.4048,0
SN_010574,LOT_035,8.0307,8.8039,9.1595,9.1584,0,healthy,0.0,50.0,7.4048,0
SN_010575,LOT_035,7.4101,7.6528,7.7093,7.9101,0,healthy,0.0,50.0,7.4048,0
SN_010576,LOT_035,6.97,7.6301,7.8113,8.0961,0,healthy,0.0,50.0,7.4048,0
SN_010577,LOT_035,8.1801,8.5934,8.5653,8.4797,0,healthy,0.0,50.0,7.4048,0
SN_010578,LOT_035,6.8634,7.4266,7.6236,7.8073,0,healthy,0.0,50.0,7.4048,0
SN_010579,LOT_035,6.6856,7.0622,7.1758,7.2784,0,healthy,0.0,50.0,7.4048,0
SN_010580,LOT_035,7.4316,8.0152,8.2124,8.171,0,healthy,0.0,50.0,7.4048,0
SN_010581,LOT_035,6.5301,6.7936,6.9567,6.992,0,healthy,0.0,50.0,7.4048,0
SN_010582,LOT_035,7.8163,8.3821,8.7127,8.6497,0,healthy,0.0,50.0,7.4048,0
SN_010583,LOT_035,7.6326,8.4089,8.6601,8.7218,0,healthy,0.0,50.0,7.4048,0
SN_010584,LOT_035,8.3722,9.2352,9.5154,9.624,0,healthy,0.0,50.0,7.4048,0
SN_010585,LOT_035,7.2743,7.8531,8.1083,8.1485,0,healthy,0.0,50.0,7.4048,0
SN_010586,LOT_035,7.1538,7.8049,8.0186,8.0768,0,healthy,0.0,50.0,7.4048,0
SN_010587,LOT_035,7.8882,8.4681,8.6873,8.756,0,healthy,0.0,50.0,7.4048,0
SN_010588,LOT_035,6.9898,7.1969,7.4212,7.4541,0,healthy,0.0,50.0,7.4048,0
SN_010589,LOT_035,6.9577,7.6745,7.6178,7.7149,0,healthy,0.0,50.0,7.4048,0
SN_010590,LOT_035,7.7784,8.3479,8.4995,8.5065,0,healthy,0.0,50.0,7.4048,0
SN_010591,LOT_035,6.8533,7.4286,7.5402,7.7491,0,healthy,0.0,50.0,7.4048,0
SN_010592,LOT_035,6.5146,7.2735,7.465,7.6058,0,healthy,0.0,50.0,7.4048,0
SN_010593,LOT_035,7.9847,8.7154,9.0195,9.0988,0,healthy,0.0,50.0,7.4048,0
SN_010594,LOT_035,7.8187,8.4813,8.6597,8.7307,0,healthy,0.0,50.0,7.4048,0
SN_010595,LOT_035,6.8654,7.8185,7.9751,8.032,0,healthy,0.0,50.0,7.4048,0
SN_010596,LOT_035,7.6046,7.9455,8.0865,8.0843,0,healthy,0.0,50.0,7.4048,0
SN_010597,LOT_035,6.3429,6.9896,7.1689,7.3878,0,healthy,0.0,50.0,7.4048,0
SN_010598,LOT_035,7.8551,8.5322,8.7056,8.8773,0,healthy,0.0,50.0,7.4048,0
SN_010599,LOT_035,8.124,8.7533,9.033,9.2278,0,healthy,0.0,50.0,7.4048,0
SN_010600,LOT_035,7.3244,7.5464,7.5713,7.7033,0,healthy,0.0,50.0,7.4048,0
SN_010601,LOT_035,6.4168,7.2566,7.4756,7.6648,0,healthy,0.0,50.0,7.4048,0
SN_010602,LOT_035,8.1724,10.9692,19.6376,28.1977,1,electromigration,0.6608,50.0,7.4048,0
SN_010603,LOT_035,8.2505,8.6617,8.646,8.8758,0,healthy,0.0,50.0,7.4048,0
SN_010604,LOT_035,8.529,9.2633,9.4294,9.6071,0,healthy,0.0,50.0,7.4048,0
SN_010605,LOT_035,6.35,7.0344,7.2338,7.5119,0,healthy,0.0,50.0,7.4048,0
SN_010606,LOT_035,5.9065,6.4025,6.6949,6.7764,0,healthy,0.0,50.0,7.4048,0
SN_010607,LOT_035,6.496,7.0671,7.3829,7.3801,0,healthy,0.0,50.0,7.4048,0
SN_010608,LOT_035,7.117,8.013,8.1988,8.43,0,healthy,0.0,50.0,7.4048,0
SN_010609,LOT_035,7.3323,8.1929,8.4289,8.6731,0,healthy,0.0,50.0,7.4048,0
SN_010610,LOT_035,7.1117,7.7667,7.9967,8.0654,0,healthy,0.0,50.0,7.4048,0
SN_010611,LOT_035,6.6601,7.5746,7.8176,7.9781,0,healthy,0.0,50.0,7.4048,0
SN_010612,LOT_035,7.4566,7.9398,8.2531,8.2788,0,healthy,0.0,50.0,7.4048,0
SN_010613,LOT_035,6.4188,7.2265,7.2884,7.4732,0,healthy,0.0,50.0,7.4048,0
SN_010614,LOT_035,8.1238,8.5292,8.5881,8.841,0,healthy,0.0,50.0,7.4048,0
SN_010615,LOT_035,6.9181,7.597,8.0161,8.1487,0,healthy,0.0,50.0,7.4048,0
SN_010616,LOT_035,7.3594,8.089,8.6253,8.7977,0,healthy,0.0,50.0,7.4048,0
SN_010617,LOT_035,8.1401,9.0532,9.3476,9.4052,0,healthy,0.0,50.0,7.4048,0
SN_010618,LOT_035,7.0302,7.4801,7.7273,7.8709,0,healthy,0.0,50.0,7.4048,0
SN_010619,LOT_035,8.2144,8.93,9.4026,9.6117,0,healthy,0.0,50.0,7.4048,0
SN_010620,LOT_035,7.1364,7.5578,7.7529,7.773,0,healthy,0.0,50.0,7.4048,0
SN_010621,LOT_035,6.5833,7.2088,7.6124,7.5187,0,healthy,0.0,50.0,7.4048,0
SN_010622,LOT_035,8.4015,9.4009,9.7982,9.8109,0,healthy,0.0,50.0,7.4048,0
SN_010623,LOT_035,7.639,8.289,8.5651,8.7076,0,healthy,0.0,50.0,7.4048,0
SN_010624,LOT_035,8.4297,9.0626,9.2226,9.262,0,healthy,0.0,50.0,7.4048,0
SN_010625,LOT_035,7.2563,8.0882,8.4387,8.5255,0,healthy,0.0,50.0,7.4048,0
SN_010626,LOT_035,6.2033,6.6802,6.7544,6.8796,0,healthy,0.0,50.0,7.4048,0
SN_010627,LOT_035,7.0723,7.8027,8.091,8.3799,0,healthy,0.0,50.0,7.4048,0
SN_010628,LOT_035,8.2554,8.7548,8.9643,9.1214,0,healthy,0.0,50.0,7.4048,0
SN_010629,LOT_035,7.5963,8.1764,8.4097,8.4246,0,healthy,0.0,50.0,7.4048,0
SN_010630,LOT_035,7.9105,8.8913,9.2405,9.3489,0,healthy,0.0,50.0,7.4048,0
SN_010631,LOT_035,7.4577,8.3802,8.6718,8.9007,0,healthy,0.0,50.0,7.4048,0
SN_010632,LOT_035,7.3795,7.5583,7.7922,7.8893,0,healthy,0.0,50.0,7.4048,0
SN_010633,LOT_035,7.6846,8.1629,8.3427,8.3514,0,healthy,0.0,50.0,7.4048,0
SN_010634,LOT_035,7.9375,8.6856,8.9608,9.1289,0,healthy,0.0,50.0,7.4048,0
SN_010635,LOT_035,8.5837,9.3331,9.5739,9.7316,0,healthy,0.0,50.0,7.4048,0
SN_010636,LOT_035,7.0948,7.6667,7.8236,7.8869,0,healthy,0.0,50.0,7.4048,0
SN_010637,LOT_035,6.5415,7.2077,7.5762,7.6868,0,healthy,0.0,50.0,7.4048,0
SN_010638,LOT_035,7.6649,7.9092,8.0487,8.1877,0,healthy,0.0,50.0,7.4048,0
SN_010639,LOT_035,7.073,7.4999,7.5477,7.6335,0,healthy,0.0,50.0,7.4048,0
SN_010640,LOT_035,7.9333,8.9122,9.3243,9.3718,0,healthy,0.0,50.0,7.4048,0
SN_010641,LOT_035,7.0448,7.4427,7.4435,7.5297,0,healthy,0.0,50.0,7.4048,0
SN_010642,LOT_035,6.6417,7.3164,7.5407,7.6464,0,healthy,0.0,50.0,7.4048,0
SN_010643,LOT_035,6.9613,7.5565,7.8627,8.1315,0,healthy,0.0,50.0,7.4048,0
SN_010644,LOT_035,7.4771,7.9841,8.1959,8.1613,0,healthy,0.0,50.0,7.4048,0
SN_010645,LOT_035,7.6524,7.9959,8.151,8.2895,0,healthy,0.0,50.0,7.4048,0
SN_010646,LOT_035,7.3458,8.0908,8.5859,8.7052,0,healthy,0.0,50.0,7.4048,0
SN_010647,LOT_035,6.9583,7.2798,7.3833,7.5324,0,healthy,0.0,50.0,7.4048,0
SN_010648,LOT_035,7.1076,7.9576,8.2938,8.5673,0,healthy,0.0,50.0,7.4048,0
SN_010649,LOT_035,6.718,7.2757,7.4022,7.3917,0,healthy,0.0,50.0,7.4048,0
SN_010650,LOT_035,6.0963,6.7116,6.8451,7.0662,0,healthy,0.0,50.0,7.4048,0
SN_010651,LOT_035,8.1287,9.0438,9.3111,9.5594,0,healthy,0.0,50.0,7.4048,0
SN_010652,LOT_035,7.429,7.9226,8.1892,8.2034,0,healthy,0.0,50.0,7.4048,0
SN_010653,LOT_035,6.8927,7.4615,7.8589,7.9949,0,healthy,0.0,50.0,7.4048,0
SN_010654,LOT_035,7.6772,8.5098,8.8,8.828,0,healthy,0.0,50.0,7.4048,0
SN_010655,LOT_035,7.1703,7.8989,8.1426,8.3152,0,healthy,0.0,50.0,7.4048,0
SN_010656,LOT_035,7.4312,7.7496,7.8301,7.9347,0,healthy,0.0,50.0,7.4048,0
SN_010657,LOT_035,6.9374,7.4325,7.6979,7.7773,0,healthy,0.0,50.0,7.4048,0
SN_010658,LOT_035,8.3589,9.0275,9.1984,9.3113,0,healthy,0.0,50.0,7.4048,0
SN_010659,LOT_035,6.8191,7.7802,8.0109,8.138,0,healthy,0.0,50.0,7.4048,0
SN_010660,LOT_035,8.139,9.1565,9.5455,9.7088,0,healthy,0.0,50.0,7.4048,0
SN_010661,LOT_035,7.954,8.2961,8.2913,8.3745,0,healthy,0.0,50.0,7.4048,0
SN_010662,LOT_035,7.9066,8.1478,8.2823,8.2266,0,healthy,0.0,50.0,7.4048,0
SN_010663,LOT_035,7.3031,8.0027,8.436,8.5152,0,healthy,0.0,50.0,7.4048,0
SN_010664,LOT_035,6.7385,7.4598,7.6337,7.9358,0,healthy,0.0,50.0,7.4048,0
SN_010665,LOT_035,7.6428,8.0493,8.1229,7.8996,0,healthy,0.0,50.0,7.4048,0
SN_010666,LOT_035,6.91,7.0541,7.1687,7.2406,0,healthy,0.0,50.0,7.4048,0
SN_010667,LOT_035,8.714,9.3514,9.6685,9.798,0,healthy,0.0,50.0,7.4048,0
SN_010668,LOT_035,6.7986,7.0123,7.2278,7.2792,0,healthy,0.0,50.0,7.4048,0
SN_010669,LOT_035,7.047,7.8573,8.1274,8.2583,0,healthy,0.0,50.0,7.4048,0
SN_010670,LOT_035,6.7046,7.5259,7.599,7.7354,0,healthy,0.0,50.0,7.4048,0
SN_010671,LOT_035,6.6121,6.8374,6.9493,7.0415,0,healthy,0.0,50.0,7.4048,0
SN_010672,LOT_035,8.6946,9.0909,9.1241,9.3162,0,healthy,0.0,50.0,7.4048,0
SN_010673,LOT_035,7.172,7.7442,7.7754,8.0355,0,healthy,0.0,50.0,7.4048,0
SN_010674,LOT_035,7.0788,7.871,8.074,8.2025,0,healthy,0.0,50.0,7.4048,0
SN_010675,LOT_035,7.6957,8.5799,8.7936,8.8523,0,healthy,0.0,50.0,7.4048,0
SN_010676,LOT_035,7.8212,8.4855,8.5829,8.6862,0,healthy,0.0,50.0,7.4048,0
SN_010677,LOT_035,8.7204,9.1723,9.6076,9.6629,0,healthy,0.0,50.0,7.4048,0
SN_010678,LOT_035,8.3655,9.1733,9.4625,9.791,0,healthy,0.0,50.0,7.4048,0
SN_010679,LOT_035,7.1648,7.9631,8.3661,8.3692,0,healthy,0.0,50.0,7.4048,0
SN_010680,LOT_035,7.2318,7.8753,8.1006,8.1333,0,healthy,0.0,50.0,7.4048,0
SN_010681,LOT_035,7.0018,7.2844,7.3453,7.3938,0,healthy,0.0,50.0,7.4048,0
SN_010682,LOT_035,10.019,11.1843,11.6043,11.877,0,healthy,0.0,50.0,7.4048,0
SN_010683,LOT_035,7.1527,8.0786,8.367,8.5113,0,healthy,0.0,50.0,7.4048,0
SN_010684,LOT_035,8.0637,8.9611,9.2339,9.3653,0,healthy,0.0,50.0,7.4048,0
SN_010685,LOT_035,7.7187,8.2284,8.3084,8.2568,0,healthy,0.0,50.0,7.4048,0
SN_010686,LOT_035,7.645,8.1096,8.3453,8.4083,0,healthy,0.0,50.0,7.4048,0
SN_010687,LOT_035,7.5399,8.3322,8.6778,8.8432,0,healthy,0.0,50.0,7.4048,0
SN_010688,LOT_035,7.6683,8.5497,8.9386,9.111,0,healthy,0.0,50.0,7.4048,0
SN_010689,LOT_035,8.4109,9.2213,9.4937,9.7762,0,healthy,0.0,50.0,7.4048,0
SN_010690,LOT_035,7.0886,7.791,8.0269,8.1201,0,healthy,0.0,50.0,7.4048,0
SN_010691,LOT_035,7.6426,8.378,8.8555,8.8328,0,healthy,0.0,50.0,7.4048,0
SN_010692,LOT_035,7.2496,8.165,8.4028,8.5161,0,healthy,0.0,50.0,7.4048,0
SN_010693,LOT_035,8.0065,8.6899,9.1283,9.4186,0,healthy,0.0,50.0,7.4048,0
SN_010694,LOT_035,6.5546,6.902,7.1766,7.337,0,healthy,0.0,50.0,7.4048,0
SN_010695,LOT_035,7.1508,7.8714,8.0883,8.2602,0,healthy,0.0,50.0,7.4048,0
SN_010696,LOT_035,6.352,7.0326,7.0236,7.1922,0,healthy,0.0,50.0,7.4048,0
SN_010697,LOT_035,8.0936,8.6696,8.9637,8.9855,0,healthy,0.0,50.0,7.4048,0
SN_010698,LOT_035,7.8522,8.3883,8.4482,8.7071,0,healthy,0.0,50.0,7.4048,0
SN_010699,LOT_035,7.2838,7.9398,8.0834,8.2464,0,healthy,0.0,50.0,7.4048,0
SN_010700,LOT_035,7.0434,7.8539,7.926,8.0503,0,healthy,0.0,50.0,7.4048,0
SN_010701,LOT_035,7.9064,8.2632,8.4594,8.7406,0,healthy,0.0,50.0,7.4048,0
SN_010702,LOT_035,5.7022,6.0098,6.218,6.2501,0,healthy,0.0,50.0,7.4048,0
SN_010703,LOT_035,7.7427,8.143,8.1018,8.178,0,healthy,0.0,50.0,7.4048,0
SN_010704,LOT_035,6.5211,7.2118,7.3838,7.5738,0,healthy,0.0,50.0,7.4048,0
SN_010705,LOT_035,8.382,9.3233,9.744,9.8766,0,healthy,0.0,50.0,7.4048,0
SN_010706,LOT_036,8.2707,8.9096,9.2449,9.3335,0,healthy,0.0,50.0,9.286,0
SN_010707,LOT_036,10.061,10.6325,10.7556,10.8864,0,healthy,0.0,50.0,9.286,0
SN_010708,LOT_036,9.2428,9.5675,9.7058,9.7756,0,healthy,0.0,50.0,9.286,0
SN_010709,LOT_036,9.744,10.4623,10.7646,11.0637,0,healthy,0.0,50.0,9.286,0
SN_010710,LOT_036,9.3719,10.3236,10.5894,10.7753,0,healthy,0.0,50.0,9.286,0
SN_010711,LOT_036,8.3435,8.9667,9.0988,9.1847,0,healthy,0.0,50.0,9.286,0
SN_010712,LOT_036,7.8916,8.5362,8.8597,8.8858,0,healthy,0.0,50.0,9.286,0
SN_010713,LOT_036,9.7827,10.366,10.5128,10.4944,0,healthy,0.0,50.0,9.286,0
SN_010714,LOT_036,9.2056,9.9494,10.15,10.2043,0,healthy,0.0,50.0,9.286,0
SN_010715,LOT_036,9.4375,9.9731,10.3358,10.6146,0,healthy,0.0,50.0,9.286,0
SN_010716,LOT_036,7.903,8.4911,8.7093,8.8837,0,healthy,0.0,50.0,9.286,0
SN_010717,LOT_036,8.6959,9.0635,9.1289,9.2424,0,healthy,0.0,50.0,9.286,0
SN_010718,LOT_036,8.6194,9.5804,9.88,10.113,0,healthy,0.0,50.0,9.286,0
SN_010719,LOT_036,9.4215,10.3765,10.6877,10.8867,0,healthy,0.0,50.0,9.286,0
SN_010720,LOT_036,8.8315,9.8128,10.0903,10.2605,0,healthy,0.0,50.0,9.286,0
SN_010721,LOT_036,9.4795,10.0846,10.5429,10.765,0,healthy,0.0,50.0,9.286,0
SN_010722,LOT_036,8.3706,9.3802,9.5665,9.6307,0,healthy,0.0,50.0,9.286,0
SN_010723,LOT_036,8.9939,9.762,10.0705,10.0501,0,healthy,0.0,50.0,9.286,0
SN_010724,LOT_036,9.5832,10.2092,10.2238,10.0336,0,healthy,0.0,50.0,9.286,0
SN_010725,LOT_036,9.7023,10.0877,10.4223,10.2316,0,healthy,0.0,50.0,9.286,0
SN_010726,LOT_036,9.5862,10.5681,10.74,10.8986,0,healthy,0.0,50.0,9.286,0
SN_010727,LOT_036,10.1131,11.7596,11.9676,12.0728,0,healthy,0.0,50.0,9.286,0
SN_010728,LOT_036,9.4005,10.1498,10.4166,10.7332,0,healthy,0.0,50.0,9.286,0
SN_010729,LOT_036,10.2074,11.4237,11.7874,12.0395,0,healthy,0.0,50.0,9.286,0
SN_010730,LOT_036,39.26,40.6814,47.702,53.9748,1,subtle_in_spec,0.6911,50.0,9.286,0
SN_010731,LOT_036,10.1574,11.005,11.1159,11.352,0,healthy,0.0,50.0,9.286,0
SN_010732,LOT_036,10.3233,11.1427,11.3788,11.5301,0,healthy,0.0,50.0,9.286,0
SN_010733,LOT_036,11.9417,13.1253,13.6839,13.7368,0,healthy,0.0,50.0,9.286,0
SN_010734,LOT_036,8.5927,9.4181,9.888,10.0142,0,healthy,0.0,50.0,9.286,0
SN_010735,LOT_036,8.9409,9.7429,10.0036,10.244,0,healthy,0.0,50.0,9.286,0
SN_010736,LOT_036,10.1591,10.873,11.104,11.1513,0,healthy,0.0,50.0,9.286,0
SN_010737,LOT_036,9.0197,9.5584,9.6116,9.817,0,healthy,0.0,50.0,9.286,0
SN_010738,LOT_036,9.6566,10.5017,10.796,11.1945,0,healthy,0.0,50.0,9.286,0
SN_010739,LOT_036,9.8248,10.5153,10.8524,10.7476,0,healthy,0.0,50.0,9.286,0
SN_010740,LOT_036,8.758,9.2967,9.1173,9.3356,0,healthy,0.0,50.0,9.286,0
SN_010741,LOT_036,9.4626,10.6009,10.8546,10.9024,0,healthy,0.0,50.0,9.286,0
SN_010742,LOT_036,9.9367,10.8893,11.2399,11.4301,0,healthy,0.0,50.0,9.286,0
SN_010743,LOT_036,11.4789,12.4697,12.9528,13.2365,0,healthy,0.0,50.0,9.286,0
SN_010744,LOT_036,10.4068,11.3608,11.4329,11.5443,0,healthy,0.0,50.0,9.286,0
SN_010745,LOT_036,11.5374,12.0955,12.1096,12.1686,0,healthy,0.0,50.0,9.286,0
SN_010746,LOT_036,9.683,10.2935,10.3559,10.5018,0,healthy,0.0,50.0,9.286,0
SN_010747,LOT_036,8.8575,9.2097,9.4948,9.6359,0,healthy,0.0,50.0,9.286,0
SN_010748,LOT_036,12.9577,13.1245,13.5243,13.7726,0,healthy,0.0,50.0,9.286,0
SN_010749,LOT_036,10.6522,11.7422,12.0137,12.1515,0,healthy,0.0,50.0,9.286,0
SN_010750,LOT_036,9.077,10.1328,10.5084,10.816,0,healthy,0.0,50.0,9.286,0
SN_010751,LOT_036,9.3944,10.1206,10.4934,10.6524,0,healthy,0.0,50.0,9.286,0
SN_010752,LOT_036,9.8378,10.2403,10.2725,10.4316,0,healthy,0.0,50.0,9.286,0
SN_010753,LOT_036,8.3192,8.8414,8.9418,9.1125,0,healthy,0.0,50.0,9.286,0
SN_010754,LOT_036,9.1993,9.7932,9.9941,10.2125,0,healthy,0.0,50.0,9.286,0
SN_010755,LOT_036,9.2437,10.0413,10.2593,10.5466,0,healthy,0.0,50.0,9.286,0
SN_010756,LOT_036,9.6362,10.3395,10.5192,10.7039,0,healthy,0.0,50.0,9.286,0
SN_010757,LOT_036,8.6751,9.1906,9.4346,9.5094,0,healthy,0.0,50.0,9.286,0
SN_010758,LOT_036,8.2344,8.621,8.6504,8.7192,0,healthy,0.0,50.0,9.286,0
SN_010759,LOT_036,9.6092,10.4967,10.6281,11.0902,0,healthy,0.0,50.0,9.286,0
SN_010760,LOT_036,9.216,10.2861,10.6754,10.7055,0,healthy,0.0,50.0,9.286,0
SN_010761,LOT_036,11.4118,12.657,13.3283,13.734,0,healthy,0.0,50.0,9.286,0
SN_010762,LOT_036,8.7172,9.2526,9.5563,9.6076,0,healthy,0.0,50.0,9.286,0
SN_010763,LOT_036,9.8064,10.8246,11.1809,11.1677,0,healthy,0.0,50.0,9.286,0
SN_010764,LOT_036,9.0278,9.426,9.72,9.7929,0,healthy,0.0,50.0,9.286,0
SN_010765,LOT_036,12.0187,13.4986,13.7681,13.681,0,healthy,0.0,50.0,9.286,0
SN_010766,LOT_036,9.4789,9.8968,9.9415,9.9437,0,healthy,0.0,50.0,9.286,0
SN_010767,LOT_036,9.2082,9.9765,10.216,10.2553,0,healthy,0.0,50.0,9.286,0
SN_010768,LOT_036,6.9822,7.6259,8.1306,8.3954,0,healthy,0.0,50.0,9.286,0
SN_010769,LOT_036,10.4293,10.9496,11.1076,11.2631,0,healthy,0.0,50.0,9.286,0
SN_010770,LOT_036,8.8849,9.5455,9.9369,10.0758,0,healthy,0.0,50.0,9.286,0
SN_010771,LOT_036,8.5471,9.0684,9.4152,9.4657,0,healthy,0.0,50.0,9.286,0
SN_010772,LOT_036,10.4665,10.9101,11.0694,11.0757,0,healthy,0.0,50.0,9.286,0
SN_010773,LOT_036,8.8407,9.6564,10.0683,10.3083,0,healthy,0.0,50.0,9.286,0
SN_010774,LOT_036,8.8326,9.5832,10.0767,10.1526,0,healthy,0.0,50.0,9.286,0
SN_010775,LOT_036,9.2405,10.5646,10.9659,10.9825,0,healthy,0.0,50.0,9.286,0
SN_010776,LOT_036,10.7327,12.185,12.346,12.7033,0,healthy,0.0,50.0,9.286,0
SN_010777,LOT_036,9.223,10.2731,10.8478,10.9127,0,healthy,0.0,50.0,9.286,0
SN_010778,LOT_036,11.0953,11.4723,11.6612,11.8029,0,healthy,0.0,50.0,9.286,0
SN_010779,LOT_036,10.0952,11.1626,11.5024,11.6368,0,healthy,0.0,50.0,9.286,0
SN_010780,LOT_036,10.1001,10.9248,11.3253,11.6677,0,healthy,0.0,50.0,9.286,0
SN_010781,LOT_036,7.9967,8.9944,9.3046,9.4297,0,healthy,0.0,50.0,9.286,0
SN_010782,LOT_036,12.0616,13.1808,13.4265,13.8095,0,healthy,0.0,50.0,9.286,0
SN_010783,LOT_036,9.2569,10.2579,10.4594,10.7031,0,healthy,0.0,50.0,9.286,0
SN_010784,LOT_036,9.7197,10.6684,10.9727,11.0494,0,healthy,0.0,50.0,9.286,0
SN_010785,LOT_036,8.4159,8.5963,8.9677,8.9477,0,healthy,0.0,50.0,9.286,0
SN_010786,LOT_036,8.8523,10.0882,10.2534,10.4114,0,healthy,0.0,50.0,9.286,0
SN_010787,LOT_036,9.0524,9.447,9.5299,9.7521,0,healthy,0.0,50.0,9.286,0
SN_010788,LOT_036,8.1445,9.0934,9.5122,9.6683,0,healthy,0.0,50.0,9.286,0
SN_010789,LOT_036,7.9726,8.4568,8.6831,8.7784,0,healthy,0.0,50.0,9.286,0
SN_010790,LOT_036,8.8568,9.456,9.6871,9.7413,0,healthy,0.0,50.0,9.286,0
SN_010791,LOT_036,8.2123,9.1966,9.6898,9.7686,0,healthy,0.0,50.0,9.286,0
SN_010792,LOT_036,10.0589,10.5189,10.7322,10.7397,0,healthy,0.0,50.0,9.286,0
SN_010793,LOT_036,10.2891,10.9269,11.0969,11.2914,0,healthy,0.0,50.0,9.286,0
SN_010794,LOT_036,9.938,10.4516,10.6606,10.8275,0,healthy,0.0,50.0,9.286,0
SN_010795,LOT_036,10.1739,11.2344,11.6056,11.7462,0,healthy,0.0,50.0,9.286,0
SN_010796,LOT_036,9.0679,9.6135,10.0186,10.0692,0,healthy,0.0,50.0,9.286,0
SN_010797,LOT_036,10.6512,11.3729,11.826,11.9907,0,healthy,0.0,50.0,9.286,0
SN_010798,LOT_036,8.8541,9.7085,10.0113,10.1103,0,healthy,0.0,50.0,9.286,0
SN_010799,LOT_036,8.975,9.6456,9.833,9.9356,0,healthy,0.0,50.0,9.286,0
SN_010800,LOT_036,9.3148,9.7653,9.8428,10.075,0,healthy,0.0,50.0,9.286,0
SN_010801,LOT_036,7.7572,8.2806,8.4189,8.5055,0,healthy,0.0,50.0,9.286,0
SN_010802,LOT_036,9.9595,11.2473,11.5283,11.8551,0,healthy,0.0,50.0,9.286,0
SN_010803,LOT_036,7.774,8.5082,8.9635,9.0698,0,healthy,0.0,50.0,9.286,0
SN_010804,LOT_036,8.7489,9.3203,9.5425,9.6144,0,healthy,0.0,50.0,9.286,0
SN_010805,LOT_036,8.7805,9.2741,9.4115,9.5993,0,healthy,0.0,50.0,9.286,0
SN_010806,LOT_036,8.706,9.4078,9.7867,10.0411,0,healthy,0.0,50.0,9.286,0
SN_010807,LOT_036,9.0975,9.7417,9.9557,10.1959,0,healthy,0.0,50.0,9.286,0
SN_010808,LOT_036,8.038,8.4604,8.5436,8.7257,0,healthy,0.0,50.0,9.286,0
SN_010809,LOT_036,8.0853,8.8599,9.2476,9.4436,0,healthy,0.0,50.0,9.286,0
SN_010810,LOT_036,8.7516,9.4219,9.549,9.585,0,healthy,0.0,50.0,9.286,0
SN_010811,LOT_036,7.2072,8.1662,8.4956,8.6812,0,healthy,0.0,50.0,9.286,0
SN_010812,LOT_036,8.1062,8.474,8.4973,8.5851,0,healthy,0.0,50.0,9.286,0
SN_010813,LOT_036,10.4588,11.2891,11.6765,11.8581,0,healthy,0.0,50.0,9.286,0
SN_010814,LOT_036,8.4989,8.9174,9.1363,9.332,0,healthy,0.0,50.0,9.286,0
SN_010815,LOT_036,6.88,7.9215,8.1393,8.2986,0,healthy,0.0,50.0,9.286,0
SN_010816,LOT_036,8.2139,8.8787,9.2591,9.3926,0,healthy,0.0,50.0,9.286,0
SN_010817,LOT_036,7.7168,8.2318,8.5955,8.5506,0,healthy,0.0,50.0,9.286,0
SN_010818,LOT_036,8.5197,8.8431,8.938,8.9909,0,healthy,0.0,50.0,9.286,0
SN_010819,LOT_036,7.1996,7.9349,8.1647,8.2197,0,healthy,0.0,50.0,9.286,0
SN_010820,LOT_036,9.1961,10.5232,10.8517,10.9626,0,healthy,0.0,50.0,9.286,0
SN_010821,LOT_036,7.6416,8.7153,8.9696,9.1083,0,healthy,0.0,50.0,9.286,0
SN_010822,LOT_036,10.9356,11.8674,12.369,12.5842,0,healthy,0.0,50.0,9.286,0
SN_010823,LOT_036,9.9314,10.8983,11.1519,11.4758,0,healthy,0.0,50.0,9.286,0
SN_010824,LOT_036,9.3873,10.3691,10.7267,10.8877,0,healthy,0.0,50.0,9.286,0
SN_010825,LOT_036,10.8547,12.0854,12.5345,12.7111,0,healthy,0.0,50.0,9.286,0
SN_010826,LOT_036,9.0549,9.4035,9.6554,9.7203,0,healthy,0.0,50.0,9.286,0
SN_010827,LOT_036,7.9113,8.2543,8.3382,8.4112,0,healthy,0.0,50.0,9.286,0
SN_010828,LOT_036,10.9866,11.5695,11.8908,11.943,0,healthy,0.0,50.0,9.286,0
SN_010829,LOT_036,8.5076,9.2971,9.7681,10.0322,0,healthy,0.0,50.0,9.286,0
SN_010830,LOT_036,9.6488,10.632,11.1122,11.5016,0,healthy,0.0,50.0,9.286,0
SN_010831,LOT_036,9.5869,10.1604,10.3741,10.7892,0,healthy,0.0,50.0,9.286,0
SN_010832,LOT_036,11.4579,12.2225,12.7804,12.8892,0,healthy,0.0,50.0,9.286,0
SN_010833,LOT_036,10.2416,11.447,11.6254,11.8534,0,healthy,0.0,50.0,9.286,0
SN_010834,LOT_036,8.1324,9.0784,9.3151,9.6144,0,healthy,0.0,50.0,9.286,0
SN_010835,LOT_036,8.3673,9.0111,9.2214,9.3476,0,healthy,0.0,50.0,9.286,0
SN_010836,LOT_036,8.4432,9.3259,9.5163,9.811,0,healthy,0.0,50.0,9.286,0
SN_010837,LOT_036,9.5952,10.5054,10.6498,10.6533,0,healthy,0.0,50.0,9.286,0
SN_010838,LOT_036,10.538,11.2314,11.6547,11.6631,0,healthy,0.0,50.0,9.286,0
SN_010839,LOT_036,8.7712,9.2184,9.3282,9.4484,0,healthy,0.0,50.0,9.286,0
SN_010840,LOT_036,8.1126,8.9354,9.3355,9.4334,0,healthy,0.0,50.0,9.286,0
SN_010841,LOT_036,7.9246,8.8346,9.2038,9.3718,0,healthy,0.0,50.0,9.286,0
SN_010842,LOT_036,9.8485,10.9008,11.3441,11.4335,0,healthy,0.0,50.0,9.286,0
SN_010843,LOT_036,11.109,11.911,12.3001,12.3278,0,healthy,0.0,50.0,9.286,0
SN_010844,LOT_036,9.8788,10.7981,11.1103,11.3533,0,healthy,0.0,50.0,9.286,0
SN_010845,LOT_036,8.4156,8.7103,8.8596,8.7394,0,healthy,0.0,50.0,9.286,0
SN_010846,LOT_036,6.7842,7.4491,7.5175,7.6354,0,healthy,0.0,50.0,9.286,0
SN_010847,LOT_036,10.1323,10.9524,11.1948,11.2057,0,healthy,0.0,50.0,9.286,0
SN_010848,LOT_036,11.2956,12.747,13.1198,13.1033,0,healthy,0.0,50.0,9.286,0
SN_010849,LOT_036,8.849,9.3673,9.5801,9.7482,0,healthy,0.0,50.0,9.286,0
SN_010850,LOT_036,8.2285,9.2294,9.2667,9.4415,0,healthy,0.0,50.0,9.286,0
SN_010851,LOT_036,10.931,11.9797,12.2125,12.0997,0,healthy,0.0,50.0,9.286,0
SN_010852,LOT_036,9.8453,11.0345,11.4134,11.4416,0,healthy,0.0,50.0,9.286,0
SN_010853,LOT_036,10.6044,11.6118,11.9229,12.0887,0,healthy,0.0,50.0,9.286,0
SN_010854,LOT_036,8.9677,10.0865,10.3276,10.5082,0,healthy,0.0,50.0,9.286,0
SN_010855,LOT_036,8.5619,15.2799,17.248,17.4296,1,mobile_ion,0.3403,50.0,9.286,0
SN_010856,LOT_036,9.4166,9.9478,10.2527,10.4918,0,healthy,0.0,50.0,9.286,0
SN_010857,LOT_036,10.9462,11.9355,12.3072,12.6014,0,healthy,0.0,50.0,9.286,0
SN_010858,LOT_036,8.8861,9.5297,9.8103,9.7324,0,healthy,0.0,50.0,9.286,0
SN_010859,LOT_036,8.6087,9.594,9.845,10.0721,0,healthy,0.0,50.0,9.286,0
SN_010860,LOT_036,7.5391,8.0,8.2671,8.3727,0,healthy,0.0,50.0,9.286,0
SN_010861,LOT_036,8.8918,13.1675,16.1042,17.951,1,nbti_ageing,0.5498,50.0,9.286,0
SN_010862,LOT_036,9.0281,10.3942,10.5884,10.6786,0,healthy,0.0,50.0,9.286,0
SN_010863,LOT_036,10.1592,11.22,11.4968,11.5983,0,healthy,0.0,50.0,9.286,0
SN_010864,LOT_036,10.439,11.1996,11.6359,11.7437,0,healthy,0.0,50.0,9.286,0
SN_010865,LOT_036,9.9792,10.967,11.1865,11.3045,0,healthy,0.0,50.0,9.286,0
SN_010866,LOT_036,7.79,8.249,8.4821,8.5997,0,healthy,0.0,50.0,9.286,0
SN_010867,LOT_036,10.8137,12.0921,12.4628,12.6418,0,healthy,0.0,50.0,9.286,0
SN_010868,LOT_036,8.854,9.3546,9.3395,9.5895,0,healthy,0.0,50.0,9.286,0
SN_010869,LOT_036,10.0537,11.6106,11.7903,11.9535,0,healthy,0.0,50.0,9.286,0
SN_010870,LOT_036,8.9014,9.4536,9.7054,9.9644,0,healthy,0.0,50.0,9.286,0
SN_010871,LOT_036,10.6564,11.7694,12.3415,12.4312,0,healthy,0.0,50.0,9.286,0
SN_010872,LOT_036,10.0006,10.799,10.8981,10.9947,0,healthy,0.0,50.0,9.286,0
SN_010873,LOT_036,12.3026,12.6603,13.1139,13.3556,0,healthy,0.0,50.0,9.286,0
SN_010874,LOT_036,9.2876,10.5596,10.7052,10.7786,0,healthy,0.0,50.0,9.286,0
SN_010875,LOT_036,9.0945,9.7761,9.9115,9.9836,0,healthy,0.0,50.0,9.286,0
SN_010876,LOT_036,10.6578,12.1114,12.4806,12.8524,0,healthy,0.0,50.0,9.286,0
SN_010877,LOT_036,7.2392,7.6654,7.6719,7.8141,0,healthy,0.0,50.0,9.286,0
SN_010878,LOT_036,7.7357,8.741,9.0305,9.2594,0,healthy,0.0,50.0,9.286,0
SN_010879,LOT_036,10.1946,10.8661,11.4329,11.6015,0,healthy,0.0,50.0,9.286,0
SN_010880,LOT_036,10.1215,10.5176,10.7474,10.9304,0,healthy,0.0,50.0,9.286,0
SN_010881,LOT_036,8.8816,10.0513,10.2574,10.6912,0,healthy,0.0,50.0,9.286,0
SN_010882,LOT_036,8.6743,8.9219,9.0429,8.973,0,healthy,0.0,50.0,9.286,0
SN_010883,LOT_036,8.9335,9.197,9.5236,9.6383,0,healthy,0.0,50.0,9.286,0
SN_010884,LOT_036,8.2167,8.752,8.8199,9.0211,0,healthy,0.0,50.0,9.286,0
SN_010885,LOT_036,9.4739,10.5697,10.916,11.2571,0,healthy,0.0,50.0,9.286,0
SN_010886,LOT_036,8.927,9.6343,10.0306,10.2332,0,healthy,0.0,50.0,9.286,0
SN_010887,LOT_036,9.8809,10.442,10.9095,10.9757,0,healthy,0.0,50.0,9.286,0
SN_010888,LOT_036,9.446,10.1107,10.2681,10.5054,0,healthy,0.0,50.0,9.286,0
SN_010889,LOT_036,8.8281,9.4401,9.4885,9.7678,0,healthy,0.0,50.0,9.286,0
SN_010890,LOT_036,8.4431,8.8453,8.8432,8.9527,0,healthy,0.0,50.0,9.286,0
SN_010891,LOT_036,9.1526,9.5811,9.7617,10.0487,0,healthy,0.0,50.0,9.286,0
SN_010892,LOT_036,8.3148,8.6533,8.6425,8.8817,0,healthy,0.0,50.0,9.286,0
SN_010893,LOT_036,9.5975,10.633,10.8956,11.0687,0,healthy,0.0,50.0,9.286,0
SN_010894,LOT_036,7.8992,8.6716,8.9358,9.2622,0,healthy,0.0,50.0,9.286,0
SN_010895,LOT_036,8.8277,9.4771,9.5164,9.5261,0,healthy,0.0,50.0,9.286,0
SN_010896,LOT_036,10.0153,11.2522,11.6733,11.6773,0,healthy,0.0,50.0,9.286,0
SN_010897,LOT_036,6.936,7.6767,8.0539,8.3964,0,healthy,0.0,50.0,9.286,0
SN_010898,LOT_036,8.936,9.4007,9.6566,9.7118,0,healthy,0.0,50.0,9.286,0
SN_010899,LOT_036,8.4833,8.9954,9.1634,9.2232,0,healthy,0.0,50.0,9.286,0
SN_010900,LOT_036,12.8074,13.4726,13.7003,13.9541,0,healthy,0.0,50.0,9.286,0
SN_010901,LOT_036,9.7563,11.0811,11.4702,11.6661,0,healthy,0.0,50.0,9.286,0
SN_010902,LOT_036,11.0761,11.7006,12.1417,12.1739,0,healthy,0.0,50.0,9.286,0
SN_010903,LOT_036,8.7135,9.2051,9.4514,9.6581,0,healthy,0.0,50.0,9.286,0
SN_010904,LOT_036,11.5696,12.6052,13.4068,13.5897,0,healthy,0.0,50.0,9.286,0
SN_010905,LOT_036,8.5974,9.3539,9.5281,9.691,0,healthy,0.0,50.0,9.286,0
SN_010906,LOT_036,9.1051,9.5423,9.455,9.5239,0,healthy,0.0,50.0,9.286,0
SN_010907,LOT_036,9.136,9.5361,9.9942,10.2031,0,healthy,0.0,50.0,9.286,0
SN_010908,LOT_036,10.0751,10.7343,11.0219,11.2104,0,healthy,0.0,50.0,9.286,0
SN_010909,LOT_036,10.2639,11.6498,11.8637,12.0184,0,healthy,0.0,50.0,9.286,0
SN_010910,LOT_036,8.9225,10.0065,10.4347,10.456,0,healthy,0.0,50.0,9.286,0
SN_010911,LOT_036,8.6045,9.1368,9.135,9.336,0,healthy,0.0,50.0,9.286,0
SN_010912,LOT_036,7.4567,7.7835,7.9154,8.0464,0,healthy,0.0,50.0,9.286,0
SN_010913,LOT_036,8.9464,10.022,10.2342,10.4018,0,healthy,0.0,50.0,9.286,0
SN_010914,LOT_036,9.68,10.5046,10.8764,11.077,0,healthy,0.0,50.0,9.286,0
SN_010915,LOT_036,10.5669,11.3861,12.0531,12.0582,0,healthy,0.0,50.0,9.286,0
SN_010916,LOT_036,9.537,10.5603,10.8707,11.0204,0,healthy,0.0,50.0,9.286,0
SN_010917,LOT_036,9.6899,10.4008,10.641,10.8544,0,healthy,0.0,50.0,9.286,0
SN_010918,LOT_036,10.7695,11.8308,12.1191,12.2973,0,healthy,0.0,50.0,9.286,0
SN_010919,LOT_036,9.2014,9.5671,9.8103,9.9366,0,healthy,0.0,50.0,9.286,0
SN_010920,LOT_036,9.0137,10.0431,10.4488,10.556,0,healthy,0.0,50.0,9.286,0
SN_010921,LOT_036,9.0965,9.8867,10.3109,10.2621,0,healthy,0.0,50.0,9.286,0
SN_010922,LOT_036,8.104,8.6122,8.8461,8.9426,0,healthy,0.0,50.0,9.286,0
SN_010923,LOT_036,9.4817,10.5176,10.9239,11.0838,0,healthy,0.0,50.0,9.286,0
SN_010924,LOT_036,8.3009,9.0509,9.0919,9.2678,0,healthy,0.0,50.0,9.286,0
SN_010925,LOT_036,9.4595,10.1237,10.1655,10.2872,0,healthy,0.0,50.0,9.286,0
SN_010926,LOT_036,9.7661,10.7018,10.9516,10.9626,0,healthy,0.0,50.0,9.286,0
SN_010927,LOT_036,10.0571,11.0041,11.4209,11.6559,0,healthy,0.0,50.0,9.286,0
SN_010928,LOT_036,9.9637,10.7038,11.1428,11.3175,0,healthy,0.0,50.0,9.286,0
SN_010929,LOT_036,10.2181,10.7615,11.4393,11.6232,0,healthy,0.0,50.0,9.286,0
SN_010930,LOT_036,8.9957,9.4994,9.7416,9.9865,0,healthy,0.0,50.0,9.286,0
SN_010931,LOT_036,9.1314,10.1063,10.276,10.5077,0,healthy,0.0,50.0,9.286,0
SN_010932,LOT_036,11.4993,12.6265,13.2989,13.4602,0,healthy,0.0,50.0,9.286,0
SN_010933,LOT_036,8.8284,9.694,10.0626,10.2413,0,healthy,0.0,50.0,9.286,0
SN_010934,LOT_036,8.3611,9.0887,9.1837,9.2035,0,healthy,0.0,50.0,9.286,0
SN_010935,LOT_036,10.5031,11.7367,12.3727,12.5923,0,healthy,0.0,50.0,9.286,0
SN_010936,LOT_036,10.8999,12.0098,12.3476,12.4454,0,healthy,0.0,50.0,9.286,0
SN_010937,LOT_036,9.9848,12.2818,18.9837,25.7663,1,electromigration,0.3133,50.0,9.286,0
SN_010938,LOT_036,10.471,11.266,11.8031,12.0245,0,healthy,0.0,50.0,9.286,0
SN_010939,LOT_036,8.9686,9.6094,9.8369,10.002,0,healthy,0.0,50.0,9.286,0
SN_010940,LOT_036,9.1529,9.4892,9.6135,9.7696,0,healthy,0.0,50.0,9.286,0
SN_010941,LOT_036,8.1853,9.1484,9.5162,9.6014,0,healthy,0.0,50.0,9.286,0
SN_010942,LOT_036,7.4482,8.2852,8.476,8.7015,0,healthy,0.0,50.0,9.286,0
SN_010943,LOT_036,7.7965,8.1844,8.3864,8.5981,0,healthy,0.0,50.0,9.286,0
SN_010944,LOT_036,8.5974,9.2695,9.4148,9.4538,0,healthy,0.0,50.0,9.286,0
SN_010945,LOT_036,9.9467,10.67,10.7633,10.7833,0,healthy,0.0,50.0,9.286,0
SN_010946,LOT_036,10.4898,11.2164,11.4809,11.6316,0,healthy,0.0,50.0,9.286,0
SN_010947,LOT_036,11.2618,11.7601,12.2782,12.2642,0,healthy,0.0,50.0,9.286,0
SN_010948,LOT_036,11.088,11.798,11.9753,11.9944,0,healthy,0.0,50.0,9.286,0
SN_010949,LOT_036,7.4522,8.0905,8.4922,8.5494,0,healthy,0.0,50.0,9.286,0
SN_010950,LOT_036,9.2848,9.8811,9.8518,10.2169,0,healthy,0.0,50.0,9.286,0
SN_010951,LOT_036,10.7732,11.7815,12.1639,12.4692,0,healthy,0.0,50.0,9.286,0
SN_010952,LOT_036,8.5209,9.5397,10.0169,10.2048,0,healthy,0.0,50.0,9.286,0
SN_010953,LOT_036,9.34,9.9443,10.099,10.0778,0,healthy,0.0,50.0,9.286,0
SN_010954,LOT_036,7.1416,7.3648,7.3787,7.5943,0,healthy,0.0,50.0,9.286,0
SN_010955,LOT_036,7.7878,8.1509,8.3715,8.3347,0,healthy,0.0,50.0,9.286,0
SN_010956,LOT_036,9.1605,10.2548,10.3572,10.483,0,healthy,0.0,50.0,9.286,0
SN_010957,LOT_036,10.0405,10.6656,10.8023,10.7657,0,healthy,0.0,50.0,9.286,0
SN_010958,LOT_036,8.5015,9.6911,9.9885,10.1463,0,healthy,0.0,50.0,9.286,0
SN_010959,LOT_036,9.0628,9.7316,9.8771,9.8601,0,healthy,0.0,50.0,9.286,0
SN_010960,LOT_036,10.8671,11.371,11.4523,11.5947,0,healthy,0.0,50.0,9.286,0
SN_010961,LOT_036,8.0558,8.567,8.9355,8.9273,0,healthy,0.0,50.0,9.286,0
SN_010962,LOT_036,7.9056,8.3791,8.6722,8.5576,0,healthy,0.0,50.0,9.286,0
SN_010963,LOT_036,9.7747,10.716,11.1041,11.281,0,healthy,0.0,50.0,9.286,0
SN_010964,LOT_036,8.0725,9.1662,9.4059,9.5881,0,healthy,0.0,50.0,9.286,0
SN_010965,LOT_036,9.8243,10.8126,11.0613,11.0938,0,healthy,0.0,50.0,9.286,0
SN_010966,LOT_036,8.8526,10.065,10.5171,10.4869,0,healthy,0.0,50.0,9.286,0
SN_010967,LOT_036,9.1224,9.9341,10.2714,10.5666,0,healthy,0.0,50.0,9.286,0
SN_010968,LOT_036,9.2498,9.8965,10.1839,10.2021,0,healthy,0.0,50.0,9.286,0
SN_010969,LOT_036,8.9654,10.0271,10.2925,10.3848,0,healthy,0.0,50.0,9.286,0
SN_010970,LOT_036,10.5133,11.0508,11.3251,11.4307,0,healthy,0.0,50.0,9.286,0
SN_010971,LOT_036,10.7158,11.7188,12.0923,12.2872,0,healthy,0.0,50.0,9.286,0
SN_010972,LOT_036,8.1306,8.6344,8.8933,8.8099,0,healthy,0.0,50.0,9.286,0
SN_010973,LOT_036,8.4351,9.3477,9.6765,9.9102,0,healthy,0.0,50.0,9.286,0
SN_010974,LOT_036,9.6304,10.3717,10.6589,10.8221,0,healthy,0.0,50.0,9.286,0
SN_010975,LOT_036,7.9524,8.5422,8.9079,8.9529,0,healthy,0.0,50.0,9.286,0
SN_010976,LOT_036,9.514,10.1805,10.4914,10.5856,0,healthy,0.0,50.0,9.286,0
SN_010977,LOT_036,10.9428,12.2768,12.3861,12.6345,0,healthy,0.0,50.0,9.286,0
SN_010978,LOT_036,7.3285,7.8775,7.9376,7.9902,0,healthy,0.0,50.0,9.286,0
SN_010979,LOT_036,9.6117,10.5702,10.5885,10.7717,0,healthy,0.0,50.0,9.286,0
SN_010980,LOT_036,8.7251,9.5692,10.1005,10.1702,0,healthy,0.0,50.0,9.286,0
SN_010981,LOT_036,9.7128,10.3536,10.6155,10.6372,0,healthy,0.0,50.0,9.286,0
SN_010982,LOT_036,10.4073,10.91,11.1834,11.3477,0,healthy,0.0,50.0,9.286,0
SN_010983,LOT_036,10.0537,10.5471,10.7116,10.9405,0,healthy,0.0,50.0,9.286,0
SN_010984,LOT_036,8.8997,9.158,9.4825,9.3757,0,healthy,0.0,50.0,9.286,0
SN_010985,LOT_036,9.6885,10.4583,10.565,10.8048,0,healthy,0.0,50.0,9.286,0
SN_010986,LOT_036,8.7106,9.8404,10.2369,10.385,0,healthy,0.0,50.0,9.286,0
SN_010987,LOT_036,7.8277,8.4758,8.6793,8.847,0,healthy,0.0,50.0,9.286,0
SN_010988,LOT_036,11.3589,12.233,12.7563,13.1191,0,healthy,0.0,50.0,9.286,0
SN_010989,LOT_036,9.6326,10.4743,10.5139,10.7957,0,healthy,0.0,50.0,9.286,0
SN_010990,LOT_036,8.533,8.8796,8.9663,9.0219,0,healthy,0.0,50.0,9.286,0
SN_010991,LOT_036,7.9115,8.188,8.2725,8.2889,0,healthy,0.0,50.0,9.286,0
SN_010992,LOT_036,9.4209,9.9297,10.0468,9.9258,0,healthy,0.0,50.0,9.286,0
SN_010993,LOT_036,8.5203,9.5135,9.7096,9.9476,0,healthy,0.0,50.0,9.286,0
SN_010994,LOT_036,8.9806,9.6554,9.9457,10.0629,0,healthy,0.0,50.0,9.286,0
SN_010995,LOT_036,8.1918,8.7114,8.7861,8.9426,0,healthy,0.0,50.0,9.286,0
SN_010996,LOT_036,9.7,10.6007,11.2403,11.479,0,healthy,0.0,50.0,9.286,0
SN_010997,LOT_036,10.9428,12.3857,12.9147,13.1141,0,healthy,0.0,50.0,9.286,0
SN_010998,LOT_036,9.4102,10.0864,10.5466,10.4883,0,healthy,0.0,50.0,9.286,0
SN_010999,LOT_036,10.3186,11.7455,12.1599,12.3245,0,healthy,0.0,50.0,9.286,0
SN_011000,LOT_036,9.1739,9.9187,10.1884,10.1825,0,healthy,0.0,50.0,9.286,0
SN_011001,LOT_036,10.608,11.2339,11.3927,11.6997,0,healthy,0.0,50.0,9.286,0
SN_011002,LOT_036,9.292,10.3553,10.7985,11.0405,0,healthy,0.0,50.0,9.286,0
SN_011003,LOT_036,7.8386,8.3202,8.523,8.7029,0,healthy,0.0,50.0,9.286,0
SN_011004,LOT_036,10.9299,12.098,12.2644,12.5247,0,healthy,0.0,50.0,9.286,0
SN_011005,LOT_036,10.1196,11.2879,11.5832,11.8077,0,healthy,0.0,50.0,9.286,0
SN_011006,LOT_036,8.5343,9.4279,10.0355,10.1492,0,healthy,0.0,50.0,9.286,0
SN_011007,LOT_036,7.6001,8.4669,8.7019,8.8456,0,healthy,0.0,50.0,9.286,0
SN_011008,LOT_036,8.9172,9.1923,9.2801,9.2769,0,healthy,0.0,50.0,9.286,0
SN_011009,LOT_036,10.0228,10.3878,10.6807,10.6169,0,healthy,0.0,50.0,9.286,0
SN_011010,LOT_036,10.5452,11.8411,12.1963,12.4151,0,healthy,0.0,50.0,9.286,0
SN_011011,LOT_036,9.171,9.5714,9.8072,10.0549,0,healthy,0.0,50.0,9.286,0
SN_011012,LOT_036,9.3904,9.8424,9.8876,9.9015,0,healthy,0.0,50.0,9.286,0
SN_011013,LOT_036,9.8576,15.5326,20.0208,23.1441,1,nbti_ageing,0.7524,50.0,9.286,0
SN_011014,LOT_036,8.2985,8.8681,9.0709,9.2547,0,healthy,0.0,50.0,9.286,0
SN_011015,LOT_036,11.1754,11.6558,11.8919,11.7747,0,healthy,0.0,50.0,9.286,0
SN_011016,LOT_036,10.3044,11.4403,11.7217,11.9818,0,healthy,0.0,50.0,9.286,0
SN_011017,LOT_036,8.0619,8.5252,8.5707,8.7552,0,healthy,0.0,50.0,9.286,0
SN_011018,LOT_036,10.2119,10.5216,10.7029,10.8131,0,healthy,0.0,50.0,9.286,0
SN_011019,LOT_036,9.2283,9.921,10.0431,10.1363,0,healthy,0.0,50.0,9.286,0
SN_011020,LOT_036,7.8624,8.6589,8.8762,9.088,0,healthy,0.0,50.0,9.286,0
SN_011021,LOT_036,9.194,9.8227,10.208,10.3231,0,healthy,0.0,50.0,9.286,0
SN_011022,LOT_036,9.059,9.5425,10.1064,10.2067,0,healthy,0.0,50.0,9.286,0
SN_011023,LOT_036,9.9559,10.6126,10.8828,11.0682,0,healthy,0.0,50.0,9.286,0
SN_011024,LOT_036,10.8228,12.0838,12.4151,12.7425,0,healthy,0.0,50.0,9.286,0
SN_011025,LOT_036,10.9058,11.8377,11.9531,12.0229,0,healthy,0.0,50.0,9.286,0
SN_011026,LOT_036,8.3503,8.6087,8.778,8.8118,0,healthy,0.0,50.0,9.286,0
SN_011027,LOT_036,9.7153,10.7523,11.2146,11.4507,0,healthy,0.0,50.0,9.286,0
SN_011028,LOT_036,10.816,11.2963,11.5299,11.5702,0,healthy,0.0,50.0,9.286,0
SN_011029,LOT_036,10.3773,11.0291,11.3021,11.6327,0,healthy,0.0,50.0,9.286,0
SN_011030,LOT_036,11.4928,12.5574,13.1158,13.3052,0,healthy,0.0,50.0,9.286,0
SN_011031,LOT_036,9.7021,10.6082,10.8758,10.9084,0,healthy,0.0,50.0,9.286,0
SN_011032,LOT_036,8.4946,8.8619,9.048,9.1566,0,healthy,0.0,50.0,9.286,0
SN_011033,LOT_036,10.3292,11.1538,11.5019,11.5407,0,healthy,0.0,50.0,9.286,0
SN_011034,LOT_036,7.2831,8.0184,8.2919,8.4223,0,healthy,0.0,50.0,9.286,0
SN_011035,LOT_036,10.8791,11.5207,11.8787,12.2353,0,healthy,0.0,50.0,9.286,0
SN_011036,LOT_037,19.7311,20.8624,21.4996,21.6176,0,healthy,0.0,50.0,10.0787,1
SN_011037,LOT_037,10.1099,10.5336,10.6051,10.9069,0,healthy,0.0,50.0,10.0787,1
SN_011038,LOT_037,16.6148,18.3541,18.894,19.0398,0,healthy,0.0,50.0,10.0787,1
SN_011039,LOT_037,8.6533,8.9677,9.0876,9.1529,0,healthy,0.0,50.0,10.0787,1
SN_011040,LOT_037,9.3429,9.9854,10.3169,10.5122,0,healthy,0.0,50.0,10.0787,1
SN_011041,LOT_037,7.993,8.7239,8.9235,9.0948,0,healthy,0.0,50.0,10.0787,1
SN_011042,LOT_037,8.0958,8.9635,9.4242,9.5926,0,healthy,0.0,50.0,10.0787,1
SN_011043,LOT_037,8.942,9.4196,9.5011,9.5222,0,healthy,0.0,50.0,10.0787,1
SN_011044,LOT_037,15.5124,16.3636,16.7022,16.6376,0,healthy,0.0,50.0,10.0787,1
SN_011045,LOT_037,10.616,11.9719,12.2526,12.4561,0,healthy,0.0,50.0,10.0787,1
SN_011046,LOT_037,11.1084,11.8573,12.0111,12.274,0,healthy,0.0,50.0,10.0787,1
SN_011047,LOT_037,35.8003,37.0055,41.6546,45.4323,1,subtle_in_spec,0.4208,50.0,10.0787,1
SN_011048,LOT_037,16.3639,18.4326,18.9628,19.6018,0,healthy,0.0,50.0,10.0787,1
SN_011049,LOT_037,11.32,12.3698,12.73,12.7799,0,healthy,0.0,50.0,10.0787,1
SN_011050,LOT_037,8.1868,8.9405,9.2046,9.3148,0,healthy,0.0,50.0,10.0787,1
SN_011051,LOT_037,12.2378,13.6484,14.0519,14.3552,0,healthy,0.0,50.0,10.0787,1
SN_011052,LOT_037,9.753,10.4476,10.627,10.7259,0,healthy,0.0,50.0,10.0787,1
SN_011053,LOT_037,10.2473,11.4565,11.9212,12.0227,0,healthy,0.0,50.0,10.0787,1
SN_011054,LOT_037,12.6028,14.0237,14.4981,14.5947,0,healthy,0.0,50.0,10.0787,1
SN_011055,LOT_037,8.027,8.5616,8.9365,8.8881,0,healthy,0.0,50.0,10.0787,1
SN_011056,LOT_037,11.6743,12.6321,12.7082,12.8435,0,healthy,0.0,50.0,10.0787,1
SN_011057,LOT_037,8.9112,9.4434,9.4822,9.7328,0,healthy,0.0,50.0,10.0787,1
SN_011058,LOT_037,9.1223,9.5033,9.8339,9.7694,0,healthy,0.0,50.0,10.0787,1
SN_011059,LOT_037,11.7927,13.5048,13.6882,14.0842,0,healthy,0.0,50.0,10.0787,1
SN_011060,LOT_037,9.1086,9.856,10.3202,10.6165,0,healthy,0.0,50.0,10.0787,1
SN_011061,LOT_037,10.8325,12.1988,12.8331,12.7828,0,healthy,0.0,50.0,10.0787,1
SN_011062,LOT_037,7.8324,8.6292,8.9866,9.3301,0,healthy,0.0,50.0,10.0787,1
SN_011063,LOT_037,10.5816,11.3933,11.6239,11.7568,0,healthy,0.0,50.0,10.0787,1
SN_011064,LOT_037,9.9038,10.9802,11.0938,11.5039,0,healthy,0.0,50.0,10.0787,1
SN_011065,LOT_037,8.6269,9.7316,10.0892,10.179,0,healthy,0.0,50.0,10.0787,1
SN_011066,LOT_037,11.1367,11.828,12.0185,12.1166,0,healthy,0.0,50.0,10.0787,1
SN_011067,LOT_037,10.5833,12.1204,12.5229,12.8079,0,healthy,0.0,50.0,10.0787,1
SN_011068,LOT_037,7.9033,8.7346,8.9947,9.175,0,healthy,0.0,50.0,10.0787,1
SN_011069,LOT_037,12.4244,13.2296,13.6985,13.7117,0,healthy,0.0,50.0,10.0787,1
SN_011070,LOT_037,10.6145,11.8334,12.2389,12.5062,0,healthy,0.0,50.0,10.0787,1
SN_011071,LOT_037,8.2253,8.5571,8.7007,8.7871,0,healthy,0.0,50.0,10.0787,1
SN_011072,LOT_037,6.7361,7.351,7.7632,7.8366,0,healthy,0.0,50.0,10.0787,1
SN_011073,LOT_037,9.8342,11.2794,11.4706,11.6363,0,healthy,0.0,50.0,10.0787,1
SN_011074,LOT_037,8.0409,9.0933,9.3286,9.5589,0,healthy,0.0,50.0,10.0787,1
SN_011075,LOT_037,16.4217,17.0505,17.5087,17.8184,0,healthy,0.0,50.0,10.0787,1
SN_011076,LOT_037,11.617,12.8235,13.3969,13.6087,0,healthy,0.0,50.0,10.0787,1
SN_011077,LOT_037,10.7675,11.5982,11.9756,12.3305,0,healthy,0.0,50.0,10.0787,1
SN_011078,LOT_037,5.4845,6.004,6.1658,6.2197,0,healthy,0.0,50.0,10.0787,1
SN_011079,LOT_037,11.6962,12.362,12.6065,12.6897,0,healthy,0.0,50.0,10.0787,1
SN_011080,LOT_037,11.2769,12.3025,12.7578,12.8663,0,healthy,0.0,50.0,10.0787,1
SN_011081,LOT_037,9.4672,10.1187,10.163,10.3336,0,healthy,0.0,50.0,10.0787,1
SN_011082,LOT_037,10.8482,16.7353,21.1864,23.8724,1,nbti_ageing,0.6695,50.0,10.0787,1
SN_011083,LOT_037,15.31,16.6885,17.645,17.8795,0,healthy,0.0,50.0,10.0787,1
SN_011084,LOT_037,14.6313,15.593,15.7496,16.1776,0,healthy,0.0,50.0,10.0787,1
SN_011085,LOT_037,9.7236,11.0439,11.2875,11.5162,0,healthy,0.0,50.0,10.0787,1
SN_011086,LOT_037,10.0751,11.1271,11.5989,11.8489,0,healthy,0.0,50.0,10.0787,1
SN_011087,LOT_037,9.0375,9.383,9.7689,9.6645,0,healthy,0.0,50.0,10.0787,1
SN_011088,LOT_037,7.9409,8.6783,8.9349,9.0295,0,healthy,0.0,50.0,10.0787,1
SN_011089,LOT_037,8.962,9.202,9.3157,9.5516,0,healthy,0.0,50.0,10.0787,1
SN_011090,LOT_037,7.2311,7.6657,7.9129,7.9513,0,healthy,0.0,50.0,10.0787,1
SN_011091,LOT_037,7.6895,8.2598,8.6444,8.6065,0,healthy,0.0,50.0,10.0787,1
SN_011092,LOT_037,10.2014,11.0719,11.2105,11.3021,0,healthy,0.0,50.0,10.0787,1
SN_011093,LOT_037,12.0228,12.549,13.0107,12.9901,0,healthy,0.0,50.0,10.0787,1
SN_011094,LOT_037,15.3558,16.8395,17.4505,17.5269,0,healthy,0.0,50.0,10.0787,1
SN_011095,LOT_037,10.1599,10.9402,11.175,11.3492,0,healthy,0.0,50.0,10.0787,1
SN_011096,LOT_037,12.5706,13.5271,13.7194,13.9532,0,healthy,0.0,50.0,10.0787,1
SN_011097,LOT_037,15.2985,16.0652,15.9631,16.219,0,healthy,0.0,50.0,10.0787,1
SN_011098,LOT_037,7.8904,8.8122,9.1823,9.2333,0,healthy,0.0,50.0,10.0787,1
SN_011099,LOT_037,7.2997,7.8359,7.8527,7.8342,0,healthy,0.0,50.0,10.0787,1
SN_011100,LOT_037,10.9361,12.1999,12.732,12.9671,0,healthy,0.0,50.0,10.0787,1
SN_011101,LOT_037,9.8329,11.0812,11.4876,11.6631,0,healthy,0.0,50.0,10.0787,1
SN_011102,LOT_037,12.5895,17.1343,20.0284,21.5169,1,nbti_ageing,0.3328,50.0,10.0787,1
SN_011103,LOT_037,10.2859,11.1316,11.5627,11.6982,0,healthy,0.0,50.0,10.0787,1
SN_011104,LOT_037,7.8105,8.5578,8.8045,9.1062,0,healthy,0.0,50.0,10.0787,1
SN_011105,LOT_037,14.9933,16.9128,17.5906,18.0327,0,healthy,0.0,50.0,10.0787,1
SN_011106,LOT_037,9.8713,10.1668,10.313,10.3794,0,healthy,0.0,50.0,10.0787,1
SN_011107,LOT_037,9.4606,10.1965,10.531,10.5625,0,healthy,0.0,50.0,10.0787,1
SN_011108,LOT_037,8.3981,8.6527,8.8142,8.8824,0,healthy,0.0,50.0,10.0787,1
SN_011109,LOT_037,11.2707,12.8595,13.1717,13.19,0,healthy,0.0,50.0,10.0787,1
SN_011110,LOT_037,8.0886,8.5203,8.8186,8.786,0,healthy,0.0,50.0,10.0787,1
SN_011111,LOT_037,18.7892,19.4711,19.7354,19.7893,0,healthy,0.0,50.0,10.0787,1
SN_011112,LOT_037,13.5397,13.98,14.2556,14.3282,0,healthy,0.0,50.0,10.0787,1
SN_011113,LOT_037,9.1041,9.553,9.7323,9.8949,0,healthy,0.0,50.0,10.0787,1
SN_011114,LOT_037,13.99,15.1348,15.5837,15.5241,0,healthy,0.0,50.0,10.0787,1
SN_011115,LOT_037,11.3297,12.3904,12.7037,12.6585,0,healthy,0.0,50.0,10.0787,1
SN_011116,LOT_037,8.9004,9.4883,9.9255,9.9779,0,healthy,0.0,50.0,10.0787,1
SN_011117,LOT_037,12.2039,13.2094,13.8255,13.9225,0,healthy,0.0,50.0,10.0787,1
SN_011118,LOT_037,15.8938,17.6565,17.9493,18.2775,0,healthy,0.0,50.0,10.0787,1
SN_011119,LOT_037,9.2561,10.2533,10.6738,11.0408,0,healthy,0.0,50.0,10.0787,1
SN_011120,LOT_037,7.932,8.9103,9.181,9.2765,0,healthy,0.0,50.0,10.0787,1
SN_011121,LOT_037,8.6164,9.2268,9.3593,9.1256,0,healthy,0.0,50.0,10.0787,1
SN_011122,LOT_037,13.1895,14.1822,14.311,14.4629,0,healthy,0.0,50.0,10.0787,1
SN_011123,LOT_037,11.6152,12.3585,12.2603,12.2838,0,healthy,0.0,50.0,10.0787,1
SN_011124,LOT_037,9.7222,10.0497,10.3166,10.3863,0,healthy,0.0,50.0,10.0787,1
SN_011125,LOT_037,9.1039,9.9228,10.2903,10.2657,0,healthy,0.0,50.0,10.0787,1
SN_011126,LOT_037,10.2213,10.3886,16.3675,37.237,1,tddb_dielectric,0.7195,50.0,10.0787,1
SN_011127,LOT_037,8.3594,9.2232,9.6047,9.6878,0,healthy,0.0,50.0,10.0787,1
SN_011128,LOT_037,9.5771,9.9994,10.4041,10.5759,0,healthy,0.0,50.0,10.0787,1
SN_011129,LOT_037,8.7806,9.7589,10.204,10.4986,0,healthy,0.0,50.0,10.0787,1
SN_011130,LOT_037,15.0243,16.6647,17.1403,17.4966,0,healthy,0.0,50.0,10.0787,1
SN_011131,LOT_037,16.3521,17.5993,18.0735,18.3695,0,healthy,0.0,50.0,10.0787,1
SN_011132,LOT_037,7.0115,7.9258,8.2221,8.464,0,healthy,0.0,50.0,10.0787,1
SN_011133,LOT_037,14.0049,15.313,15.931,16.1532,0,healthy,0.0,50.0,10.0787,1
SN_011134,LOT_037,9.9028,10.9876,11.5234,11.6963,0,healthy,0.0,50.0,10.0787,1
SN_011135,LOT_037,12.9456,13.334,13.6093,13.8504,0,healthy,0.0,50.0,10.0787,1
SN_011136,LOT_037,14.4287,15.6725,16.4077,16.4572,0,healthy,0.0,50.0,10.0787,1
SN_011137,LOT_037,10.0551,10.8527,11.2657,11.4673,0,healthy,0.0,50.0,10.0787,1
SN_011138,LOT_037,13.1927,13.6604,13.8067,14.0378,0,healthy,0.0,50.0,10.0787,1
SN_011139,LOT_037,7.4269,8.2661,8.3556,8.5588,0,healthy,0.0,50.0,10.0787,1
SN_011140,LOT_037,9.5623,10.6086,11.0497,11.2654,0,healthy,0.0,50.0,10.0787,1
SN_011141,LOT_037,15.1589,16.4151,17.1137,17.2565,0,healthy,0.0,50.0,10.0787,1
SN_011142,LOT_037,16.0049,17.5352,18.2573,18.563,0,healthy,0.0,50.0,10.0787,1
SN_011143,LOT_037,10.9971,12.0881,12.5062,12.4637,0,healthy,0.0,50.0,10.0787,1
SN_011144,LOT_037,10.2928,11.4678,11.9045,11.9612,0,healthy,0.0,50.0,10.0787,1
SN_011145,LOT_037,8.7722,9.3882,9.6882,9.8325,0,healthy,0.0,50.0,10.0787,1
SN_011146,LOT_037,9.2181,9.952,10.1278,10.324,0,healthy,0.0,50.0,10.0787,1
SN_011147,LOT_037,10.58,11.2931,11.4066,11.7084,0,healthy,0.0,50.0,10.0787,1
SN_011148,LOT_037,11.7591,12.375,12.7225,12.9562,0,healthy,0.0,50.0,10.0787,1
SN_011149,LOT_037,7.0892,7.6498,7.7161,7.8214,0,healthy,0.0,50.0,10.0787,1
SN_011150,LOT_037,11.8665,12.4609,12.5965,12.7703,0,healthy,0.0,50.0,10.0787,1
SN_011151,LOT_037,9.9809,10.2993,10.6204,10.7106,0,healthy,0.0,50.0,10.0787,1
SN_011152,LOT_037,9.7238,10.0308,10.1738,10.3152,0,healthy,0.0,50.0,10.0787,1
SN_011153,LOT_037,10.8973,11.5835,11.6488,11.8924,0,healthy,0.0,50.0,10.0787,1
SN_011154,LOT_037,10.816,11.3157,11.4906,11.5825,0,healthy,0.0,50.0,10.0787,1
SN_011155,LOT_037,21.0557,22.7187,23.5976,23.9007,0,healthy,0.0,50.0,10.0787,1
SN_011156,LOT_037,11.4513,11.7232,11.961,12.0485,0,healthy,0.0,50.0,10.0787,1
SN_011157,LOT_037,9.0377,9.9103,9.9479,9.9791,0,healthy,0.0,50.0,10.0787,1
SN_011158,LOT_037,10.4674,11.4544,11.991,12.2749,0,healthy,0.0,50.0,10.0787,1
SN_011159,LOT_037,12.4774,14.0126,14.6704,14.8484,0,healthy,0.0,50.0,10.0787,1
SN_011160,LOT_037,8.9932,9.7951,10.1721,10.2531,0,healthy,0.0,50.0,10.0787,1
SN_011161,LOT_037,9.1446,9.4785,9.806,9.899,0,healthy,0.0,50.0,10.0787,1
SN_011162,LOT_037,7.4047,7.8093,7.7921,7.8106,0,healthy,0.0,50.0,10.0787,1
SN_011163,LOT_037,29.1818,30.0634,31.7714,34.2094,1,subtle_in_spec,0.1582,50.0,10.0787,1
SN_011164,LOT_037,11.6861,12.8872,13.4324,13.5749,0,healthy,0.0,50.0,10.0787,1
SN_011165,LOT_037,14.1408,15.4853,16.0171,16.0475,0,healthy,0.0,50.0,10.0787,1
SN_011166,LOT_037,10.7515,11.5429,11.7841,12.0041,0,healthy,0.0,50.0,10.0787,1
SN_011167,LOT_037,10.4715,10.913,11.3275,11.284,0,healthy,0.0,50.0,10.0787,1
SN_011168,LOT_037,13.9681,15.0676,15.5106,15.6394,0,healthy,0.0,50.0,10.0787,1
SN_011169,LOT_037,11.7368,12.7273,13.1736,13.3049,0,healthy,0.0,50.0,10.0787,1
SN_011170,LOT_037,10.9065,11.4898,11.7197,11.8245,0,healthy,0.0,50.0,10.0787,1
SN_011171,LOT_037,7.3392,7.9803,8.2271,8.3789,0,healthy,0.0,50.0,10.0787,1
SN_011172,LOT_037,7.21,7.9663,8.3765,8.6111,0,healthy,0.0,50.0,10.0787,1
SN_011173,LOT_037,12.6096,13.7496,14.0565,14.6281,0,healthy,0.0,50.0,10.0787,1
SN_011174,LOT_037,8.6395,9.6758,10.0096,10.258,0,healthy,0.0,50.0,10.0787,1
SN_011175,LOT_037,13.4634,14.2037,14.4222,14.6766,0,healthy,0.0,50.0,10.0787,1
SN_011176,LOT_037,12.2467,12.9141,13.3679,13.5223,0,healthy,0.0,50.0,10.0787,1
SN_011177,LOT_037,8.9146,9.714,9.9593,10.0253,0,healthy,0.0,50.0,10.0787,1
SN_011178,LOT_037,9.7188,10.028,10.262,10.2275,0,healthy,0.0,50.0,10.0787,1
SN_011179,LOT_037,8.9694,9.9778,10.6053,10.8196,0,healthy,0.0,50.0,10.0787,1
SN_011180,LOT_037,9.0097,10.0973,10.5019,10.5729,0,healthy,0.0,50.0,10.0787,1
SN_011181,LOT_037,13.1825,13.6173,13.8866,13.9574,0,healthy,0.0,50.0,10.0787,1
SN_011182,LOT_037,10.97,11.4123,11.779,11.6829,0,healthy,0.0,50.0,10.0787,1
SN_011183,LOT_037,9.471,10.2288,10.5729,10.8503,0,healthy,0.0,50.0,10.0787,1
SN_011184,LOT_037,4.7006,5.0455,5.1628,5.2781,0,healthy,0.0,50.0,10.0787,1
SN_011185,LOT_037,8.5058,8.9902,9.1068,9.0456,0,healthy,0.0,50.0,10.0787,1
SN_011186,LOT_037,7.8278,8.6089,9.1373,9.351,0,healthy,0.0,50.0,10.0787,1
SN_011187,LOT_037,6.7208,7.2537,7.2985,7.4126,0,healthy,0.0,50.0,10.0787,1
SN_011188,LOT_037,18.8608,19.8832,20.2342,19.7396,0,healthy,0.0,50.0,10.0787,1
SN_011189,LOT_037,10.8147,11.9701,12.1562,12.5474,0,healthy,0.0,50.0,10.0787,1
SN_011190,LOT_037,16.6699,17.8137,18.3098,18.5529,0,healthy,0.0,50.0,10.0787,1
SN_011191,LOT_037,8.9355,9.9852,10.292,10.4712,0,healthy,0.0,50.0,10.0787,1
SN_011192,LOT_037,11.1307,12.4535,13.2168,13.2797,0,healthy,0.0,50.0,10.0787,1
SN_011193,LOT_037,8.8425,10.2179,10.3906,10.6586,0,healthy,0.0,50.0,10.0787,1
SN_011194,LOT_037,7.9628,8.2394,8.4081,8.5143,0,healthy,0.0,50.0,10.0787,1
SN_011195,LOT_037,11.4173,11.8429,11.9742,12.0764,0,healthy,0.0,50.0,10.0787,1
SN_011196,LOT_037,9.866,10.8233,11.0222,11.2973,0,healthy,0.0,50.0,10.0787,1
SN_011197,LOT_037,11.4687,12.4889,13.0394,13.263,0,healthy,0.0,50.0,10.0787,1
SN_011198,LOT_037,11.4873,12.8834,13.5368,13.7189,0,healthy,0.0,50.0,10.0787,1
SN_011199,LOT_037,8.9581,9.712,9.8792,10.0087,0,healthy,0.0,50.0,10.0787,1
SN_011200,LOT_037,10.0143,10.4711,10.8424,10.7868,0,healthy,0.0,50.0,10.0787,1
SN_011201,LOT_037,10.6661,11.6201,12.2942,12.6173,0,healthy,0.0,50.0,10.0787,1
SN_011202,LOT_037,6.7396,7.0235,7.2134,7.1959,0,healthy,0.0,50.0,10.0787,1
SN_011203,LOT_037,14.3451,15.4229,16.0765,16.2999,0,healthy,0.0,50.0,10.0787,1
SN_011204,LOT_037,10.4217,11.8578,12.2181,12.523,0,healthy,0.0,50.0,10.0787,1
SN_011205,LOT_037,9.3503,9.9948,10.2468,10.2749,0,healthy,0.0,50.0,10.0787,1
SN_011206,LOT_037,9.1333,9.6071,9.7813,9.9598,0,healthy,0.0,50.0,10.0787,1
SN_011207,LOT_037,7.1954,8.155,8.3457,8.4819,0,healthy,0.0,50.0,10.0787,1
SN_011208,LOT_037,8.2554,8.6339,8.7644,8.8247,0,healthy,0.0,50.0,10.0787,1
SN_011209,LOT_037,9.3282,10.5814,10.9382,11.0904,0,healthy,0.0,50.0,10.0787,1
SN_011210,LOT_037,10.7794,11.6438,12.1291,12.4075,0,healthy,0.0,50.0,10.0787,1
SN_011211,LOT_037,15.8725,18.078,18.3192,18.731,0,healthy,0.0,50.0,10.0787,1
SN_011212,LOT_037,10.9084,11.9079,12.0919,12.2864,0,healthy,0.0,50.0,10.0787,1
SN_011213,LOT_037,7.3658,7.7494,7.9909,7.9388,0,healthy,0.0,50.0,10.0787,1
SN_011214,LOT_037,9.3186,10.3055,10.5512,10.66,0,healthy,0.0,50.0,10.0787,1
SN_011215,LOT_037,9.7523,10.5999,11.0887,11.3428,0,healthy,0.0,50.0,10.0787,1
SN_011216,LOT_037,6.0083,6.2495,6.3936,6.4376,0,healthy,0.0,50.0,10.0787,1
SN_011217,LOT_037,10.8258,12.0847,12.3475,12.6607,0,healthy,0.0,50.0,10.0787,1
SN_011218,LOT_037,7.0981,7.5739,7.8519,7.8108,0,healthy,0.0,50.0,10.0787,1
SN_011219,LOT_037,14.2252,16.0036,16.6474,17.1523,0,healthy,0.0,50.0,10.0787,1
SN_011220,LOT_037,6.2202,6.839,7.0087,7.2342,0,healthy,0.0,50.0,10.0787,1
SN_011221,LOT_037,9.9935,11.0527,11.4156,11.8194,0,healthy,0.0,50.0,10.0787,1
SN_011222,LOT_037,8.9328,9.5316,9.8082,9.8814,0,healthy,0.0,50.0,10.0787,1
SN_011223,LOT_037,7.2467,8.0454,8.3504,8.6574,0,healthy,0.0,50.0,10.0787,1
SN_011224,LOT_037,11.9759,13.4433,13.8053,13.804,0,healthy,0.0,50.0,10.0787,1
SN_011225,LOT_037,7.5799,8.6119,8.9683,9.0965,0,healthy,0.0,50.0,10.0787,1
SN_011226,LOT_037,9.9914,10.5383,10.7209,10.8006,0,healthy,0.0,50.0,10.0787,1
SN_011227,LOT_037,8.4983,9.5256,9.9445,10.0911,0,healthy,0.0,50.0,10.0787,1
SN_011228,LOT_037,6.6364,7.0114,7.1499,7.2327,0,healthy,0.0,50.0,10.0787,1
SN_011229,LOT_037,13.3277,14.4455,15.1981,15.5666,0,healthy,0.0,50.0,10.0787,1
SN_011230,LOT_037,14.7491,16.1194,16.784,16.8025,0,healthy,0.0,50.0,10.0787,1
SN_011231,LOT_037,7.1829,7.7608,8.0453,8.0587,0,healthy,0.0,50.0,10.0787,1
SN_011232,LOT_037,11.3649,12.4444,12.9088,12.8729,0,healthy,0.0,50.0,10.0787,1
SN_011233,LOT_037,8.6637,9.6561,9.8368,10.0553,0,healthy,0.0,50.0,10.0787,1
SN_011234,LOT_037,9.3405,10.022,10.3481,10.4981,0,healthy,0.0,50.0,10.0787,1
SN_011235,LOT_037,7.6861,8.0858,8.3555,8.5259,0,healthy,0.0,50.0,10.0787,1
SN_011236,LOT_037,10.5708,11.3141,11.7305,12.0457,0,healthy,0.0,50.0,10.0787,1
SN_011237,LOT_037,12.1326,12.7413,12.7431,12.7919,0,healthy,0.0,50.0,10.0787,1
SN_011238,LOT_037,11.2707,12.3614,12.9814,13.065,0,healthy,0.0,50.0,10.0787,1
SN_011239,LOT_037,11.2259,12.4577,12.6506,12.8257,0,healthy,0.0,50.0,10.0787,1
SN_011240,LOT_037,14.2585,15.0873,15.3433,15.7378,0,healthy,0.0,50.0,10.0787,1
SN_011241,LOT_037,6.6973,7.1469,7.2148,7.3529,0,healthy,0.0,50.0,10.0787,1
SN_011242,LOT_037,6.4396,6.7199,6.6429,6.8154,0,healthy,0.0,50.0,10.0787,1
SN_011243,LOT_037,7.4751,7.8458,7.9998,8.1833,0,healthy,0.0,50.0,10.0787,1
SN_011244,LOT_037,12.6776,14.441,14.9227,15.3133,0,healthy,0.0,50.0,10.0787,1
SN_011245,LOT_037,9.7493,10.0618,10.3914,10.5074,0,healthy,0.0,50.0,10.0787,1
SN_011246,LOT_037,8.036,9.0094,9.3007,9.7416,0,healthy,0.0,50.0,10.0787,1
SN_011247,LOT_037,7.1147,7.9941,8.2709,8.4373,0,healthy,0.0,50.0,10.0787,1
SN_011248,LOT_037,6.7267,6.9871,7.043,7.1099,0,healthy,0.0,50.0,10.0787,1
SN_011249,LOT_037,11.3,12.142,12.4908,12.5108,0,healthy,0.0,50.0,10.0787,1
SN_011250,LOT_037,8.1759,8.6231,8.6305,8.7128,0,healthy,0.0,50.0,10.0787,1
SN_011251,LOT_037,9.9817,11.226,11.6022,11.7541,0,healthy,0.0,50.0,10.0787,1
SN_011252,LOT_037,8.7912,10.0355,10.2077,10.3421,0,healthy,0.0,50.0,10.0787,1
SN_011253,LOT_037,13.829,15.2698,15.9609,16.2974,0,healthy,0.0,50.0,10.0787,1
SN_011254,LOT_037,12.9683,14.0703,14.485,14.825,0,healthy,0.0,50.0,10.0787,1
SN_011255,LOT_037,12.6613,13.7531,14.0454,14.6303,0,healthy,0.0,50.0,10.0787,1
SN_011256,LOT_037,14.2343,15.889,16.1751,16.417,0,healthy,0.0,50.0,10.0787,1
SN_011257,LOT_037,19.4713,21.4938,21.8903,21.8576,0,healthy,0.0,50.0,10.0787,1
SN_011258,LOT_037,9.533,10.3785,11.0196,11.3898,0,healthy,0.0,50.0,10.0787,1
SN_011259,LOT_037,12.4695,13.5998,14.1717,14.1042,0,healthy,0.0,50.0,10.0787,1
SN_011260,LOT_037,9.3262,10.2224,10.1763,10.3242,0,healthy,0.0,50.0,10.0787,1
SN_011261,LOT_037,10.711,11.7762,12.099,12.4376,0,healthy,0.0,50.0,10.0787,1
SN_011262,LOT_037,7.4269,7.8706,7.9032,7.9078,0,healthy,0.0,50.0,10.0787,1
SN_011263,LOT_037,10.4709,11.2413,11.6608,11.7962,0,healthy,0.0,50.0,10.0787,1
SN_011264,LOT_037,8.2739,9.1894,9.5035,9.6312,0,healthy,0.0,50.0,10.0787,1
SN_011265,LOT_037,14.8742,15.5625,15.7498,15.7664,0,healthy,0.0,50.0,10.0787,1
SN_011266,LOT_037,6.3698,7.1018,7.27,7.3493,0,healthy,0.0,50.0,10.0787,1
SN_011267,LOT_037,10.0696,10.6269,10.8094,11.067,0,healthy,0.0,50.0,10.0787,1
SN_011268,LOT_037,12.0724,12.9259,13.4298,13.7637,0,healthy,0.0,50.0,10.0787,1
SN_011269,LOT_037,6.6307,7.4147,7.6621,7.8177,0,healthy,0.0,50.0,10.0787,1
SN_011270,LOT_037,9.6371,10.8193,11.045,11.3211,0,healthy,0.0,50.0,10.0787,1
SN_011271,LOT_037,12.0503,12.7327,13.3284,13.4484,0,healthy,0.0,50.0,10.0787,1
SN_011272,LOT_037,9.2847,10.2199,10.4078,10.477,0,healthy,0.0,50.0,10.0787,1
SN_011273,LOT_037,9.1158,10.2668,10.4952,10.6937,0,healthy,0.0,50.0,10.0787,1
SN_011274,LOT_037,11.9781,12.7461,13.2842,13.2476,0,healthy,0.0,50.0,10.0787,1
SN_011275,LOT_037,12.2478,13.5462,14.0095,14.3421,0,healthy,0.0,50.0,10.0787,1
SN_011276,LOT_037,9.0981,10.0089,10.2941,10.4313,0,healthy,0.0,50.0,10.0787,1
SN_011277,LOT_037,11.3703,12.2553,12.5576,12.6966,0,healthy,0.0,50.0,10.0787,1
SN_011278,LOT_037,11.5965,12.4197,12.7748,12.949,0,healthy,0.0,50.0,10.0787,1
SN_011279,LOT_037,12.8817,14.132,14.5475,14.7148,0,healthy,0.0,50.0,10.0787,1
SN_011280,LOT_037,14.7379,16.0753,16.4799,16.361,0,healthy,0.0,50.0,10.0787,1
SN_011281,LOT_037,8.4934,9.2426,9.6138,9.7272,0,healthy,0.0,50.0,10.0787,1
SN_011282,LOT_037,9.8973,10.768,10.9601,11.0678,0,healthy,0.0,50.0,10.0787,1
SN_011283,LOT_037,12.2023,12.8548,12.9852,13.1296,0,healthy,0.0,50.0,10.0787,1
SN_011284,LOT_037,10.427,11.585,12.3247,12.3301,0,healthy,0.0,50.0,10.0787,1
SN_011285,LOT_037,8.8525,9.4041,9.5048,9.6114,0,healthy,0.0,50.0,10.0787,1
SN_011286,LOT_037,8.2422,8.7782,8.8736,8.913,0,healthy,0.0,50.0,10.0787,1
SN_011287,LOT_037,12.6107,13.5156,13.4365,13.6543,0,healthy,0.0,50.0,10.0787,1
SN_011288,LOT_037,9.8266,10.1911,10.5444,10.5327,0,healthy,0.0,50.0,10.0787,1
SN_011289,LOT_037,15.7622,17.6985,18.2174,18.6173,0,healthy,0.0,50.0,10.0787,1
SN_011290,LOT_037,7.8979,8.0924,8.2706,8.4256,0,healthy,0.0,50.0,10.0787,1
SN_011291,LOT_037,11.7113,12.088,12.3397,12.5385,0,healthy,0.0,50.0,10.0787,1
SN_011292,LOT_037,10.8897,11.5483,11.7587,11.7375,0,healthy,0.0,50.0,10.0787,1
SN_011293,LOT_037,11.8002,12.9091,13.3207,13.597,0,healthy,0.0,50.0,10.0787,1
SN_011294,LOT_037,8.9016,9.8478,10.2425,10.4127,0,healthy,0.0,50.0,10.0787,1
SN_011295,LOT_037,8.1759,9.0839,9.238,9.4459,0,healthy,0.0,50.0,10.0787,1
SN_011296,LOT_037,10.991,11.8481,12.1375,12.396,0,healthy,0.0,50.0,10.0787,1
SN_011297,LOT_037,8.734,9.9283,10.2718,10.4896,0,healthy,0.0,50.0,10.0787,1
SN_011298,LOT_037,10.0883,10.9675,11.3409,11.3312,0,healthy,0.0,50.0,10.0787,1
SN_011299,LOT_037,10.0575,10.6012,10.7037,10.6738,0,healthy,0.0,50.0,10.0787,1
SN_011300,LOT_037,15.1348,16.2292,16.7114,17.1347,0,healthy,0.0,50.0,10.0787,1
SN_011301,LOT_037,12.7943,13.3721,13.537,13.4717,0,healthy,0.0,50.0,10.0787,1
SN_011302,LOT_037,17.5285,19.2862,19.8527,20.2703,0,healthy,0.0,50.0,10.0787,1
SN_011303,LOT_037,9.7401,10.3483,10.7405,10.9061,0,healthy,0.0,50.0,10.0787,1
SN_011304,LOT_037,12.6738,13.3285,13.2676,13.414,0,healthy,0.0,50.0,10.0787,1
SN_011305,LOT_037,12.1699,13.2591,13.4243,13.3703,0,healthy,0.0,50.0,10.0787,1
SN_011306,LOT_037,13.46,15.2219,15.5689,16.0185,0,healthy,0.0,50.0,10.0787,1
SN_011307,LOT_037,14.8613,16.6944,17.1064,17.4501,0,healthy,0.0,50.0,10.0787,1
SN_011308,LOT_037,13.7346,15.5245,16.0759,16.2771,0,healthy,0.0,50.0,10.0787,1
SN_011309,LOT_037,13.3702,15.2474,15.8332,16.0027,0,healthy,0.0,50.0,10.0787,1
SN_011310,LOT_037,11.7668,12.2304,12.4588,12.5572,0,healthy,0.0,50.0,10.0787,1
SN_011311,LOT_037,11.7962,12.6785,13.028,13.1954,0,healthy,0.0,50.0,10.0787,1
SN_011312,LOT_037,12.2045,12.8638,13.1684,13.273,0,healthy,0.0,50.0,10.0787,1
SN_011313,LOT_037,11.7563,12.7884,13.2534,13.3369,0,healthy,0.0,50.0,10.0787,1
SN_011314,LOT_037,12.4376,13.3911,13.6548,14.0853,0,healthy,0.0,50.0,10.0787,1
SN_011315,LOT_037,8.9998,9.7992,9.9989,10.1003,0,healthy,0.0,50.0,10.0787,1
SN_011316,LOT_037,9.5995,10.8875,11.0961,11.0623,0,healthy,0.0,50.0,10.0787,1
SN_011317,LOT_037,12.0918,12.6301,12.8398,13.0602,0,healthy,0.0,50.0,10.0787,1
SN_011318,LOT_037,8.7665,11.5797,19.6351,27.8749,1,electromigration,0.5524,50.0,10.0787,1
SN_011319,LOT_037,9.3537,10.5327,10.8052,10.9565,0,healthy,0.0,50.0,10.0787,1
SN_011320,LOT_037,7.6562,8.4114,8.7085,8.9146,0,healthy,0.0,50.0,10.0787,1
SN_011321,LOT_037,6.0848,6.3953,6.6392,6.6746,0,healthy,0.0,50.0,10.0787,1
SN_011322,LOT_037,7.6169,8.1781,8.2001,8.4227,0,healthy,0.0,50.0,10.0787,1
SN_011323,LOT_037,11.7235,12.6036,13.2397,13.3262,0,healthy,0.0,50.0,10.0787,1
SN_011324,LOT_037,11.9742,13.1746,13.7334,14.3063,0,healthy,0.0,50.0,10.0787,1
SN_011325,LOT_037,9.0707,9.7111,9.8579,9.7437,0,healthy,0.0,50.0,10.0787,1
SN_011326,LOT_037,9.2294,9.4751,9.7873,9.7424,0,healthy,0.0,50.0,10.0787,1
SN_011327,LOT_037,6.3976,7.158,7.383,7.5254,0,healthy,0.0,50.0,10.0787,1
SN_011328,LOT_037,14.3273,14.7105,15.1583,15.1954,0,healthy,0.0,50.0,10.0787,1
SN_011329,LOT_037,10.8396,11.9946,12.6477,12.8579,0,healthy,0.0,50.0,10.0787,1
SN_011330,LOT_037,8.2729,9.1485,9.6254,9.8334,0,healthy,0.0,50.0,10.0787,1
SN_011331,LOT_037,8.7253,9.5441,10.0539,9.8714,0,healthy,0.0,50.0,10.0787,1
SN_011332,LOT_037,9.0689,9.9411,10.0823,10.2993,0,healthy,0.0,50.0,10.0787,1
SN_011333,LOT_037,8.2365,8.9196,9.2397,9.4934,0,healthy,0.0,50.0,10.0787,1
SN_011334,LOT_037,16.1992,16.8945,17.0431,17.1367,0,healthy,0.0,50.0,10.0787,1
SN_011335,LOT_037,7.1986,8.1942,8.4144,8.4877,0,healthy,0.0,50.0,10.0787,1
SN_011336,LOT_037,6.8063,7.2259,7.4905,7.5996,0,healthy,0.0,50.0,10.0787,1
SN_011337,LOT_037,8.5313,9.4852,9.8532,10.1854,0,healthy,0.0,50.0,10.0787,1
SN_011338,LOT_037,9.6267,10.7725,10.8882,11.0485,0,healthy,0.0,50.0,10.0787,1
SN_011339,LOT_037,10.9937,12.0407,12.5232,12.8443,0,healthy,0.0,50.0,10.0787,1
SN_011340,LOT_037,14.6646,15.7422,16.5044,17.0749,0,healthy,0.0,50.0,10.0787,1
SN_011341,LOT_037,9.7483,10.0565,10.1688,10.3185,0,healthy,0.0,50.0,10.0787,1
SN_011342,LOT_037,11.4543,12.7988,12.8315,13.1675,0,healthy,0.0,50.0,10.0787,1
SN_011343,LOT_037,12.0633,12.923,12.9865,13.2708,0,healthy,0.0,50.0,10.0787,1
SN_011344,LOT_037,13.3825,14.9812,15.3267,15.7341,0,healthy,0.0,50.0,10.0787,1
SN_011345,LOT_037,11.1813,11.9943,12.5319,12.7425,0,healthy,0.0,50.0,10.0787,1
SN_011346,LOT_037,13.6031,14.5422,14.8577,14.9129,0,healthy,0.0,50.0,10.0787,1
SN_011347,LOT_037,12.6451,13.5578,13.8958,14.195,0,healthy,0.0,50.0,10.0787,1
SN_011348,LOT_037,13.6411,14.7724,15.1981,15.4507,0,healthy,0.0,50.0,10.0787,1
SN_011349,LOT_037,10.1544,10.8808,11.1304,11.2376,0,healthy,0.0,50.0,10.0787,1
SN_011350,LOT_037,11.8941,12.696,13.0724,13.2341,0,healthy,0.0,50.0,10.0787,1
SN_011351,LOT_037,8.2607,8.8071,8.9393,9.1895,0,healthy,0.0,50.0,10.0787,1
SN_011352,LOT_037,7.3527,7.8242,7.9428,7.9159,0,healthy,0.0,50.0,10.0787,1
SN_011353,LOT_037,8.5161,9.0228,9.0855,9.1899,0,healthy,0.0,50.0,10.0787,1
SN_011354,LOT_037,5.4111,5.8203,5.9331,6.0516,0,healthy,0.0,50.0,10.0787,1
SN_011355,LOT_037,11.0675,12.7709,13.0247,13.2058,0,healthy,0.0,50.0,10.0787,1
SN_011356,LOT_037,10.472,11.9535,12.3538,12.3366,0,healthy,0.0,50.0,10.0787,1
SN_011357,LOT_037,7.5881,8.1763,8.3563,8.4097,0,healthy,0.0,50.0,10.0787,1
SN_011358,LOT_037,13.3522,14.8329,15.2929,15.5592,0,healthy,0.0,50.0,10.0787,1
SN_011359,LOT_038,13.7111,15.2769,15.6005,15.7718,0,healthy,0.0,50.0,12.7428,0
SN_011360,LOT_038,10.6051,12.116,12.6234,12.5494,0,healthy,0.0,50.0,12.7428,0
SN_011361,LOT_038,12.751,13.3349,13.5611,13.5672,0,healthy,0.0,50.0,12.7428,0
SN_011362,LOT_038,11.4555,12.5639,12.9777,13.166,0,healthy,0.0,50.0,12.7428,0
SN_011363,LOT_038,12.5574,13.7984,14.4029,14.6151,0,healthy,0.0,50.0,12.7428,0
SN_011364,LOT_038,14.7653,15.5959,15.7896,15.8492,0,healthy,0.0,50.0,12.7428,0
SN_011365,LOT_038,13.596,14.2891,14.6182,14.8523,0,healthy,0.0,50.0,12.7428,0
SN_011366,LOT_038,16.5229,17.1777,17.8751,18.0511,0,healthy,0.0,50.0,12.7428,0
SN_011367,LOT_038,12.4308,13.1524,13.3227,13.4164,0,healthy,0.0,50.0,12.7428,0
SN_011368,LOT_038,11.3127,12.3976,12.8233,13.0132,0,healthy,0.0,50.0,12.7428,0
SN_011369,LOT_038,14.8506,16.1748,16.3853,16.5276,0,healthy,0.0,50.0,12.7428,0
SN_011370,LOT_038,11.6874,12.5568,12.585,12.8183,0,healthy,0.0,50.0,12.7428,0
SN_011371,LOT_038,14.3983,15.9367,16.649,17.1117,0,healthy,0.0,50.0,12.7428,0
SN_011372,LOT_038,12.2096,13.2561,13.3413,13.9435,0,healthy,0.0,50.0,12.7428,0
SN_011373,LOT_038,13.7505,14.4971,14.6666,14.805,0,healthy,0.0,50.0,12.7428,0
SN_011374,LOT_038,13.2741,13.9344,14.0494,13.9578,0,healthy,0.0,50.0,12.7428,0
SN_011375,LOT_038,10.6536,10.9641,11.4116,11.2822,0,healthy,0.0,50.0,12.7428,0
SN_011376,LOT_038,12.7334,13.4787,13.7894,13.8262,0,healthy,0.0,50.0,12.7428,0
SN_011377,LOT_038,11.2757,12.0815,12.1247,12.6612,0,healthy,0.0,50.0,12.7428,0
SN_011378,LOT_038,13.7985,14.7278,15.1044,15.2877,0,healthy,0.0,50.0,12.7428,0
SN_011379,LOT_038,12.3023,13.6332,13.8688,14.1995,0,healthy,0.0,50.0,12.7428,0
SN_011380,LOT_038,11.2344,12.2913,12.3598,12.6055,0,healthy,0.0,50.0,12.7428,0
SN_011381,LOT_038,14.5111,15.0943,15.4701,15.5775,0,healthy,0.0,50.0,12.7428,0
SN_011382,LOT_038,11.496,12.6321,13.096,13.2725,0,healthy,0.0,50.0,12.7428,0
SN_011383,LOT_038,14.1457,15.4848,16.0272,16.3095,0,healthy,0.0,50.0,12.7428,0
SN_011384,LOT_038,9.606,10.5106,11.1727,11.4065,0,healthy,0.0,50.0,12.7428,0
SN_011385,LOT_038,13.274,14.7489,14.9408,15.2093,0,healthy,0.0,50.0,12.7428,0
SN_011386,LOT_038,13.9934,14.2454,14.7689,14.628,0,healthy,0.0,50.0,12.7428,0
SN_011387,LOT_038,11.1282,11.5231,11.7743,11.7438,0,healthy,0.0,50.0,12.7428,0
SN_011388,LOT_038,11.3362,12.6352,13.0064,13.0485,0,healthy,0.0,50.0,12.7428,0
SN_011389,LOT_038,11.4162,12.6086,13.1681,13.244,0,healthy,0.0,50.0,12.7428,0
SN_011390,LOT_038,12.1819,13.5659,14.2514,14.5156,0,healthy,0.0,50.0,12.7428,0
SN_011391,LOT_038,12.1214,13.684,14.1889,14.2342,0,healthy,0.0,50.0,12.7428,0
SN_011392,LOT_038,15.051,15.7387,15.6329,16.0872,0,healthy,0.0,50.0,12.7428,0
SN_011393,LOT_038,13.1439,14.733,15.3952,15.628,0,healthy,0.0,50.0,12.7428,0
SN_011394,LOT_038,10.6221,11.2338,11.5949,11.5439,0,healthy,0.0,50.0,12.7428,0
SN_011395,LOT_038,13.4544,14.227,14.4848,14.5124,0,healthy,0.0,50.0,12.7428,0
SN_011396,LOT_038,13.1731,13.6982,14.0862,14.1116,0,healthy,0.0,50.0,12.7428,0
SN_011397,LOT_038,12.0382,12.7487,13.1645,13.0523,0,healthy,0.0,50.0,12.7428,0
SN_011398,LOT_038,9.2192,9.751,9.9042,9.9778,0,healthy,0.0,50.0,12.7428,0
SN_011399,LOT_038,15.4574,16.7651,17.0762,17.548,0,healthy,0.0,50.0,12.7428,0
SN_011400,LOT_038,12.8489,13.6722,13.7651,14.1829,0,healthy,0.0,50.0,12.7428,0
SN_011401,LOT_038,11.6637,12.1576,12.2775,12.4816,0,healthy,0.0,50.0,12.7428,0
SN_011402,LOT_038,13.4653,14.6832,14.9697,15.2076,0,healthy,0.0,50.0,12.7428,0
SN_011403,LOT_038,12.5746,13.0047,13.3352,13.5117,0,healthy,0.0,50.0,12.7428,0
SN_011404,LOT_038,12.5267,14.1205,14.621,15.1248,0,healthy,0.0,50.0,12.7428,0
SN_011405,LOT_038,11.0728,12.0126,12.6966,12.6866,0,healthy,0.0,50.0,12.7428,0
SN_011406,LOT_038,13.3017,13.9761,14.2782,14.3211,0,healthy,0.0,50.0,12.7428,0
SN_011407,LOT_038,12.1632,12.7591,12.7454,12.7055,0,healthy,0.0,50.0,12.7428,0
SN_011408,LOT_038,14.8113,15.2009,15.8648,15.9185,0,healthy,0.0,50.0,12.7428,0
SN_011409,LOT_038,12.3949,13.1728,13.4159,13.9952,0,healthy,0.0,50.0,12.7428,0
SN_011410,LOT_038,15.4249,21.9798,25.946,28.5707,1,nbti_ageing,0.4258,50.0,12.7428,0
SN_011411,LOT_038,13.6754,14.7391,15.2101,15.6556,0,healthy,0.0,50.0,12.7428,0
SN_011412,LOT_038,10.2273,11.1704,11.556,11.7336,0,healthy,0.0,50.0,12.7428,0
SN_011413,LOT_038,11.6563,11.8872,12.1252,12.1488,0,healthy,0.0,50.0,12.7428,0
SN_011414,LOT_038,13.2765,14.0803,14.4677,14.7643,0,healthy,0.0,50.0,12.7428,0
SN_011415,LOT_038,45.9337,46.4401,52.0293,56.4597,1,esd_oxide,0.5523,50.0,12.7428,0
SN_011416,LOT_038,13.673,14.762,14.8962,15.0669,0,healthy,0.0,50.0,12.7428,0
SN_011417,LOT_038,12.8114,14.5335,14.7511,15.0447,0,healthy,0.0,50.0,12.7428,0
SN_011418,LOT_038,14.3637,14.8039,15.0466,15.004,0,healthy,0.0,50.0,12.7428,0
SN_011419,LOT_038,11.3846,12.5257,13.0229,13.1496,0,healthy,0.0,50.0,12.7428,0
SN_011420,LOT_038,9.4838,10.8241,11.067,11.2858,0,healthy,0.0,50.0,12.7428,0
SN_011421,LOT_038,13.6387,14.8814,15.5269,15.6201,0,healthy,0.0,50.0,12.7428,0
SN_011422,LOT_038,10.2572,11.3468,11.9414,12.2188,0,healthy,0.0,50.0,12.7428,0
SN_011423,LOT_038,13.9261,14.8555,15.4292,15.8233,0,healthy,0.0,50.0,12.7428,0
SN_011424,LOT_038,13.2942,14.9878,15.3141,15.5898,0,healthy,0.0,50.0,12.7428,0
SN_011425,LOT_038,13.6725,14.4576,14.8625,14.9049,0,healthy,0.0,50.0,12.7428,0
SN_011426,LOT_038,16.376,18.5453,19.0484,19.4727,0,healthy,0.0,50.0,12.7428,0
SN_011427,LOT_038,12.3636,13.8172,14.2554,14.6728,0,healthy,0.0,50.0,12.7428,0
SN_011428,LOT_038,14.1055,15.7287,16.0715,16.4641,0,healthy,0.0,50.0,12.7428,0
SN_011429,LOT_038,16.3561,17.8837,18.7458,19.2925,0,healthy,0.0,50.0,12.7428,0
SN_011430,LOT_038,15.9727,17.7724,18.6615,18.7716,0,healthy,0.0,50.0,12.7428,0
SN_011431,LOT_038,11.8562,12.9447,13.2585,13.2428,0,healthy,0.0,50.0,12.7428,0
SN_011432,LOT_038,11.9896,13.2456,13.5541,13.8179,0,healthy,0.0,50.0,12.7428,0
SN_011433,LOT_038,12.467,13.7188,14.3021,14.8556,0,healthy,0.0,50.0,12.7428,0
SN_011434,LOT_038,16.4847,18.6061,19.1221,19.2513,0,healthy,0.0,50.0,12.7428,0
SN_011435,LOT_038,13.6556,14.7555,15.2522,15.5168,0,healthy,0.0,50.0,12.7428,0
SN_011436,LOT_038,14.5213,16.2766,17.2189,17.0253,0,healthy,0.0,50.0,12.7428,0
SN_011437,LOT_038,12.379,13.0895,13.225,13.5208,0,healthy,0.0,50.0,12.7428,0
SN_011438,LOT_038,12.5136,13.6569,13.8952,14.2344,0,healthy,0.0,50.0,12.7428,0
SN_011439,LOT_038,13.7903,14.8143,15.2687,15.7261,0,healthy,0.0,50.0,12.7428,0
SN_011440,LOT_038,10.9809,11.8015,12.3054,12.4905,0,healthy,0.0,50.0,12.7428,0
SN_011441,LOT_038,14.8528,16.104,16.5424,16.9679,0,healthy,0.0,50.0,12.7428,0
SN_011442,LOT_038,11.1942,11.7066,12.12,12.4247,0,healthy,0.0,50.0,12.7428,0
SN_011443,LOT_038,15.0107,16.3648,17.6831,17.8986,0,healthy,0.0,50.0,12.7428,0
SN_011444,LOT_038,12.8406,13.9397,14.5432,14.8334,0,healthy,0.0,50.0,12.7428,0
SN_011445,LOT_038,12.6993,13.8687,14.4602,14.8297,0,healthy,0.0,50.0,12.7428,0
SN_011446,LOT_038,12.9553,13.368,13.5691,13.9182,0,healthy,0.0,50.0,12.7428,0
SN_011447,LOT_038,12.105,12.7894,13.0766,13.1157,0,healthy,0.0,50.0,12.7428,0
SN_011448,LOT_038,13.0873,13.6382,13.8509,13.9887,0,healthy,0.0,50.0,12.7428,0
SN_011449,LOT_038,10.9101,12.1736,12.3902,12.7497,0,healthy,0.0,50.0,12.7428,0
SN_011450,LOT_038,13.7185,17.8219,19.9554,21.1809,1,nbti_ageing,0.2342,50.0,12.7428,0
SN_011451,LOT_038,15.1337,16.5818,16.914,17.0379,0,healthy,0.0,50.0,12.7428,0
SN_011452,LOT_038,11.2077,11.9439,12.0009,12.3377,0,healthy,0.0,50.0,12.7428,0
SN_011453,LOT_038,16.104,16.9771,17.3103,17.3834,0,healthy,0.0,50.0,12.7428,0
SN_011454,LOT_038,12.0772,13.7271,14.0755,14.2121,0,healthy,0.0,50.0,12.7428,0
SN_011455,LOT_038,13.547,13.9756,14.1423,14.487,0,healthy,0.0,50.0,12.7428,0
SN_011456,LOT_038,12.9699,14.1212,14.6511,14.972,0,healthy,0.0,50.0,12.7428,0
SN_011457,LOT_038,11.8758,12.4747,12.4422,12.6841,0,healthy,0.0,50.0,12.7428,0
SN_011458,LOT_038,12.1728,13.5049,13.8166,13.9841,0,healthy,0.0,50.0,12.7428,0
SN_011459,LOT_038,12.4507,12.7988,13.2486,13.0835,0,healthy,0.0,50.0,12.7428,0
SN_011460,LOT_038,13.6463,14.4355,14.6122,14.8987,0,healthy,0.0,50.0,12.7428,0
SN_011461,LOT_038,14.3053,31.338,31.8668,32.011,1,mobile_ion,0.4391,50.0,12.7428,0
SN_011462,LOT_038,11.6372,12.7103,13.2356,13.3516,0,healthy,0.0,50.0,12.7428,0
SN_011463,LOT_038,12.0824,12.66,12.9041,12.8928,0,healthy,0.0,50.0,12.7428,0
SN_011464,LOT_038,12.0241,13.4895,13.7022,13.9431,0,healthy,0.0,50.0,12.7428,0
SN_011465,LOT_038,10.9831,12.1159,12.4694,12.6836,0,healthy,0.0,50.0,12.7428,0
SN_011466,LOT_038,13.3482,14.0295,14.3907,14.2638,0,healthy,0.0,50.0,12.7428,0
SN_011467,LOT_038,11.5305,12.3329,12.7213,12.8683,0,healthy,0.0,50.0,12.7428,0
SN_011468,LOT_038,10.7136,11.2793,11.8251,12.0893,0,healthy,0.0,50.0,12.7428,0
SN_011469,LOT_038,14.4218,15.2283,15.2499,15.3722,0,healthy,0.0,50.0,12.7428,0
SN_011470,LOT_038,10.0759,10.3853,10.5781,10.8546,0,healthy,0.0,50.0,12.7428,0
SN_011471,LOT_038,15.4887,15.8845,16.1806,16.5414,0,healthy,0.0,50.0,12.7428,0
SN_011472,LOT_038,10.8341,11.4457,11.5724,11.606,0,healthy,0.0,50.0,12.7428,0
SN_011473,LOT_038,14.6992,16.5931,17.0701,17.4856,0,healthy,0.0,50.0,12.7428,0
SN_011474,LOT_038,12.6555,14.445,14.8013,14.9685,0,healthy,0.0,50.0,12.7428,0
SN_011475,LOT_038,13.0941,14.7672,14.9305,15.0755,0,healthy,0.0,50.0,12.7428,0
SN_011476,LOT_038,15.8274,16.8577,17.1386,17.2779,0,healthy,0.0,50.0,12.7428,0
SN_011477,LOT_038,10.6767,11.8212,12.3413,12.6438,0,healthy,0.0,50.0,12.7428,0
SN_011478,LOT_038,12.4723,13.5533,13.9374,13.9923,0,healthy,0.0,50.0,12.7428,0
SN_011479,LOT_038,11.4554,12.2424,12.6029,12.6268,0,healthy,0.0,50.0,12.7428,0
SN_011480,LOT_038,37.0932,39.151,43.1291,47.2831,1,esd_oxide,0.2055,50.0,12.7428,0
SN_011481,LOT_038,14.4541,15.8575,16.5145,16.7559,0,healthy,0.0,50.0,12.7428,0
SN_011482,LOT_038,13.0883,14.3966,14.9037,15.1251,0,healthy,0.0,50.0,12.7428,0
SN_011483,LOT_038,12.5778,13.2821,13.4957,13.7384,0,healthy,0.0,50.0,12.7428,0
SN_011484,LOT_038,12.699,13.4744,13.7509,14.2182,0,healthy,0.0,50.0,12.7428,0
SN_011485,LOT_038,13.3135,14.9489,15.3457,15.5293,0,healthy,0.0,50.0,12.7428,0
SN_011486,LOT_038,10.4738,10.9783,11.0134,11.1048,0,healthy,0.0,50.0,12.7428,0
SN_011487,LOT_038,9.5507,10.503,11.0056,11.1654,0,healthy,0.0,50.0,12.7428,0
SN_011488,LOT_038,14.6924,15.8189,16.0509,16.3047,0,healthy,0.0,50.0,12.7428,0
SN_011489,LOT_038,13.4481,13.8843,14.3543,14.5497,0,healthy,0.0,50.0,12.7428,0
SN_011490,LOT_038,12.4945,12.8991,13.2056,13.3822,0,healthy,0.0,50.0,12.7428,0
SN_011491,LOT_038,14.8522,15.9375,16.4698,16.904,0,healthy,0.0,50.0,12.7428,0
SN_011492,LOT_038,14.2944,16.0276,16.4887,16.7952,0,healthy,0.0,50.0,12.7428,0
SN_011493,LOT_038,11.0504,12.1994,12.5238,12.5901,0,healthy,0.0,50.0,12.7428,0
SN_011494,LOT_038,11.5554,12.4675,12.675,12.9502,0,healthy,0.0,50.0,12.7428,0
SN_011495,LOT_038,11.5099,12.4223,12.9124,13.0359,0,healthy,0.0,50.0,12.7428,0
SN_011496,LOT_038,10.6105,11.3413,11.4689,11.5453,0,healthy,0.0,50.0,12.7428,0
SN_011497,LOT_038,16.8309,17.9421,18.5972,18.6099,0,healthy,0.0,50.0,12.7428,0
SN_011498,LOT_038,12.8373,13.4457,13.8332,13.8989,0,healthy,0.0,50.0,12.7428,0
SN_011499,LOT_038,15.7263,17.5162,18.2199,18.4222,0,healthy,0.0,50.0,12.7428,0
SN_011500,LOT_038,15.8021,16.9944,18.0653,17.8568,0,healthy,0.0,50.0,12.7428,0
SN_011501,LOT_038,12.9491,13.3003,13.6849,13.765,0,healthy,0.0,50.0,12.7428,0
SN_011502,LOT_038,16.3971,18.5166,19.2735,19.5142,0,healthy,0.0,50.0,12.7428,0
SN_011503,LOT_038,14.049,14.7723,15.3552,15.6488,0,healthy,0.0,50.0,12.7428,0
SN_011504,LOT_038,13.9137,15.0885,15.697,16.0761,0,healthy,0.0,50.0,12.7428,0
SN_011505,LOT_038,15.0041,15.631,15.5615,15.8187,0,healthy,0.0,50.0,12.7428,0
SN_011506,LOT_038,13.6712,15.5648,15.8806,16.1492,0,healthy,0.0,50.0,12.7428,0
SN_011507,LOT_038,14.4378,15.332,15.6646,15.4593,0,healthy,0.0,50.0,12.7428,0
SN_011508,LOT_038,9.9454,10.9042,11.3636,11.696,0,healthy,0.0,50.0,12.7428,0
SN_011509,LOT_038,15.6699,16.6236,16.6472,16.792,0,healthy,0.0,50.0,12.7428,0
SN_011510,LOT_038,12.0117,13.0588,13.2614,13.5873,0,healthy,0.0,50.0,12.7428,0
SN_011511,LOT_038,12.9756,13.8649,14.0722,14.4559,0,healthy,0.0,50.0,12.7428,0
SN_011512,LOT_038,12.5706,13.3121,13.4892,13.7458,0,healthy,0.0,50.0,12.7428,0
SN_011513,LOT_038,11.0657,12.3918,12.8983,12.7842,0,healthy,0.0,50.0,12.7428,0
SN_011514,LOT_038,13.2661,14.8715,15.0707,15.3922,0,healthy,0.0,50.0,12.7428,0
SN_011515,LOT_038,13.9853,14.7622,15.0833,15.0126,0,healthy,0.0,50.0,12.7428,0
SN_011516,LOT_038,11.3471,12.7695,13.013,13.3885,0,healthy,0.0,50.0,12.7428,0
SN_011517,LOT_038,13.3213,14.6554,15.2346,15.5983,0,healthy,0.0,50.0,12.7428,0
SN_011518,LOT_038,11.5869,11.9983,12.3736,12.4888,0,healthy,0.0,50.0,12.7428,0
SN_011519,LOT_038,12.6623,13.1178,13.3558,13.6206,0,healthy,0.0,50.0,12.7428,0
SN_011520,LOT_038,12.7234,13.7645,14.2236,14.342,0,healthy,0.0,50.0,12.7428,0
SN_011521,LOT_038,12.107,12.6228,12.6634,12.7045,0,healthy,0.0,50.0,12.7428,0
SN_011522,LOT_038,12.2618,13.5645,14.0181,14.1985,0,healthy,0.0,50.0,12.7428,0
SN_011523,LOT_038,12.0054,12.5713,12.6432,12.8642,0,healthy,0.0,50.0,12.7428,0
SN_011524,LOT_038,14.5505,15.9153,16.5079,16.5503,0,healthy,0.0,50.0,12.7428,0
SN_011525,LOT_038,14.2406,15.8852,16.4167,16.6472,0,healthy,0.0,50.0,12.7428,0
SN_011526,LOT_038,10.0617,11.0683,11.2254,11.408,0,healthy,0.0,50.0,12.7428,0
SN_011527,LOT_038,12.8117,13.8598,14.358,14.5543,0,healthy,0.0,50.0,12.7428,0
SN_011528,LOT_038,12.3322,13.7146,14.1122,14.0988,0,healthy,0.0,50.0,12.7428,0
SN_011529,LOT_038,12.251,13.5337,13.9936,14.3007,0,healthy,0.0,50.0,12.7428,0
SN_011530,LOT_038,12.2231,13.8118,14.2634,14.6211,0,healthy,0.0,50.0,12.7428,0
SN_011531,LOT_038,12.1761,13.2043,13.5633,13.8506,0,healthy,0.0,50.0,12.7428,0
SN_011532,LOT_038,13.2247,14.4482,14.8114,15.0798,0,healthy,0.0,50.0,12.7428,0
SN_011533,LOT_038,13.5219,14.6619,15.2951,15.6511,0,healthy,0.0,50.0,12.7428,0
SN_011534,LOT_038,12.7557,14.0361,14.4105,14.9516,0,healthy,0.0,50.0,12.7428,0
SN_011535,LOT_038,10.0855,10.9701,11.2772,11.3134,0,healthy,0.0,50.0,12.7428,0
SN_011536,LOT_038,11.2307,12.8107,13.1994,13.5355,0,healthy,0.0,50.0,12.7428,0
SN_011537,LOT_038,14.8249,15.6605,15.997,16.0586,0,healthy,0.0,50.0,12.7428,0
SN_011538,LOT_038,14.3174,15.1015,15.6072,15.9412,0,healthy,0.0,50.0,12.7428,0
SN_011539,LOT_038,15.4207,17.3328,17.7967,18.3443,0,healthy,0.0,50.0,12.7428,0
SN_011540,LOT_038,13.2242,14.5726,14.9878,15.1941,0,healthy,0.0,50.0,12.7428,0
SN_011541,LOT_038,15.2618,15.9294,16.4419,16.4753,0,healthy,0.0,50.0,12.7428,0
SN_011542,LOT_038,11.3996,11.9691,12.3191,12.2896,0,healthy,0.0,50.0,12.7428,0
SN_011543,LOT_038,11.602,12.8168,13.2633,13.4415,0,healthy,0.0,50.0,12.7428,0
SN_011544,LOT_038,11.357,12.3957,12.6592,12.9012,0,healthy,0.0,50.0,12.7428,0
SN_011545,LOT_038,11.1389,11.941,12.0141,12.1618,0,healthy,0.0,50.0,12.7428,0
SN_011546,LOT_038,11.371,12.4646,12.9351,13.1511,0,healthy,0.0,50.0,12.7428,0
SN_011547,LOT_038,10.3665,11.3155,11.5578,11.8701,0,healthy,0.0,50.0,12.7428,0
SN_011548,LOT_038,11.9984,12.4693,12.6039,12.7012,0,healthy,0.0,50.0,12.7428,0
SN_011549,LOT_038,12.6065,13.6961,13.988,14.1489,0,healthy,0.0,50.0,12.7428,0
SN_011550,LOT_038,10.324,11.3718,11.6503,11.7807,0,healthy,0.0,50.0,12.7428,0
SN_011551,LOT_038,10.1938,10.9286,11.2332,11.3921,0,healthy,0.0,50.0,12.7428,0
SN_011552,LOT_038,12.2068,12.8694,13.0798,13.1024,0,healthy,0.0,50.0,12.7428,0
SN_011553,LOT_038,9.6755,10.069,10.2789,10.3573,0,healthy,0.0,50.0,12.7428,0
SN_011554,LOT_038,13.68,14.7521,15.0759,15.4987,0,healthy,0.0,50.0,12.7428,0
SN_011555,LOT_038,12.2949,12.8467,13.1708,13.2194,0,healthy,0.0,50.0,12.7428,0
SN_011556,LOT_038,12.1599,13.1736,13.1534,13.3181,0,healthy,0.0,50.0,12.7428,0
SN_011557,LOT_038,12.0152,13.1243,13.6959,13.6678,0,healthy,0.0,50.0,12.7428,0
SN_011558,LOT_038,13.8033,15.0456,15.7562,16.0775,0,healthy,0.0,50.0,12.7428,0
SN_011559,LOT_038,13.0981,14.5148,15.1671,15.4294,0,healthy,0.0,50.0,12.7428,0
SN_011560,LOT_038,11.3347,11.8915,12.1801,12.3814,0,healthy,0.0,50.0,12.7428,0
SN_011561,LOT_038,12.4844,13.9822,14.547,14.8968,0,healthy,0.0,50.0,12.7428,0
SN_011562,LOT_038,16.7009,17.4968,17.8365,18.1437,0,healthy,0.0,50.0,12.7428,0
SN_011563,LOT_038,14.6442,15.8789,16.4847,16.6158,0,healthy,0.0,50.0,12.7428,0
SN_011564,LOT_038,12.7811,13.902,14.3355,14.5919,0,healthy,0.0,50.0,12.7428,0
SN_011565,LOT_038,12.7071,14.2149,14.742,15.0635,0,healthy,0.0,50.0,12.7428,0
SN_011566,LOT_039,11.2144,11.8429,12.2426,12.309,0,healthy,0.0,50.0,10.9622,0
SN_011567,LOT_039,12.1061,13.8357,14.1385,14.2415,0,healthy,0.0,50.0,10.9622,0
SN_011568,LOT_039,12.0452,13.055,13.2939,13.5107,0,healthy,0.0,50.0,10.9622,0
SN_011569,LOT_039,10.142,10.5684,10.921,11.1592,0,healthy,0.0,50.0,10.9622,0
SN_011570,LOT_039,10.8323,11.5227,11.677,11.8043,0,healthy,0.0,50.0,10.9622,0
SN_011571,LOT_039,11.0893,11.7395,12.1386,12.1574,0,healthy,0.0,50.0,10.9622,0
SN_011572,LOT_039,11.7012,13.4363,13.8839,14.0645,0,healthy,0.0,50.0,10.9622,0
SN_011573,LOT_039,11.3499,12.4762,12.9335,13.18,0,healthy,0.0,50.0,10.9622,0
SN_011574,LOT_039,12.1978,12.8577,12.9307,12.8419,0,healthy,0.0,50.0,10.9622,0
SN_011575,LOT_039,10.0236,11.3247,11.4563,11.7467,0,healthy,0.0,50.0,10.9622,0
SN_011576,LOT_039,13.7596,14.6973,15.3739,15.5214,0,healthy,0.0,50.0,10.9622,0
SN_011577,LOT_039,9.3773,10.3337,10.5642,10.7557,0,healthy,0.0,50.0,10.9622,0
SN_011578,LOT_039,13.4012,13.968,14.2321,14.3684,0,healthy,0.0,50.0,10.9622,0
SN_011579,LOT_039,10.216,12.9727,14.2292,14.9224,1,nbti_ageing,0.1744,50.0,10.9622,0
SN_011580,LOT_039,12.275,13.6598,14.2994,14.5478,0,healthy,0.0,50.0,10.9622,0
SN_011581,LOT_039,14.2498,15.64,16.2566,16.6763,0,healthy,0.0,50.0,10.9622,0
SN_011582,LOT_039,12.092,13.6997,13.9315,14.0758,0,healthy,0.0,50.0,10.9622,0
SN_011583,LOT_039,9.0316,10.1081,10.3597,10.6212,0,healthy,0.0,50.0,10.9622,0
SN_011584,LOT_039,9.9514,10.5326,10.7529,10.9595,0,healthy,0.0,50.0,10.9622,0
SN_011585,LOT_039,13.1432,14.3819,14.4742,14.4387,0,healthy,0.0,50.0,10.9622,0
SN_011586,LOT_039,12.4855,13.4971,14.0574,14.3556,0,healthy,0.0,50.0,10.9622,0
SN_011587,LOT_039,11.9046,12.5207,12.8255,12.7835,0,healthy,0.0,50.0,10.9622,0
SN_011588,LOT_039,11.678,12.6382,13.1649,13.4813,0,healthy,0.0,50.0,10.9622,0
SN_011589,LOT_039,13.4964,14.3089,14.8788,15.0294,0,healthy,0.0,50.0,10.9622,0
SN_011590,LOT_039,11.4435,12.7543,13.2983,13.3667,0,healthy,0.0,50.0,10.9622,0
SN_011591,LOT_039,10.5364,11.3285,11.6333,11.7872,0,healthy,0.0,50.0,10.9622,0
SN_011592,LOT_039,8.9224,9.7216,9.9129,9.9979,0,healthy,0.0,50.0,10.9622,0
SN_011593,LOT_039,11.4367,12.745,13.1087,13.0596,0,healthy,0.0,50.0,10.9622,0
SN_011594,LOT_039,11.5661,12.4977,12.7005,12.9396,0,healthy,0.0,50.0,10.9622,0
SN_011595,LOT_039,11.3364,13.0348,13.3507,13.5627,0,healthy,0.0,50.0,10.9622,0
SN_011596,LOT_039,11.2751,12.7544,13.1266,13.1893,0,healthy,0.0,50.0,10.9622,0
SN_011597,LOT_039,10.0337,11.1642,11.5677,11.8149,0,healthy,0.0,50.0,10.9622,0
SN_011598,LOT_039,12.3215,12.5656,12.9584,12.9373,0,healthy,0.0,50.0,10.9622,0
SN_011599,LOT_039,10.7834,11.6069,11.703,11.8657,0,healthy,0.0,50.0,10.9622,0
SN_011600,LOT_039,9.6716,11.0778,11.4046,11.6015,0,healthy,0.0,50.0,10.9622,0
SN_011601,LOT_039,11.1739,11.8706,12.039,12.3192,0,healthy,0.0,50.0,10.9622,0
SN_011602,LOT_039,11.0241,12.2261,12.6786,12.887,0,healthy,0.0,50.0,10.9622,0
SN_011603,LOT_039,13.045,13.6926,14.0105,14.2075,0,healthy,0.0,50.0,10.9622,0
SN_011604,LOT_039,11.5603,12.309,12.4598,12.5341,0,healthy,0.0,50.0,10.9622,0
SN_011605,LOT_039,12.581,13.3531,13.4849,13.7634,0,healthy,0.0,50.0,10.9622,0
SN_011606,LOT_039,11.8404,12.5158,12.6959,12.8332,0,healthy,0.0,50.0,10.9622,0
SN_011607,LOT_039,11.0727,11.5236,11.5478,11.9533,0,healthy,0.0,50.0,10.9622,0
SN_011608,LOT_039,10.511,11.0824,11.2314,11.4058,0,healthy,0.0,50.0,10.9622,0
SN_011609,LOT_039,10.3342,11.0422,11.3386,11.4715,0,healthy,0.0,50.0,10.9622,0
SN_011610,LOT_039,11.8707,13.254,13.4014,13.7007,0,healthy,0.0,50.0,10.9622,0
SN_011611,LOT_039,8.5972,9.6429,9.968,10.0758,0,healthy,0.0,50.0,10.9622,0
SN_011612,LOT_039,11.1998,12.3698,12.6357,13.0543,0,healthy,0.0,50.0,10.9622,0
SN_011613,LOT_039,11.5623,12.0742,12.2821,12.5698,0,healthy,0.0,50.0,10.9622,0
SN_011614,LOT_039,12.6931,13.4061,13.6223,13.5778,0,healthy,0.0,50.0,10.9622,0
SN_011615,LOT_039,13.7632,14.5005,15.063,15.0714,0,healthy,0.0,50.0,10.9622,0
SN_011616,LOT_039,8.8053,9.5724,9.8438,9.9854,0,healthy,0.0,50.0,10.9622,0
SN_011617,LOT_039,11.7458,12.7684,12.9726,13.0455,0,healthy,0.0,50.0,10.9622,0
SN_011618,LOT_039,13.0528,14.3741,14.9014,15.0042,0,healthy,0.0,50.0,10.9622,0
SN_011619,LOT_039,11.631,12.1549,12.5453,12.6658,0,healthy,0.0,50.0,10.9622,0
SN_011620,LOT_039,10.5471,11.0897,11.3084,11.519,0,healthy,0.0,50.0,10.9622,0
SN_011621,LOT_039,11.5154,12.186,12.8058,12.8564,0,healthy,0.0,50.0,10.9622,0
SN_011622,LOT_039,11.4798,12.6513,13.3039,13.5506,0,healthy,0.0,50.0,10.9622,0
SN_011623,LOT_039,11.7055,13.0169,13.3423,13.7829,0,healthy,0.0,50.0,10.9622,0
SN_011624,LOT_039,11.3753,11.9742,11.9389,12.2129,0,healthy,0.0,50.0,10.9622,0
SN_011625,LOT_039,11.372,12.7287,12.9823,13.2438,0,healthy,0.0,50.0,10.9622,0
SN_011626,LOT_039,8.6662,9.8446,10.1365,10.2555,0,healthy,0.0,50.0,10.9622,0
SN_011627,LOT_039,12.3409,13.427,13.6924,13.9046,0,healthy,0.0,50.0,10.9622,0
SN_011628,LOT_039,11.3076,11.8766,12.2314,12.1726,0,healthy,0.0,50.0,10.9622,0
SN_011629,LOT_039,9.9043,10.5419,10.881,10.7839,0,healthy,0.0,50.0,10.9622,0
SN_011630,LOT_039,11.5231,12.5031,12.9464,13.0972,0,healthy,0.0,50.0,10.9622,0
SN_011631,LOT_039,11.0872,11.8928,12.2116,12.3548,0,healthy,0.0,50.0,10.9622,0
SN_011632,LOT_039,9.9647,11.1188,11.2223,11.4538,0,healthy,0.0,50.0,10.9622,0
SN_011633,LOT_039,10.6846,11.4292,11.7429,11.9207,0,healthy,0.0,50.0,10.9622,0
SN_011634,LOT_039,9.9681,10.6016,10.8074,11.3285,0,healthy,0.0,50.0,10.9622,0
SN_011635,LOT_039,9.518,10.2457,10.3225,10.4899,0,healthy,0.0,50.0,10.9622,0
SN_011636,LOT_039,10.6536,11.7549,12.3574,12.6195,0,healthy,0.0,50.0,10.9622,0
SN_011637,LOT_039,37.7909,39.0478,43.1784,47.6741,1,esd_oxide,0.4737,50.0,10.9622,0
SN_011638,LOT_039,11.9125,13.1971,13.8142,14.3149,0,healthy,0.0,50.0,10.9622,0
SN_011639,LOT_039,9.1086,9.4866,9.7106,9.7167,0,healthy,0.0,50.0,10.9622,0
SN_011640,LOT_039,10.8158,12.313,12.4798,12.6613,0,healthy,0.0,50.0,10.9622,0
SN_011641,LOT_039,9.4862,10.3452,10.8378,10.9308,0,healthy,0.0,50.0,10.9622,0
SN_011642,LOT_039,11.8269,13.1496,13.3904,13.5418,0,healthy,0.0,50.0,10.9622,0
SN_011643,LOT_039,11.9357,12.4821,12.7427,12.7882,0,healthy,0.0,50.0,10.9622,0
SN_011644,LOT_039,10.8275,11.7683,11.8698,12.0185,0,healthy,0.0,50.0,10.9622,0
SN_011645,LOT_039,10.6359,11.3243,11.8952,11.8759,0,healthy,0.0,50.0,10.9622,0
SN_011646,LOT_039,12.2032,12.9751,13.4712,13.4639,0,healthy,0.0,50.0,10.9622,0
SN_011647,LOT_039,13.2943,13.8958,14.0564,14.3533,0,healthy,0.0,50.0,10.9622,0
SN_011648,LOT_039,10.7627,11.6517,11.8602,11.9757,0,healthy,0.0,50.0,10.9622,0
SN_011649,LOT_039,10.1187,10.8761,11.2301,11.1694,0,healthy,0.0,50.0,10.9622,0
SN_011650,LOT_039,9.5279,10.4306,10.6674,10.8771,0,healthy,0.0,50.0,10.9622,0
SN_011651,LOT_039,10.7125,11.5989,11.8891,11.8809,0,healthy,0.0,50.0,10.9622,0
SN_011652,LOT_039,9.8735,10.9611,11.4035,11.6537,0,healthy,0.0,50.0,10.9622,0
SN_011653,LOT_039,11.8229,12.7365,12.756,13.1204,0,healthy,0.0,50.0,10.9622,0
SN_011654,LOT_039,9.7241,10.6667,10.9244,11.1366,0,healthy,0.0,50.0,10.9622,0
SN_011655,LOT_039,10.8032,12.1378,12.6334,12.9051,0,healthy,0.0,50.0,10.9622,0
SN_011656,LOT_039,11.1356,11.859,12.0124,12.1287,0,healthy,0.0,50.0,10.9622,0
SN_011657,LOT_039,11.5205,12.6978,12.806,13.115,0,healthy,0.0,50.0,10.9622,0
SN_011658,LOT_039,11.4718,12.283,12.6488,12.8079,0,healthy,0.0,50.0,10.9622,0
SN_011659,LOT_039,11.6462,13.2253,13.7754,13.9104,0,healthy,0.0,50.0,10.9622,0
SN_011660,LOT_039,10.285,10.8331,11.145,11.2012,0,healthy,0.0,50.0,10.9622,0
SN_011661,LOT_039,10.1178,11.2097,11.3571,11.7922,0,healthy,0.0,50.0,10.9622,0
SN_011662,LOT_039,11.4555,12.2113,12.4175,12.5601,0,healthy,0.0,50.0,10.9622,0
SN_011663,LOT_039,12.366,13.2518,13.8304,13.9466,0,healthy,0.0,50.0,10.9622,0
SN_011664,LOT_039,10.6974,11.5641,11.699,11.8483,0,healthy,0.0,50.0,10.9622,0
SN_011665,LOT_039,11.2066,12.0192,12.6249,12.6678,0,healthy,0.0,50.0,10.9622,0
SN_011666,LOT_039,11.0054,11.3645,11.7206,11.8243,0,healthy,0.0,50.0,10.9622,0
SN_011667,LOT_039,11.6567,13.0207,13.4517,13.3991,0,healthy,0.0,50.0,10.9622,0
SN_011668,LOT_039,10.1166,11.5794,12.0534,12.2254,0,healthy,0.0,50.0,10.9622,0
SN_011669,LOT_039,10.3178,11.0932,11.1548,11.548,0,healthy,0.0,50.0,10.9622,0
SN_011670,LOT_039,10.0784,10.4609,10.4752,10.8104,0,healthy,0.0,50.0,10.9622,0
SN_011671,LOT_039,13.7482,15.1385,15.3269,15.5507,0,healthy,0.0,50.0,10.9622,0
SN_011672,LOT_039,9.4042,10.4042,10.7918,11.245,0,healthy,0.0,50.0,10.9622,0
SN_011673,LOT_039,11.722,12.7053,13.2477,13.4085,0,healthy,0.0,50.0,10.9622,0
SN_011674,LOT_039,12.7173,13.7235,14.0318,14.0089,0,healthy,0.0,50.0,10.9622,0
SN_011675,LOT_039,11.3041,12.0508,12.4211,12.3227,0,healthy,0.0,50.0,10.9622,0
SN_011676,LOT_039,10.5617,11.1029,11.2422,11.3092,0,healthy,0.0,50.0,10.9622,0
SN_011677,LOT_039,11.0939,12.3548,12.636,13.1547,0,healthy,0.0,50.0,10.9622,0
SN_011678,LOT_039,12.1955,12.9017,13.3259,13.86,0,healthy,0.0,50.0,10.9622,0
SN_011679,LOT_039,9.8627,10.4347,10.6469,10.8328,0,healthy,0.0,50.0,10.9622,0
SN_011680,LOT_039,9.8862,10.5694,10.802,10.9278,0,healthy,0.0,50.0,10.9622,0
SN_011681,LOT_039,9.8515,9.8538,12.8721,19.2328,1,tddb_dielectric,0.1488,50.0,10.9622,0
SN_011682,LOT_039,10.5999,11.1209,11.3675,11.6144,0,healthy,0.0,50.0,10.9622,0
SN_011683,LOT_039,11.6096,12.1116,12.4451,12.4598,0,healthy,0.0,50.0,10.9622,0
SN_011684,LOT_039,10.1248,10.922,10.997,11.0198,0,healthy,0.0,50.0,10.9622,0
SN_011685,LOT_039,8.3847,9.2134,9.5086,9.5106,0,healthy,0.0,50.0,10.9622,0
SN_011686,LOT_039,11.0929,12.0164,12.4407,12.7247,0,healthy,0.0,50.0,10.9622,0
SN_011687,LOT_039,11.6926,12.3491,12.4456,12.4671,0,healthy,0.0,50.0,10.9622,0
SN_011688,LOT_039,9.2087,9.516,9.5821,9.7831,0,healthy,0.0,50.0,10.9622,0
SN_011689,LOT_039,13.8574,14.9823,15.5934,16.0334,0,healthy,0.0,50.0,10.9622,0
SN_011690,LOT_039,10.3959,11.8277,12.0289,12.0766,0,healthy,0.0,50.0,10.9622,0
SN_011691,LOT_039,10.3682,10.7646,10.9407,10.9724,0,healthy,0.0,50.0,10.9622,0
SN_011692,LOT_039,9.3047,10.0956,10.3812,10.5997,0,healthy,0.0,50.0,10.9622,0
SN_011693,LOT_039,11.561,13.0602,13.4523,13.7589,0,healthy,0.0,50.0,10.9622,0
SN_011694,LOT_039,10.741,11.839,12.2514,12.6254,0,healthy,0.0,50.0,10.9622,0
SN_011695,LOT_039,11.1789,12.097,12.4198,12.7003,0,healthy,0.0,50.0,10.9622,0
SN_011696,LOT_039,10.0174,10.5078,10.6052,10.7949,0,healthy,0.0,50.0,10.9622,0
SN_011697,LOT_039,9.9133,10.709,10.8815,11.0791,0,healthy,0.0,50.0,10.9622,0
SN_011698,LOT_039,13.5428,15.0641,15.1996,15.4835,0,healthy,0.0,50.0,10.9622,0
SN_011699,LOT_039,12.1552,13.3324,13.9021,14.0088,0,healthy,0.0,50.0,10.9622,0
SN_011700,LOT_039,10.6865,11.6358,11.8633,12.2595,0,healthy,0.0,50.0,10.9622,0
SN_011701,LOT_039,9.837,10.8487,11.0912,11.3507,0,healthy,0.0,50.0,10.9622,0
SN_011702,LOT_039,11.3865,12.7548,13.2618,13.3956,0,healthy,0.0,50.0,10.9622,0
SN_011703,LOT_039,9.2384,9.7158,9.8833,10.082,0,healthy,0.0,50.0,10.9622,0
SN_011704,LOT_039,8.9932,9.6954,10.0169,10.1607,0,healthy,0.0,50.0,10.9622,0
SN_011705,LOT_039,13.0469,13.5049,13.9839,14.1025,0,healthy,0.0,50.0,10.9622,0
SN_011706,LOT_039,10.6783,11.3325,11.3668,11.5137,0,healthy,0.0,50.0,10.9622,0
SN_011707,LOT_039,8.5978,9.3505,9.5841,9.6972,0,healthy,0.0,50.0,10.9622,0
SN_011708,LOT_039,12.0282,12.7482,13.2968,13.3037,0,healthy,0.0,50.0,10.9622,0
SN_011709,LOT_039,10.6656,11.0407,11.1468,11.1885,0,healthy,0.0,50.0,10.9622,0
SN_011710,LOT_039,11.0331,12.4702,12.8791,13.0677,0,healthy,0.0,50.0,10.9622,0
SN_011711,LOT_039,13.4687,15.1879,15.9012,15.9852,0,healthy,0.0,50.0,10.9622,0
SN_011712,LOT_039,10.555,11.5322,11.8853,12.1458,0,healthy,0.0,50.0,10.9622,0
SN_011713,LOT_039,10.3709,11.4453,12.2229,12.5069,0,healthy,0.0,50.0,10.9622,0
SN_011714,LOT_039,9.6239,10.124,10.1932,10.4147,0,healthy,0.0,50.0,10.9622,0
SN_011715,LOT_039,10.4392,11.1601,11.4162,11.6787,0,healthy,0.0,50.0,10.9622,0
SN_011716,LOT_039,12.2635,12.8404,13.0315,13.233,0,healthy,0.0,50.0,10.9622,0
SN_011717,LOT_039,12.599,13.9121,14.177,14.707,0,healthy,0.0,50.0,10.9622,0
SN_011718,LOT_039,10.259,10.6039,10.6665,10.8658,0,healthy,0.0,50.0,10.9622,0
SN_011719,LOT_039,12.5616,13.8018,14.0411,14.4085,0,healthy,0.0,50.0,10.9622,0
SN_011720,LOT_039,12.6694,13.5066,13.9418,14.0036,0,healthy,0.0,50.0,10.9622,0
SN_011721,LOT_039,9.8614,10.5172,10.8481,10.7053,0,healthy,0.0,50.0,10.9622,0
SN_011722,LOT_039,11.7275,13.0751,13.7449,14.119,0,healthy,0.0,50.0,10.9622,0
SN_011723,LOT_039,11.0034,11.6425,11.9691,12.2845,0,healthy,0.0,50.0,10.9622,0
SN_011724,LOT_039,8.9341,9.8796,10.1357,10.405,0,healthy,0.0,50.0,10.9622,0
SN_011725,LOT_039,11.106,11.9211,12.0044,12.271,0,healthy,0.0,50.0,10.9622,0
SN_011726,LOT_039,10.2608,10.8023,10.9956,11.2135,0,healthy,0.0,50.0,10.9622,0
SN_011727,LOT_039,9.2293,9.7275,9.9281,10.0078,0,healthy,0.0,50.0,10.9622,0
SN_011728,LOT_039,11.2978,12.7558,12.9964,13.379,0,healthy,0.0,50.0,10.9622,0
SN_011729,LOT_039,10.8473,12.094,12.5662,12.8261,0,healthy,0.0,50.0,10.9622,0
SN_011730,LOT_039,12.1567,13.5873,14.0876,14.399,0,healthy,0.0,50.0,10.9622,0
SN_011731,LOT_039,12.0037,12.6443,12.8571,13.1611,0,healthy,0.0,50.0,10.9622,0
SN_011732,LOT_039,11.2752,12.7226,13.2733,13.5942,0,healthy,0.0,50.0,10.9622,0
SN_011733,LOT_039,11.2593,12.6135,12.7684,12.8952,0,healthy,0.0,50.0,10.9622,0
SN_011734,LOT_039,11.1081,11.5734,11.6853,11.8217,0,healthy,0.0,50.0,10.9622,0
SN_011735,LOT_039,10.8553,11.7423,11.9121,11.9743,0,healthy,0.0,50.0,10.9622,0
SN_011736,LOT_039,13.82,14.1684,14.3027,14.4224,0,healthy,0.0,50.0,10.9622,0
SN_011737,LOT_039,12.1098,12.8379,13.434,13.35,0,healthy,0.0,50.0,10.9622,0
SN_011738,LOT_039,9.9339,10.9231,11.5246,11.5568,0,healthy,0.0,50.0,10.9622,0
SN_011739,LOT_039,9.7554,10.6572,10.8531,11.082,0,healthy,0.0,50.0,10.9622,0
SN_011740,LOT_039,10.0691,10.62,10.7534,10.9955,0,healthy,0.0,50.0,10.9622,0
SN_011741,LOT_039,10.2039,10.8093,11.186,11.4287,0,healthy,0.0,50.0,10.9622,0
SN_011742,LOT_039,12.3609,13.9064,14.2727,14.5963,0,healthy,0.0,50.0,10.9622,0
SN_011743,LOT_039,10.0183,10.9262,11.1589,11.2144,0,healthy,0.0,50.0,10.9622,0
SN_011744,LOT_039,10.8127,12.1315,12.4853,12.8653,0,healthy,0.0,50.0,10.9622,0
SN_011745,LOT_039,10.4084,10.773,10.9545,11.0031,0,healthy,0.0,50.0,10.9622,0
SN_011746,LOT_039,9.2178,9.4313,9.6046,9.6454,0,healthy,0.0,50.0,10.9622,0
SN_011747,LOT_039,11.3703,12.7962,13.3089,13.4623,0,healthy,0.0,50.0,10.9622,0
SN_011748,LOT_039,9.9617,10.9568,11.103,11.1504,0,healthy,0.0,50.0,10.9622,0
SN_011749,LOT_039,11.1877,11.8325,11.8637,12.0927,0,healthy,0.0,50.0,10.9622,0
SN_011750,LOT_040,13.8359,14.8162,15.3649,15.4689,0,healthy,0.0,50.0,15.3756,0
SN_011751,LOT_040,18.206,19.8166,20.5406,20.9675,0,healthy,0.0,50.0,15.3756,0
SN_011752,LOT_040,14.0027,15.4318,15.9921,16.4583,0,healthy,0.0,50.0,15.3756,0
SN_011753,LOT_040,15.7372,17.8161,18.4508,18.7927,0,healthy,0.0,50.0,15.3756,0
SN_011754,LOT_040,16.1242,17.8218,18.5428,18.9205,0,healthy,0.0,50.0,15.3756,0
SN_011755,LOT_040,14.3867,15.5724,16.6673,16.6965,0,healthy,0.0,50.0,15.3756,0
SN_011756,LOT_040,11.1338,12.3956,12.7049,13.0696,0,healthy,0.0,50.0,15.3756,0
SN_011757,LOT_040,14.8099,16.0282,16.8032,17.169,0,healthy,0.0,50.0,15.3756,0
SN_011758,LOT_040,15.9385,17.053,17.2556,17.2609,0,healthy,0.0,50.0,15.3756,0
SN_011759,LOT_040,14.9153,16.1578,16.6454,16.8297,0,healthy,0.0,50.0,15.3756,0
SN_011760,LOT_040,14.4679,15.9769,16.5498,16.9863,0,healthy,0.0,50.0,15.3756,0
SN_011761,LOT_040,15.8291,17.7338,18.061,18.5202,0,healthy,0.0,50.0,15.3756,0
SN_011762,LOT_040,15.1699,17.0758,17.2867,17.7237,0,healthy,0.0,50.0,15.3756,0
SN_011763,LOT_040,16.7288,18.3914,18.7755,18.691,0,healthy,0.0,50.0,15.3756,0
SN_011764,LOT_040,13.9233,15.2931,15.4642,15.6627,0,healthy,0.0,50.0,15.3756,0
SN_011765,LOT_040,14.9723,16.5038,16.7373,16.9533,0,healthy,0.0,50.0,15.3756,0
SN_011766,LOT_040,18.3511,18.9345,19.309,19.3887,0,healthy,0.0,50.0,15.3756,0
SN_011767,LOT_040,15.0933,16.3249,16.8193,17.3004,0,healthy,0.0,50.0,15.3756,0
SN_011768,LOT_040,14.8665,16.1978,16.4946,16.7228,0,healthy,0.0,50.0,15.3756,0
SN_011769,LOT_040,18.2013,19.7576,20.4086,20.3863,0,healthy,0.0,50.0,15.3756,0
SN_011770,LOT_040,17.121,18.4741,18.7503,18.8375,0,healthy,0.0,50.0,15.3756,0
SN_011771,LOT_040,16.4698,17.1124,17.1815,17.4458,0,healthy,0.0,50.0,15.3756,0
SN_011772,LOT_040,15.4365,17.0651,17.6619,17.8408,0,healthy,0.0,50.0,15.3756,0
SN_011773,LOT_040,14.9472,16.4254,17.0772,17.3486,0,healthy,0.0,50.0,15.3756,0
SN_011774,LOT_040,14.831,16.503,16.9235,17.108,0,healthy,0.0,50.0,15.3756,0
SN_011775,LOT_040,15.3874,17.2405,17.8676,18.1865,0,healthy,0.0,50.0,15.3756,0
SN_011776,LOT_040,15.6464,17.1034,17.9405,18.1449,0,healthy,0.0,50.0,15.3756,0
SN_011777,LOT_040,17.1812,17.9961,18.1171,18.2159,0,healthy,0.0,50.0,15.3756,0
SN_011778,LOT_040,14.8035,19.6297,33.8089,48.1018,1,electromigration,0.5834,50.0,15.3756,0
SN_011779,LOT_040,18.3604,19.3501,19.6478,19.662,0,healthy,0.0,50.0,15.3756,0
SN_011780,LOT_040,14.5136,15.8311,16.1178,16.185,0,healthy,0.0,50.0,15.3756,0
SN_011781,LOT_040,13.7707,14.6524,15.0767,15.4328,0,healthy,0.0,50.0,15.3756,0
SN_011782,LOT_040,13.5864,14.687,15.0438,15.2427,0,healthy,0.0,50.0,15.3756,0
SN_011783,LOT_040,15.5135,16.075,16.2922,16.106,0,healthy,0.0,50.0,15.3756,0
SN_011784,LOT_040,14.7844,16.1529,16.6929,16.8846,0,healthy,0.0,50.0,15.3756,0
SN_011785,LOT_040,18.3802,20.6051,21.6788,21.9656,0,healthy,0.0,50.0,15.3756,0
SN_011786,LOT_040,14.8748,16.3767,17.1682,17.2152,0,healthy,0.0,50.0,15.3756,0
SN_011787,LOT_040,16.5559,19.933,30.0811,40.4809,1,electromigration,0.2565,50.0,15.3756,0
SN_011788,LOT_040,17.9636,19.2442,19.4611,19.6491,0,healthy,0.0,50.0,15.3756,0
SN_011789,LOT_040,17.8563,20.0255,21.0994,21.5173,0,healthy,0.0,50.0,15.3756,0
SN_011790,LOT_040,15.7625,16.5876,16.8347,16.7549,0,healthy,0.0,50.0,15.3756,0
SN_011791,LOT_040,12.5938,13.332,13.6532,13.8396,0,healthy,0.0,50.0,15.3756,0
SN_011792,LOT_040,16.903,18.5998,18.5804,19.163,0,healthy,0.0,50.0,15.3756,0
SN_011793,LOT_040,14.5533,15.418,15.9593,16.1763,0,healthy,0.0,50.0,15.3756,0
SN_011794,LOT_040,15.2547,17.0094,17.7206,18.1972,0,healthy,0.0,50.0,15.3756,0
SN_011795,LOT_040,14.033,15.4015,15.8347,16.0556,0,healthy,0.0,50.0,15.3756,0
SN_011796,LOT_040,13.7115,15.1949,15.919,16.0241,0,healthy,0.0,50.0,15.3756,0
SN_011797,LOT_040,15.755,17.1355,17.2707,17.738,0,healthy,0.0,50.0,15.3756,0
SN_011798,LOT_040,18.0059,19.96,20.7334,21.1475,0,healthy,0.0,50.0,15.3756,0
SN_011799,LOT_040,16.9189,17.9829,18.5422,18.6483,0,healthy,0.0,50.0,15.3756,0
SN_011800,LOT_040,17.7914,19.7566,20.6314,21.251,0,healthy,0.0,50.0,15.3756,0
SN_011801,LOT_040,12.2375,13.0312,13.4222,13.5812,0,healthy,0.0,50.0,15.3756,0
SN_011802,LOT_040,13.8416,14.7228,15.2941,15.4141,0,healthy,0.0,50.0,15.3756,0
SN_011803,LOT_040,13.9749,15.3598,15.4587,15.8672,0,healthy,0.0,50.0,15.3756,0
SN_011804,LOT_040,15.5179,16.2593,16.535,16.4326,0,healthy,0.0,50.0,15.3756,0
SN_011805,LOT_040,18.6305,19.3563,19.9812,20.1478,0,healthy,0.0,50.0,15.3756,0
SN_011806,LOT_040,13.1083,14.365,14.8436,14.9078,0,healthy,0.0,50.0,15.3756,0
SN_011807,LOT_040,15.948,16.7748,17.3375,17.6871,0,healthy,0.0,50.0,15.3756,0
SN_011808,LOT_040,13.1311,13.5281,13.8749,13.9014,0,healthy,0.0,50.0,15.3756,0
SN_011809,LOT_040,16.9379,17.4939,17.7768,17.859,0,healthy,0.0,50.0,15.3756,0
SN_011810,LOT_040,12.1839,13.758,14.356,14.5596,0,healthy,0.0,50.0,15.3756,0
SN_011811,LOT_040,17.2346,19.0358,19.5939,20.11,0,healthy,0.0,50.0,15.3756,0
SN_011812,LOT_040,13.4505,14.8128,15.6074,16.2305,0,healthy,0.0,50.0,15.3756,0
SN_011813,LOT_040,16.111,17.2426,17.5685,17.7239,0,healthy,0.0,50.0,15.3756,0
SN_011814,LOT_040,14.1878,14.9689,14.898,15.1875,0,healthy,0.0,50.0,15.3756,0
SN_011815,LOT_040,13.9344,15.1275,15.4762,15.6737,0,healthy,0.0,50.0,15.3756,0
SN_011816,LOT_040,16.2729,16.6597,17.2258,17.18,0,healthy,0.0,50.0,15.3756,0
SN_011817,LOT_040,16.2899,17.523,17.8335,18.2648,0,healthy,0.0,50.0,15.3756,0
SN_011818,LOT_040,13.6482,15.1053,15.3137,15.584,0,healthy,0.0,50.0,15.3756,0
SN_011819,LOT_040,16.4055,18.0806,18.515,19.1218,0,healthy,0.0,50.0,15.3756,0
SN_011820,LOT_040,15.1576,16.2205,16.5091,16.6029,0,healthy,0.0,50.0,15.3756,0
SN_011821,LOT_040,10.5775,11.8549,12.2457,12.4078,0,healthy,0.0,50.0,15.3756,0
SN_011822,LOT_040,15.0947,17.0519,17.6804,18.297,0,healthy,0.0,50.0,15.3756,0
SN_011823,LOT_040,14.5347,16.3572,16.7668,17.2383,0,healthy,0.0,50.0,15.3756,0
SN_011824,LOT_040,16.2775,17.6072,18.6287,18.7228,0,healthy,0.0,50.0,15.3756,0
SN_011825,LOT_040,18.3723,19.4782,19.5631,19.7168,0,healthy,0.0,50.0,15.3756,0
SN_011826,LOT_040,16.2006,17.1084,17.6161,17.6791,0,healthy,0.0,50.0,15.3756,0
SN_011827,LOT_040,13.9007,14.5756,14.7261,14.8034,0,healthy,0.0,50.0,15.3756,0
SN_011828,LOT_040,12.7026,13.121,13.4775,13.3496,0,healthy,0.0,50.0,15.3756,0
SN_011829,LOT_040,14.321,16.0784,16.9011,17.2386,0,healthy,0.0,50.0,15.3756,0
SN_011830,LOT_040,14.6159,15.9398,17.0853,17.1758,0,healthy,0.0,50.0,15.3756,0
SN_011831,LOT_040,13.2899,13.6647,14.0713,14.1591,0,healthy,0.0,50.0,15.3756,0
SN_011832,LOT_040,16.2515,17.3334,17.9498,18.1482,0,healthy,0.0,50.0,15.3756,0
SN_011833,LOT_040,15.8371,16.7734,16.8044,17.22,0,healthy,0.0,50.0,15.3756,0
SN_011834,LOT_040,15.7077,17.0398,17.3589,18.028,0,healthy,0.0,50.0,15.3756,0
SN_011835,LOT_040,16.5133,17.3833,17.3833,17.5924,0,healthy,0.0,50.0,15.3756,0
SN_011836,LOT_040,12.8857,14.2197,14.5331,14.5501,0,healthy,0.0,50.0,15.3756,0
SN_011837,LOT_040,15.2922,16.5629,17.2092,17.3281,0,healthy,0.0,50.0,15.3756,0
SN_011838,LOT_040,15.4905,16.8582,17.823,18.1905,0,healthy,0.0,50.0,15.3756,0
SN_011839,LOT_040,15.6355,17.4809,18.0474,18.37,0,healthy,0.0,50.0,15.3756,0
SN_011840,LOT_040,17.9539,20.0826,20.8067,21.3019,0,healthy,0.0,50.0,15.3756,0
SN_011841,LOT_040,14.1715,15.3606,15.5334,15.964,0,healthy,0.0,50.0,15.3756,0
SN_011842,LOT_040,18.8434,19.951,19.7547,20.103,0,healthy,0.0,50.0,15.3756,0
SN_011843,LOT_040,14.1664,15.8118,16.7107,16.8688,0,healthy,0.0,50.0,15.3756,0
SN_011844,LOT_040,16.6864,18.325,19.2269,19.4662,0,healthy,0.0,50.0,15.3756,0
SN_011845,LOT_040,21.1754,22.6377,23.54,23.6992,0,healthy,0.0,50.0,15.3756,0
SN_011846,LOT_040,14.0617,15.341,15.5974,16.0619,0,healthy,0.0,50.0,15.3756,0
SN_011847,LOT_040,17.0666,17.9843,17.9579,18.2686,0,healthy,0.0,50.0,15.3756,0
SN_011848,LOT_040,15.3814,16.6975,17.7383,17.8784,0,healthy,0.0,50.0,15.3756,0
SN_011849,LOT_040,15.1932,16.5086,17.0655,17.7024,0,healthy,0.0,50.0,15.3756,0
SN_011850,LOT_040,13.7689,14.5092,14.8493,15.0292,0,healthy,0.0,50.0,15.3756,0
SN_011851,LOT_040,14.5802,16.2649,16.5538,16.8216,0,healthy,0.0,50.0,15.3756,0
SN_011852,LOT_040,16.2209,18.6919,19.202,19.6242,0,healthy,0.0,50.0,15.3756,0
SN_011853,LOT_040,13.8933,14.513,14.6202,14.791,0,healthy,0.0,50.0,15.3756,0
SN_011854,LOT_040,16.3883,18.4085,19.0536,19.5708,0,healthy,0.0,50.0,15.3756,0
SN_011855,LOT_040,14.7041,15.3773,15.552,15.7004,0,healthy,0.0,50.0,15.3756,0
SN_011856,LOT_040,15.0415,16.4308,16.6231,16.736,0,healthy,0.0,50.0,15.3756,0
SN_011857,LOT_040,13.1131,13.6026,13.6754,13.8386,0,healthy,0.0,50.0,15.3756,0
SN_011858,LOT_040,19.0243,21.4408,22.2054,22.4343,0,healthy,0.0,50.0,15.3756,0
SN_011859,LOT_040,13.7275,15.3528,15.8494,16.3635,0,healthy,0.0,50.0,15.3756,0
SN_011860,LOT_040,15.3006,16.6265,16.8303,17.1164,0,healthy,0.0,50.0,15.3756,0
SN_011861,LOT_040,16.6125,18.3234,19.2206,19.2365,0,healthy,0.0,50.0,15.3756,0
SN_011862,LOT_040,15.9156,16.759,16.9868,16.9623,0,healthy,0.0,50.0,15.3756,0
SN_011863,LOT_040,16.2586,17.9287,18.4275,19.2095,0,healthy,0.0,50.0,15.3756,0
SN_011864,LOT_040,16.9154,18.5743,19.0398,19.1422,0,healthy,0.0,50.0,15.3756,0
SN_011865,LOT_040,16.3849,17.2778,17.7121,17.7711,0,healthy,0.0,50.0,15.3756,0
SN_011866,LOT_040,14.7302,16.1584,16.7409,17.3375,0,healthy,0.0,50.0,15.3756,0
SN_011867,LOT_040,17.7525,19.5221,19.995,20.5151,0,healthy,0.0,50.0,15.3756,0
SN_011868,LOT_040,14.7548,15.9025,16.2991,16.4333,0,healthy,0.0,50.0,15.3756,0
SN_011869,LOT_040,14.3588,15.9849,16.3522,16.8,0,healthy,0.0,50.0,15.3756,0
SN_011870,LOT_040,16.4762,18.3436,19.0737,19.7503,0,healthy,0.0,50.0,15.3756,0
SN_011871,LOT_040,11.5676,12.2518,12.3492,12.6019,0,healthy,0.0,50.0,15.3756,0
SN_011872,LOT_040,15.3619,15.9765,16.1917,16.2687,0,healthy,0.0,50.0,15.3756,0
SN_011873,LOT_040,14.9328,15.3153,15.6247,15.8052,0,healthy,0.0,50.0,15.3756,0
SN_011874,LOT_040,15.0287,16.0265,16.2452,16.6039,0,healthy,0.0,50.0,15.3756,0
SN_011875,LOT_040,13.7999,14.6015,14.8896,15.1698,0,healthy,0.0,50.0,15.3756,0
SN_011876,LOT_040,16.0681,16.6699,16.8354,17.194,0,healthy,0.0,50.0,15.3756,0
SN_011877,LOT_040,16.3739,18.1483,19.2806,19.8247,0,healthy,0.0,50.0,15.3756,0
SN_011878,LOT_040,14.4128,15.534,15.8785,16.0423,0,healthy,0.0,50.0,15.3756,0
SN_011879,LOT_040,13.7931,14.6299,14.9372,15.4224,0,healthy,0.0,50.0,15.3756,0
SN_011880,LOT_040,15.1316,15.7682,15.9538,16.1847,0,healthy,0.0,50.0,15.3756,0
SN_011881,LOT_040,17.4404,18.2883,18.7119,18.8603,0,healthy,0.0,50.0,15.3756,0
SN_011882,LOT_040,15.9554,16.5849,16.943,16.9862,0,healthy,0.0,50.0,15.3756,0
SN_011883,LOT_040,16.5271,18.0002,18.3415,18.7351,0,healthy,0.0,50.0,15.3756,0
SN_011884,LOT_040,15.0569,15.8088,16.1268,16.1763,0,healthy,0.0,50.0,15.3756,0
SN_011885,LOT_040,14.0539,15.7547,16.2441,16.533,0,healthy,0.0,50.0,15.3756,0
SN_011886,LOT_040,19.1169,20.7997,21.167,21.5877,0,healthy,0.0,50.0,15.3756,0
SN_011887,LOT_040,12.7561,13.8085,14.2296,14.3823,0,healthy,0.0,50.0,15.3756,0
SN_011888,LOT_040,14.2719,15.4135,15.8763,16.0996,0,healthy,0.0,50.0,15.3756,0
SN_011889,LOT_040,18.7337,20.9691,21.8669,22.3309,0,healthy,0.0,50.0,15.3756,0
SN_011890,LOT_040,16.2489,16.9036,16.9111,16.983,0,healthy,0.0,50.0,15.3756,0
SN_011891,LOT_040,15.073,16.8358,17.2294,17.4594,0,healthy,0.0,50.0,15.3756,0
SN_011892,LOT_040,15.9019,16.4972,16.5855,16.3212,0,healthy,0.0,50.0,15.3756,0
SN_011893,LOT_040,15.7731,16.4028,16.7393,17.0132,0,healthy,0.0,50.0,15.3756,0
SN_011894,LOT_040,18.2645,20.7599,21.3954,21.7164,0,healthy,0.0,50.0,15.3756,0
SN_011895,LOT_040,14.9018,16.3877,17.3614,17.6471,0,healthy,0.0,50.0,15.3756,0
SN_011896,LOT_040,13.7007,14.2156,14.6841,14.6348,0,healthy,0.0,50.0,15.3756,0
SN_011897,LOT_040,11.6593,12.9621,13.4111,13.6376,0,healthy,0.0,50.0,15.3756,0
SN_011898,LOT_040,14.4331,16.4846,22.7692,28.9893,1,electromigration,0.0842,50.0,15.3756,0
SN_011899,LOT_040,15.8733,17.2543,17.8543,18.1195,0,healthy,0.0,50.0,15.3756,0
SN_011900,LOT_040,18.7812,20.9635,21.514,22.5892,0,healthy,0.0,50.0,15.3756,0
SN_011901,LOT_040,15.3545,15.9982,16.4953,16.4362,0,healthy,0.0,50.0,15.3756,0
SN_011902,LOT_040,15.033,15.9552,16.2618,16.5702,0,healthy,0.0,50.0,15.3756,0
SN_011903,LOT_040,17.0842,18.6584,19.0083,19.4636,0,healthy,0.0,50.0,15.3756,0
SN_011904,LOT_040,14.9079,16.5797,17.2645,17.4139,0,healthy,0.0,50.0,15.3756,0
SN_011905,LOT_040,14.7621,16.4196,16.9945,17.2014,0,healthy,0.0,50.0,15.3756,0
SN_011906,LOT_040,18.3184,19.9718,20.4106,20.5063,0,healthy,0.0,50.0,15.3756,0
SN_011907,LOT_040,14.5612,16.3108,16.7138,16.8916,0,healthy,0.0,50.0,15.3756,0
SN_011908,LOT_040,12.9911,13.5161,13.8947,14.3928,0,healthy,0.0,50.0,15.3756,0
SN_011909,LOT_040,15.6872,17.3423,17.6681,17.9278,0,healthy,0.0,50.0,15.3756,0
SN_011910,LOT_040,13.5317,14.3591,14.3228,14.3824,0,healthy,0.0,50.0,15.3756,0
SN_011911,LOT_040,19.2869,20.2967,20.8859,21.0773,0,healthy,0.0,50.0,15.3756,0
SN_011912,LOT_040,15.914,16.6353,16.9464,16.907,0,healthy,0.0,50.0,15.3756,0
SN_011913,LOT_040,15.5355,17.0551,17.7114,18.0074,0,healthy,0.0,50.0,15.3756,0
SN_011914,LOT_040,16.1109,17.961,18.4501,18.7785,0,healthy,0.0,50.0,15.3756,0
SN_011915,LOT_040,14.8763,16.6755,17.5067,17.7026,0,healthy,0.0,50.0,15.3756,0
SN_011916,LOT_040,12.9392,13.6273,13.8328,13.8711,0,healthy,0.0,50.0,15.3756,0
SN_011917,LOT_040,18.8682,20.0264,20.3583,20.7352,0,healthy,0.0,50.0,15.3756,0
SN_011918,LOT_040,16.5587,18.2141,18.8878,19.0199,0,healthy,0.0,50.0,15.3756,0
SN_011919,LOT_040,15.1991,16.3316,16.7719,16.9321,0,healthy,0.0,50.0,15.3756,0
SN_011920,LOT_040,14.0681,15.1938,15.7077,15.7717,0,healthy,0.0,50.0,15.3756,0
SN_011921,LOT_040,14.8533,15.6273,15.8798,16.0863,0,healthy,0.0,50.0,15.3756,0
SN_011922,LOT_040,14.8749,17.0833,17.4669,17.8658,0,healthy,0.0,50.0,15.3756,0
SN_011923,LOT_040,18.0373,19.9126,20.2898,20.4698,0,healthy,0.0,50.0,15.3756,0
SN_011924,LOT_040,15.9937,17.3632,17.6793,18.1933,0,healthy,0.0,50.0,15.3756,0
SN_011925,LOT_040,16.0905,17.5038,17.9067,18.2092,0,healthy,0.0,50.0,15.3756,0
SN_011926,LOT_040,12.8564,14.0325,14.6029,15.1021,0,healthy,0.0,50.0,15.3756,0
SN_011927,LOT_040,13.2178,14.2145,14.5812,14.6882,0,healthy,0.0,50.0,15.3756,0
SN_011928,LOT_040,16.674,17.9211,18.1088,18.1106,0,healthy,0.0,50.0,15.3756,0
SN_011929,LOT_040,15.9173,17.4583,17.9665,18.3771,0,healthy,0.0,50.0,15.3756,0
SN_011930,LOT_040,14.7831,16.8302,17.2744,17.743,0,healthy,0.0,50.0,15.3756,0
SN_011931,LOT_040,15.5648,16.4483,16.9455,17.0883,0,healthy,0.0,50.0,15.3756,0
SN_011932,LOT_040,15.0088,15.7675,16.183,16.0919,0,healthy,0.0,50.0,15.3756,0
SN_011933,LOT_040,17.4091,18.4181,18.882,19.1583,0,healthy,0.0,50.0,15.3756,0
SN_011934,LOT_040,16.0837,16.691,17.127,17.3167,0,healthy,0.0,50.0,15.3756,0
SN_011935,LOT_040,13.253,14.9186,15.0384,15.2232,0,healthy,0.0,50.0,15.3756,0
SN_011936,LOT_040,17.0743,17.9661,18.9499,19.0086,0,healthy,0.0,50.0,15.3756,0
SN_011937,LOT_040,15.5755,16.7368,17.0733,16.8506,0,healthy,0.0,50.0,15.3756,0
SN_011938,LOT_040,14.0632,15.4057,16.0617,16.2263,0,healthy,0.0,50.0,15.3756,0
SN_011939,LOT_040,18.0076,20.1002,20.7407,20.9451,0,healthy,0.0,50.0,15.3756,0
SN_011940,LOT_040,14.2506,15.5466,16.3552,16.4427,0,healthy,0.0,50.0,15.3756,0
SN_011941,LOT_040,14.2695,15.8148,16.1017,16.1581,0,healthy,0.0,50.0,15.3756,0
SN_011942,LOT_040,14.4349,15.3686,15.8707,15.8388,0,healthy,0.0,50.0,15.3756,0
SN_011943,LOT_040,12.6577,14.0319,14.0695,14.2881,0,healthy,0.0,50.0,15.3756,0
SN_011944,LOT_040,13.6509,14.8854,15.4413,15.8902,0,healthy,0.0,50.0,15.3756,0
SN_011945,LOT_040,17.9407,19.5017,19.8713,19.8484,0,healthy,0.0,50.0,15.3756,0
SN_011946,LOT_040,13.6538,15.1328,15.9913,16.3096,0,healthy,0.0,50.0,15.3756,0
SN_011947,LOT_040,12.2214,13.3331,13.9338,13.9138,0,healthy,0.0,50.0,15.3756,0
SN_011948,LOT_040,15.7666,17.0731,17.6837,17.8539,0,healthy,0.0,50.0,15.3756,0
SN_011949,LOT_040,12.8134,13.4945,13.6225,13.6698,0,healthy,0.0,50.0,15.3756,0
SN_011950,LOT_040,15.2258,17.0155,17.5625,17.8343,0,healthy,0.0,50.0,15.3756,0
SN_011951,LOT_040,18.4455,19.6973,20.5299,20.9827,0,healthy,0.0,50.0,15.3756,0
SN_011952,LOT_040,13.6652,15.3817,15.8038,16.0675,0,healthy,0.0,50.0,15.3756,0
SN_011953,LOT_040,14.1798,14.9341,15.1004,15.0424,0,healthy,0.0,50.0,15.3756,0
SN_011954,LOT_040,13.9704,14.6975,15.4614,15.631,0,healthy,0.0,50.0,15.3756,0
SN_011955,LOT_040,14.8356,15.3168,15.4948,16.0085,0,healthy,0.0,50.0,15.3756,0
SN_011956,LOT_040,16.4237,17.2715,17.7763,18.0099,0,healthy,0.0,50.0,15.3756,0
SN_011957,LOT_040,16.6431,17.3246,17.6228,17.5531,0,healthy,0.0,50.0,15.3756,0
SN_011958,LOT_040,13.9621,14.9132,15.7674,15.9012,0,healthy,0.0,50.0,15.3756,0
SN_011959,LOT_040,15.6183,17.099,17.4582,17.7695,0,healthy,0.0,50.0,15.3756,0
SN_011960,LOT_040,13.5365,14.218,14.3725,14.5972,0,healthy,0.0,50.0,15.3756,0
SN_011961,LOT_040,13.7547,14.9281,15.4123,15.6937,0,healthy,0.0,50.0,15.3756,0
SN_011962,LOT_040,13.8094,14.8427,15.1374,15.1335,0,healthy,0.0,50.0,15.3756,0
SN_011963,LOT_040,13.6404,14.6445,14.9291,15.1189,0,healthy,0.0,50.0,15.3756,0
SN_011964,LOT_040,17.5447,19.278,19.4455,19.6471,0,healthy,0.0,50.0,15.3756,0
SN_011965,LOT_040,16.8637,18.2642,18.4857,18.8107,0,healthy,0.0,50.0,15.3756,0
SN_011966,LOT_040,13.6838,14.6016,14.8445,15.0148,0,healthy,0.0,50.0,15.3756,0
SN_011967,LOT_040,15.5121,16.2262,16.2847,16.4565,0,healthy,0.0,50.0,15.3756,0
SN_011968,LOT_040,15.5193,16.2293,16.986,17.036,0,healthy,0.0,50.0,15.3756,0
SN_011969,LOT_040,17.8587,19.1076,19.7754,20.2668,0,healthy,0.0,50.0,15.3756,0
SN_011970,LOT_040,16.5752,17.9899,18.9175,19.1422,0,healthy,0.0,50.0,15.3756,0
SN_011971,LOT_040,15.4405,17.1367,17.3098,17.1566,0,healthy,0.0,50.0,15.3756,0
SN_011972,LOT_040,13.6876,14.0392,14.2148,14.4779,0,healthy,0.0,50.0,15.3756,0
SN_011973,LOT_040,16.3294,17.4258,17.8451,17.9785,0,healthy,0.0,50.0,15.3756,0
SN_011974,LOT_040,15.4808,17.1725,17.8598,18.0688,0,healthy,0.0,50.0,15.3756,0
SN_011975,LOT_040,16.8499,18.1517,19.1432,19.2465,0,healthy,0.0,50.0,15.3756,0
SN_011976,LOT_040,16.4402,17.9292,18.5475,18.436,0,healthy,0.0,50.0,15.3756,0
SN_011977,LOT_040,13.646,15.2458,15.9647,16.0015,0,healthy,0.0,50.0,15.3756,0
SN_011978,LOT_040,16.4832,17.5641,17.9437,18.0542,0,healthy,0.0,50.0,15.3756,0
SN_011979,LOT_040,15.3967,16.4203,16.47,16.7581,0,healthy,0.0,50.0,15.3756,0
SN_011980,LOT_040,14.1244,15.378,16.046,16.5199,0,healthy,0.0,50.0,15.3756,0
SN_011981,LOT_040,14.2301,15.192,15.3871,15.5343,0,healthy,0.0,50.0,15.3756,0
SN_011982,LOT_040,14.0478,15.87,16.4354,16.5011,0,healthy,0.0,50.0,15.3756,0
SN_011983,LOT_040,18.126,19.8492,20.5124,20.4346,0,healthy,0.0,50.0,15.3756,0
SN_011984,LOT_040,16.8167,18.4194,19.0618,19.35,0,healthy,0.0,50.0,15.3756,0
SN_011985,LOT_040,17.5239,18.3775,18.4207,18.7144,0,healthy,0.0,50.0,15.3756,0
SN_011986,LOT_040,14.8939,15.7551,15.7747,15.9549,0,healthy,0.0,50.0,15.3756,0
SN_011987,LOT_040,14.4705,16.1694,16.3582,16.6567,0,healthy,0.0,50.0,15.3756,0
SN_011988,LOT_040,18.3341,19.6307,19.9494,20.0816,0,healthy,0.0,50.0,15.3756,0
SN_011989,LOT_040,17.1341,18.7443,18.9846,19.0121,0,healthy,0.0,50.0,15.3756,0
SN_011990,LOT_040,13.7966,14.6124,14.9464,15.0685,0,healthy,0.0,50.0,15.3756,0
SN_011991,LOT_040,17.5168,19.1485,19.6909,19.8305,0,healthy,0.0,50.0,15.3756,0
SN_011992,LOT_040,15.3024,16.312,17.0006,17.1329,0,healthy,0.0,50.0,15.3756,0
SN_011993,LOT_040,16.0033,16.7095,17.0405,17.1986,0,healthy,0.0,50.0,15.3756,0
SN_011994,LOT_040,14.4738,16.3195,16.9782,17.141,0,healthy,0.0,50.0,15.3756,0
SN_011995,LOT_040,21.6081,22.3694,23.1812,23.0735,0,healthy,0.0,50.0,15.3756,0
SN_011996,LOT_040,15.8081,16.4029,16.5133,16.7406,0,healthy,0.0,50.0,15.3756,0
SN_011997,LOT_040,12.9366,14.2575,14.883,15.4654,0,healthy,0.0,50.0,15.3756,0
SN_011998,LOT_040,15.5089,16.314,16.6035,16.8598,0,healthy,0.0,50.0,15.3756,0
SN_011999,LOT_040,14.7892,15.8869,16.0651,15.9089,0,healthy,0.0,50.0,15.3756,0
SN_012000,LOT_040,16.5967,18.4663,19.0778,19.4628,0,healthy,0.0,50.0,15.3756,0
SN_012001,LOT_040,16.9348,17.4195,18.2289,18.2098,0,healthy,0.0,50.0,15.3756,0
SN_012002,LOT_040,16.1792,18.0755,18.7946,18.8553,0,healthy,0.0,50.0,15.3756,0
SN_012003,LOT_040,15.4193,16.2215,16.5527,17.0016,0,healthy,0.0,50.0,15.3756,0
SN_012004,LOT_040,15.6339,17.6523,18.0745,18.4916,0,healthy,0.0,50.0,15.3756,0
SN_012005,LOT_040,18.0678,19.3958,19.8325,20.6,0,healthy,0.0,50.0,15.3756,0
SN_012006,LOT_040,13.4422,14.1345,14.4881,14.7262,0,healthy,0.0,50.0,15.3756,0
SN_012007,LOT_040,16.6085,18.4232,19.3696,19.9135,0,healthy,0.0,50.0,15.3756,0
SN_012008,LOT_040,14.6672,15.9437,16.4199,16.252,0,healthy,0.0,50.0,15.3756,0
SN_012009,LOT_040,17.0588,17.9457,18.1523,18.2278,0,healthy,0.0,50.0,15.3756,0
SN_012010,LOT_040,17.2148,17.3976,18.1932,18.2334,0,healthy,0.0,50.0,15.3756,0
SN_012011,LOT_040,15.9077,16.9736,17.474,17.472,0,healthy,0.0,50.0,15.3756,0
SN_012012,LOT_040,15.244,15.7957,16.3592,16.8015,0,healthy,0.0,50.0,15.3756,0
SN_012013,LOT_040,16.4969,17.0088,17.0412,17.4261,0,healthy,0.0,50.0,15.3756,0
SN_012014,LOT_040,13.7257,14.2675,14.7754,14.9155,0,healthy,0.0,50.0,15.3756,0
SN_012015,LOT_040,15.0337,17.0846,17.7191,17.9326,0,healthy,0.0,50.0,15.3756,0
SN_012016,LOT_040,16.7434,17.7419,17.9595,18.3511,0,healthy,0.0,50.0,15.3756,0
SN_012017,LOT_040,16.5474,18.4084,19.0222,19.0328,0,healthy,0.0,50.0,15.3756,0
SN_012018,LOT_040,15.7315,17.1825,17.7695,17.5121,0,healthy,0.0,50.0,15.3756,0
SN_012019,LOT_040,12.8632,13.6585,14.169,14.3783,0,healthy,0.0,50.0,15.3756,0
SN_012020,LOT_040,13.6363,14.5904,14.7577,14.7097,0,healthy,0.0,50.0,15.3756,0
SN_012021,LOT_040,14.0102,15.1607,15.9269,16.0851,0,healthy,0.0,50.0,15.3756,0
SN_012022,LOT_040,14.1394,15.817,16.2618,16.6661,0,healthy,0.0,50.0,15.3756,0
SN_012023,LOT_040,15.7473,16.4587,16.6442,16.9919,0,healthy,0.0,50.0,15.3756,0
SN_012024,LOT_040,12.7372,14.0969,14.3017,14.4735,0,healthy,0.0,50.0,15.3756,0
SN_012025,LOT_040,16.0111,17.6533,18.5851,19.0365,0,healthy,0.0,50.0,15.3756,0
SN_012026,LOT_040,17.8618,19.9656,20.6209,21.2217,0,healthy,0.0,50.0,15.3756,0
SN_012027,LOT_040,15.0282,16.5226,17.4608,17.9624,0,healthy,0.0,50.0,15.3756,0
SN_012028,LOT_040,13.7197,15.1454,15.8551,16.2386,0,healthy,0.0,50.0,15.3756,0
SN_012029,LOT_040,16.6886,17.2834,18.2621,18.1373,0,healthy,0.0,50.0,15.3756,0
SN_012030,LOT_040,16.8622,19.0108,19.5841,20.0382,0,healthy,0.0,50.0,15.3756,0
SN_012031,LOT_040,18.346,19.9772,20.1192,20.3636,0,healthy,0.0,50.0,15.3756,0
SN_012032,LOT_040,13.8968,15.2916,15.7592,16.4126,0,healthy,0.0,50.0,15.3756,0
SN_012033,LOT_040,15.7885,18.2165,18.6204,18.9818,0,healthy,0.0,50.0,15.3756,0
SN_012034,LOT_040,12.6135,33.7626,35.7909,35.8902,1,mobile_ion,0.7385,50.0,15.3756,0
SN_012035,LOT_040,18.0342,18.8959,19.4512,19.3288,0,healthy,0.0,50.0,15.3756,0
SN_012036,LOT_040,20.484,23.4121,24.0847,24.646,0,healthy,0.0,50.0,15.3756,0
SN_012037,LOT_040,15.4368,17.5256,18.1942,18.3802,0,healthy,0.0,50.0,15.3756,0
SN_012038,LOT_040,14.8889,16.0154,16.2555,16.4987,0,healthy,0.0,50.0,15.3756,0
SN_012039,LOT_040,14.3483,15.0207,15.2055,15.0963,0,healthy,0.0,50.0,15.3756,0
SN_012040,LOT_040,16.1433,16.957,17.1946,17.3485,0,healthy,0.0,50.0,15.3756,0
SN_012041,LOT_040,16.454,18.4402,19.1048,19.6194,0,healthy,0.0,50.0,15.3756,0
SN_012042,LOT_040,16.4384,17.8362,18.6007,18.7687,0,healthy,0.0,50.0,15.3756,0
SN_012043,LOT_040,13.5234,14.1274,14.3521,14.5424,0,healthy,0.0,50.0,15.3756,0
SN_012044,LOT_040,15.682,16.5552,17.3342,17.5922,0,healthy,0.0,50.0,15.3756,0
SN_012045,LOT_040,11.6781,12.7017,13.2386,13.2044,0,healthy,0.0,50.0,15.3756,0
SN_012046,LOT_040,15.1662,16.7283,17.3237,17.7513,0,healthy,0.0,50.0,15.3756,0
SN_012047,LOT_040,15.1194,15.8735,15.8189,15.9765,0,healthy,0.0,50.0,15.3756,0
SN_012048,LOT_040,12.0996,13.416,14.0155,14.0688,0,healthy,0.0,50.0,15.3756,0
SN_012049,LOT_040,14.0594,15.5742,15.7058,16.1934,0,healthy,0.0,50.0,15.3756,0
SN_012050,LOT_040,14.1817,15.3088,15.4413,15.8382,0,healthy,0.0,50.0,15.3756,0
SN_012051,LOT_040,15.1233,16.8069,17.2413,17.7979,0,healthy,0.0,50.0,15.3756,0
SN_012052,LOT_040,20.5893,22.1,22.8726,23.4293,0,healthy,0.0,50.0,15.3756,0
SN_012053,LOT_040,13.9366,15.0934,15.3946,15.7034,0,healthy,0.0,50.0,15.3756,0
SN_012054,LOT_040,13.4916,13.9608,14.2168,14.2226,0,healthy,0.0,50.0,15.3756,0
SN_012055,LOT_040,17.8873,19.5614,20.0646,20.3999,0,healthy,0.0,50.0,15.3756,0
SN_012056,LOT_040,16.5246,17.7192,18.104,18.49,0,healthy,0.0,50.0,15.3756,0
SN_012057,LOT_040,15.8665,17.4819,18.0674,18.495,0,healthy,0.0,50.0,15.3756,0
SN_012058,LOT_040,16.9963,18.9958,19.8849,20.2207,0,healthy,0.0,50.0,15.3756,0
SN_012059,LOT_040,17.9288,19.0437,19.555,20.0636,0,healthy,0.0,50.0,15.3756,0
SN_012060,LOT_040,16.7021,18.3279,18.982,19.6936,0,healthy,0.0,50.0,15.3756,0
SN_012061,LOT_040,14.4017,15.4085,15.7155,15.835,0,healthy,0.0,50.0,15.3756,0
SN_012062,LOT_040,17.5789,19.2906,19.9512,20.5334,0,healthy,0.0,50.0,15.3756,0
SN_012063,LOT_040,14.2328,14.9561,15.6259,15.3607,0,healthy,0.0,50.0,15.3756,0
SN_012064,LOT_040,15.913,16.9601,17.1268,17.2001,0,healthy,0.0,50.0,15.3756,0
SN_012065,LOT_040,12.8778,14.0701,14.1468,14.2922,0,healthy,0.0,50.0,15.3756,0
SN_012066,LOT_040,18.3364,20.1561,20.7734,21.0518,0,healthy,0.0,50.0,15.3756,0
SN_012067,LOT_040,16.1731,16.9811,17.3217,17.3019,0,healthy,0.0,50.0,15.3756,0
SN_012068,LOT_040,17.1621,18.8315,19.3975,19.5772,0,healthy,0.0,50.0,15.3756,0
SN_012069,LOT_040,14.6885,16.0593,16.4148,17.1011,0,healthy,0.0,50.0,15.3756,0
SN_012070,LOT_040,14.0637,14.8981,14.8379,15.2451,0,healthy,0.0,50.0,15.3756,0
SN_012071,LOT_040,15.4598,16.8741,17.135,17.5039,0,healthy,0.0,50.0,15.3756,0
SN_012072,LOT_040,13.8267,15.2212,15.8793,15.8796,0,healthy,0.0,50.0,15.3756,0
SN_012073,LOT_041,13.0587,13.6383,13.7446,13.8012,0,healthy,0.0,50.0,12.8791,0
SN_012074,LOT_041,14.1701,14.961,14.7135,14.9788,0,healthy,0.0,50.0,12.8791,0
SN_012075,LOT_041,15.7237,17.5335,18.5112,18.7737,0,healthy,0.0,50.0,12.8791,0
SN_012076,LOT_041,12.8981,14.2655,15.0759,15.1277,0,healthy,0.0,50.0,12.8791,0
SN_012077,LOT_041,14.0214,15.0903,15.4751,15.7522,0,healthy,0.0,50.0,12.8791,0
SN_012078,LOT_041,12.7031,14.598,14.6761,15.0512,0,healthy,0.0,50.0,12.8791,0
SN_012079,LOT_041,13.8495,14.7359,15.7437,15.8535,0,healthy,0.0,50.0,12.8791,0
SN_012080,LOT_041,9.9794,10.7903,11.2164,11.5511,0,healthy,0.0,50.0,12.8791,0
SN_012081,LOT_041,10.008,11.0577,11.7011,12.0725,0,healthy,0.0,50.0,12.8791,0
SN_012082,LOT_041,13.9501,15.2589,16.1716,16.4604,0,healthy,0.0,50.0,12.8791,0
SN_012083,LOT_041,12.8298,13.3539,13.9916,14.1476,0,healthy,0.0,50.0,12.8791,0
SN_012084,LOT_041,11.9901,12.7161,12.9628,13.1584,0,healthy,0.0,50.0,12.8791,0
SN_012085,LOT_041,12.3425,13.4566,13.7251,14.0768,0,healthy,0.0,50.0,12.8791,0
SN_012086,LOT_041,13.3991,14.3977,14.7538,14.9995,0,healthy,0.0,50.0,12.8791,0
SN_012087,LOT_041,12.2552,13.6764,14.1226,14.1984,0,healthy,0.0,50.0,12.8791,0
SN_012088,LOT_041,10.9422,11.1699,11.4189,11.516,0,healthy,0.0,50.0,12.8791,0
SN_012089,LOT_041,13.3984,14.4742,15.3231,15.5115,0,healthy,0.0,50.0,12.8791,0
SN_012090,LOT_041,13.4854,14.6618,15.2797,15.4797,0,healthy,0.0,50.0,12.8791,0
SN_012091,LOT_041,14.9887,16.0224,16.0784,16.1889,0,healthy,0.0,50.0,12.8791,0
SN_012092,LOT_041,13.949,15.2932,15.8047,15.9628,0,healthy,0.0,50.0,12.8791,0
SN_012093,LOT_041,12.4845,13.7641,14.4916,14.5024,0,healthy,0.0,50.0,12.8791,0
SN_012094,LOT_041,13.0099,13.3885,13.4467,13.7682,0,healthy,0.0,50.0,12.8791,0
SN_012095,LOT_041,12.8148,14.4536,14.8758,15.1034,0,healthy,0.0,50.0,12.8791,0
SN_012096,LOT_041,12.8337,14.3653,14.9797,15.0505,0,healthy,0.0,50.0,12.8791,0
SN_012097,LOT_041,12.8951,13.413,13.3401,13.5992,0,healthy,0.0,50.0,12.8791,0
SN_012098,LOT_041,11.4327,12.0434,12.371,12.354,0,healthy,0.0,50.0,12.8791,0
SN_012099,LOT_041,14.2325,14.7073,15.2339,15.4171,0,healthy,0.0,50.0,12.8791,0
SN_012100,LOT_041,11.9143,12.864,13.3112,13.6467,0,healthy,0.0,50.0,12.8791,0
SN_012101,LOT_041,12.5148,13.5794,14.2539,14.6385,0,healthy,0.0,50.0,12.8791,0
SN_012102,LOT_041,11.8852,12.8894,13.4471,13.6794,0,healthy,0.0,50.0,12.8791,0
SN_012103,LOT_041,11.8561,12.8103,13.3538,13.5663,0,healthy,0.0,50.0,12.8791,0
SN_012104,LOT_041,10.9281,11.8114,12.0838,12.198,0,healthy,0.0,50.0,12.8791,0
SN_012105,LOT_041,13.2644,14.5437,14.8882,15.0828,0,healthy,0.0,50.0,12.8791,0
SN_012106,LOT_041,11.4125,11.9783,12.0388,12.21,0,healthy,0.0,50.0,12.8791,0
SN_012107,LOT_041,11.3635,11.9778,12.2432,12.5357,0,healthy,0.0,50.0,12.8791,0
SN_012108,LOT_041,12.9647,13.7443,14.1495,14.5404,0,healthy,0.0,50.0,12.8791,0
SN_012109,LOT_041,14.8817,16.1918,16.8032,17.5437,0,healthy,0.0,50.0,12.8791,0
SN_012110,LOT_041,12.8216,13.4491,13.6125,13.7101,0,healthy,0.0,50.0,12.8791,0
SN_012111,LOT_041,10.158,11.0287,11.3615,11.6178,0,healthy,0.0,50.0,12.8791,0
SN_012112,LOT_041,13.0143,13.6813,13.8999,14.1766,0,healthy,0.0,50.0,12.8791,0
SN_012113,LOT_041,13.6057,15.3881,15.6457,16.1954,0,healthy,0.0,50.0,12.8791,0
SN_012114,LOT_041,14.2645,15.48,15.8428,16.1648,0,healthy,0.0,50.0,12.8791,0
SN_012115,LOT_041,13.6443,14.8203,15.3119,15.6143,0,healthy,0.0,50.0,12.8791,0
SN_012116,LOT_041,11.6041,13.2322,13.8253,13.8437,0,healthy,0.0,50.0,12.8791,0
SN_012117,LOT_041,14.3448,16.406,16.707,17.0549,0,healthy,0.0,50.0,12.8791,0
SN_012118,LOT_041,11.1427,12.6389,13.1092,13.4382,0,healthy,0.0,50.0,12.8791,0
SN_012119,LOT_041,11.8989,13.2526,13.9246,14.3447,0,healthy,0.0,50.0,12.8791,0
SN_012120,LOT_041,13.3768,14.5643,15.0184,15.0822,0,healthy,0.0,50.0,12.8791,0
SN_012121,LOT_041,11.5944,12.2924,12.5147,12.8064,0,healthy,0.0,50.0,12.8791,0
SN_012122,LOT_041,12.5083,13.545,13.8875,14.1673,0,healthy,0.0,50.0,12.8791,0
SN_012123,LOT_041,12.273,13.0853,13.231,13.0315,0,healthy,0.0,50.0,12.8791,0
SN_012124,LOT_041,13.2583,13.8929,14.1691,14.3824,0,healthy,0.0,50.0,12.8791,0
SN_012125,LOT_041,12.6939,13.176,13.5,13.5526,0,healthy,0.0,50.0,12.8791,0
SN_012126,LOT_041,11.0365,11.5596,11.7193,11.7227,0,healthy,0.0,50.0,12.8791,0
SN_012127,LOT_041,12.8419,13.9747,14.5479,14.9689,0,healthy,0.0,50.0,12.8791,0
SN_012128,LOT_041,12.1573,12.8675,13.0802,13.2083,0,healthy,0.0,50.0,12.8791,0
SN_012129,LOT_041,12.582,13.3786,13.7456,13.842,0,healthy,0.0,50.0,12.8791,0
SN_012130,LOT_041,11.0455,11.9794,12.0875,12.1185,0,healthy,0.0,50.0,12.8791,0
SN_012131,LOT_041,15.2365,16.7747,17.5777,17.7996,0,healthy,0.0,50.0,12.8791,0
SN_012132,LOT_041,12.1051,12.5754,12.652,12.5703,0,healthy,0.0,50.0,12.8791,0
SN_012133,LOT_041,11.5134,12.147,12.4376,12.5057,0,healthy,0.0,50.0,12.8791,0
SN_012134,LOT_041,12.8003,14.0666,14.6043,14.5618,0,healthy,0.0,50.0,12.8791,0
SN_012135,LOT_041,13.5269,14.9638,15.6389,16.1503,0,healthy,0.0,50.0,12.8791,0
SN_012136,LOT_041,11.3237,12.2425,12.512,12.538,0,healthy,0.0,50.0,12.8791,0
SN_012137,LOT_041,11.4619,12.6758,13.3488,13.4559,0,healthy,0.0,50.0,12.8791,0
SN_012138,LOT_041,12.4,13.065,13.4112,13.4553,0,healthy,0.0,50.0,12.8791,0
SN_012139,LOT_041,12.8164,14.2581,14.5885,14.9611,0,healthy,0.0,50.0,12.8791,0
SN_012140,LOT_041,15.7127,16.4085,16.534,17.2094,0,healthy,0.0,50.0,12.8791,0
SN_012141,LOT_041,14.352,15.2588,15.75,15.9338,0,healthy,0.0,50.0,12.8791,0
SN_012142,LOT_041,13.4965,14.1911,14.4538,14.4568,0,healthy,0.0,50.0,12.8791,0
SN_012143,LOT_041,14.5547,15.3446,15.5723,15.6507,0,healthy,0.0,50.0,12.8791,0
SN_012144,LOT_041,15.6124,17.9454,18.4856,18.7015,0,healthy,0.0,50.0,12.8791,0
SN_012145,LOT_041,11.4869,13.0468,13.301,13.6709,0,healthy,0.0,50.0,12.8791,0
SN_012146,LOT_041,16.1024,16.5449,17.2021,17.2659,0,healthy,0.0,50.0,12.8791,0
SN_012147,LOT_041,13.8635,14.359,14.3143,14.5479,0,healthy,0.0,50.0,12.8791,0
SN_012148,LOT_041,11.5151,12.2608,12.2276,12.4006,0,healthy,0.0,50.0,12.8791,0
SN_012149,LOT_041,12.1396,12.883,13.2306,13.5103,0,healthy,0.0,50.0,12.8791,0
SN_012150,LOT_041,13.0795,14.57,15.1664,15.1878,0,healthy,0.0,50.0,12.8791,0
SN_012151,LOT_041,13.2174,14.4325,15.0388,15.4287,0,healthy,0.0,50.0,12.8791,0
SN_012152,LOT_041,12.7649,13.8322,14.3727,14.5817,0,healthy,0.0,50.0,12.8791,0
SN_012153,LOT_041,12.2869,13.705,14.4898,14.6626,0,healthy,0.0,50.0,12.8791,0
SN_012154,LOT_041,14.8817,16.6157,17.4289,17.3883,0,healthy,0.0,50.0,12.8791,0
SN_012155,LOT_041,12.7108,13.9628,14.6086,14.7936,0,healthy,0.0,50.0,12.8791,0
SN_012156,LOT_041,13.3683,14.8244,15.3743,15.8084,0,healthy,0.0,50.0,12.8791,0
SN_012157,LOT_041,11.0863,11.9919,12.2428,12.445,0,healthy,0.0,50.0,12.8791,0
SN_012158,LOT_041,13.4042,14.3626,14.6992,15.1515,0,healthy,0.0,50.0,12.8791,0
SN_012159,LOT_041,14.9442,16.5267,17.1382,17.4975,0,healthy,0.0,50.0,12.8791,0
SN_012160,LOT_041,13.3613,13.871,13.8765,14.0211,0,healthy,0.0,50.0,12.8791,0
SN_012161,LOT_041,11.6319,12.73,13.0391,13.1376,0,healthy,0.0,50.0,12.8791,0
SN_012162,LOT_041,12.8678,14.2402,14.6433,15.006,0,healthy,0.0,50.0,12.8791,0
SN_012163,LOT_041,13.4531,14.4085,14.7469,14.898,0,healthy,0.0,50.0,12.8791,0
SN_012164,LOT_041,13.6574,15.1471,15.6586,15.9511,0,healthy,0.0,50.0,12.8791,0
SN_012165,LOT_041,12.8842,14.9053,15.2858,15.5306,0,healthy,0.0,50.0,12.8791,0
SN_012166,LOT_041,13.1712,14.3671,14.7333,14.9419,0,healthy,0.0,50.0,12.8791,0
SN_012167,LOT_041,10.4705,11.0823,11.4796,11.7363,0,healthy,0.0,50.0,12.8791,0
SN_012168,LOT_041,12.7286,13.3855,13.6545,13.571,0,healthy,0.0,50.0,12.8791,0
SN_012169,LOT_041,12.5641,13.7509,14.4712,14.4178,0,healthy,0.0,50.0,12.8791,0
SN_012170,LOT_041,12.3175,13.0048,13.1536,13.1959,0,healthy,0.0,50.0,12.8791,0
SN_012171,LOT_041,13.3165,14.6181,15.2674,15.1767,0,healthy,0.0,50.0,12.8791,0
SN_012172,LOT_041,12.6998,14.268,14.7935,14.9471,0,healthy,0.0,50.0,12.8791,0
SN_012173,LOT_041,13.9342,15.1543,15.617,15.9422,0,healthy,0.0,50.0,12.8791,0
SN_012174,LOT_041,15.213,16.3961,17.0751,17.2915,0,healthy,0.0,50.0,12.8791,0
SN_012175,LOT_041,13.0801,13.5459,13.8011,13.7808,0,healthy,0.0,50.0,12.8791,0
SN_012176,LOT_041,14.6759,16.2948,16.9797,16.9698,0,healthy,0.0,50.0,12.8791,0
SN_012177,LOT_041,11.9443,13.1647,13.578,14.0544,0,healthy,0.0,50.0,12.8791,0
SN_012178,LOT_041,12.6838,13.7856,14.1409,13.9353,0,healthy,0.0,50.0,12.8791,0
SN_012179,LOT_041,11.7203,12.9309,13.5624,13.5468,0,healthy,0.0,50.0,12.8791,0
SN_012180,LOT_041,12.8004,14.223,14.9893,15.3482,0,healthy,0.0,50.0,12.8791,0
SN_012181,LOT_041,16.0608,17.1492,17.5365,17.7432,0,healthy,0.0,50.0,12.8791,0
SN_012182,LOT_041,14.3693,15.0501,15.593,15.3972,0,healthy,0.0,50.0,12.8791,0
SN_012183,LOT_041,9.553,10.845,11.3154,11.5738,0,healthy,0.0,50.0,12.8791,0
SN_012184,LOT_041,11.9586,12.4791,12.771,13.0464,0,healthy,0.0,50.0,12.8791,0
SN_012185,LOT_041,15.1167,15.9601,16.4421,16.7038,0,healthy,0.0,50.0,12.8791,0
SN_012186,LOT_041,11.376,12.1038,12.7095,12.9487,0,healthy,0.0,50.0,12.8791,0
SN_012187,LOT_041,12.6431,13.3592,13.8097,13.795,0,healthy,0.0,50.0,12.8791,0
SN_012188,LOT_041,14.9188,15.6379,15.8906,16.0851,0,healthy,0.0,50.0,12.8791,0
SN_012189,LOT_041,11.8372,13.0112,13.5807,13.9374,0,healthy,0.0,50.0,12.8791,0
SN_012190,LOT_041,13.5526,14.6642,15.1326,15.4687,0,healthy,0.0,50.0,12.8791,0
SN_012191,LOT_041,13.9309,15.3578,15.8123,16.1886,0,healthy,0.0,50.0,12.8791,0
SN_012192,LOT_041,12.508,14.275,14.7009,14.8052,0,healthy,0.0,50.0,12.8791,0
SN_012193,LOT_041,11.8207,12.5708,13.1787,13.2632,0,healthy,0.0,50.0,12.8791,0
SN_012194,LOT_041,14.0197,15.0367,15.9649,15.9539,0,healthy,0.0,50.0,12.8791,0
SN_012195,LOT_041,12.9884,13.7512,13.9654,14.1042,0,healthy,0.0,50.0,12.8791,0
SN_012196,LOT_041,14.498,15.3322,15.417,15.6612,0,healthy,0.0,50.0,12.8791,0
SN_012197,LOT_041,13.9359,14.8427,15.5719,15.5064,0,healthy,0.0,50.0,12.8791,0
SN_012198,LOT_041,13.2352,13.7531,14.2113,14.2207,0,healthy,0.0,50.0,12.8791,0
SN_012199,LOT_041,11.1057,12.5432,13.1266,13.2032,0,healthy,0.0,50.0,12.8791,0
SN_012200,LOT_041,13.3714,14.5066,15.0611,15.1781,0,healthy,0.0,50.0,12.8791,0
SN_012201,LOT_041,13.9659,14.3642,21.5513,44.0753,1,tddb_dielectric,0.547,50.0,12.8791,0
SN_012202,LOT_041,12.8018,13.8785,14.3037,14.5572,0,healthy,0.0,50.0,12.8791,0
SN_012203,LOT_041,12.5418,14.075,14.8837,14.9484,0,healthy,0.0,50.0,12.8791,0
SN_012204,LOT_041,11.568,12.0275,12.3359,12.3879,0,healthy,0.0,50.0,12.8791,0
SN_012205,LOT_041,14.58,16.6447,17.0557,17.4667,0,healthy,0.0,50.0,12.8791,0
SN_012206,LOT_041,9.4693,10.5121,10.8601,11.1602,0,healthy,0.0,50.0,12.8791,0
SN_012207,LOT_041,15.2937,17.443,17.6366,18.1144,0,healthy,0.0,50.0,12.8791,0
SN_012208,LOT_041,14.4319,15.2914,16.0166,16.2708,0,healthy,0.0,50.0,12.8791,0
SN_012209,LOT_041,11.9639,12.6381,12.8261,12.9949,0,healthy,0.0,50.0,12.8791,0
SN_012210,LOT_041,15.3177,17.2878,17.9952,18.3575,0,healthy,0.0,50.0,12.8791,0
SN_012211,LOT_041,13.7874,14.4825,14.5062,14.4941,0,healthy,0.0,50.0,12.8791,0
SN_012212,LOT_041,14.4156,15.4376,15.8845,16.1688,0,healthy,0.0,50.0,12.8791,0
SN_012213,LOT_041,11.5892,12.6493,13.2195,13.3954,0,healthy,0.0,50.0,12.8791,0
SN_012214,LOT_041,12.1134,12.8737,13.2598,13.1265,0,healthy,0.0,50.0,12.8791,0
SN_012215,LOT_041,11.4647,12.5275,12.8395,13.0427,0,healthy,0.0,50.0,12.8791,0
SN_012216,LOT_041,12.4983,13.291,13.5528,13.7243,0,healthy,0.0,50.0,12.8791,0
SN_012217,LOT_041,11.6705,12.4803,12.9564,12.7554,0,healthy,0.0,50.0,12.8791,0
SN_012218,LOT_041,14.3696,15.6212,15.8395,15.8765,0,healthy,0.0,50.0,12.8791,0
SN_012219,LOT_041,12.5734,13.4944,13.6978,14.0811,0,healthy,0.0,50.0,12.8791,0
SN_012220,LOT_041,13.6496,15.2585,15.7434,16.0505,0,healthy,0.0,50.0,12.8791,0
SN_012221,LOT_041,12.4029,13.2904,13.3902,13.5958,0,healthy,0.0,50.0,12.8791,0
SN_012222,LOT_041,12.9517,13.7956,14.1725,14.6735,0,healthy,0.0,50.0,12.8791,0
SN_012223,LOT_041,12.4736,13.623,14.2073,14.5025,0,healthy,0.0,50.0,12.8791,0
SN_012224,LOT_041,13.2271,14.4861,15.0137,15.3873,0,healthy,0.0,50.0,12.8791,0
SN_012225,LOT_041,13.2175,13.7694,14.063,14.2428,0,healthy,0.0,50.0,12.8791,0
SN_012226,LOT_041,11.9683,13.2052,13.6861,13.9917,0,healthy,0.0,50.0,12.8791,0
SN_012227,LOT_041,11.8886,12.3286,12.6818,12.9417,0,healthy,0.0,50.0,12.8791,0
SN_012228,LOT_041,13.1587,13.9401,14.5149,14.6225,0,healthy,0.0,50.0,12.8791,0
SN_012229,LOT_041,11.6519,13.017,13.445,13.8554,0,healthy,0.0,50.0,12.8791,0
SN_012230,LOT_041,12.1587,12.7652,13.4068,13.4707,0,healthy,0.0,50.0,12.8791,0
SN_012231,LOT_041,14.6395,15.9207,16.6743,17.0304,0,healthy,0.0,50.0,12.8791,0
SN_012232,LOT_041,13.2288,13.4735,13.6696,13.7559,0,healthy,0.0,50.0,12.8791,0
SN_012233,LOT_041,11.687,12.3256,12.3362,12.477,0,healthy,0.0,50.0,12.8791,0
SN_012234,LOT_041,12.1553,13.4526,13.8956,14.5044,0,healthy,0.0,50.0,12.8791,0
SN_012235,LOT_041,12.4666,13.5538,14.1616,14.4566,0,healthy,0.0,50.0,12.8791,0
SN_012236,LOT_041,14.4842,16.1046,16.8683,17.3818,0,healthy,0.0,50.0,12.8791,0
SN_012237,LOT_041,14.6155,16.3696,17.0809,17.5812,0,healthy,0.0,50.0,12.8791,0
SN_012238,LOT_041,11.4407,12.5508,12.8573,13.0842,0,healthy,0.0,50.0,12.8791,0
SN_012239,LOT_041,9.605,10.3377,10.5688,10.6878,0,healthy,0.0,50.0,12.8791,0
SN_012240,LOT_041,14.6371,16.5838,16.9022,16.8509,0,healthy,0.0,50.0,12.8791,0
SN_012241,LOT_041,15.1875,16.0186,16.2342,16.5783,0,healthy,0.0,50.0,12.8791,0
SN_012242,LOT_041,12.8196,13.3888,13.7129,13.7464,0,healthy,0.0,50.0,12.8791,0
SN_012243,LOT_041,13.2048,14.1131,14.0683,14.4349,0,healthy,0.0,50.0,12.8791,0
SN_012244,LOT_041,13.2005,14.3545,15.2162,15.501,0,healthy,0.0,50.0,12.8791,0
SN_012245,LOT_041,15.5841,16.3983,16.4908,16.6641,0,healthy,0.0,50.0,12.8791,0
SN_012246,LOT_041,13.8322,15.591,16.1048,16.5282,0,healthy,0.0,50.0,12.8791,0
SN_012247,LOT_041,11.2963,11.733,12.054,12.1776,0,healthy,0.0,50.0,12.8791,0
SN_012248,LOT_041,12.5552,13.6049,14.2632,14.4179,0,healthy,0.0,50.0,12.8791,0
SN_012249,LOT_041,12.2483,12.9536,13.166,13.4218,0,healthy,0.0,50.0,12.8791,0
SN_012250,LOT_041,14.4976,15.1804,15.7504,16.0416,0,healthy,0.0,50.0,12.8791,0
SN_012251,LOT_041,14.4125,16.1041,16.3227,16.2811,0,healthy,0.0,50.0,12.8791,0
SN_012252,LOT_041,14.2261,15.7028,16.2651,16.7623,0,healthy,0.0,50.0,12.8791,0
SN_012253,LOT_041,14.6344,15.8873,16.3323,16.5779,0,healthy,0.0,50.0,12.8791,0
SN_012254,LOT_041,11.1682,12.2636,12.3745,12.5673,0,healthy,0.0,50.0,12.8791,0
SN_012255,LOT_041,36.8343,37.6078,40.4258,43.8679,1,esd_oxide,0.18,50.0,12.8791,0
SN_012256,LOT_041,13.0825,13.6665,13.6236,13.9293,0,healthy,0.0,50.0,12.8791,0
SN_012257,LOT_041,15.3088,16.7584,17.3221,17.3862,0,healthy,0.0,50.0,12.8791,0
SN_012258,LOT_041,11.6291,12.3971,12.3555,12.6138,0,healthy,0.0,50.0,12.8791,0
SN_012259,LOT_041,12.4507,13.1589,13.5765,13.8658,0,healthy,0.0,50.0,12.8791,0
SN_012260,LOT_041,12.153,12.8973,13.1537,13.4406,0,healthy,0.0,50.0,12.8791,0
SN_012261,LOT_041,12.6848,13.199,13.1973,13.3522,0,healthy,0.0,50.0,12.8791,0
SN_012262,LOT_041,12.0314,12.7972,12.9079,13.2674,0,healthy,0.0,50.0,12.8791,0
SN_012263,LOT_041,12.2642,13.0045,13.3808,13.6057,0,healthy,0.0,50.0,12.8791,0
SN_012264,LOT_041,13.4248,14.0664,14.2246,14.4421,0,healthy,0.0,50.0,12.8791,0
SN_012265,LOT_041,14.1135,15.5757,16.1992,16.3576,0,healthy,0.0,50.0,12.8791,0
SN_012266,LOT_041,14.9417,15.5718,15.8257,15.7511,0,healthy,0.0,50.0,12.8791,0
SN_012267,LOT_041,12.7416,14.1588,14.5421,14.672,0,healthy,0.0,50.0,12.8791,0
SN_012268,LOT_041,14.4263,15.3395,15.431,15.2378,0,healthy,0.0,50.0,12.8791,0
SN_012269,LOT_041,10.5813,11.172,11.466,11.6762,0,healthy,0.0,50.0,12.8791,0
SN_012270,LOT_041,11.9691,12.9774,13.3608,13.6014,0,healthy,0.0,50.0,12.8791,0
SN_012271,LOT_041,12.4647,13.2299,13.5033,13.4401,0,healthy,0.0,50.0,12.8791,0
SN_012272,LOT_041,12.1346,12.9901,13.0664,13.2038,0,healthy,0.0,50.0,12.8791,0
SN_012273,LOT_041,15.1659,15.6307,16.1868,16.2711,0,healthy,0.0,50.0,12.8791,0
SN_012274,LOT_041,12.2084,13.6385,14.1364,14.3456,0,healthy,0.0,50.0,12.8791,0
SN_012275,LOT_041,13.0724,13.8121,14.1109,14.2724,0,healthy,0.0,50.0,12.8791,0
SN_012276,LOT_041,13.0183,14.049,14.7117,14.9642,0,healthy,0.0,50.0,12.8791,0
SN_012277,LOT_041,16.8458,18.5681,19.0282,19.3336,0,healthy,0.0,50.0,12.8791,0
SN_012278,LOT_041,10.5918,11.1078,11.3738,11.6365,0,healthy,0.0,50.0,12.8791,0
SN_012279,LOT_041,13.1452,14.0017,14.4756,14.8082,0,healthy,0.0,50.0,12.8791,0
SN_012280,LOT_041,15.1929,16.9597,17.4576,17.5567,0,healthy,0.0,50.0,12.8791,0
SN_012281,LOT_041,12.2836,13.0525,13.3429,13.5937,0,healthy,0.0,50.0,12.8791,0
SN_012282,LOT_041,9.767,10.847,11.0256,11.2675,0,healthy,0.0,50.0,12.8791,0
SN_012283,LOT_041,12.5098,13.7333,14.0406,14.2349,0,healthy,0.0,50.0,12.8791,0
SN_012284,LOT_041,14.1647,16.1488,16.5945,16.9027,0,healthy,0.0,50.0,12.8791,0
SN_012285,LOT_041,13.3419,14.4741,15.0321,15.7927,0,healthy,0.0,50.0,12.8791,0
SN_012286,LOT_041,12.7941,13.643,14.0377,14.2669,0,healthy,0.0,50.0,12.8791,0
SN_012287,LOT_041,11.4584,12.8734,13.4247,13.67,0,healthy,0.0,50.0,12.8791,0
SN_012288,LOT_041,14.0604,15.1179,15.1304,15.3665,0,healthy,0.0,50.0,12.8791,0
SN_012289,LOT_041,13.0891,14.0992,14.1009,14.4175,0,healthy,0.0,50.0,12.8791,0
SN_012290,LOT_042,7.0953,7.6429,7.8236,8.1363,0,healthy,0.0,50.0,9.6985,1
SN_012291,LOT_042,12.999,13.7606,14.2,14.2994,0,healthy,0.0,50.0,9.6985,1
SN_012292,LOT_042,12.7175,13.5307,13.7347,13.8622,0,healthy,0.0,50.0,9.6985,1
SN_012293,LOT_042,14.6656,15.7204,16.5081,16.8293,0,healthy,0.0,50.0,9.6985,1
SN_012294,LOT_042,7.05,7.536,7.695,7.8484,0,healthy,0.0,50.0,9.6985,1
SN_012295,LOT_042,7.3944,7.8895,8.0728,8.0189,0,healthy,0.0,50.0,9.6985,1
SN_012296,LOT_042,7.6633,8.1306,8.1915,8.2621,0,healthy,0.0,50.0,9.6985,1
SN_012297,LOT_042,10.443,11.5828,12.2415,12.4647,0,healthy,0.0,50.0,9.6985,1
SN_012298,LOT_042,8.4213,8.8066,9.0462,9.022,0,healthy,0.0,50.0,9.6985,1
SN_012299,LOT_042,9.2676,10.1664,10.3984,10.5334,0,healthy,0.0,50.0,9.6985,1
SN_012300,LOT_042,6.5123,7.1949,7.3944,7.4666,0,healthy,0.0,50.0,9.6985,1
SN_012301,LOT_042,10.8292,11.5921,12.1229,12.2031,0,healthy,0.0,50.0,9.6985,1
SN_012302,LOT_042,12.4263,13.4404,13.735,14.1184,0,healthy,0.0,50.0,9.6985,1
SN_012303,LOT_042,14.2785,14.9785,15.8108,15.7792,0,healthy,0.0,50.0,9.6985,1
SN_012304,LOT_042,8.6864,9.296,9.4738,9.4611,0,healthy,0.0,50.0,9.6985,1
SN_012305,LOT_042,7.6435,7.9794,8.341,8.4643,0,healthy,0.0,50.0,9.6985,1
SN_012306,LOT_042,11.1655,11.8886,12.1556,12.2813,0,healthy,0.0,50.0,9.6985,1
SN_012307,LOT_042,5.8366,6.1743,6.168,6.2782,0,healthy,0.0,50.0,9.6985,1
SN_012308,LOT_042,10.3682,11.0759,11.654,11.6393,0,healthy,0.0,50.0,9.6985,1
SN_012309,LOT_042,7.9326,8.8451,9.0897,9.2057,0,healthy,0.0,50.0,9.6985,1
SN_012310,LOT_042,13.9495,22.2507,29.175,33.2976,1,nbti_ageing,0.7931,50.0,9.6985,1
SN_012311,LOT_042,8.5682,9.3361,9.7639,10.0282,0,healthy,0.0,50.0,9.6985,1
SN_012312,LOT_042,8.9835,9.5447,9.6108,9.7037,0,healthy,0.0,50.0,9.6985,1
SN_012313,LOT_042,13.6528,15.0355,15.5781,15.7832,0,healthy,0.0,50.0,9.6985,1
SN_012314,LOT_042,7.9224,8.3355,8.4689,8.731,0,healthy,0.0,50.0,9.6985,1
SN_012315,LOT_042,11.2064,12.2656,12.6366,12.9342,0,healthy,0.0,50.0,9.6985,1
SN_012316,LOT_042,10.4308,10.9412,11.0296,11.0897,0,healthy,0.0,50.0,9.6985,1
SN_012317,LOT_042,8.236,9.444,9.5362,9.7053,0,healthy,0.0,50.0,9.6985,1
SN_012318,LOT_042,12.2806,13.0369,12.9806,13.2956,0,healthy,0.0,50.0,9.6985,1
SN_012319,LOT_042,9.5186,10.6469,11.1454,11.3827,0,healthy,0.0,50.0,9.6985,1
SN_012320,LOT_042,15.6835,17.9571,18.3754,18.7875,0,healthy,0.0,50.0,9.6985,1
SN_012321,LOT_042,8.9332,9.7563,10.0438,10.2971,0,healthy,0.0,50.0,9.6985,1
SN_012322,LOT_042,8.0057,8.7977,9.1726,9.3199,0,healthy,0.0,50.0,9.6985,1
SN_012323,LOT_042,9.7497,10.7373,11.157,11.3376,0,healthy,0.0,50.0,9.6985,1
SN_012324,LOT_042,6.5491,7.2915,7.4677,7.5586,0,healthy,0.0,50.0,9.6985,1
SN_012325,LOT_042,11.0179,12.2614,12.673,13.061,0,healthy,0.0,50.0,9.6985,1
SN_012326,LOT_042,8.4862,9.4141,9.7155,9.9187,0,healthy,0.0,50.0,9.6985,1
SN_012327,LOT_042,6.6997,7.1283,7.3797,7.52,0,healthy,0.0,50.0,9.6985,1
SN_012328,LOT_042,7.536,8.494,8.8654,8.9861,0,healthy,0.0,50.0,9.6985,1
SN_012329,LOT_042,8.7081,9.1677,9.3165,9.1493,0,healthy,0.0,50.0,9.6985,1
SN_012330,LOT_042,13.432,14.386,14.9815,14.9087,0,healthy,0.0,50.0,9.6985,1
SN_012331,LOT_042,8.5376,9.2418,9.5184,9.7004,0,healthy,0.0,50.0,9.6985,1
SN_012332,LOT_042,7.7791,8.3623,8.5114,8.7806,0,healthy,0.0,50.0,9.6985,1
SN_012333,LOT_042,6.8752,7.7241,7.9266,8.1782,0,healthy,0.0,50.0,9.6985,1
SN_012334,LOT_042,9.7211,10.8317,11.0532,11.0356,0,healthy,0.0,50.0,9.6985,1
SN_012335,LOT_042,10.6344,11.5872,12.1921,12.474,0,healthy,0.0,50.0,9.6985,1
SN_012336,LOT_042,13.9698,15.1657,15.691,15.4341,0,healthy,0.0,50.0,9.6985,1
SN_012337,LOT_042,9.9503,10.7632,11.0059,11.085,0,healthy,0.0,50.0,9.6985,1
SN_012338,LOT_042,6.2988,6.7302,6.8774,7.1245,0,healthy,0.0,50.0,9.6985,1
SN_012339,LOT_042,8.4283,8.666,8.7126,8.8923,0,healthy,0.0,50.0,9.6985,1
SN_012340,LOT_042,11.1329,11.7514,12.1652,12.3792,0,healthy,0.0,50.0,9.6985,1
SN_012341,LOT_042,10.4303,11.0523,11.094,11.096,0,healthy,0.0,50.0,9.6985,1
SN_012342,LOT_042,8.5421,9.4128,9.7071,9.9926,0,healthy,0.0,50.0,9.6985,1
SN_012343,LOT_042,9.787,10.2427,10.4621,10.7619,0,healthy,0.0,50.0,9.6985,1
SN_012344,LOT_042,9.3352,10.2571,10.6096,10.9454,0,healthy,0.0,50.0,9.6985,1
SN_012345,LOT_042,13.0811,14.1033,14.4375,14.8326,0,healthy,0.0,50.0,9.6985,1
SN_012346,LOT_042,16.4606,17.8638,18.5579,18.8736,0,healthy,0.0,50.0,9.6985,1
SN_012347,LOT_042,13.064,14.2021,14.471,14.6471,0,healthy,0.0,50.0,9.6985,1
SN_012348,LOT_042,9.6346,10.7016,11.3618,11.6191,0,healthy,0.0,50.0,9.6985,1
SN_012349,LOT_042,5.6922,6.2525,6.5193,6.7191,0,healthy,0.0,50.0,9.6985,1
SN_012350,LOT_042,8.5065,9.6646,9.8527,10.0954,0,healthy,0.0,50.0,9.6985,1
SN_012351,LOT_042,8.945,9.2892,9.5608,9.8376,0,healthy,0.0,50.0,9.6985,1
SN_012352,LOT_042,8.0388,8.68,8.8492,8.9823,0,healthy,0.0,50.0,9.6985,1
SN_012353,LOT_042,8.8896,10.0398,10.4058,10.4778,0,healthy,0.0,50.0,9.6985,1
SN_012354,LOT_042,11.0438,11.8103,12.1285,12.3761,0,healthy,0.0,50.0,9.6985,1
SN_012355,LOT_042,9.6117,10.5841,11.1821,11.2303,0,healthy,0.0,50.0,9.6985,1
SN_012356,LOT_042,13.7562,15.0607,15.3178,15.3045,0,healthy,0.0,50.0,9.6985,1
SN_012357,LOT_042,8.0274,8.3249,8.458,8.5042,0,healthy,0.0,50.0,9.6985,1
SN_012358,LOT_042,9.7256,10.096,10.2698,10.2629,0,healthy,0.0,50.0,9.6985,1
SN_012359,LOT_042,8.4988,9.2471,9.4776,9.7036,0,healthy,0.0,50.0,9.6985,1
SN_012360,LOT_042,9.3678,10.123,10.5199,10.6709,0,healthy,0.0,50.0,9.6985,1
SN_012361,LOT_042,7.0984,7.3085,7.3945,7.4997,0,healthy,0.0,50.0,9.6985,1
SN_012362,LOT_042,6.4753,7.1013,7.372,7.4885,0,healthy,0.0,50.0,9.6985,1
SN_012363,LOT_042,10.6481,11.6238,12.0221,12.2488,0,healthy,0.0,50.0,9.6985,1
SN_012364,LOT_042,11.6594,12.114,12.26,12.4828,0,healthy,0.0,50.0,9.6985,1
SN_012365,LOT_042,8.07,8.4096,8.5986,8.6598,0,healthy,0.0,50.0,9.6985,1
SN_012366,LOT_042,12.4896,13.4633,13.9548,13.9552,0,healthy,0.0,50.0,9.6985,1
SN_012367,LOT_042,6.4224,6.7643,6.8107,6.8282,0,healthy,0.0,50.0,9.6985,1
SN_012368,LOT_042,7.2098,7.6125,7.6638,7.6985,0,healthy,0.0,50.0,9.6985,1
SN_012369,LOT_042,9.0259,9.9431,10.2314,10.4714,0,healthy,0.0,50.0,9.6985,1
SN_012370,LOT_042,8.6097,8.937,9.2133,9.2237,0,healthy,0.0,50.0,9.6985,1
SN_012371,LOT_042,9.9067,10.9414,11.506,11.8514,0,healthy,0.0,50.0,9.6985,1
SN_012372,LOT_042,8.5967,9.2381,9.4504,9.41,0,healthy,0.0,50.0,9.6985,1
SN_012373,LOT_042,7.9212,8.8452,9.1557,9.2797,0,healthy,0.0,50.0,9.6985,1
SN_012374,LOT_042,8.2561,9.0853,9.4101,9.6435,0,healthy,0.0,50.0,9.6985,1
SN_012375,LOT_042,8.2573,9.2215,9.4496,9.5715,0,healthy,0.0,50.0,9.6985,1
SN_012376,LOT_042,5.1988,5.5866,5.6226,5.6272,0,healthy,0.0,50.0,9.6985,1
SN_012377,LOT_042,9.2821,9.7552,9.855,10.1086,0,healthy,0.0,50.0,9.6985,1
SN_012378,LOT_042,9.9849,10.6157,10.988,11.0033,0,healthy,0.0,50.0,9.6985,1
SN_012379,LOT_042,7.2826,7.8282,8.099,8.2083,0,healthy,0.0,50.0,9.6985,1
SN_012380,LOT_042,9.0616,10.2797,10.4917,10.6633,0,healthy,0.0,50.0,9.6985,1
SN_012381,LOT_042,10.2877,11.1822,11.6303,11.807,0,healthy,0.0,50.0,9.6985,1
SN_012382,LOT_042,22.3444,25.4846,26.3018,26.8264,0,healthy,0.0,50.0,9.6985,1
SN_012383,LOT_042,10.7157,11.3963,11.5493,11.7346,0,healthy,0.0,50.0,9.6985,1
SN_012384,LOT_042,11.8605,12.2621,12.6709,12.8624,0,healthy,0.0,50.0,9.6985,1
SN_012385,LOT_042,9.3917,10.584,10.9582,11.1461,0,healthy,0.0,50.0,9.6985,1
SN_012386,LOT_042,9.1805,9.7973,10.0407,10.2061,0,healthy,0.0,50.0,9.6985,1
SN_012387,LOT_042,9.4167,10.1906,10.5954,10.8321,0,healthy,0.0,50.0,9.6985,1
SN_012388,LOT_042,8.9035,9.2398,9.4252,9.3946,0,healthy,0.0,50.0,9.6985,1
SN_012389,LOT_042,9.4319,9.8818,9.9679,10.2005,0,healthy,0.0,50.0,9.6985,1
SN_012390,LOT_042,9.5711,10.4585,10.8124,11.0959,0,healthy,0.0,50.0,9.6985,1
SN_012391,LOT_042,10.5993,11.1836,11.1435,11.1968,0,healthy,0.0,50.0,9.6985,1
SN_012392,LOT_042,5.8184,6.4031,6.5128,6.6069,0,healthy,0.0,50.0,9.6985,1
SN_012393,LOT_042,8.1198,8.7713,8.9674,9.0291,0,healthy,0.0,50.0,9.6985,1
SN_012394,LOT_042,7.4118,8.3514,8.5082,8.7161,0,healthy,0.0,50.0,9.6985,1
SN_012395,LOT_042,8.7479,9.2114,9.4451,9.5236,0,healthy,0.0,50.0,9.6985,1
SN_012396,LOT_042,11.3379,12.1675,12.3823,12.4366,0,healthy,0.0,50.0,9.6985,1
SN_012397,LOT_042,7.6252,8.599,8.8311,9.2117,0,healthy,0.0,50.0,9.6985,1
SN_012398,LOT_042,9.512,9.8617,10.1336,10.3481,0,healthy,0.0,50.0,9.6985,1
SN_012399,LOT_042,4.4051,4.9296,5.0979,5.1346,0,healthy,0.0,50.0,9.6985,1
SN_012400,LOT_042,9.8761,21.6867,21.9073,21.9826,1,mobile_ion,0.4465,50.0,9.6985,1
SN_012401,LOT_042,8.0557,9.0786,9.2532,9.4389,0,healthy,0.0,50.0,9.6985,1
SN_012402,LOT_042,9.566,10.4872,10.9087,11.0246,0,healthy,0.0,50.0,9.6985,1
SN_012403,LOT_042,17.1862,18.9415,19.7418,20.5037,0,healthy,0.0,50.0,9.6985,1
SN_012404,LOT_042,13.6024,14.3871,14.6273,14.7355,0,healthy,0.0,50.0,9.6985,1
SN_012405,LOT_042,13.553,14.676,15.3917,15.9023,0,healthy,0.0,50.0,9.6985,1
SN_012406,LOT_042,12.2375,12.5526,12.9769,12.8359,0,healthy,0.0,50.0,9.6985,1
SN_012407,LOT_042,7.6355,8.079,8.2152,8.2953,0,healthy,0.0,50.0,9.6985,1
SN_012408,LOT_042,6.0084,6.3585,6.5778,6.6412,0,healthy,0.0,50.0,9.6985,1
SN_012409,LOT_042,8.1274,8.9287,9.2118,9.3489,0,healthy,0.0,50.0,9.6985,1
SN_012410,LOT_042,9.4747,10.4626,10.8177,10.688,0,healthy,0.0,50.0,9.6985,1
SN_012411,LOT_042,7.1586,7.9199,8.0359,8.2299,0,healthy,0.0,50.0,9.6985,1
SN_012412,LOT_042,10.0782,10.9319,11.4669,11.5776,0,healthy,0.0,50.0,9.6985,1
SN_012413,LOT_042,6.8705,7.2842,7.4554,7.4214,0,healthy,0.0,50.0,9.6985,1
SN_012414,LOT_042,17.2191,17.7658,17.9543,18.3105,0,healthy,0.0,50.0,9.6985,1
SN_012415,LOT_042,8.0418,8.5958,8.5344,8.6633,0,healthy,0.0,50.0,9.6985,1
SN_012416,LOT_042,11.0182,11.5477,11.5579,11.7634,0,healthy,0.0,50.0,9.6985,1
SN_012417,LOT_042,14.0473,15.4674,16.1733,16.448,0,healthy,0.0,50.0,9.6985,1
SN_012418,LOT_042,11.1292,11.5612,11.681,11.855,0,healthy,0.0,50.0,9.6985,1
SN_012419,LOT_042,14.4996,15.0339,15.3637,15.3633,0,healthy,0.0,50.0,9.6985,1
SN_012420,LOT_042,12.1706,12.9263,13.1179,13.377,0,healthy,0.0,50.0,9.6985,1
SN_012421,LOT_042,9.2199,10.0663,10.3958,10.5317,0,healthy,0.0,50.0,9.6985,1
SN_012422,LOT_042,10.0122,10.9217,11.1586,11.5328,0,healthy,0.0,50.0,9.6985,1
SN_012423,LOT_042,7.6646,8.3394,8.8063,8.9409,0,healthy,0.0,50.0,9.6985,1
SN_012424,LOT_042,10.6487,11.3958,11.894,11.9424,0,healthy,0.0,50.0,9.6985,1
SN_012425,LOT_042,11.1766,11.9508,12.3316,12.2422,0,healthy,0.0,50.0,9.6985,1
SN_012426,LOT_042,10.7189,11.2586,11.5196,11.5889,0,healthy,0.0,50.0,9.6985,1
SN_012427,LOT_042,8.9526,10.1484,10.7093,10.6948,0,healthy,0.0,50.0,9.6985,1
SN_012428,LOT_042,11.5614,12.0813,12.6018,12.4683,0,healthy,0.0,50.0,9.6985,1
SN_012429,LOT_042,12.3052,13.4327,14.0077,14.3075,0,healthy,0.0,50.0,9.6985,1
SN_012430,LOT_042,14.3649,16.1958,16.6999,16.7111,0,healthy,0.0,50.0,9.6985,1
SN_012431,LOT_042,11.6817,12.7846,13.0256,13.0015,0,healthy,0.0,50.0,9.6985,1
SN_012432,LOT_042,7.8044,8.3654,8.6343,8.8285,0,healthy,0.0,50.0,9.6985,1
SN_012433,LOT_042,8.5835,9.4496,9.8513,10.0281,0,healthy,0.0,50.0,9.6985,1
SN_012434,LOT_042,8.8864,9.4664,9.8819,9.8831,0,healthy,0.0,50.0,9.6985,1
SN_012435,LOT_042,12.5802,13.1083,13.2933,13.5,0,healthy,0.0,50.0,9.6985,1
SN_012436,LOT_042,8.0678,8.3227,8.3985,8.4088,0,healthy,0.0,50.0,9.6985,1
SN_012437,LOT_042,6.3683,6.5045,6.6894,6.8115,0,healthy,0.0,50.0,9.6985,1
SN_012438,LOT_042,11.9479,13.0855,13.7716,13.9282,0,healthy,0.0,50.0,9.6985,1
SN_012439,LOT_042,12.1923,12.6644,12.9294,12.9156,0,healthy,0.0,50.0,9.6985,1
SN_012440,LOT_042,7.2036,8.1781,8.4537,8.5734,0,healthy,0.0,50.0,9.6985,1
SN_012441,LOT_042,7.1588,7.8611,8.0796,8.1669,0,healthy,0.0,50.0,9.6985,1
SN_012442,LOT_042,10.3295,10.7851,10.7843,11.0169,0,healthy,0.0,50.0,9.6985,1
SN_012443,LOT_042,10.0688,10.3901,10.6732,10.5899,0,healthy,0.0,50.0,9.6985,1
SN_012444,LOT_042,8.9088,9.4879,9.6248,9.7808,0,healthy,0.0,50.0,9.6985,1
SN_012445,LOT_042,10.0548,10.9692,11.3508,11.7829,0,healthy,0.0,50.0,9.6985,1
SN_012446,LOT_042,10.2662,11.2144,11.6239,11.9106,0,healthy,0.0,50.0,9.6985,1
SN_012447,LOT_042,12.7807,14.1856,14.7998,15.1172,0,healthy,0.0,50.0,9.6985,1
SN_012448,LOT_042,9.6855,10.6184,11.1342,11.5442,0,healthy,0.0,50.0,9.6985,1
SN_012449,LOT_042,9.2895,10.5894,10.9637,11.0948,0,healthy,0.0,50.0,9.6985,1
SN_012450,LOT_042,9.5444,10.5807,11.1029,11.233,0,healthy,0.0,50.0,9.6985,1
SN_012451,LOT_042,7.9877,8.76,8.9796,9.1678,0,healthy,0.0,50.0,9.6985,1
SN_012452,LOT_042,12.9878,14.122,14.5203,14.6765,0,healthy,0.0,50.0,9.6985,1
SN_012453,LOT_042,8.4086,8.7837,8.9695,9.0759,0,healthy,0.0,50.0,9.6985,1
SN_012454,LOT_042,11.3353,13.0379,13.3958,13.6527,0,healthy,0.0,50.0,9.6985,1
SN_012455,LOT_042,15.3174,16.4251,16.4097,16.6916,0,healthy,0.0,50.0,9.6985,1
SN_012456,LOT_042,11.2197,12.3193,12.6163,12.7577,0,healthy,0.0,50.0,9.6985,1
SN_012457,LOT_042,14.7925,15.2563,15.3636,15.6418,0,healthy,0.0,50.0,9.6985,1
SN_012458,LOT_042,13.0851,14.1619,14.4787,14.5632,0,healthy,0.0,50.0,9.6985,1
SN_012459,LOT_042,8.3408,8.8864,8.9202,8.9125,0,healthy,0.0,50.0,9.6985,1
SN_012460,LOT_042,8.2541,8.6985,8.9135,8.9546,0,healthy,0.0,50.0,9.6985,1
SN_012461,LOT_042,6.1818,6.8583,7.2284,7.3851,0,healthy,0.0,50.0,9.6985,1
SN_012462,LOT_042,8.2607,8.8609,9.2845,9.2428,0,healthy,0.0,50.0,9.6985,1
SN_012463,LOT_042,13.0778,14.0122,14.3359,14.5904,0,healthy,0.0,50.0,9.6985,1
SN_012464,LOT_042,5.8469,6.3904,6.589,6.854,0,healthy,0.0,50.0,9.6985,1
SN_012465,LOT_042,12.3408,13.6406,13.8114,14.0012,0,healthy,0.0,50.0,9.6985,1
SN_012466,LOT_042,8.807,9.2741,9.4802,9.3702,0,healthy,0.0,50.0,9.6985,1
SN_012467,LOT_042,11.8677,12.7021,12.9974,13.3046,0,healthy,0.0,50.0,9.6985,1
SN_012468,LOT_042,9.5393,9.7782,9.9294,9.9166,0,healthy,0.0,50.0,9.6985,1
SN_012469,LOT_042,14.3103,15.0734,15.2721,15.7361,0,healthy,0.0,50.0,9.6985,1
SN_012470,LOT_042,14.29,15.1701,15.211,15.4314,0,healthy,0.0,50.0,9.6985,1
SN_012471,LOT_042,6.7951,7.2054,7.5006,7.6487,0,healthy,0.0,50.0,9.6985,1
SN_012472,LOT_042,8.8956,9.5264,9.9863,10.3033,0,healthy,0.0,50.0,9.6985,1
SN_012473,LOT_042,10.5879,11.2119,11.4442,11.521,0,healthy,0.0,50.0,9.6985,1
SN_012474,LOT_042,12.0966,13.7093,14.0266,14.4373,0,healthy,0.0,50.0,9.6985,1
SN_012475,LOT_042,7.5372,8.2444,8.5058,8.6417,0,healthy,0.0,50.0,9.6985,1
SN_012476,LOT_042,8.8541,9.6844,10.0196,9.9429,0,healthy,0.0,50.0,9.6985,1
SN_012477,LOT_042,14.0728,15.7932,16.6483,16.9413,0,healthy,0.0,50.0,9.6985,1
SN_012478,LOT_042,11.5859,12.2825,12.3769,12.4124,0,healthy,0.0,50.0,9.6985,1
SN_012479,LOT_042,11.1374,11.7779,11.6934,11.8974,0,healthy,0.0,50.0,9.6985,1
SN_012480,LOT_042,8.986,9.4345,9.4019,9.3329,0,healthy,0.0,50.0,9.6985,1
SN_012481,LOT_042,11.9986,12.8206,13.365,13.3085,0,healthy,0.0,50.0,9.6985,1
SN_012482,LOT_042,7.1441,7.8455,8.166,8.2858,0,healthy,0.0,50.0,9.6985,1
SN_012483,LOT_042,15.3611,15.6218,16.1192,16.1177,0,healthy,0.0,50.0,9.6985,1
SN_012484,LOT_042,10.8857,11.9306,12.2507,12.322,0,healthy,0.0,50.0,9.6985,1
SN_012485,LOT_042,7.2122,7.4681,7.5576,7.7293,0,healthy,0.0,50.0,9.6985,1
SN_012486,LOT_042,8.1114,8.788,9.1575,9.1807,0,healthy,0.0,50.0,9.6985,1
SN_012487,LOT_042,10.4067,11.3742,11.8301,11.9034,0,healthy,0.0,50.0,9.6985,1
SN_012488,LOT_042,11.147,12.0315,12.6308,12.7012,0,healthy,0.0,50.0,9.6985,1
SN_012489,LOT_042,11.0157,11.5259,11.5813,11.7253,0,healthy,0.0,50.0,9.6985,1
SN_012490,LOT_042,7.2633,7.5033,7.5969,7.7242,0,healthy,0.0,50.0,9.6985,1
SN_012491,LOT_042,22.5,23.9328,24.3008,24.4778,0,healthy,0.0,50.0,9.6985,1
SN_012492,LOT_042,10.3687,11.0556,11.1757,11.39,0,healthy,0.0,50.0,9.6985,1
SN_012493,LOT_042,11.9479,13.1658,13.6329,13.987,0,healthy,0.0,50.0,9.6985,1
SN_012494,LOT_042,9.5006,10.0619,10.5669,10.6398,0,healthy,0.0,50.0,9.6985,1
SN_012495,LOT_042,5.7677,6.073,6.1157,6.0293,0,healthy,0.0,50.0,9.6985,1
SN_012496,LOT_042,11.2108,11.892,12.3024,12.4459,0,healthy,0.0,50.0,9.6985,1
SN_012497,LOT_042,7.1493,7.4296,7.5323,7.6105,0,healthy,0.0,50.0,9.6985,1
SN_012498,LOT_042,8.8583,10.0613,10.3485,10.4498,0,healthy,0.0,50.0,9.6985,1
SN_012499,LOT_042,5.8246,6.4526,6.644,6.7926,0,healthy,0.0,50.0,9.6985,1
SN_012500,LOT_042,9.1369,9.8999,10.4148,10.3284,0,healthy,0.0,50.0,9.6985,1
SN_012501,LOT_042,6.0288,6.7356,6.8889,7.117,0,healthy,0.0,50.0,9.6985,1
SN_012502,LOT_042,10.8728,12.405,12.5542,12.7035,0,healthy,0.0,50.0,9.6985,1
SN_012503,LOT_042,8.6993,9.786,10.182,10.2903,0,healthy,0.0,50.0,9.6985,1
SN_012504,LOT_042,13.0036,14.1497,14.6793,14.9334,0,healthy,0.0,50.0,9.6985,1
SN_012505,LOT_042,11.7033,12.4138,12.4383,12.7561,0,healthy,0.0,50.0,9.6985,1
SN_012506,LOT_042,11.0007,11.8453,12.1029,12.5139,0,healthy,0.0,50.0,9.6985,1
SN_012507,LOT_042,8.1949,8.8963,9.1046,9.2707,0,healthy,0.0,50.0,9.6985,1
SN_012508,LOT_042,11.8183,12.7043,13.1879,13.1505,0,healthy,0.0,50.0,9.6985,1
SN_012509,LOT_042,36.6053,38.1889,42.7718,47.5476,1,subtle_in_spec,0.5097,50.0,9.6985,1
SN_012510,LOT_042,11.0891,11.4774,11.8538,11.9175,0,healthy,0.0,50.0,9.6985,1
SN_012511,LOT_042,7.2248,7.7173,7.8686,8.0308,0,healthy,0.0,50.0,9.6985,1
SN_012512,LOT_042,9.7659,10.626,10.5976,10.7885,0,healthy,0.0,50.0,9.6985,1
SN_012513,LOT_042,5.8348,6.4137,6.5909,6.6465,0,healthy,0.0,50.0,9.6985,1
SN_012514,LOT_042,9.8282,10.9497,11.2954,11.6647,0,healthy,0.0,50.0,9.6985,1
SN_012515,LOT_042,9.4177,9.6704,10.0164,10.1736,0,healthy,0.0,50.0,9.6985,1
SN_012516,LOT_042,13.3089,14.3055,14.8239,14.6396,0,healthy,0.0,50.0,9.6985,1
SN_012517,LOT_042,7.8353,8.3959,8.7347,8.7615,0,healthy,0.0,50.0,9.6985,1
SN_012518,LOT_042,8.3771,8.8581,8.7717,8.9691,0,healthy,0.0,50.0,9.6985,1
SN_012519,LOT_042,8.1623,8.5279,8.403,8.6688,0,healthy,0.0,50.0,9.6985,1
SN_012520,LOT_042,7.9416,8.4816,8.6028,8.697,0,healthy,0.0,50.0,9.6985,1
SN_012521,LOT_042,12.0259,13.297,13.5729,13.8158,0,healthy,0.0,50.0,9.6985,1
SN_012522,LOT_042,13.0252,14.4366,15.0778,15.2729,0,healthy,0.0,50.0,9.6985,1
SN_012523,LOT_042,9.1554,9.4317,9.7333,9.7813,0,healthy,0.0,50.0,9.6985,1
SN_012524,LOT_042,7.51,8.2276,8.5982,8.6503,0,healthy,0.0,50.0,9.6985,1
SN_012525,LOT_042,8.9525,9.3591,9.4808,9.6425,0,healthy,0.0,50.0,9.6985,1
SN_012526,LOT_042,7.0484,7.3736,7.4805,7.5142,0,healthy,0.0,50.0,9.6985,1
SN_012527,LOT_042,8.3402,9.1614,9.5013,9.7108,0,healthy,0.0,50.0,9.6985,1
SN_012528,LOT_042,7.4778,7.763,7.9256,7.8109,0,healthy,0.0,50.0,9.6985,1
SN_012529,LOT_042,11.9673,13.3549,13.8236,14.2014,0,healthy,0.0,50.0,9.6985,1
SN_012530,LOT_042,10.8432,12.0264,12.4032,12.5316,0,healthy,0.0,50.0,9.6985,1
SN_012531,LOT_042,13.38,14.4973,14.9143,15.1627,0,healthy,0.0,50.0,9.6985,1
SN_012532,LOT_042,9.4468,9.9639,10.3601,10.4332,0,healthy,0.0,50.0,9.6985,1
SN_012533,LOT_042,8.829,9.6268,9.7375,10.1567,0,healthy,0.0,50.0,9.6985,1
SN_012534,LOT_043,25.5573,26.3039,27.3097,28.8085,1,esd_oxide,0.2792,50.0,8.3565,0
SN_012535,LOT_043,8.9758,9.6324,9.8878,9.9516,0,healthy,0.0,50.0,8.3565,0
SN_012536,LOT_043,8.9013,9.7495,10.0736,10.0056,0,healthy,0.0,50.0,8.3565,0
SN_012537,LOT_043,10.2712,11.045,11.3386,11.6931,0,healthy,0.0,50.0,8.3565,0
SN_012538,LOT_043,7.2276,7.4617,7.6137,7.6093,0,healthy,0.0,50.0,8.3565,0
SN_012539,LOT_043,8.4068,9.5436,9.9123,10.1915,0,healthy,0.0,50.0,8.3565,0
SN_012540,LOT_043,8.9789,9.5449,9.7525,9.9523,0,healthy,0.0,50.0,8.3565,0
SN_012541,LOT_043,9.5994,10.0638,10.2832,10.4492,0,healthy,0.0,50.0,8.3565,0
SN_012542,LOT_043,8.5407,9.2982,9.731,9.6387,0,healthy,0.0,50.0,8.3565,0
SN_012543,LOT_043,10.6763,10.972,10.9954,11.1569,0,healthy,0.0,50.0,8.3565,0
SN_012544,LOT_043,7.2132,8.0901,8.3837,8.6307,0,healthy,0.0,50.0,8.3565,0
SN_012545,LOT_043,9.3122,10.2454,10.6457,10.8246,0,healthy,0.0,50.0,8.3565,0
SN_012546,LOT_043,8.6525,9.3238,9.5597,9.639,0,healthy,0.0,50.0,8.3565,0
SN_012547,LOT_043,7.0276,7.5201,7.7005,7.735,0,healthy,0.0,50.0,8.3565,0
SN_012548,LOT_043,9.5001,10.4749,10.7589,11.0046,0,healthy,0.0,50.0,8.3565,0
SN_012549,LOT_043,8.9198,9.312,9.4121,9.3491,0,healthy,0.0,50.0,8.3565,0
SN_012550,LOT_043,9.1129,9.8056,10.1281,10.1361,0,healthy,0.0,50.0,8.3565,0
SN_012551,LOT_043,7.7755,8.4832,8.949,9.2484,0,healthy,0.0,50.0,8.3565,0
SN_012552,LOT_043,8.9139,9.5417,9.8545,9.9663,0,healthy,0.0,50.0,8.3565,0
SN_012553,LOT_043,10.2499,11.1311,11.2071,11.2693,0,healthy,0.0,50.0,8.3565,0
SN_012554,LOT_043,8.7837,9.9025,10.1006,10.3777,0,healthy,0.0,50.0,8.3565,0
SN_012555,LOT_043,8.3232,9.0842,9.2708,9.4443,0,healthy,0.0,50.0,8.3565,0
SN_012556,LOT_043,8.4421,9.0901,9.1988,9.3963,0,healthy,0.0,50.0,8.3565,0
SN_012557,LOT_043,11.1032,12.1219,12.329,12.3683,0,healthy,0.0,50.0,8.3565,0
SN_012558,LOT_043,7.3697,8.019,8.2724,8.3013,0,healthy,0.0,50.0,8.3565,0
SN_012559,LOT_043,7.5378,7.9989,8.2442,8.2988,0,healthy,0.0,50.0,8.3565,0
SN_012560,LOT_043,8.665,9.1541,9.3941,9.3637,0,healthy,0.0,50.0,8.3565,0
SN_012561,LOT_043,9.0931,10.3035,10.595,10.7302,0,healthy,0.0,50.0,8.3565,0
SN_012562,LOT_043,8.4585,9.3766,9.668,9.7154,0,healthy,0.0,50.0,8.3565,0
SN_012563,LOT_043,7.0682,7.9248,8.2356,8.3355,0,healthy,0.0,50.0,8.3565,0
SN_012564,LOT_043,9.9222,11.2446,11.4511,11.5847,0,healthy,0.0,50.0,8.3565,0
SN_012565,LOT_043,8.0568,8.6599,8.9037,8.8077,0,healthy,0.0,50.0,8.3565,0
SN_012566,LOT_043,8.9144,9.8881,10.3589,10.444,0,healthy,0.0,50.0,8.3565,0
SN_012567,LOT_043,7.3327,7.9138,7.9115,8.1398,0,healthy,0.0,50.0,8.3565,0
SN_012568,LOT_043,8.7988,9.1575,9.1865,9.293,0,healthy,0.0,50.0,8.3565,0
SN_012569,LOT_043,8.1658,8.5799,8.6511,8.8436,0,healthy,0.0,50.0,8.3565,0
SN_012570,LOT_043,9.7994,10.3366,10.5866,10.6653,0,healthy,0.0,50.0,8.3565,0
SN_012571,LOT_043,8.982,10.0087,10.3096,10.5002,0,healthy,0.0,50.0,8.3565,0
SN_012572,LOT_043,10.1031,11.0465,11.5288,11.5981,0,healthy,0.0,50.0,8.3565,0
SN_012573,LOT_043,10.0864,10.6535,10.9217,11.1909,0,healthy,0.0,50.0,8.3565,0
SN_012574,LOT_043,8.9024,9.5199,9.5301,9.779,0,healthy,0.0,50.0,8.3565,0
SN_012575,LOT_043,8.8175,9.591,9.916,10.1045,0,healthy,0.0,50.0,8.3565,0
SN_012576,LOT_043,7.7781,8.0618,8.1043,8.1829,0,healthy,0.0,50.0,8.3565,0
SN_012577,LOT_043,8.4506,9.474,9.7793,10.1335,0,healthy,0.0,50.0,8.3565,0
SN_012578,LOT_043,7.466,8.2081,8.3534,8.4695,0,healthy,0.0,50.0,8.3565,0
SN_012579,LOT_043,7.9482,8.1403,8.3549,8.2908,0,healthy,0.0,50.0,8.3565,0
SN_012580,LOT_043,8.0739,8.554,8.866,8.8786,0,healthy,0.0,50.0,8.3565,0
SN_012581,LOT_043,8.4581,9.4782,9.8585,9.7753,0,healthy,0.0,50.0,8.3565,0
SN_012582,LOT_043,8.172,8.7716,8.9892,9.235,0,healthy,0.0,50.0,8.3565,0
SN_012583,LOT_043,8.9251,9.6324,10.0401,10.1886,0,healthy,0.0,50.0,8.3565,0
SN_012584,LOT_043,6.5644,6.9307,7.1314,7.2223,0,healthy,0.0,50.0,8.3565,0
SN_012585,LOT_043,7.3614,7.7611,7.8009,7.9034,0,healthy,0.0,50.0,8.3565,0
SN_012586,LOT_043,8.1478,9.1163,9.4093,9.5735,0,healthy,0.0,50.0,8.3565,0
SN_012587,LOT_043,9.1495,9.5752,9.7909,9.7054,0,healthy,0.0,50.0,8.3565,0
SN_012588,LOT_043,7.2628,7.7368,8.0147,8.1322,0,healthy,0.0,50.0,8.3565,0
SN_012589,LOT_043,8.6612,9.0484,9.1127,9.2863,0,healthy,0.0,50.0,8.3565,0
SN_012590,LOT_043,8.0815,8.8502,9.1683,9.2115,0,healthy,0.0,50.0,8.3565,0
SN_012591,LOT_043,8.9295,10.2256,10.5303,10.6513,0,healthy,0.0,50.0,8.3565,0
SN_012592,LOT_043,9.2164,10.3991,10.7405,11.0583,0,healthy,0.0,50.0,8.3565,0
SN_012593,LOT_043,7.4635,8.4642,8.8314,8.9251,0,healthy,0.0,50.0,8.3565,0
SN_012594,LOT_043,8.9143,9.4585,9.5442,9.7528,0,healthy,0.0,50.0,8.3565,0
SN_012595,LOT_043,8.1426,8.7507,8.8295,9.2351,0,healthy,0.0,50.0,8.3565,0
SN_012596,LOT_043,7.6418,8.1242,8.3176,8.3424,0,healthy,0.0,50.0,8.3565,0
SN_012597,LOT_043,8.1794,8.7769,8.9979,9.0173,0,healthy,0.0,50.0,8.3565,0
SN_012598,LOT_043,9.1042,9.498,9.5441,9.5244,0,healthy,0.0,50.0,8.3565,0
SN_012599,LOT_043,9.0703,10.0818,10.1495,10.2763,0,healthy,0.0,50.0,8.3565,0
SN_012600,LOT_043,9.2491,10.3109,10.793,10.967,0,healthy,0.0,50.0,8.3565,0
SN_012601,LOT_043,7.212,7.4728,7.736,7.6316,0,healthy,0.0,50.0,8.3565,0
SN_012602,LOT_043,8.0053,9.1062,9.3453,9.4186,0,healthy,0.0,50.0,8.3565,0
SN_012603,LOT_043,7.5155,7.8134,7.7687,7.9085,0,healthy,0.0,50.0,8.3565,0
SN_012604,LOT_043,7.9511,9.018,9.24,9.526,0,healthy,0.0,50.0,8.3565,0
SN_012605,LOT_043,7.054,7.3989,7.4232,7.4599,0,healthy,0.0,50.0,8.3565,0
SN_012606,LOT_043,7.7044,8.3356,8.6351,8.7451,0,healthy,0.0,50.0,8.3565,0
SN_012607,LOT_043,8.0588,8.3445,8.5244,8.6901,0,healthy,0.0,50.0,8.3565,0
SN_012608,LOT_043,8.3238,9.3169,9.6594,9.8209,0,healthy,0.0,50.0,8.3565,0
SN_012609,LOT_043,7.3496,7.9105,8.4045,8.4742,0,healthy,0.0,50.0,8.3565,0
SN_012610,LOT_043,9.3519,9.7706,10.0756,9.9218,0,healthy,0.0,50.0,8.3565,0
SN_012611,LOT_043,8.9907,9.5567,9.8774,10.1025,0,healthy,0.0,50.0,8.3565,0
SN_012612,LOT_043,9.4467,10.4245,10.7912,10.953,0,healthy,0.0,50.0,8.3565,0
SN_012613,LOT_043,7.7837,8.4193,8.5717,8.8614,0,healthy,0.0,50.0,8.3565,0
SN_012614,LOT_043,8.1247,8.6497,8.7768,8.9151,0,healthy,0.0,50.0,8.3565,0
SN_012615,LOT_043,7.0667,7.822,7.9807,8.1025,0,healthy,0.0,50.0,8.3565,0
SN_012616,LOT_043,8.9439,10.0317,10.1972,10.2745,0,healthy,0.0,50.0,8.3565,0
SN_012617,LOT_043,7.9386,8.8768,9.0762,9.1693,0,healthy,0.0,50.0,8.3565,0
SN_012618,LOT_043,8.846,9.764,10.2292,10.2016,0,healthy,0.0,50.0,8.3565,0
SN_012619,LOT_043,7.2917,7.6876,7.8551,7.9729,0,healthy,0.0,50.0,8.3565,0
SN_012620,LOT_043,8.1958,9.2916,9.6987,9.6213,0,healthy,0.0,50.0,8.3565,0
SN_012621,LOT_043,8.191,8.9137,9.2909,9.3812,0,healthy,0.0,50.0,8.3565,0
SN_012622,LOT_043,8.987,10.2317,10.4971,10.702,0,healthy,0.0,50.0,8.3565,0
SN_012623,LOT_043,8.6814,9.6976,9.8587,9.9449,0,healthy,0.0,50.0,8.3565,0
SN_012624,LOT_043,9.1896,10.1158,10.6572,10.8325,0,healthy,0.0,50.0,8.3565,0
SN_012625,LOT_043,7.4145,8.2689,8.4689,8.5327,0,healthy,0.0,50.0,8.3565,0
SN_012626,LOT_043,7.1221,7.5789,7.6554,7.7937,0,healthy,0.0,50.0,8.3565,0
SN_012627,LOT_043,9.1236,10.0211,10.3517,10.5869,0,healthy,0.0,50.0,8.3565,0
SN_012628,LOT_043,8.4108,8.8575,9.1622,9.0954,0,healthy,0.0,50.0,8.3565,0
SN_012629,LOT_043,9.6792,10.3146,10.3745,10.5594,0,healthy,0.0,50.0,8.3565,0
SN_012630,LOT_043,8.8509,8.994,9.1947,9.3209,0,healthy,0.0,50.0,8.3565,0
SN_012631,LOT_043,7.9377,8.8447,9.0778,9.2463,0,healthy,0.0,50.0,8.3565,0
SN_012632,LOT_043,8.2502,9.0679,9.5787,9.8334,0,healthy,0.0,50.0,8.3565,0
SN_012633,LOT_043,8.1111,8.4369,8.5415,8.727,0,healthy,0.0,50.0,8.3565,0
SN_012634,LOT_043,7.8433,7.9813,8.3131,8.3451,0,healthy,0.0,50.0,8.3565,0
SN_012635,LOT_043,7.7699,8.2879,8.5115,8.5365,0,healthy,0.0,50.0,8.3565,0
SN_012636,LOT_043,9.7145,10.3794,10.5006,10.6446,0,healthy,0.0,50.0,8.3565,0
SN_012637,LOT_043,8.2174,8.9916,9.4034,9.3355,0,healthy,0.0,50.0,8.3565,0
SN_012638,LOT_043,7.3854,8.3205,8.6015,8.7297,0,healthy,0.0,50.0,8.3565,0
SN_012639,LOT_043,5.8532,6.0552,6.1732,6.2576,0,healthy,0.0,50.0,8.3565,0
SN_012640,LOT_043,7.0904,7.6867,7.876,7.9906,0,healthy,0.0,50.0,8.3565,0
SN_012641,LOT_043,9.9099,10.6307,10.9026,10.9434,0,healthy,0.0,50.0,8.3565,0
SN_012642,LOT_043,7.4568,7.8773,8.1212,8.1963,0,healthy,0.0,50.0,8.3565,0
SN_012643,LOT_043,8.7948,9.4933,9.7241,9.7007,0,healthy,0.0,50.0,8.3565,0
SN_012644,LOT_043,9.5455,9.9455,10.2857,10.2368,0,healthy,0.0,50.0,8.3565,0
SN_012645,LOT_043,5.9392,6.1239,6.2421,6.3159,0,healthy,0.0,50.0,8.3565,0
SN_012646,LOT_043,8.2994,9.5567,9.6892,9.8192,0,healthy,0.0,50.0,8.3565,0
SN_012647,LOT_043,10.228,11.1974,11.7853,11.9473,0,healthy,0.0,50.0,8.3565,0
SN_012648,LOT_043,10.1642,10.884,10.9805,11.2547,0,healthy,0.0,50.0,8.3565,0
SN_012649,LOT_043,9.168,9.6029,9.948,10.0284,0,healthy,0.0,50.0,8.3565,0
SN_012650,LOT_043,7.8022,8.757,9.0163,9.1156,0,healthy,0.0,50.0,8.3565,0
SN_012651,LOT_043,8.8037,9.7099,10.2753,10.358,0,healthy,0.0,50.0,8.3565,0
SN_012652,LOT_043,6.9061,7.209,7.3075,7.268,0,healthy,0.0,50.0,8.3565,0
SN_012653,LOT_043,6.4755,6.856,6.8624,7.0476,0,healthy,0.0,50.0,8.3565,0
SN_012654,LOT_043,8.0181,8.8545,9.3074,9.3423,0,healthy,0.0,50.0,8.3565,0
SN_012655,LOT_043,9.315,10.0558,10.3486,10.177,0,healthy,0.0,50.0,8.3565,0
SN_012656,LOT_043,9.0341,10.1147,10.2859,10.4555,0,healthy,0.0,50.0,8.3565,0
SN_012657,LOT_043,9.9455,10.658,10.7178,10.8419,0,healthy,0.0,50.0,8.3565,0
SN_012658,LOT_043,7.9199,8.2239,8.2628,8.2789,0,healthy,0.0,50.0,8.3565,0
SN_012659,LOT_043,8.1309,8.6605,8.7069,8.887,0,healthy,0.0,50.0,8.3565,0
SN_012660,LOT_043,8.6093,8.9156,8.9925,9.1657,0,healthy,0.0,50.0,8.3565,0
SN_012661,LOT_043,10.0844,10.3106,10.4329,10.7046,0,healthy,0.0,50.0,8.3565,0
SN_012662,LOT_043,9.9256,10.5066,10.7785,10.683,0,healthy,0.0,50.0,8.3565,0
SN_012663,LOT_043,9.0743,9.6582,9.7867,9.8402,0,healthy,0.0,50.0,8.3565,0
SN_012664,LOT_043,7.5884,8.0932,8.5965,8.5977,0,healthy,0.0,50.0,8.3565,0
SN_012665,LOT_043,8.6643,9.2078,9.4067,9.4626,0,healthy,0.0,50.0,8.3565,0
SN_012666,LOT_043,8.5868,9.6372,10.0897,10.3165,0,healthy,0.0,50.0,8.3565,0
SN_012667,LOT_043,8.0351,8.5649,8.6524,8.7324,0,healthy,0.0,50.0,8.3565,0
SN_012668,LOT_043,9.5082,10.4099,10.8873,11.1143,0,healthy,0.0,50.0,8.3565,0
SN_012669,LOT_043,10.4151,10.9886,11.4175,11.626,0,healthy,0.0,50.0,8.3565,0
SN_012670,LOT_043,8.3625,9.463,9.8203,9.9825,0,healthy,0.0,50.0,8.3565,0
SN_012671,LOT_043,8.7778,9.7291,10.0702,10.3194,0,healthy,0.0,50.0,8.3565,0
SN_012672,LOT_043,8.3142,8.6585,8.8667,8.9653,0,healthy,0.0,50.0,8.3565,0
SN_012673,LOT_043,8.524,8.9783,9.1665,9.1079,0,healthy,0.0,50.0,8.3565,0
SN_012674,LOT_043,8.0439,8.6278,8.8811,8.9965,0,healthy,0.0,50.0,8.3565,0
SN_012675,LOT_043,8.4094,9.1247,9.2392,9.5152,0,healthy,0.0,50.0,8.3565,0
SN_012676,LOT_043,9.0956,9.7967,10.0201,10.0214,0,healthy,0.0,50.0,8.3565,0
SN_012677,LOT_043,9.8775,10.5707,10.908,11.1511,0,healthy,0.0,50.0,8.3565,0
SN_012678,LOT_043,9.2344,10.2635,10.5479,10.6158,0,healthy,0.0,50.0,8.3565,0
SN_012679,LOT_043,8.4603,8.8046,8.8041,8.8909,0,healthy,0.0,50.0,8.3565,0
SN_012680,LOT_043,7.4172,8.1654,8.5604,8.6579,0,healthy,0.0,50.0,8.3565,0
SN_012681,LOT_043,8.7511,9.6377,9.9308,10.0588,0,healthy,0.0,50.0,8.3565,0
SN_012682,LOT_043,7.4228,7.6948,7.8462,7.8309,0,healthy,0.0,50.0,8.3565,0
SN_012683,LOT_043,7.331,8.2394,8.5464,8.7351,0,healthy,0.0,50.0,8.3565,0
SN_012684,LOT_043,6.721,7.4548,7.6292,7.8189,0,healthy,0.0,50.0,8.3565,0
SN_012685,LOT_043,9.6523,10.5982,11.0316,11.0955,0,healthy,0.0,50.0,8.3565,0
SN_012686,LOT_043,7.587,7.9706,7.9883,8.0508,0,healthy,0.0,50.0,8.3565,0
SN_012687,LOT_043,8.5135,9.127,9.5089,9.5547,0,healthy,0.0,50.0,8.3565,0
SN_012688,LOT_043,7.3886,7.9001,8.0003,8.1147,0,healthy,0.0,50.0,8.3565,0
SN_012689,LOT_043,8.1547,8.8304,9.0377,9.3174,0,healthy,0.0,50.0,8.3565,0
SN_012690,LOT_043,9.3149,10.5806,11.0815,11.1289,0,healthy,0.0,50.0,8.3565,0
SN_012691,LOT_043,8.4045,9.2021,9.3854,9.5798,0,healthy,0.0,50.0,8.3565,0
SN_012692,LOT_043,7.7043,8.3552,8.6782,8.8595,0,healthy,0.0,50.0,8.3565,0
SN_012693,LOT_043,8.4669,9.745,10.1094,10.1565,0,healthy,0.0,50.0,8.3565,0
SN_012694,LOT_043,7.6724,7.9878,8.2741,8.3086,0,healthy,0.0,50.0,8.3565,0
SN_012695,LOT_043,8.0602,8.7935,8.9133,9.1617,0,healthy,0.0,50.0,8.3565,0
SN_012696,LOT_043,7.053,7.5224,7.6031,7.5791,0,healthy,0.0,50.0,8.3565,0
SN_012697,LOT_043,7.9602,8.905,9.1873,9.4065,0,healthy,0.0,50.0,8.3565,0
SN_012698,LOT_043,7.5358,7.9412,8.0684,8.1679,0,healthy,0.0,50.0,8.3565,0
SN_012699,LOT_043,8.7624,9.7725,9.9415,9.9714,0,healthy,0.0,50.0,8.3565,0
SN_012700,LOT_043,7.9836,8.5043,8.7879,8.7918,0,healthy,0.0,50.0,8.3565,0
SN_012701,LOT_043,8.2811,8.7783,9.0525,9.1704,0,healthy,0.0,50.0,8.3565,0
SN_012702,LOT_043,9.8087,10.8477,11.3807,11.5756,0,healthy,0.0,50.0,8.3565,0
SN_012703,LOT_043,8.7344,9.7056,9.8363,10.0613,0,healthy,0.0,50.0,8.3565,0
SN_012704,LOT_043,8.4227,9.1978,9.4546,9.7139,0,healthy,0.0,50.0,8.3565,0
SN_012705,LOT_043,7.4885,7.7956,7.952,8.0337,0,healthy,0.0,50.0,8.3565,0
SN_012706,LOT_043,8.3722,8.888,9.0255,9.02,0,healthy,0.0,50.0,8.3565,0
SN_012707,LOT_043,8.461,9.2494,9.6444,9.6758,0,healthy,0.0,50.0,8.3565,0
SN_012708,LOT_043,8.8825,9.5281,9.6523,9.7612,0,healthy,0.0,50.0,8.3565,0
SN_012709,LOT_043,8.2405,8.6833,8.8267,8.9068,0,healthy,0.0,50.0,8.3565,0
SN_012710,LOT_043,8.0058,8.6917,8.8803,9.0733,0,healthy,0.0,50.0,8.3565,0
SN_012711,LOT_043,8.3499,9.1348,9.6837,9.7787,0,healthy,0.0,50.0,8.3565,0
SN_012712,LOT_043,8.5999,9.0065,9.2429,9.3859,0,healthy,0.0,50.0,8.3565,0
SN_012713,LOT_043,7.5325,8.1285,8.3196,8.37,0,healthy,0.0,50.0,8.3565,0
SN_012714,LOT_043,8.192,9.0611,9.3155,9.3847,0,healthy,0.0,50.0,8.3565,0
SN_012715,LOT_043,7.1404,7.6479,7.8804,7.7858,0,healthy,0.0,50.0,8.3565,0
SN_012716,LOT_043,7.9691,8.5736,8.8216,8.902,0,healthy,0.0,50.0,8.3565,0
SN_012717,LOT_043,9.8915,10.8611,10.8455,11.0174,0,healthy,0.0,50.0,8.3565,0
SN_012718,LOT_043,7.1844,7.5275,7.5604,7.6196,0,healthy,0.0,50.0,8.3565,0
SN_012719,LOT_043,8.267,9.396,9.5247,9.5752,0,healthy,0.0,50.0,8.3565,0
SN_012720,LOT_043,6.3095,6.6317,6.7619,6.8828,0,healthy,0.0,50.0,8.3565,0
SN_012721,LOT_043,8.8782,9.4728,9.7056,9.7265,0,healthy,0.0,50.0,8.3565,0
SN_012722,LOT_043,8.9987,10.2926,10.4716,10.547,0,healthy,0.0,50.0,8.3565,0
SN_012723,LOT_043,7.918,8.7865,8.7283,8.8998,0,healthy,0.0,50.0,8.3565,0
SN_012724,LOT_043,8.0667,8.4017,8.4359,8.5642,0,healthy,0.0,50.0,8.3565,0
SN_012725,LOT_043,8.1186,9.0755,9.3923,9.6506,0,healthy,0.0,50.0,8.3565,0
SN_012726,LOT_043,9.2132,10.0815,10.5021,10.6911,0,healthy,0.0,50.0,8.3565,0
SN_012727,LOT_043,8.0415,8.8918,9.1965,9.3942,0,healthy,0.0,50.0,8.3565,0
SN_012728,LOT_043,9.0976,9.5732,9.9811,10.1222,0,healthy,0.0,50.0,8.3565,0
SN_012729,LOT_043,8.4695,9.1733,9.4849,9.716,0,healthy,0.0,50.0,8.3565,0
SN_012730,LOT_043,7.4204,7.6858,7.7961,7.9687,0,healthy,0.0,50.0,8.3565,0
SN_012731,LOT_043,7.2095,7.6637,7.8478,8.0193,0,healthy,0.0,50.0,8.3565,0
SN_012732,LOT_043,8.5467,9.2405,9.5179,9.4992,0,healthy,0.0,50.0,8.3565,0
SN_012733,LOT_043,8.4016,9.1162,9.4558,9.3114,0,healthy,0.0,50.0,8.3565,0
SN_012734,LOT_043,10.7698,11.3182,11.767,11.8569,0,healthy,0.0,50.0,8.3565,0
SN_012735,LOT_043,8.2884,9.2974,9.622,9.837,0,healthy,0.0,50.0,8.3565,0
SN_012736,LOT_043,8.5283,9.2683,9.6387,9.8597,0,healthy,0.0,50.0,8.3565,0
SN_012737,LOT_043,8.869,9.3102,9.3358,9.4272,0,healthy,0.0,50.0,8.3565,0
SN_012738,LOT_043,8.7436,9.3747,9.5807,9.7494,0,healthy,0.0,50.0,8.3565,0
SN_012739,LOT_043,6.9516,7.8819,8.1561,8.3311,0,healthy,0.0,50.0,8.3565,0
SN_012740,LOT_043,9.4567,10.1651,10.3551,10.4718,0,healthy,0.0,50.0,8.3565,0
SN_012741,LOT_043,9.4707,10.6749,11.1446,11.3721,0,healthy,0.0,50.0,8.3565,0
SN_012742,LOT_043,9.4691,10.0403,10.3349,10.5605,0,healthy,0.0,50.0,8.3565,0
SN_012743,LOT_043,9.7582,10.6171,10.8454,11.0371,0,healthy,0.0,50.0,8.3565,0
SN_012744,LOT_043,6.6341,6.8693,7.0501,7.1578,0,healthy,0.0,50.0,8.3565,0
SN_012745,LOT_043,8.8076,9.534,9.6345,9.958,0,healthy,0.0,50.0,8.3565,0
SN_012746,LOT_043,9.4478,9.7668,10.0839,10.2011,0,healthy,0.0,50.0,8.3565,0
SN_012747,LOT_043,7.16,7.4372,7.5207,7.601,0,healthy,0.0,50.0,8.3565,0
SN_012748,LOT_043,8.4447,8.8482,9.0079,8.9974,0,healthy,0.0,50.0,8.3565,0
SN_012749,LOT_043,9.2756,10.0825,10.2609,10.4972,0,healthy,0.0,50.0,8.3565,0
SN_012750,LOT_043,7.9227,8.8659,9.2052,9.4115,0,healthy,0.0,50.0,8.3565,0
SN_012751,LOT_043,9.8825,11.0088,11.347,11.548,0,healthy,0.0,50.0,8.3565,0
SN_012752,LOT_043,6.9142,7.7217,8.0158,8.0377,0,healthy,0.0,50.0,8.3565,0
SN_012753,LOT_043,10.3565,11.5877,12.1544,12.2261,0,healthy,0.0,50.0,8.3565,0
SN_012754,LOT_043,10.1626,11.341,12.0529,12.1305,0,healthy,0.0,50.0,8.3565,0
SN_012755,LOT_043,9.2914,10.7375,10.9357,11.0446,0,healthy,0.0,50.0,8.3565,0
SN_012756,LOT_043,8.2476,9.063,9.3216,9.3245,0,healthy,0.0,50.0,8.3565,0
SN_012757,LOT_043,8.0913,8.3533,8.5698,8.5689,0,healthy,0.0,50.0,8.3565,0
SN_012758,LOT_043,7.7771,8.5256,8.6671,8.8081,0,healthy,0.0,50.0,8.3565,0
SN_012759,LOT_043,7.2661,7.578,7.7725,7.6032,0,healthy,0.0,50.0,8.3565,0
SN_012760,LOT_043,10.8633,11.5899,11.6004,11.5428,0,healthy,0.0,50.0,8.3565,0
SN_012761,LOT_043,7.663,8.2548,8.5153,8.6942,0,healthy,0.0,50.0,8.3565,0
SN_012762,LOT_043,8.2344,8.7306,8.7522,8.801,0,healthy,0.0,50.0,8.3565,0
SN_012763,LOT_043,11.3489,12.6017,13.0046,13.2588,0,healthy,0.0,50.0,8.3565,0
SN_012764,LOT_043,8.5355,9.2124,9.5523,9.841,0,healthy,0.0,50.0,8.3565,0
SN_012765,LOT_043,9.3959,9.9125,10.1198,10.2299,0,healthy,0.0,50.0,8.3565,0
SN_012766,LOT_043,8.5202,9.3446,9.7735,9.9718,0,healthy,0.0,50.0,8.3565,0
SN_012767,LOT_043,8.55,9.3398,9.5981,9.9155,0,healthy,0.0,50.0,8.3565,0
SN_012768,LOT_043,8.5306,8.9264,9.224,9.2775,0,healthy,0.0,50.0,8.3565,0
SN_012769,LOT_043,8.3064,8.739,8.9264,8.9438,0,healthy,0.0,50.0,8.3565,0
SN_012770,LOT_043,8.8865,9.6086,9.7351,9.7473,0,healthy,0.0,50.0,8.3565,0
SN_012771,LOT_043,7.3426,8.353,8.5715,8.6751,0,healthy,0.0,50.0,8.3565,0
SN_012772,LOT_043,7.5871,8.2696,8.5651,8.7422,0,healthy,0.0,50.0,8.3565,0
SN_012773,LOT_043,8.0635,8.7236,8.8359,8.8626,0,healthy,0.0,50.0,8.3565,0
SN_012774,LOT_043,7.7813,8.4931,8.8282,9.008,0,healthy,0.0,50.0,8.3565,0
SN_012775,LOT_043,8.0645,8.9401,9.3113,9.5753,0,healthy,0.0,50.0,8.3565,0
SN_012776,LOT_043,8.0388,8.6278,8.8597,8.8431,0,healthy,0.0,50.0,8.3565,0
SN_012777,LOT_043,7.4116,8.0325,8.3215,8.4237,0,healthy,0.0,50.0,8.3565,0
SN_012778,LOT_043,9.8427,10.835,11.5881,11.8534,0,healthy,0.0,50.0,8.3565,0
SN_012779,LOT_043,8.0911,9.1125,9.4864,9.7044,0,healthy,0.0,50.0,8.3565,0
SN_012780,LOT_043,7.5722,7.8077,7.8937,7.9213,0,healthy,0.0,50.0,8.3565,0
SN_012781,LOT_043,8.6838,9.7523,10.01,10.2595,0,healthy,0.0,50.0,8.3565,0
SN_012782,LOT_043,8.5157,9.5227,10.0071,10.1149,0,healthy,0.0,50.0,8.3565,0
SN_012783,LOT_043,8.3222,8.7161,8.9102,9.0186,0,healthy,0.0,50.0,8.3565,0
SN_012784,LOT_043,7.6755,8.6875,8.9344,9.2421,0,healthy,0.0,50.0,8.3565,0
SN_012785,LOT_043,6.9956,7.7723,8.2322,8.2669,0,healthy,0.0,50.0,8.3565,0
SN_012786,LOT_043,8.4958,8.818,8.9211,8.8252,0,healthy,0.0,50.0,8.3565,0
SN_012787,LOT_043,9.2585,10.4604,10.8271,11.1192,0,healthy,0.0,50.0,8.3565,0
SN_012788,LOT_043,7.8635,8.7785,9.1065,9.1794,0,healthy,0.0,50.0,8.3565,0
SN_012789,LOT_043,7.2447,7.6745,7.8165,7.9468,0,healthy,0.0,50.0,8.3565,0
SN_012790,LOT_043,7.4789,8.0628,8.3059,8.6657,0,healthy,0.0,50.0,8.3565,0
SN_012791,LOT_043,8.2497,8.5239,8.664,8.7891,0,healthy,0.0,50.0,8.3565,0
SN_012792,LOT_043,9.7115,10.6053,11.1909,11.4071,0,healthy,0.0,50.0,8.3565,0
SN_012793,LOT_043,7.6975,8.0013,8.1808,8.109,0,healthy,0.0,50.0,8.3565,0
SN_012794,LOT_043,8.479,9.5471,9.8188,9.9406,0,healthy,0.0,50.0,8.3565,0
SN_012795,LOT_043,9.8822,10.6848,11.044,11.0395,0,healthy,0.0,50.0,8.3565,0
SN_012796,LOT_043,8.3746,8.8161,8.9994,8.9987,0,healthy,0.0,50.0,8.3565,0
SN_012797,LOT_043,9.2641,10.0635,10.3734,10.4813,0,healthy,0.0,50.0,8.3565,0
SN_012798,LOT_043,9.1163,10.1316,10.3461,10.5386,0,healthy,0.0,50.0,8.3565,0
SN_012799,LOT_043,10.2058,11.3457,11.966,12.056,0,healthy,0.0,50.0,8.3565,0
SN_012800,LOT_043,7.4261,8.0798,8.4258,8.517,0,healthy,0.0,50.0,8.3565,0
SN_012801,LOT_043,7.4281,8.0034,8.1449,8.0901,0,healthy,0.0,50.0,8.3565,0
SN_012802,LOT_043,9.9257,10.8962,11.3673,11.6691,0,healthy,0.0,50.0,8.3565,0
SN_012803,LOT_043,8.9868,9.3184,9.6322,9.8055,0,healthy,0.0,50.0,8.3565,0
SN_012804,LOT_043,6.9316,7.4299,7.639,7.6274,0,healthy,0.0,50.0,8.3565,0
SN_012805,LOT_043,8.2419,8.8896,9.1898,9.3476,0,healthy,0.0,50.0,8.3565,0
SN_012806,LOT_043,8.5101,8.8025,9.0089,9.212,0,healthy,0.0,50.0,8.3565,0
SN_012807,LOT_043,7.881,8.2531,8.3152,8.2756,0,healthy,0.0,50.0,8.3565,0
SN_012808,LOT_043,7.4593,7.8125,8.0851,8.2039,0,healthy,0.0,50.0,8.3565,0
SN_012809,LOT_043,8.1771,8.8633,8.9394,9.1092,0,healthy,0.0,50.0,8.3565,0
SN_012810,LOT_043,8.265,9.3569,9.4455,9.7361,0,healthy,0.0,50.0,8.3565,0
SN_012811,LOT_043,9.1099,10.0671,10.2188,10.2621,0,healthy,0.0,50.0,8.3565,0
SN_012812,LOT_043,7.1162,7.6424,7.889,8.0225,0,healthy,0.0,50.0,8.3565,0
SN_012813,LOT_043,9.2212,9.6791,9.8729,10.0721,0,healthy,0.0,50.0,8.3565,0
SN_012814,LOT_043,9.0785,10.4055,10.625,10.8806,0,healthy,0.0,50.0,8.3565,0
SN_012815,LOT_043,8.3579,9.0927,9.4463,9.7071,0,healthy,0.0,50.0,8.3565,0
SN_012816,LOT_043,6.462,6.7626,6.8921,6.968,0,healthy,0.0,50.0,8.3565,0
SN_012817,LOT_043,8.1702,8.8197,9.1888,9.4276,0,healthy,0.0,50.0,8.3565,0
SN_012818,LOT_043,7.8198,8.7456,9.0668,9.0153,0,healthy,0.0,50.0,8.3565,0
SN_012819,LOT_043,7.3715,8.1069,8.1986,8.2723,0,healthy,0.0,50.0,8.3565,0
SN_012820,LOT_043,8.8127,9.2846,9.5917,9.6891,0,healthy,0.0,50.0,8.3565,0
SN_012821,LOT_043,6.764,7.2627,7.4725,7.5216,0,healthy,0.0,50.0,8.3565,0
SN_012822,LOT_043,8.0469,8.3349,8.3278,8.4877,0,healthy,0.0,50.0,8.3565,0
SN_012823,LOT_043,7.2362,7.7832,7.864,7.9051,0,healthy,0.0,50.0,8.3565,0
SN_012824,LOT_043,8.7186,9.5739,9.8899,10.1611,0,healthy,0.0,50.0,8.3565,0
SN_012825,LOT_043,7.8149,8.3755,8.4269,8.4893,0,healthy,0.0,50.0,8.3565,0
SN_012826,LOT_043,8.3344,9.3345,9.7749,9.8802,0,healthy,0.0,50.0,8.3565,0
SN_012827,LOT_043,9.025,9.3923,9.4991,9.6743,0,healthy,0.0,50.0,8.3565,0
SN_012828,LOT_043,7.3451,8.3015,8.6025,8.649,0,healthy,0.0,50.0,8.3565,0
SN_012829,LOT_043,9.5414,10.5917,11.2629,11.3283,0,healthy,0.0,50.0,8.3565,0
SN_012830,LOT_043,8.6396,9.194,9.3578,9.4846,0,healthy,0.0,50.0,8.3565,0
SN_012831,LOT_043,10.4585,11.6485,12.1492,12.6529,0,healthy,0.0,50.0,8.3565,0
SN_012832,LOT_043,8.3225,8.9909,9.3566,9.5335,0,healthy,0.0,50.0,8.3565,0
SN_012833,LOT_043,10.6944,11.3373,11.8283,12.0429,0,healthy,0.0,50.0,8.3565,0
SN_012834,LOT_043,7.1596,7.7522,8.0805,8.3705,0,healthy,0.0,50.0,8.3565,0
SN_012835,LOT_043,9.6324,10.5671,10.9903,11.1161,0,healthy,0.0,50.0,8.3565,0
SN_012836,LOT_043,9.556,10.5967,10.9544,10.9512,0,healthy,0.0,50.0,8.3565,0
SN_012837,LOT_043,8.8252,9.4304,9.5967,9.7846,0,healthy,0.0,50.0,8.3565,0
SN_012838,LOT_043,8.7398,9.5168,9.7235,9.9039,0,healthy,0.0,50.0,8.3565,0
SN_012839,LOT_043,6.9445,7.2713,7.3674,7.3908,0,healthy,0.0,50.0,8.3565,0
SN_012840,LOT_043,8.0327,8.7413,9.0677,9.1834,0,healthy,0.0,50.0,8.3565,0
SN_012841,LOT_043,9.5582,10.3376,10.5367,10.4946,0,healthy,0.0,50.0,8.3565,0
SN_012842,LOT_043,8.2791,9.1334,9.5513,9.7737,0,healthy,0.0,50.0,8.3565,0
SN_012843,LOT_043,8.1604,8.9822,9.4689,9.5754,0,healthy,0.0,50.0,8.3565,0
SN_012844,LOT_043,6.6404,6.9014,7.037,7.0995,0,healthy,0.0,50.0,8.3565,0
SN_012845,LOT_043,6.4707,6.8467,6.9368,7.08,0,healthy,0.0,50.0,8.3565,0
SN_012846,LOT_043,8.7691,9.3694,9.4026,9.5413,0,healthy,0.0,50.0,8.3565,0
SN_012847,LOT_043,7.7335,8.3693,8.7311,8.9229,0,healthy,0.0,50.0,8.3565,0
SN_012848,LOT_043,7.9503,8.5385,8.8432,9.0506,0,healthy,0.0,50.0,8.3565,0
SN_012849,LOT_043,6.9696,7.5783,7.6976,7.7617,0,healthy,0.0,50.0,8.3565,0
SN_012850,LOT_043,9.2915,10.2698,10.4427,10.8393,0,healthy,0.0,50.0,8.3565,0
SN_012851,LOT_043,8.3958,9.1886,9.4983,9.5747,0,healthy,0.0,50.0,8.3565,0
SN_012852,LOT_043,8.5786,9.0713,9.2457,9.1167,0,healthy,0.0,50.0,8.3565,0
SN_012853,LOT_043,9.1411,9.9461,10.2432,10.2992,0,healthy,0.0,50.0,8.3565,0
SN_012854,LOT_043,7.6617,8.1668,8.3656,8.2666,0,healthy,0.0,50.0,8.3565,0
SN_012855,LOT_043,8.2761,9.0288,9.327,9.3972,0,healthy,0.0,50.0,8.3565,0
SN_012856,LOT_043,8.6977,9.6235,9.965,10.1847,0,healthy,0.0,50.0,8.3565,0
SN_012857,LOT_043,10.3112,11.4438,11.565,12.0432,0,healthy,0.0,50.0,8.3565,0
SN_012858,LOT_043,7.3936,7.7573,7.9342,7.885,0,healthy,0.0,50.0,8.3565,0
SN_012859,LOT_043,8.8952,9.5509,9.8774,9.8889,0,healthy,0.0,50.0,8.3565,0
SN_012860,LOT_043,9.3341,10.2454,10.4556,10.8271,0,healthy,0.0,50.0,8.3565,0
SN_012861,LOT_043,7.7655,8.1662,8.2521,8.2247,0,healthy,0.0,50.0,8.3565,0
SN_012862,LOT_043,8.0107,8.4567,8.69,8.7678,0,healthy,0.0,50.0,8.3565,0
SN_012863,LOT_043,8.0535,8.705,8.9587,9.0413,0,healthy,0.0,50.0,8.3565,0
SN_012864,LOT_043,8.2554,8.5754,9.0613,9.239,0,healthy,0.0,50.0,8.3565,0
SN_012865,LOT_043,9.1718,9.8012,10.1237,10.117,0,healthy,0.0,50.0,8.3565,0
SN_012866,LOT_043,8.8488,9.5176,9.6554,9.8552,0,healthy,0.0,50.0,8.3565,0
SN_012867,LOT_043,7.8603,8.6547,8.6423,9.023,0,healthy,0.0,50.0,8.3565,0
SN_012868,LOT_043,10.2598,11.1305,11.4457,11.4595,0,healthy,0.0,50.0,8.3565,0
SN_012869,LOT_043,8.6175,8.8472,8.9364,9.1258,0,healthy,0.0,50.0,8.3565,0
SN_012870,LOT_043,7.263,7.7054,7.9658,8.0302,0,healthy,0.0,50.0,8.3565,0
SN_012871,LOT_043,8.3558,8.952,9.0587,9.1664,0,healthy,0.0,50.0,8.3565,0
SN_012872,LOT_043,7.7965,8.8111,9.0657,9.152,0,healthy,0.0,50.0,8.3565,0
SN_012873,LOT_043,9.1859,9.3377,9.6161,9.6865,0,healthy,0.0,50.0,8.3565,0
SN_012874,LOT_043,8.4218,9.178,9.5755,9.6095,0,healthy,0.0,50.0,8.3565,0
SN_012875,LOT_043,9.0208,9.2737,9.4732,9.6337,0,healthy,0.0,50.0,8.3565,0
SN_012876,LOT_043,7.8599,8.3564,8.3972,8.4759,0,healthy,0.0,50.0,8.3565,0
SN_012877,LOT_043,8.6393,9.0943,9.2156,9.2538,0,healthy,0.0,50.0,8.3565,0
SN_012878,LOT_043,10.0968,10.9237,10.9984,11.0997,0,healthy,0.0,50.0,8.3565,0
SN_012879,LOT_043,7.6847,8.0015,8.1497,8.261,0,healthy,0.0,50.0,8.3565,0
SN_012880,LOT_043,7.0044,7.3519,7.4243,7.7087,0,healthy,0.0,50.0,8.3565,0
SN_012881,LOT_043,8.0356,8.928,9.2652,9.5497,0,healthy,0.0,50.0,8.3565,0
SN_012882,LOT_043,9.5236,10.7197,11.092,11.327,0,healthy,0.0,50.0,8.3565,0
SN_012883,LOT_043,7.696,7.9406,8.0344,8.1417,0,healthy,0.0,50.0,8.3565,0
SN_012884,LOT_043,8.9014,9.7307,10.1071,10.6306,0,healthy,0.0,50.0,8.3565,0
SN_012885,LOT_043,8.5462,9.3689,9.5212,9.4006,0,healthy,0.0,50.0,8.3565,0
SN_012886,LOT_043,8.5949,8.8929,9.0706,8.9606,0,healthy,0.0,50.0,8.3565,0
SN_012887,LOT_043,8.8847,9.8177,10.3,10.4611,0,healthy,0.0,50.0,8.3565,0
SN_012888,LOT_043,9.4005,10.5728,11.0279,11.1411,0,healthy,0.0,50.0,8.3565,0
SN_012889,LOT_043,8.6162,9.4689,9.4989,9.7652,0,healthy,0.0,50.0,8.3565,0
SN_012890,LOT_043,8.75,9.7128,10.0873,10.274,0,healthy,0.0,50.0,8.3565,0
SN_012891,LOT_043,7.9757,15.1363,16.3357,16.4342,1,mobile_ion,0.3665,50.0,8.3565,0
SN_012892,LOT_043,8.558,8.8996,9.0323,9.2406,0,healthy,0.0,50.0,8.3565,0
SN_012893,LOT_043,9.7634,10.536,10.5743,10.6698,0,healthy,0.0,50.0,8.3565,0
SN_012894,LOT_043,9.3867,9.8467,9.7408,9.9421,0,healthy,0.0,50.0,8.3565,0
SN_012895,LOT_043,10.1356,11.3842,11.7198,11.9766,0,healthy,0.0,50.0,8.3565,0
SN_012896,LOT_043,7.914,8.1734,8.3448,8.325,0,healthy,0.0,50.0,8.3565,0
SN_012897,LOT_043,7.2242,8.08,8.3374,8.7564,0,healthy,0.0,50.0,8.3565,0
SN_012898,LOT_043,9.4177,10.5879,10.9157,11.119,0,healthy,0.0,50.0,8.3565,0
SN_012899,LOT_043,7.3676,8.0819,8.4631,8.7576,0,healthy,0.0,50.0,8.3565,0
SN_012900,LOT_043,8.2382,8.496,8.5722,8.757,0,healthy,0.0,50.0,8.3565,0
SN_012901,LOT_043,8.8526,9.2495,9.585,9.6198,0,healthy,0.0,50.0,8.3565,0
SN_012902,LOT_043,9.9841,10.4532,10.6668,10.7382,0,healthy,0.0,50.0,8.3565,0
SN_012903,LOT_043,10.3244,11.1484,11.0558,11.1255,0,healthy,0.0,50.0,8.3565,0
SN_012904,LOT_043,8.7052,9.0414,9.1509,9.2173,0,healthy,0.0,50.0,8.3565,0
SN_012905,LOT_043,8.4905,8.9208,9.0457,9.196,0,healthy,0.0,50.0,8.3565,0
SN_012906,LOT_043,7.3236,8.0933,8.6079,8.688,0,healthy,0.0,50.0,8.3565,0
SN_012907,LOT_043,9.1377,10.1824,10.4902,10.523,0,healthy,0.0,50.0,8.3565,0
SN_012908,LOT_043,9.1822,10.2632,10.5033,10.8165,0,healthy,0.0,50.0,8.3565,0
SN_012909,LOT_043,7.5117,7.8468,8.0217,7.9929,0,healthy,0.0,50.0,8.3565,0
SN_012910,LOT_043,6.4878,6.9838,7.2472,7.2794,0,healthy,0.0,50.0,8.3565,0
SN_012911,LOT_043,8.2516,8.8447,9.0188,9.1903,0,healthy,0.0,50.0,8.3565,0
SN_012912,LOT_043,8.0857,8.9176,8.953,9.1828,0,healthy,0.0,50.0,8.3565,0
SN_012913,LOT_043,9.8869,10.256,10.4658,10.4074,0,healthy,0.0,50.0,8.3565,0
SN_012914,LOT_043,10.7035,11.9435,12.1869,12.3269,0,healthy,0.0,50.0,8.3565,0
SN_012915,LOT_043,10.648,11.582,11.8082,11.8977,0,healthy,0.0,50.0,8.3565,0
SN_012916,LOT_043,9.8325,10.3431,10.4781,10.7148,0,healthy,0.0,50.0,8.3565,0
SN_012917,LOT_043,7.7292,8.225,8.5426,8.735,0,healthy,0.0,50.0,8.3565,0
SN_012918,LOT_043,7.913,8.6134,8.8048,8.8549,0,healthy,0.0,50.0,8.3565,0
SN_012919,LOT_044,10.9618,12.3316,12.9212,13.0345,0,healthy,0.0,50.0,10.7231,0
SN_012920,LOT_044,10.8387,11.5385,12.0455,12.2064,0,healthy,0.0,50.0,10.7231,0
SN_012921,LOT_044,11.2729,11.983,12.1241,12.4296,0,healthy,0.0,50.0,10.7231,0
SN_012922,LOT_044,10.2196,10.9677,11.3346,11.637,0,healthy,0.0,50.0,10.7231,0
SN_012923,LOT_044,10.6338,11.3829,11.4828,11.7753,0,healthy,0.0,50.0,10.7231,0
SN_012924,LOT_044,10.8652,12.125,12.7823,12.9081,0,healthy,0.0,50.0,10.7231,0
SN_012925,LOT_044,10.0342,10.2088,10.5039,10.608,0,healthy,0.0,50.0,10.7231,0
SN_012926,LOT_044,11.039,12.4824,12.9325,13.2087,0,healthy,0.0,50.0,10.7231,0
SN_012927,LOT_044,9.2902,10.1245,10.1972,10.2398,0,healthy,0.0,50.0,10.7231,0
SN_012928,LOT_044,10.7638,11.3979,11.3824,11.707,0,healthy,0.0,50.0,10.7231,0
SN_012929,LOT_044,10.4007,11.6385,11.7415,11.8635,0,healthy,0.0,50.0,10.7231,0
SN_012930,LOT_044,12.0691,12.9498,13.2228,13.1155,0,healthy,0.0,50.0,10.7231,0
SN_012931,LOT_044,11.6203,12.8233,13.2368,13.5224,0,healthy,0.0,50.0,10.7231,0
SN_012932,LOT_044,10.1711,11.3096,11.7184,11.6527,0,healthy,0.0,50.0,10.7231,0
SN_012933,LOT_044,9.617,10.7303,11.1293,11.5526,0,healthy,0.0,50.0,10.7231,0
SN_012934,LOT_044,10.4525,11.4697,11.7279,11.8275,0,healthy,0.0,50.0,10.7231,0
SN_012935,LOT_044,10.1408,11.1713,11.5461,12.0383,0,healthy,0.0,50.0,10.7231,0
SN_012936,LOT_044,10.3224,10.7285,11.0153,10.9486,0,healthy,0.0,50.0,10.7231,0
SN_012937,LOT_044,10.7466,11.2327,11.6325,11.7212,0,healthy,0.0,50.0,10.7231,0
SN_012938,LOT_044,10.8845,11.38,11.4367,11.5474,0,healthy,0.0,50.0,10.7231,0
SN_012939,LOT_044,11.4014,12.1879,12.5157,12.732,0,healthy,0.0,50.0,10.7231,0
SN_012940,LOT_044,11.4494,12.198,12.7384,12.8839,0,healthy,0.0,50.0,10.7231,0
SN_012941,LOT_044,11.8072,12.693,12.8779,13.0039,0,healthy,0.0,50.0,10.7231,0
SN_012942,LOT_044,10.4031,11.2448,11.642,11.9059,0,healthy,0.0,50.0,10.7231,0
SN_012943,LOT_044,11.3277,12.4327,12.7609,12.6593,0,healthy,0.0,50.0,10.7231,0
SN_012944,LOT_044,12.4532,13.7875,14.6429,14.7433,0,healthy,0.0,50.0,10.7231,0
SN_012945,LOT_044,11.4701,12.4004,13.1817,13.1286,0,healthy,0.0,50.0,10.7231,0
SN_012946,LOT_044,10.2826,10.8937,11.1589,11.2362,0,healthy,0.0,50.0,10.7231,0
SN_012947,LOT_044,9.3313,10.241,10.591,10.8951,0,healthy,0.0,50.0,10.7231,0
SN_012948,LOT_044,10.5601,11.8055,12.1493,12.2612,0,healthy,0.0,50.0,10.7231,0
SN_012949,LOT_044,11.3219,12.4992,12.9051,13.1621,0,healthy,0.0,50.0,10.7231,0
SN_012950,LOT_044,11.618,12.7098,12.8665,13.0255,0,healthy,0.0,50.0,10.7231,0
SN_012951,LOT_044,10.5433,11.0886,11.6076,11.5606,0,healthy,0.0,50.0,10.7231,0
SN_012952,LOT_044,11.1532,11.861,11.786,11.9524,0,healthy,0.0,50.0,10.7231,0
SN_012953,LOT_044,9.8829,10.8856,11.4513,11.6483,0,healthy,0.0,50.0,10.7231,0
SN_012954,LOT_044,9.81,10.1055,10.2879,10.4431,0,healthy,0.0,50.0,10.7231,0
SN_012955,LOT_044,12.9481,13.4707,14.0047,13.9405,0,healthy,0.0,50.0,10.7231,0
SN_012956,LOT_044,10.4072,10.8325,11.1415,11.0806,0,healthy,0.0,50.0,10.7231,0
SN_012957,LOT_044,11.5802,12.0128,12.2371,12.1713,0,healthy,0.0,50.0,10.7231,0
SN_012958,LOT_044,11.0829,11.8466,12.005,12.1159,0,healthy,0.0,50.0,10.7231,0
SN_012959,LOT_044,10.8907,11.1914,11.3807,11.5954,0,healthy,0.0,50.0,10.7231,0
SN_012960,LOT_044,10.4571,11.1499,11.3557,11.7072,0,healthy,0.0,50.0,10.7231,0
SN_012961,LOT_044,10.972,12.2829,12.8126,12.7986,0,healthy,0.0,50.0,10.7231,0
SN_012962,LOT_044,11.0205,11.4299,11.4593,11.7105,0,healthy,0.0,50.0,10.7231,0
SN_012963,LOT_044,12.1345,13.8327,14.3732,14.471,0,healthy,0.0,50.0,10.7231,0
SN_012964,LOT_044,10.806,12.2049,12.5829,12.8167,0,healthy,0.0,50.0,10.7231,0
SN_012965,LOT_044,11.0235,11.7784,11.9768,12.2687,0,healthy,0.0,50.0,10.7231,0
SN_012966,LOT_044,11.0171,11.512,11.6317,11.573,0,healthy,0.0,50.0,10.7231,0
SN_012967,LOT_044,9.7489,10.6478,10.8888,11.0567,0,healthy,0.0,50.0,10.7231,0
SN_012968,LOT_044,10.5803,11.4331,12.2874,12.5767,0,healthy,0.0,50.0,10.7231,0
SN_012969,LOT_044,11.157,12.1681,12.6554,12.8304,0,healthy,0.0,50.0,10.7231,0
SN_012970,LOT_044,10.8149,11.689,12.558,12.8298,0,healthy,0.0,50.0,10.7231,0
SN_012971,LOT_044,10.4812,11.276,11.5403,11.8668,0,healthy,0.0,50.0,10.7231,0
SN_012972,LOT_044,10.3828,11.3574,11.5977,11.7233,0,healthy,0.0,50.0,10.7231,0
SN_012973,LOT_044,11.87,12.9739,12.9737,13.1072,0,healthy,0.0,50.0,10.7231,0
SN_012974,LOT_044,9.3418,10.2156,10.767,10.8455,0,healthy,0.0,50.0,10.7231,0
SN_012975,LOT_044,9.747,10.4975,10.5552,10.5758,0,healthy,0.0,50.0,10.7231,0
SN_012976,LOT_044,10.6988,12.0192,12.6128,12.5565,0,healthy,0.0,50.0,10.7231,0
SN_012977,LOT_044,10.6387,11.9598,12.4293,12.8456,0,healthy,0.0,50.0,10.7231,0
SN_012978,LOT_044,10.4416,11.4848,11.4894,11.7048,0,healthy,0.0,50.0,10.7231,0
SN_012979,LOT_044,9.6677,10.9142,11.1743,11.424,0,healthy,0.0,50.0,10.7231,0
SN_012980,LOT_044,10.332,10.6919,10.9212,10.9597,0,healthy,0.0,50.0,10.7231,0
SN_012981,LOT_044,9.0033,9.8331,10.187,10.4745,0,healthy,0.0,50.0,10.7231,0
SN_012982,LOT_044,10.8365,11.4232,11.5769,11.8598,0,healthy,0.0,50.0,10.7231,0
SN_012983,LOT_044,11.3741,12.0264,12.0789,12.1519,0,healthy,0.0,50.0,10.7231,0
SN_012984,LOT_044,10.5179,11.3429,11.3263,11.4905,0,healthy,0.0,50.0,10.7231,0
SN_012985,LOT_044,10.7769,12.0611,12.4381,12.865,0,healthy,0.0,50.0,10.7231,0
SN_012986,LOT_044,10.9972,11.5327,11.5574,11.8739,0,healthy,0.0,50.0,10.7231,0
SN_012987,LOT_044,10.7525,11.3853,11.7438,11.6697,0,healthy,0.0,50.0,10.7231,0
SN_012988,LOT_044,11.7288,12.8885,13.0792,13.1673,0,healthy,0.0,50.0,10.7231,0
SN_012989,LOT_044,9.3979,10.0258,10.3771,10.466,0,healthy,0.0,50.0,10.7231,0
SN_012990,LOT_044,11.3152,12.0347,12.2342,12.6146,0,healthy,0.0,50.0,10.7231,0
SN_012991,LOT_044,9.5249,10.7774,11.1991,11.2274,0,healthy,0.0,50.0,10.7231,0
SN_012992,LOT_044,8.7701,9.3224,9.6075,9.6753,0,healthy,0.0,50.0,10.7231,0
SN_012993,LOT_044,9.237,9.7306,9.8031,9.7537,0,healthy,0.0,50.0,10.7231,0
SN_012994,LOT_044,10.5169,11.544,12.0445,12.2748,0,healthy,0.0,50.0,10.7231,0
SN_012995,LOT_044,10.6678,11.3093,11.637,11.6317,0,healthy,0.0,50.0,10.7231,0
SN_012996,LOT_044,10.8266,12.3068,12.6943,12.8259,0,healthy,0.0,50.0,10.7231,0
SN_012997,LOT_044,11.1946,11.7498,11.8305,12.0685,0,healthy,0.0,50.0,10.7231,0
SN_012998,LOT_044,9.4591,10.6083,11.0324,11.3502,0,healthy,0.0,50.0,10.7231,0
SN_012999,LOT_044,11.46,12.4051,12.5487,12.6564,0,healthy,0.0,50.0,10.7231,0
SN_013000,LOT_044,11.7073,13.1352,13.6695,14.0563,0,healthy,0.0,50.0,10.7231,0
SN_013001,LOT_044,10.8537,13.5681,21.4384,29.5416,1,electromigration,0.3651,50.0,10.7231,0
SN_013002,LOT_044,10.4221,11.6358,11.7102,11.9105,0,healthy,0.0,50.0,10.7231,0
SN_013003,LOT_044,9.941,10.7718,11.045,11.1662,0,healthy,0.0,50.0,10.7231,0
SN_013004,LOT_044,11.4602,12.0732,12.585,12.5068,0,healthy,0.0,50.0,10.7231,0
SN_013005,LOT_044,9.3382,10.1214,10.4447,10.4562,0,healthy,0.0,50.0,10.7231,0
SN_013006,LOT_044,11.0452,11.569,11.5434,11.7642,0,healthy,0.0,50.0,10.7231,0
SN_013007,LOT_044,10.4839,11.6526,12.2909,12.3236,0,healthy,0.0,50.0,10.7231,0
SN_013008,LOT_044,11.7166,13.2292,13.7284,13.8312,0,healthy,0.0,50.0,10.7231,0
SN_013009,LOT_044,9.7823,10.2088,10.2442,10.4,0,healthy,0.0,50.0,10.7231,0
SN_013010,LOT_044,12.2025,13.1813,13.4969,13.6912,0,healthy,0.0,50.0,10.7231,0
SN_013011,LOT_044,11.1249,11.6026,11.7823,11.8805,0,healthy,0.0,50.0,10.7231,0
SN_013012,LOT_044,10.5377,11.0226,11.2366,11.3135,0,healthy,0.0,50.0,10.7231,0
SN_013013,LOT_044,10.7205,11.4455,11.7654,11.7839,0,healthy,0.0,50.0,10.7231,0
SN_013014,LOT_044,10.2556,11.4612,11.9161,12.1672,0,healthy,0.0,50.0,10.7231,0
SN_013015,LOT_044,10.8223,11.3178,11.5008,11.5682,0,healthy,0.0,50.0,10.7231,0
SN_013016,LOT_044,11.2701,12.6963,13.0315,13.3484,0,healthy,0.0,50.0,10.7231,0
SN_013017,LOT_044,12.5512,13.1407,13.3056,13.5555,0,healthy,0.0,50.0,10.7231,0
SN_013018,LOT_044,9.8621,10.8868,11.4605,11.9381,0,healthy,0.0,50.0,10.7231,0
SN_013019,LOT_044,10.4415,10.9831,11.1651,11.31,0,healthy,0.0,50.0,10.7231,0
SN_013020,LOT_044,10.3142,11.1293,11.6282,11.89,0,healthy,0.0,50.0,10.7231,0
SN_013021,LOT_044,10.0177,10.5476,10.7352,10.8322,0,healthy,0.0,50.0,10.7231,0
SN_013022,LOT_044,10.717,12.0205,12.4691,12.8374,0,healthy,0.0,50.0,10.7231,0
SN_013023,LOT_044,10.4818,11.1994,11.4032,11.6785,0,healthy,0.0,50.0,10.7231,0
SN_013024,LOT_044,10.8425,12.2791,12.787,12.9456,0,healthy,0.0,50.0,10.7231,0
SN_013025,LOT_044,9.2577,10.0977,10.1012,10.2745,0,healthy,0.0,50.0,10.7231,0
SN_013026,LOT_044,10.4015,11.9795,12.222,12.5122,0,healthy,0.0,50.0,10.7231,0
SN_013027,LOT_044,11.526,13.0607,13.4472,13.513,0,healthy,0.0,50.0,10.7231,0
SN_013028,LOT_044,10.2941,11.1246,11.3966,11.7334,0,healthy,0.0,50.0,10.7231,0
SN_013029,LOT_044,10.9146,11.3799,11.4222,11.8019,0,healthy,0.0,50.0,10.7231,0
SN_013030,LOT_044,10.3752,11.1487,11.3769,11.448,0,healthy,0.0,50.0,10.7231,0
SN_013031,LOT_044,9.9735,10.9025,11.2889,11.6671,0,healthy,0.0,50.0,10.7231,0
SN_013032,LOT_044,10.8139,11.4269,11.7893,11.8704,0,healthy,0.0,50.0,10.7231,0
SN_013033,LOT_044,12.5581,14.0108,14.378,14.1673,0,healthy,0.0,50.0,10.7231,0
SN_013034,LOT_044,10.6552,11.1329,11.5623,11.5686,0,healthy,0.0,50.0,10.7231,0
SN_013035,LOT_044,11.2431,12.026,12.3026,12.4531,0,healthy,0.0,50.0,10.7231,0
SN_013036,LOT_044,11.2177,11.773,12.142,12.3801,0,healthy,0.0,50.0,10.7231,0
SN_013037,LOT_044,10.741,11.947,12.2626,12.4913,0,healthy,0.0,50.0,10.7231,0
SN_013038,LOT_044,10.3254,11.3924,11.7262,11.7965,0,healthy,0.0,50.0,10.7231,0
SN_013039,LOT_044,10.7699,11.2826,11.5699,11.5387,0,healthy,0.0,50.0,10.7231,0
SN_013040,LOT_044,11.4793,12.8986,13.1754,13.5936,0,healthy,0.0,50.0,10.7231,0
SN_013041,LOT_044,10.6109,11.5374,11.7158,11.8786,0,healthy,0.0,50.0,10.7231,0
SN_013042,LOT_044,9.7167,10.3058,10.4844,10.6524,0,healthy,0.0,50.0,10.7231,0
SN_013043,LOT_044,11.4627,12.5109,12.735,12.9319,0,healthy,0.0,50.0,10.7231,0
SN_013044,LOT_044,10.6211,11.7959,12.4051,12.4993,0,healthy,0.0,50.0,10.7231,0
SN_013045,LOT_044,10.1001,10.5607,10.5781,10.67,0,healthy,0.0,50.0,10.7231,0
SN_013046,LOT_044,10.1599,10.6803,10.9566,11.1568,0,healthy,0.0,50.0,10.7231,0
SN_013047,LOT_044,9.9964,11.0423,11.3268,11.3198,0,healthy,0.0,50.0,10.7231,0
SN_013048,LOT_044,11.9756,13.234,13.4904,13.6355,0,healthy,0.0,50.0,10.7231,0
SN_013049,LOT_044,9.9984,10.8142,11.1192,11.2079,0,healthy,0.0,50.0,10.7231,0
SN_013050,LOT_044,10.2169,11.4404,11.9181,12.2482,0,healthy,0.0,50.0,10.7231,0
SN_013051,LOT_044,10.4387,10.9435,11.1599,11.152,0,healthy,0.0,50.0,10.7231,0
SN_013052,LOT_044,9.9298,10.6975,10.9973,11.2125,0,healthy,0.0,50.0,10.7231,0
SN_013053,LOT_044,10.2116,10.7805,10.9713,11.0833,0,healthy,0.0,50.0,10.7231,0
SN_013054,LOT_044,9.9101,10.3144,10.4955,10.4033,0,healthy,0.0,50.0,10.7231,0
SN_013055,LOT_044,10.4324,10.6014,13.4829,19.3838,1,tddb_dielectric,0.1159,50.0,10.7231,0
SN_013056,LOT_044,12.5599,13.335,13.466,13.5915,0,healthy,0.0,50.0,10.7231,0
SN_013057,LOT_044,9.7537,10.4762,10.736,10.8317,0,healthy,0.0,50.0,10.7231,0
SN_013058,LOT_044,10.6406,11.2365,11.6118,11.8712,0,healthy,0.0,50.0,10.7231,0
SN_013059,LOT_044,10.4152,11.3627,11.7144,11.9063,0,healthy,0.0,50.0,10.7231,0
SN_013060,LOT_044,10.5149,11.6584,11.8397,11.9383,0,healthy,0.0,50.0,10.7231,0
SN_013061,LOT_044,10.0958,10.4191,10.543,10.5704,0,healthy,0.0,50.0,10.7231,0
SN_013062,LOT_044,10.7828,11.3392,11.6047,11.5893,0,healthy,0.0,50.0,10.7231,0
SN_013063,LOT_044,10.4493,11.9429,12.1611,12.3591,0,healthy,0.0,50.0,10.7231,0
SN_013064,LOT_044,11.6757,12.012,12.0869,12.219,0,healthy,0.0,50.0,10.7231,0
SN_013065,LOT_044,12.1657,12.6712,13.1237,13.0654,0,healthy,0.0,50.0,10.7231,0
SN_013066,LOT_044,9.8925,10.2039,10.6307,10.5911,0,healthy,0.0,50.0,10.7231,0
SN_013067,LOT_044,11.2416,12.4677,12.9809,12.9558,0,healthy,0.0,50.0,10.7231,0
SN_013068,LOT_044,11.0523,12.5032,12.9522,13.2504,0,healthy,0.0,50.0,10.7231,0
SN_013069,LOT_044,11.302,12.4301,12.7938,12.866,0,healthy,0.0,50.0,10.7231,0
SN_013070,LOT_044,10.4748,11.4441,11.735,11.8493,0,healthy,0.0,50.0,10.7231,0
SN_013071,LOT_044,12.0042,12.9838,13.5289,13.2889,0,healthy,0.0,50.0,10.7231,0
SN_013072,LOT_044,13.6971,15.2702,15.8453,16.6199,0,healthy,0.0,50.0,10.7231,0
SN_013073,LOT_044,11.308,11.781,11.7754,12.0857,0,healthy,0.0,50.0,10.7231,0
SN_013074,LOT_044,11.8173,12.5742,13.0254,13.1323,0,healthy,0.0,50.0,10.7231,0
SN_013075,LOT_044,8.9053,9.8119,10.2725,10.5365,0,healthy,0.0,50.0,10.7231,0
SN_013076,LOT_044,10.3213,10.6745,10.8065,10.8388,0,healthy,0.0,50.0,10.7231,0
SN_013077,LOT_044,10.8146,11.5634,11.7171,12.018,0,healthy,0.0,50.0,10.7231,0
SN_013078,LOT_044,11.2652,12.0052,12.1512,12.2358,0,healthy,0.0,50.0,10.7231,0
SN_013079,LOT_044,9.7557,10.6097,10.9016,11.1056,0,healthy,0.0,50.0,10.7231,0
SN_013080,LOT_044,10.2177,11.6346,12.038,12.1056,0,healthy,0.0,50.0,10.7231,0
SN_013081,LOT_044,11.7996,12.5557,12.886,13.1026,0,healthy,0.0,50.0,10.7231,0
SN_013082,LOT_044,10.234,10.5954,10.7831,10.7236,0,healthy,0.0,50.0,10.7231,0
SN_013083,LOT_044,10.5286,11.039,11.0624,11.1834,0,healthy,0.0,50.0,10.7231,0
SN_013084,LOT_044,11.3572,12.2494,12.7082,12.7003,0,healthy,0.0,50.0,10.7231,0
SN_013085,LOT_044,11.1651,11.9866,12.0006,12.2939,0,healthy,0.0,50.0,10.7231,0
SN_013086,LOT_044,10.5231,11.8178,12.1526,12.6105,0,healthy,0.0,50.0,10.7231,0
SN_013087,LOT_044,10.8532,11.6707,12.2335,12.4267,0,healthy,0.0,50.0,10.7231,0
SN_013088,LOT_044,9.5666,10.1258,10.1694,10.2691,0,healthy,0.0,50.0,10.7231,0
SN_013089,LOT_044,10.9303,11.7575,12.1528,12.3863,0,healthy,0.0,50.0,10.7231,0
SN_013090,LOT_044,11.1766,11.5277,11.8301,11.993,0,healthy,0.0,50.0,10.7231,0
SN_013091,LOT_044,9.8469,11.074,11.4857,11.57,0,healthy,0.0,50.0,10.7231,0
SN_013092,LOT_044,10.4839,11.2333,11.2857,11.2151,0,healthy,0.0,50.0,10.7231,0
SN_013093,LOT_044,9.341,10.4748,10.908,11.0316,0,healthy,0.0,50.0,10.7231,0
SN_013094,LOT_044,11.3246,12.0527,12.2073,12.1188,0,healthy,0.0,50.0,10.7231,0
SN_013095,LOT_044,9.1288,9.7211,10.0527,10.2327,0,healthy,0.0,50.0,10.7231,0
SN_013096,LOT_044,10.5612,11.5932,11.9865,12.1511,0,healthy,0.0,50.0,10.7231,0
SN_013097,LOT_044,11.445,12.6099,13.2374,13.4216,0,healthy,0.0,50.0,10.7231,0
SN_013098,LOT_044,9.9719,10.4678,10.6304,10.5751,0,healthy,0.0,50.0,10.7231,0
SN_013099,LOT_044,10.1649,10.5172,10.5173,10.6589,0,healthy,0.0,50.0,10.7231,0
SN_013100,LOT_044,9.8139,11.1517,11.5117,11.7249,0,healthy,0.0,50.0,10.7231,0
SN_013101,LOT_044,11.21,11.9405,12.5392,12.6096,0,healthy,0.0,50.0,10.7231,0
SN_013102,LOT_044,10.8366,11.9897,12.682,12.8582,0,healthy,0.0,50.0,10.7231,0
SN_013103,LOT_044,10.2168,10.7668,11.0262,11.0399,0,healthy,0.0,50.0,10.7231,0
SN_013104,LOT_044,12.7669,14.0218,14.4738,14.7245,0,healthy,0.0,50.0,10.7231,0
SN_013105,LOT_044,8.303,8.6075,8.788,8.6893,0,healthy,0.0,50.0,10.7231,0
SN_013106,LOT_044,11.0678,11.4008,11.6212,11.6282,0,healthy,0.0,50.0,10.7231,0
SN_013107,LOT_044,9.3791,10.2151,10.6914,10.8898,0,healthy,0.0,50.0,10.7231,0
SN_013108,LOT_044,11.4663,12.6867,13.2242,13.6155,0,healthy,0.0,50.0,10.7231,0
SN_013109,LOT_044,11.5018,12.6452,13.0428,13.3278,0,healthy,0.0,50.0,10.7231,0
SN_013110,LOT_044,36.3342,36.731,38.8718,41.0221,1,esd_oxide,0.4442,50.0,10.7231,0
SN_013111,LOT_044,12.0116,12.9645,13.102,13.1887,0,healthy,0.0,50.0,10.7231,0
SN_013112,LOT_044,9.5258,10.4311,10.8604,11.0837,0,healthy,0.0,50.0,10.7231,0
SN_013113,LOT_044,9.9098,10.6945,11.3452,11.6427,0,healthy,0.0,50.0,10.7231,0
SN_013114,LOT_044,11.0388,12.0851,12.4376,12.558,0,healthy,0.0,50.0,10.7231,0
SN_013115,LOT_044,11.0712,12.3987,12.7085,13.1924,0,healthy,0.0,50.0,10.7231,0
SN_013116,LOT_044,10.448,11.4817,12.0075,12.2946,0,healthy,0.0,50.0,10.7231,0
SN_013117,LOT_044,10.1782,10.6558,10.8729,11.0493,0,healthy,0.0,50.0,10.7231,0
SN_013118,LOT_044,9.9891,10.8503,10.8335,11.1011,0,healthy,0.0,50.0,10.7231,0
SN_013119,LOT_044,10.6155,11.4779,11.9634,12.1855,0,healthy,0.0,50.0,10.7231,0
SN_013120,LOT_044,9.9989,10.8127,11.106,11.4229,0,healthy,0.0,50.0,10.7231,0
SN_013121,LOT_044,11.4798,12.3508,12.5879,12.9975,0,healthy,0.0,50.0,10.7231,0
SN_013122,LOT_044,10.6839,11.1994,11.4126,11.4555,0,healthy,0.0,50.0,10.7231,0
SN_013123,LOT_044,11.4261,12.0958,12.3775,12.4553,0,healthy,0.0,50.0,10.7231,0
SN_013124,LOT_044,11.3737,11.8419,12.1433,12.1191,0,healthy,0.0,50.0,10.7231,0
SN_013125,LOT_044,11.5479,12.6686,12.9165,13.1404,0,healthy,0.0,50.0,10.7231,0
SN_013126,LOT_044,11.8925,12.6873,12.8863,13.2751,0,healthy,0.0,50.0,10.7231,0
SN_013127,LOT_044,10.585,11.8452,12.3513,12.325,0,healthy,0.0,50.0,10.7231,0
SN_013128,LOT_044,11.2021,12.1063,12.7138,13.1132,0,healthy,0.0,50.0,10.7231,0
SN_013129,LOT_044,10.1307,10.4683,10.7351,10.8451,0,healthy,0.0,50.0,10.7231,0
SN_013130,LOT_044,12.0504,12.4356,12.6723,12.6596,0,healthy,0.0,50.0,10.7231,0
SN_013131,LOT_044,10.6148,11.0503,11.4604,11.3423,0,healthy,0.0,50.0,10.7231,0
SN_013132,LOT_044,10.0787,10.9634,11.2855,11.351,0,healthy,0.0,50.0,10.7231,0
SN_013133,LOT_044,11.5104,12.2092,12.126,12.5318,0,healthy,0.0,50.0,10.7231,0
SN_013134,LOT_044,12.1144,13.0564,13.3712,13.6738,0,healthy,0.0,50.0,10.7231,0
SN_013135,LOT_044,9.4321,10.1859,10.7153,10.9262,0,healthy,0.0,50.0,10.7231,0
SN_013136,LOT_044,10.792,12.1106,12.4526,12.9026,0,healthy,0.0,50.0,10.7231,0
SN_013137,LOT_044,10.6189,11.4162,12.0869,12.071,0,healthy,0.0,50.0,10.7231,0
SN_013138,LOT_044,10.9436,12.3342,12.7448,13.0356,0,healthy,0.0,50.0,10.7231,0
SN_013139,LOT_044,9.8186,11.2281,11.3455,11.8231,0,healthy,0.0,50.0,10.7231,0
SN_013140,LOT_044,10.2654,10.7068,10.6292,10.8513,0,healthy,0.0,50.0,10.7231,0
SN_013141,LOT_044,10.8989,12.2329,12.5529,12.5625,0,healthy,0.0,50.0,10.7231,0
SN_013142,LOT_044,10.8487,12.2107,12.6129,12.8985,0,healthy,0.0,50.0,10.7231,0
SN_013143,LOT_044,11.7789,12.379,12.779,12.9006,0,healthy,0.0,50.0,10.7231,0
SN_013144,LOT_044,11.786,12.1551,12.3734,12.5614,0,healthy,0.0,50.0,10.7231,0
SN_013145,LOT_044,11.755,12.6513,13.1355,13.3878,0,healthy,0.0,50.0,10.7231,0
SN_013146,LOT_044,11.4605,11.9102,12.239,12.4578,0,healthy,0.0,50.0,10.7231,0
SN_013147,LOT_044,12.3123,13.6303,14.1048,14.3386,0,healthy,0.0,50.0,10.7231,0
SN_013148,LOT_044,9.2598,10.0979,10.2323,10.3711,0,healthy,0.0,50.0,10.7231,0
SN_013149,LOT_044,10.2624,10.6204,10.625,10.9256,0,healthy,0.0,50.0,10.7231,0
SN_013150,LOT_044,11.9135,12.365,12.5056,12.6479,0,healthy,0.0,50.0,10.7231,0
SN_013151,LOT_044,9.9114,10.7976,11.033,11.0779,0,healthy,0.0,50.0,10.7231,0
SN_013152,LOT_044,9.8334,10.3842,10.3901,10.5233,0,healthy,0.0,50.0,10.7231,0
SN_013153,LOT_044,10.1703,11.0786,11.4698,11.5453,0,healthy,0.0,50.0,10.7231,0
SN_013154,LOT_044,10.9145,12.0921,12.5042,12.7487,0,healthy,0.0,50.0,10.7231,0
SN_013155,LOT_044,11.1755,12.5823,13.1522,13.3591,0,healthy,0.0,50.0,10.7231,0
SN_013156,LOT_044,10.6873,12.0812,12.5406,12.7278,0,healthy,0.0,50.0,10.7231,0
SN_013157,LOT_044,10.5703,11.4319,11.6051,11.9037,0,healthy,0.0,50.0,10.7231,0
SN_013158,LOT_044,10.0007,11.1222,11.3876,11.7088,0,healthy,0.0,50.0,10.7231,0
SN_013159,LOT_044,10.3663,10.7829,10.8294,10.8538,0,healthy,0.0,50.0,10.7231,0
SN_013160,LOT_044,9.7446,10.7179,10.958,11.1447,0,healthy,0.0,50.0,10.7231,0
SN_013161,LOT_044,12.1022,12.9215,13.2403,13.6307,0,healthy,0.0,50.0,10.7231,0
SN_013162,LOT_044,11.3374,11.8073,11.8616,12.0378,0,healthy,0.0,50.0,10.7231,0
SN_013163,LOT_044,11.0116,12.0305,12.4971,12.6269,0,healthy,0.0,50.0,10.7231,0
SN_013164,LOT_044,8.919,9.3515,9.6391,9.7216,0,healthy,0.0,50.0,10.7231,0
SN_013165,LOT_044,11.0286,12.0777,12.4755,12.4962,0,healthy,0.0,50.0,10.7231,0
SN_013166,LOT_044,10.5193,11.4154,11.5497,11.8704,0,healthy,0.0,50.0,10.7231,0
SN_013167,LOT_044,12.0706,13.2289,13.7438,13.975,0,healthy,0.0,50.0,10.7231,0
SN_013168,LOT_044,9.9325,10.4332,10.3791,10.5287,0,healthy,0.0,50.0,10.7231,0
SN_013169,LOT_044,11.5906,12.6009,12.9252,13.0677,0,healthy,0.0,50.0,10.7231,0
SN_013170,LOT_044,10.0929,11.0199,11.5557,11.6695,0,healthy,0.0,50.0,10.7231,0
SN_013171,LOT_044,9.8589,10.2601,10.4328,10.5413,0,healthy,0.0,50.0,10.7231,0
SN_013172,LOT_044,9.346,10.1384,10.2868,10.5915,0,healthy,0.0,50.0,10.7231,0
SN_013173,LOT_044,9.6447,10.3413,10.5841,10.7441,0,healthy,0.0,50.0,10.7231,0
SN_013174,LOT_044,10.7789,12.1791,12.6595,12.6534,0,healthy,0.0,50.0,10.7231,0
SN_013175,LOT_044,9.594,10.3011,10.6614,10.6311,0,healthy,0.0,50.0,10.7231,0
SN_013176,LOT_044,9.7312,10.7824,11.2121,11.4786,0,healthy,0.0,50.0,10.7231,0
SN_013177,LOT_044,9.3707,9.8235,9.8625,9.8969,0,healthy,0.0,50.0,10.7231,0
SN_013178,LOT_044,9.7732,10.66,10.9756,11.0985,0,healthy,0.0,50.0,10.7231,0
SN_013179,LOT_044,10.4597,11.407,11.9178,11.9785,0,healthy,0.0,50.0,10.7231,0
SN_013180,LOT_044,9.532,10.4752,10.8473,10.8798,0,healthy,0.0,50.0,10.7231,0
SN_013181,LOT_044,8.786,9.5786,9.8561,10.2558,0,healthy,0.0,50.0,10.7231,0
SN_013182,LOT_044,9.5588,9.968,10.0407,10.4397,0,healthy,0.0,50.0,10.7231,0
SN_013183,LOT_044,10.7698,11.8928,12.2447,12.3273,0,healthy,0.0,50.0,10.7231,0
SN_013184,LOT_044,11.2015,12.1566,12.3415,12.6853,0,healthy,0.0,50.0,10.7231,0
SN_013185,LOT_044,9.306,10.5541,10.8728,11.0752,0,healthy,0.0,50.0,10.7231,0
SN_013186,LOT_044,10.2981,11.1438,11.3555,11.3488,0,healthy,0.0,50.0,10.7231,0
SN_013187,LOT_044,10.2741,11.2632,11.83,11.9664,0,healthy,0.0,50.0,10.7231,0
SN_013188,LOT_044,11.0667,11.7397,11.8686,12.0861,0,healthy,0.0,50.0,10.7231,0
SN_013189,LOT_044,10.1592,10.7509,10.6551,10.9735,0,healthy,0.0,50.0,10.7231,0
SN_013190,LOT_044,11.8774,12.3691,12.8005,12.8733,0,healthy,0.0,50.0,10.7231,0
SN_013191,LOT_044,11.5545,12.1397,12.5862,12.7226,0,healthy,0.0,50.0,10.7231,0
SN_013192,LOT_044,10.4097,10.6068,10.8845,11.0062,0,healthy,0.0,50.0,10.7231,0
SN_013193,LOT_044,11.3306,12.6126,12.8058,13.1149,0,healthy,0.0,50.0,10.7231,0
SN_013194,LOT_044,9.8964,11.1925,11.4745,11.7159,0,healthy,0.0,50.0,10.7231,0
SN_013195,LOT_044,11.4283,12.0132,12.12,12.215,0,healthy,0.0,50.0,10.7231,0
SN_013196,LOT_044,10.2727,10.8753,11.0137,11.0128,0,healthy,0.0,50.0,10.7231,0
SN_013197,LOT_044,11.1737,12.1404,12.6858,12.8098,0,healthy,0.0,50.0,10.7231,0
SN_013198,LOT_044,12.5921,13.7657,13.8449,14.1583,0,healthy,0.0,50.0,10.7231,0
SN_013199,LOT_044,10.9049,11.6956,11.9959,12.0029,0,healthy,0.0,50.0,10.7231,0
SN_013200,LOT_044,10.2091,11.5192,11.9484,12.0657,0,healthy,0.0,50.0,10.7231,0
SN_013201,LOT_044,12.1347,12.8126,13.0542,13.1397,0,healthy,0.0,50.0,10.7231,0
SN_013202,LOT_044,10.1796,10.6034,10.6132,10.7051,0,healthy,0.0,50.0,10.7231,0
SN_013203,LOT_044,10.8861,11.2524,11.6232,11.8201,0,healthy,0.0,50.0,10.7231,0
SN_013204,LOT_044,10.8977,12.2615,12.6503,12.796,0,healthy,0.0,50.0,10.7231,0
SN_013205,LOT_044,11.0354,12.3168,12.6839,12.9325,0,healthy,0.0,50.0,10.7231,0
SN_013206,LOT_044,10.2594,10.7339,10.9458,11.0025,0,healthy,0.0,50.0,10.7231,0
SN_013207,LOT_044,11.0559,12.6675,13.0426,13.192,0,healthy,0.0,50.0,10.7231,0
SN_013208,LOT_044,10.3571,11.3307,11.8827,12.0314,0,healthy,0.0,50.0,10.7231,0
SN_013209,LOT_044,11.918,13.0288,13.2112,13.397,0,healthy,0.0,50.0,10.7231,0
SN_013210,LOT_044,10.4551,11.0032,11.2011,11.1655,0,healthy,0.0,50.0,10.7231,0
SN_013211,LOT_044,10.8093,11.2506,11.4518,11.4659,0,healthy,0.0,50.0,10.7231,0
SN_013212,LOT_044,10.3633,11.1437,11.5218,11.7689,0,healthy,0.0,50.0,10.7231,0
SN_013213,LOT_044,9.7327,10.0287,10.1013,10.2641,0,healthy,0.0,50.0,10.7231,0
SN_013214,LOT_044,10.0328,10.4367,10.4496,10.4971,0,healthy,0.0,50.0,10.7231,0
SN_013215,LOT_044,10.3911,11.3615,11.6829,11.8217,0,healthy,0.0,50.0,10.7231,0
SN_013216,LOT_044,9.9747,10.9853,11.2286,11.3865,0,healthy,0.0,50.0,10.7231,0
SN_013217,LOT_044,10.1081,11.1398,11.4463,11.6304,0,healthy,0.0,50.0,10.7231,0
SN_013218,LOT_044,10.4726,11.6775,11.8577,11.8968,0,healthy,0.0,50.0,10.7231,0
SN_013219,LOT_044,9.8984,10.7144,11.1131,10.9508,0,healthy,0.0,50.0,10.7231,0
SN_013220,LOT_044,10.9701,12.1526,12.6228,12.8769,0,healthy,0.0,50.0,10.7231,0
SN_013221,LOT_044,11.9481,13.1894,13.7883,13.7276,0,healthy,0.0,50.0,10.7231,0
SN_013222,LOT_044,9.4683,10.0195,10.16,10.2661,0,healthy,0.0,50.0,10.7231,0
SN_013223,LOT_044,11.171,12.6541,12.8926,13.2427,0,healthy,0.0,50.0,10.7231,0
SN_013224,LOT_044,10.7968,11.4747,11.7936,11.8287,0,healthy,0.0,50.0,10.7231,0
SN_013225,LOT_044,9.8074,10.389,10.568,10.736,0,healthy,0.0,50.0,10.7231,0
SN_013226,LOT_044,10.4357,11.4686,11.712,11.8623,0,healthy,0.0,50.0,10.7231,0
SN_013227,LOT_044,11.3462,12.3571,12.7063,12.9505,0,healthy,0.0,50.0,10.7231,0
SN_013228,LOT_044,12.7329,14.3594,14.7591,14.8391,0,healthy,0.0,50.0,10.7231,0
SN_013229,LOT_044,10.7326,12.0322,12.3497,12.4366,0,healthy,0.0,50.0,10.7231,0
SN_013230,LOT_044,10.0946,11.2605,11.6931,11.7855,0,healthy,0.0,50.0,10.7231,0
SN_013231,LOT_044,10.0696,10.5018,10.7551,10.8929,0,healthy,0.0,50.0,10.7231,0
SN_013232,LOT_044,13.1383,14.4335,14.9453,15.3095,0,healthy,0.0,50.0,10.7231,0
SN_013233,LOT_044,10.8507,11.4295,11.8773,11.8501,0,healthy,0.0,50.0,10.7231,0
SN_013234,LOT_044,11.3814,11.9551,12.4786,12.4933,0,healthy,0.0,50.0,10.7231,0
SN_013235,LOT_044,11.8083,13.0019,13.5567,13.9768,0,healthy,0.0,50.0,10.7231,0
SN_013236,LOT_044,10.4052,11.2195,11.612,11.7368,0,healthy,0.0,50.0,10.7231,0
SN_013237,LOT_044,10.4675,10.9513,11.0329,10.996,0,healthy,0.0,50.0,10.7231,0
SN_013238,LOT_044,10.6807,11.892,12.5162,12.5858,0,healthy,0.0,50.0,10.7231,0
SN_013239,LOT_044,10.3738,11.7256,12.0186,11.9936,0,healthy,0.0,50.0,10.7231,0
SN_013240,LOT_044,10.8144,11.4169,11.6472,11.8564,0,healthy,0.0,50.0,10.7231,0
SN_013241,LOT_044,10.7692,12.131,12.6713,12.8096,0,healthy,0.0,50.0,10.7231,0
SN_013242,LOT_044,11.0369,12.2316,12.7103,13.0982,0,healthy,0.0,50.0,10.7231,0
SN_013243,LOT_044,10.093,11.3761,11.8801,11.9021,0,healthy,0.0,50.0,10.7231,0
SN_013244,LOT_044,10.729,11.086,11.3346,11.4571,0,healthy,0.0,50.0,10.7231,0
SN_013245,LOT_044,9.8682,11.3547,11.7947,11.8152,0,healthy,0.0,50.0,10.7231,0
SN_013246,LOT_044,9.8811,10.8489,11.0417,11.2637,0,healthy,0.0,50.0,10.7231,0
SN_013247,LOT_044,11.9766,12.687,13.1353,13.2193,0,healthy,0.0,50.0,10.7231,0
SN_013248,LOT_044,10.8503,11.9958,12.4773,12.7103,0,healthy,0.0,50.0,10.7231,0
SN_013249,LOT_044,10.4698,11.5953,12.2323,12.4333,0,healthy,0.0,50.0,10.7231,0
SN_013250,LOT_044,12.1853,12.8999,13.3496,13.6057,0,healthy,0.0,50.0,10.7231,0
SN_013251,LOT_044,11.9861,13.1421,13.6359,13.8717,0,healthy,0.0,50.0,10.7231,0
SN_013252,LOT_044,10.2167,11.2568,11.537,11.6761,0,healthy,0.0,50.0,10.7231,0
SN_013253,LOT_044,10.0458,11.0376,11.3957,11.703,0,healthy,0.0,50.0,10.7231,0
SN_013254,LOT_044,10.7728,12.3555,12.7072,13.0176,0,healthy,0.0,50.0,10.7231,0
SN_013255,LOT_044,12.3205,13.845,14.396,14.8586,0,healthy,0.0,50.0,10.7231,0
SN_013256,LOT_044,10.4669,11.6777,12.2428,12.4686,0,healthy,0.0,50.0,10.7231,0
SN_013257,LOT_044,11.0349,11.4927,11.6442,11.654,0,healthy,0.0,50.0,10.7231,0
SN_013258,LOT_044,11.212,11.6428,12.0806,12.0358,0,healthy,0.0,50.0,10.7231,0
SN_013259,LOT_044,10.4354,10.7517,10.7993,10.9503,0,healthy,0.0,50.0,10.7231,0
SN_013260,LOT_044,9.4558,10.2958,10.3659,10.65,0,healthy,0.0,50.0,10.7231,0
SN_013261,LOT_044,10.3539,10.6663,11.1015,10.9158,0,healthy,0.0,50.0,10.7231,0
SN_013262,LOT_044,11.2384,12.4603,12.7077,12.8856,0,healthy,0.0,50.0,10.7231,0
SN_013263,LOT_044,10.8545,11.7475,12.1173,12.288,0,healthy,0.0,50.0,10.7231,0
SN_013264,LOT_044,11.2062,12.2984,12.4671,12.8011,0,healthy,0.0,50.0,10.7231,0
SN_013265,LOT_044,10.7346,11.4521,11.4303,11.383,0,healthy,0.0,50.0,10.7231,0
SN_013266,LOT_044,12.0465,13.4,13.891,14.0166,0,healthy,0.0,50.0,10.7231,0
SN_013267,LOT_044,10.2697,10.6272,10.7297,10.6353,0,healthy,0.0,50.0,10.7231,0
SN_013268,LOT_044,11.8468,12.7531,13.4449,13.7072,0,healthy,0.0,50.0,10.7231,0
SN_013269,LOT_044,11.2689,12.554,12.7428,12.9373,0,healthy,0.0,50.0,10.7231,0
SN_013270,LOT_044,10.6431,11.4053,11.7169,11.8203,0,healthy,0.0,50.0,10.7231,0
SN_013271,LOT_044,11.0158,12.0196,12.5145,12.756,0,healthy,0.0,50.0,10.7231,0
SN_013272,LOT_044,10.2979,10.8471,11.0603,11.2556,0,healthy,0.0,50.0,10.7231,0
SN_013273,LOT_044,10.0837,10.5874,10.625,10.7419,0,healthy,0.0,50.0,10.7231,0
SN_013274,LOT_044,11.0134,12.2621,12.7564,13.1361,0,healthy,0.0,50.0,10.7231,0
SN_013275,LOT_044,11.2568,12.6151,13.0525,13.3991,0,healthy,0.0,50.0,10.7231,0
SN_013276,LOT_044,9.8942,10.5805,10.762,11.021,0,healthy,0.0,50.0,10.7231,0
SN_013277,LOT_044,10.3115,11.232,11.4802,11.7301,0,healthy,0.0,50.0,10.7231,0
SN_013278,LOT_044,10.0832,10.6887,10.9477,11.0807,0,healthy,0.0,50.0,10.7231,0
SN_013279,LOT_045,7.8661,8.3905,8.5111,8.5122,0,healthy,0.0,50.0,8.5229,1
SN_013280,LOT_045,11.3756,12.6127,13.2079,13.4278,0,healthy,0.0,50.0,8.5229,1
SN_013281,LOT_045,6.7518,7.6401,7.7214,8.0308,0,healthy,0.0,50.0,8.5229,1
SN_013282,LOT_045,8.0856,8.3886,8.6551,8.6688,0,healthy,0.0,50.0,8.5229,1
SN_013283,LOT_045,9.7272,10.652,10.8948,10.8567,0,healthy,0.0,50.0,8.5229,1
SN_013284,LOT_045,9.6429,9.9904,10.1279,10.3427,0,healthy,0.0,50.0,8.5229,1
SN_013285,LOT_045,8.5176,10.3553,16.1995,22.0085,1,electromigration,0.3106,50.0,8.5229,1
SN_013286,LOT_045,7.0408,7.5096,7.6877,7.7247,0,healthy,0.0,50.0,8.5229,1
SN_013287,LOT_045,8.0257,8.343,8.4819,8.6038,0,healthy,0.0,50.0,8.5229,1
SN_013288,LOT_045,10.1466,10.9414,11.1973,11.3394,0,healthy,0.0,50.0,8.5229,1
SN_013289,LOT_045,9.7143,10.4389,11.0324,11.0466,0,healthy,0.0,50.0,8.5229,1
SN_013290,LOT_045,4.9499,5.4229,5.687,5.7923,0,healthy,0.0,50.0,8.5229,1
SN_013291,LOT_045,10.6878,11.9186,12.2113,12.4114,0,healthy,0.0,50.0,8.5229,1
SN_013292,LOT_045,9.2212,9.7636,9.961,10.0452,0,healthy,0.0,50.0,8.5229,1
SN_013293,LOT_045,7.9053,8.4909,8.5726,8.6893,0,healthy,0.0,50.0,8.5229,1
SN_013294,LOT_045,10.5948,11.5056,11.8297,12.0885,0,healthy,0.0,50.0,8.5229,1
SN_013295,LOT_045,9.5594,10.3013,10.8962,10.9193,0,healthy,0.0,50.0,8.5229,1
SN_013296,LOT_045,8.2964,9.0825,9.2902,9.4412,0,healthy,0.0,50.0,8.5229,1
SN_013297,LOT_045,4.958,5.1155,5.1641,5.2557,0,healthy,0.0,50.0,8.5229,1
SN_013298,LOT_045,5.8671,6.213,6.4217,6.4564,0,healthy,0.0,50.0,8.5229,1
SN_013299,LOT_045,8.1559,8.6246,8.6392,8.7295,0,healthy,0.0,50.0,8.5229,1
SN_013300,LOT_045,14.3838,15.4435,15.7324,16.2795,0,healthy,0.0,50.0,8.5229,1
SN_013301,LOT_045,9.0826,9.3825,9.6112,9.6889,0,healthy,0.0,50.0,8.5229,1
SN_013302,LOT_045,7.6162,8.1389,8.3754,8.4974,0,healthy,0.0,50.0,8.5229,1
SN_013303,LOT_045,7.8471,8.2957,8.5934,8.8112,0,healthy,0.0,50.0,8.5229,1
SN_013304,LOT_045,7.2675,7.9651,8.1748,8.5137,0,healthy,0.0,50.0,8.5229,1
SN_013305,LOT_045,10.6239,11.9306,12.4459,12.6304,0,healthy,0.0,50.0,8.5229,1
SN_013306,LOT_045,9.1465,9.9256,10.2215,10.2308,0,healthy,0.0,50.0,8.5229,1
SN_013307,LOT_045,4.6119,5.1143,5.2623,5.386,0,healthy,0.0,50.0,8.5229,1
SN_013308,LOT_045,6.9972,7.3495,7.6007,7.5103,0,healthy,0.0,50.0,8.5229,1
SN_013309,LOT_045,7.218,7.7201,8.073,8.2681,0,healthy,0.0,50.0,8.5229,1
SN_013310,LOT_045,7.7593,8.6799,8.8891,9.1798,0,healthy,0.0,50.0,8.5229,1
SN_013311,LOT_045,6.2098,7.2133,7.3259,7.5087,0,healthy,0.0,50.0,8.5229,1
SN_013312,LOT_045,7.0229,7.7749,8.0794,8.1508,0,healthy,0.0,50.0,8.5229,1
SN_013313,LOT_045,9.7597,10.5805,10.8616,11.0606,0,healthy,0.0,50.0,8.5229,1
SN_013314,LOT_045,7.7508,8.5105,8.7466,9.0088,0,healthy,0.0,50.0,8.5229,1
SN_013315,LOT_045,6.8206,7.4243,7.8287,8.0758,0,healthy,0.0,50.0,8.5229,1
SN_013316,LOT_045,10.3456,11.6447,11.9446,12.1133,0,healthy,0.0,50.0,8.5229,1
SN_013317,LOT_045,11.9592,12.9848,13.4715,13.6832,0,healthy,0.0,50.0,8.5229,1
SN_013318,LOT_045,8.4277,9.0895,9.257,9.3732,0,healthy,0.0,50.0,8.5229,1
SN_013319,LOT_045,10.814,11.992,12.1336,12.4524,0,healthy,0.0,50.0,8.5229,1
SN_013320,LOT_045,6.9291,7.3062,7.357,7.4158,0,healthy,0.0,50.0,8.5229,1
SN_013321,LOT_045,8.6591,9.4113,9.8386,9.8402,0,healthy,0.0,50.0,8.5229,1
SN_013322,LOT_045,10.1663,10.7131,10.7914,10.75,0,healthy,0.0,50.0,8.5229,1
SN_013323,LOT_045,9.3299,10.0069,10.2523,10.4208,0,healthy,0.0,50.0,8.5229,1
SN_013324,LOT_045,7.7019,8.036,8.4877,8.4662,0,healthy,0.0,50.0,8.5229,1
SN_013325,LOT_045,7.3124,8.2762,8.5617,8.6911,0,healthy,0.0,50.0,8.5229,1
SN_013326,LOT_045,8.053,8.9405,9.1921,9.4053,0,healthy,0.0,50.0,8.5229,1
SN_013327,LOT_045,28.3538,28.532,31.4142,33.8053,1,esd_oxide,0.4134,50.0,8.5229,1
SN_013328,LOT_045,9.0467,10.0866,10.5351,10.741,0,healthy,0.0,50.0,8.5229,1
SN_013329,LOT_045,7.8593,8.2612,8.6411,8.7053,0,healthy,0.0,50.0,8.5229,1
SN_013330,LOT_045,11.8037,12.4909,12.4253,12.6048,0,healthy,0.0,50.0,8.5229,1
SN_013331,LOT_045,8.4692,9.0309,9.3405,9.3819,0,healthy,0.0,50.0,8.5229,1
SN_013332,LOT_045,5.1206,5.5368,5.7777,5.8273,0,healthy,0.0,50.0,8.5229,1
SN_013333,LOT_045,12.4947,13.3847,13.7942,14.082,0,healthy,0.0,50.0,8.5229,1
SN_013334,LOT_045,8.6045,9.3769,9.6073,9.9735,0,healthy,0.0,50.0,8.5229,1
SN_013335,LOT_045,14.3328,15.5824,15.874,15.9145,0,healthy,0.0,50.0,8.5229,1
SN_013336,LOT_045,6.9642,7.5558,7.8068,7.9597,0,healthy,0.0,50.0,8.5229,1
SN_013337,LOT_045,11.6299,12.3938,12.5125,12.6618,0,healthy,0.0,50.0,8.5229,1
SN_013338,LOT_045,7.8479,8.5074,8.6532,8.7576,0,healthy,0.0,50.0,8.5229,1
SN_013339,LOT_045,7.8519,8.5405,8.7016,8.7419,0,healthy,0.0,50.0,8.5229,1
SN_013340,LOT_045,5.5587,6.234,6.4578,6.431,0,healthy,0.0,50.0,8.5229,1
SN_013341,LOT_045,12.1436,13.2881,14.1706,14.6025,0,healthy,0.0,50.0,8.5229,1
SN_013342,LOT_045,5.4416,6.0601,6.3511,6.4349,0,healthy,0.0,50.0,8.5229,1
SN_013343,LOT_045,10.7505,11.8956,12.111,12.3308,0,healthy,0.0,50.0,8.5229,1
SN_013344,LOT_045,10.7895,11.3109,11.3417,11.2465,0,healthy,0.0,50.0,8.5229,1
SN_013345,LOT_045,8.2939,9.3853,9.7231,9.8084,0,healthy,0.0,50.0,8.5229,1
SN_013346,LOT_045,7.2634,7.7492,8.0727,8.2428,0,healthy,0.0,50.0,8.5229,1
SN_013347,LOT_045,7.8513,8.4733,8.5384,8.6755,0,healthy,0.0,50.0,8.5229,1
SN_013348,LOT_045,10.2019,11.2791,11.6902,12.0196,0,healthy,0.0,50.0,8.5229,1
SN_013349,LOT_045,7.5356,8.0804,8.1332,8.3408,0,healthy,0.0,50.0,8.5229,1
SN_013350,LOT_045,7.7144,8.2546,8.321,8.4139,0,healthy,0.0,50.0,8.5229,1
SN_013351,LOT_045,8.3043,9.4316,9.7877,9.8875,0,healthy,0.0,50.0,8.5229,1
SN_013352,LOT_045,5.683,5.8626,5.9136,5.998,0,healthy,0.0,50.0,8.5229,1
SN_013353,LOT_045,8.9139,9.8028,10.2173,10.4547,0,healthy,0.0,50.0,8.5229,1
SN_013354,LOT_045,10.0021,10.4266,10.681,10.87,0,healthy,0.0,50.0,8.5229,1
SN_013355,LOT_045,8.6884,9.1956,9.6171,9.4782,0,healthy,0.0,50.0,8.5229,1
SN_013356,LOT_045,5.5216,5.9406,6.0766,6.1799,0,healthy,0.0,50.0,8.5229,1
SN_013357,LOT_045,5.9373,6.1004,6.2439,6.2761,0,healthy,0.0,50.0,8.5229,1
SN_013358,LOT_045,8.4884,9.3408,9.5504,9.5931,0,healthy,0.0,50.0,8.5229,1
SN_013359,LOT_045,9.5988,10.6857,11.2092,11.3404,0,healthy,0.0,50.0,8.5229,1
SN_013360,LOT_045,13.14,13.8005,14.1113,14.1841,0,healthy,0.0,50.0,8.5229,1
SN_013361,LOT_045,8.1602,9.0579,9.4641,9.7578,0,healthy,0.0,50.0,8.5229,1
SN_013362,LOT_045,4.6877,5.1294,5.4003,5.6111,0,healthy,0.0,50.0,8.5229,1
SN_013363,LOT_045,12.5633,13.1421,13.347,13.5531,0,healthy,0.0,50.0,8.5229,1
SN_013364,LOT_045,8.6864,9.9123,10.161,10.4588,0,healthy,0.0,50.0,8.5229,1
SN_013365,LOT_045,8.3662,8.7733,8.8658,9.0614,0,healthy,0.0,50.0,8.5229,1
SN_013366,LOT_045,8.4391,9.2648,9.6832,9.9442,0,healthy,0.0,50.0,8.5229,1
SN_013367,LOT_045,13.2617,14.2283,14.7038,15.1055,0,healthy,0.0,50.0,8.5229,1
SN_013368,LOT_045,15.0516,15.7605,16.1195,16.184,0,healthy,0.0,50.0,8.5229,1
SN_013369,LOT_045,10.8316,12.3138,12.7167,12.9048,0,healthy,0.0,50.0,8.5229,1
SN_013370,LOT_045,9.235,10.2717,10.457,10.5319,0,healthy,0.0,50.0,8.5229,1
SN_013371,LOT_045,12.5576,13.7111,14.1304,14.3714,0,healthy,0.0,50.0,8.5229,1
SN_013372,LOT_045,5.1873,5.6114,5.6879,5.8238,0,healthy,0.0,50.0,8.5229,1
SN_013373,LOT_045,9.2776,10.2607,10.4093,10.4862,0,healthy,0.0,50.0,8.5229,1
SN_013374,LOT_045,7.8461,8.5987,8.8874,9.0686,0,healthy,0.0,50.0,8.5229,1
SN_013375,LOT_045,6.9732,7.6326,7.8519,7.9977,0,healthy,0.0,50.0,8.5229,1
SN_013376,LOT_045,5.6383,6.0972,6.3927,6.5963,0,healthy,0.0,50.0,8.5229,1
SN_013377,LOT_045,8.6767,9.3959,9.5173,9.6113,0,healthy,0.0,50.0,8.5229,1
SN_013378,LOT_045,6.5808,7.554,7.8304,7.8495,0,healthy,0.0,50.0,8.5229,1
SN_013379,LOT_045,6.7628,7.4457,7.5728,7.7148,0,healthy,0.0,50.0,8.5229,1
SN_013380,LOT_045,6.9134,7.6948,8.0488,8.1589,0,healthy,0.0,50.0,8.5229,1
SN_013381,LOT_045,9.0206,10.0902,10.5612,10.8302,0,healthy,0.0,50.0,8.5229,1
SN_013382,LOT_045,9.3198,10.0016,10.2218,10.2683,0,healthy,0.0,50.0,8.5229,1
SN_013383,LOT_045,12.0759,12.8902,13.1777,13.5595,0,healthy,0.0,50.0,8.5229,1
SN_013384,LOT_045,8.2969,9.1877,9.3187,9.5714,0,healthy,0.0,50.0,8.5229,1
SN_013385,LOT_045,8.2077,8.6894,8.7526,8.8436,0,healthy,0.0,50.0,8.5229,1
SN_013386,LOT_045,10.7092,11.4211,11.4827,11.6643,0,healthy,0.0,50.0,8.5229,1
SN_013387,LOT_045,7.0765,7.6964,7.9492,8.0738,0,healthy,0.0,50.0,8.5229,1
SN_013388,LOT_045,6.0586,6.6584,6.8101,6.8863,0,healthy,0.0,50.0,8.5229,1
SN_013389,LOT_045,8.1733,8.8227,9.2082,9.3664,0,healthy,0.0,50.0,8.5229,1
SN_013390,LOT_045,6.7327,7.5284,7.7197,7.8728,0,healthy,0.0,50.0,8.5229,1
SN_013391,LOT_045,13.1706,13.9517,14.6282,14.9544,0,healthy,0.0,50.0,8.5229,1
SN_013392,LOT_045,6.3321,6.9974,7.1475,7.3831,0,healthy,0.0,50.0,8.5229,1
SN_013393,LOT_045,8.5553,9.3947,9.5249,9.7132,0,healthy,0.0,50.0,8.5229,1
SN_013394,LOT_045,8.2318,8.8471,9.2099,9.6022,0,healthy,0.0,50.0,8.5229,1
SN_013395,LOT_045,7.8387,8.5066,8.6675,8.8687,0,healthy,0.0,50.0,8.5229,1
SN_013396,LOT_045,7.7098,8.5388,8.8216,9.0845,0,healthy,0.0,50.0,8.5229,1
SN_013397,LOT_045,10.3516,10.7992,10.9069,10.9906,0,healthy,0.0,50.0,8.5229,1
SN_013398,LOT_045,5.7961,6.1195,6.2735,6.4062,0,healthy,0.0,50.0,8.5229,1
SN_013399,LOT_045,9.8546,10.5518,10.9248,11.0532,0,healthy,0.0,50.0,8.5229,1
SN_013400,LOT_045,9.7175,10.9505,11.4171,11.5794,0,healthy,0.0,50.0,8.5229,1
SN_013401,LOT_045,11.4133,12.1839,12.5734,12.9442,0,healthy,0.0,50.0,8.5229,1
SN_013402,LOT_045,6.4656,6.7548,6.8722,6.8305,0,healthy,0.0,50.0,8.5229,1
SN_013403,LOT_045,9.2872,10.0029,10.3592,10.7136,0,healthy,0.0,50.0,8.5229,1
SN_013404,LOT_045,10.3924,11.662,11.9311,11.9788,0,healthy,0.0,50.0,8.5229,1
SN_013405,LOT_045,8.0332,9.002,9.1232,9.2922,0,healthy,0.0,50.0,8.5229,1
SN_013406,LOT_045,8.8722,23.7404,24.5974,24.9761,1,mobile_ion,0.7143,50.0,8.5229,1
SN_013407,LOT_045,5.7045,6.0282,6.2037,6.2487,0,healthy,0.0,50.0,8.5229,1
SN_013408,LOT_045,9.7897,10.4194,10.2717,10.5338,0,healthy,0.0,50.0,8.5229,1
SN_013409,LOT_045,8.5539,9.2658,9.3599,9.4675,0,healthy,0.0,50.0,8.5229,1
SN_013410,LOT_045,8.8154,9.6882,10.1099,10.2489,0,healthy,0.0,50.0,8.5229,1
SN_013411,LOT_045,8.1849,8.6488,8.663,8.7734,0,healthy,0.0,50.0,8.5229,1
SN_013412,LOT_045,6.5532,6.9403,6.9458,7.1509,0,healthy,0.0,50.0,8.5229,1
SN_013413,LOT_045,10.5486,11.1548,11.4223,11.6414,0,healthy,0.0,50.0,8.5229,1
SN_013414,LOT_045,11.0007,12.1084,12.3749,12.4222,0,healthy,0.0,50.0,8.5229,1
SN_013415,LOT_045,5.3886,6.0833,6.1583,6.228,0,healthy,0.0,50.0,8.5229,1
SN_013416,LOT_045,7.4042,8.3311,8.3808,8.6476,0,healthy,0.0,50.0,8.5229,1
SN_013417,LOT_045,9.7477,10.775,11.108,11.4294,0,healthy,0.0,50.0,8.5229,1
SN_013418,LOT_045,8.943,9.1512,9.6096,9.4079,0,healthy,0.0,50.0,8.5229,1
SN_013419,LOT_045,9.3459,9.745,9.8528,10.1362,0,healthy,0.0,50.0,8.5229,1
SN_013420,LOT_045,7.464,7.6392,7.7974,7.8697,0,healthy,0.0,50.0,8.5229,1
SN_013421,LOT_045,7.7581,8.5982,8.6945,8.8879,0,healthy,0.0,50.0,8.5229,1
SN_013422,LOT_045,7.8902,8.5385,8.7958,9.0561,0,healthy,0.0,50.0,8.5229,1
SN_013423,LOT_045,6.5555,7.2284,7.2995,7.4994,0,healthy,0.0,50.0,8.5229,1
SN_013424,LOT_045,8.0106,8.9307,9.1496,9.2812,0,healthy,0.0,50.0,8.5229,1
SN_013425,LOT_045,9.9869,10.5052,10.7664,10.78,0,healthy,0.0,50.0,8.5229,1
SN_013426,LOT_045,7.461,7.8889,8.0019,8.0393,0,healthy,0.0,50.0,8.5229,1
SN_013427,LOT_045,5.7724,6.2313,6.3987,6.5061,0,healthy,0.0,50.0,8.5229,1
SN_013428,LOT_045,5.7602,6.3025,6.3887,6.3118,0,healthy,0.0,50.0,8.5229,1
SN_013429,LOT_045,9.1421,9.7912,9.8147,9.7436,0,healthy,0.0,50.0,8.5229,1
SN_013430,LOT_045,8.1854,8.7895,8.9764,8.9632,0,healthy,0.0,50.0,8.5229,1
SN_013431,LOT_045,6.8054,7.1236,7.2699,7.4015,0,healthy,0.0,50.0,8.5229,1
SN_013432,LOT_045,6.9845,7.7435,8.0919,8.3479,0,healthy,0.0,50.0,8.5229,1
SN_013433,LOT_045,10.5199,12.0196,12.2732,12.4469,0,healthy,0.0,50.0,8.5229,1
SN_013434,LOT_045,8.0849,9.0852,9.5154,9.672,0,healthy,0.0,50.0,8.5229,1
SN_013435,LOT_045,12.9721,14.5413,15.0037,15.4763,0,healthy,0.0,50.0,8.5229,1
SN_013436,LOT_045,7.8096,8.3505,8.7069,8.6966,0,healthy,0.0,50.0,8.5229,1
SN_013437,LOT_045,7.7556,8.1318,8.158,8.3293,0,healthy,0.0,50.0,8.5229,1
SN_013438,LOT_045,6.1498,6.9591,7.2623,7.4023,0,healthy,0.0,50.0,8.5229,1
SN_013439,LOT_045,6.4556,6.79,6.9152,7.0467,0,healthy,0.0,50.0,8.5229,1
SN_013440,LOT_045,11.0583,11.6461,11.724,11.742,0,healthy,0.0,50.0,8.5229,1
SN_013441,LOT_045,3.9758,4.4578,4.6493,4.6984,0,healthy,0.0,50.0,8.5229,1
SN_013442,LOT_045,5.8142,6.345,6.4037,6.3909,0,healthy,0.0,50.0,8.5229,1
SN_013443,LOT_045,12.4378,13.8424,14.1842,14.5398,0,healthy,0.0,50.0,8.5229,1
SN_013444,LOT_045,10.5421,11.7663,12.2364,12.4587,0,healthy,0.0,50.0,8.5229,1
SN_013445,LOT_045,6.9732,7.221,7.3545,7.324,0,healthy,0.0,50.0,8.5229,1
SN_013446,LOT_045,7.9731,8.3835,8.3814,8.5492,0,healthy,0.0,50.0,8.5229,1
SN_013447,LOT_045,12.1483,12.7162,13.0115,13.0013,0,healthy,0.0,50.0,8.5229,1
SN_013448,LOT_045,8.2747,8.9036,9.2066,9.477,0,healthy,0.0,50.0,8.5229,1
SN_013449,LOT_045,9.202,10.0603,10.3565,10.5978,0,healthy,0.0,50.0,8.5229,1
SN_013450,LOT_045,7.3006,7.3517,8.9911,12.6839,1,tddb_dielectric,0.0796,50.0,8.5229,1
SN_013451,LOT_045,6.2175,6.595,6.6592,6.5734,0,healthy,0.0,50.0,8.5229,1
SN_013452,LOT_045,10.5077,11.1017,11.3445,11.5238,0,healthy,0.0,50.0,8.5229,1
SN_013453,LOT_045,6.4748,7.084,7.2911,7.4434,0,healthy,0.0,50.0,8.5229,1
SN_013454,LOT_045,7.5244,7.967,8.3054,8.3828,0,healthy,0.0,50.0,8.5229,1
SN_013455,LOT_045,7.6003,8.3231,8.5813,8.7251,0,healthy,0.0,50.0,8.5229,1
SN_013456,LOT_045,6.4129,6.8784,7.0398,7.0079,0,healthy,0.0,50.0,8.5229,1
SN_013457,LOT_045,9.6327,10.607,10.8547,11.2995,0,healthy,0.0,50.0,8.5229,1
SN_013458,LOT_045,9.2346,10.3984,10.7224,10.7299,0,healthy,0.0,50.0,8.5229,1
SN_013459,LOT_045,13.3743,14.0463,14.0177,14.3297,0,healthy,0.0,50.0,8.5229,1
SN_013460,LOT_045,9.8316,10.5897,10.7413,10.8594,0,healthy,0.0,50.0,8.5229,1
SN_013461,LOT_045,8.8833,9.6925,10.1339,10.2778,0,healthy,0.0,50.0,8.5229,1
SN_013462,LOT_045,7.0771,7.9529,8.1995,8.3995,0,healthy,0.0,50.0,8.5229,1
SN_013463,LOT_045,5.1274,5.4178,5.6302,5.6641,0,healthy,0.0,50.0,8.5229,1
SN_013464,LOT_045,9.3611,9.7636,9.9226,10.0047,0,healthy,0.0,50.0,8.5229,1
SN_013465,LOT_045,6.951,7.2695,7.4221,7.5854,0,healthy,0.0,50.0,8.5229,1
SN_013466,LOT_045,8.2146,9.1396,9.4192,9.6098,0,healthy,0.0,50.0,8.5229,1
SN_013467,LOT_045,8.4736,9.3599,9.5802,9.7266,0,healthy,0.0,50.0,8.5229,1
SN_013468,LOT_045,9.3329,10.1078,10.3466,10.4499,0,healthy,0.0,50.0,8.5229,1
SN_013469,LOT_045,7.602,8.3181,8.6831,8.8901,0,healthy,0.0,50.0,8.5229,1
SN_013470,LOT_045,7.8018,8.7045,8.6899,8.8923,0,healthy,0.0,50.0,8.5229,1
SN_013471,LOT_045,7.7035,8.024,8.173,8.2521,0,healthy,0.0,50.0,8.5229,1
SN_013472,LOT_045,13.238,14.3665,14.6933,14.9021,0,healthy,0.0,50.0,8.5229,1
SN_013473,LOT_045,8.1746,8.8226,9.0954,9.0885,0,healthy,0.0,50.0,8.5229,1
SN_013474,LOT_045,6.0421,6.7128,6.8416,6.981,0,healthy,0.0,50.0,8.5229,1
SN_013475,LOT_045,8.0232,9.0231,9.372,9.655,0,healthy,0.0,50.0,8.5229,1
SN_013476,LOT_045,6.6825,6.8939,7.0718,7.0771,0,healthy,0.0,50.0,8.5229,1
SN_013477,LOT_045,7.1094,7.8318,7.949,8.0783,0,healthy,0.0,50.0,8.5229,1
SN_013478,LOT_045,13.8131,14.5655,14.8823,14.962,0,healthy,0.0,50.0,8.5229,1
SN_013479,LOT_045,9.6349,10.4095,10.5636,10.6513,0,healthy,0.0,50.0,8.5229,1
SN_013480,LOT_045,8.1341,8.9234,9.131,9.3221,0,healthy,0.0,50.0,8.5229,1
SN_013481,LOT_045,7.2405,8.1485,8.4731,8.4733,0,healthy,0.0,50.0,8.5229,1
SN_013482,LOT_045,7.0729,7.597,7.862,7.8249,0,healthy,0.0,50.0,8.5229,1
SN_013483,LOT_045,5.4655,6.0525,6.1632,6.3489,0,healthy,0.0,50.0,8.5229,1
SN_013484,LOT_045,7.8532,8.4706,8.7571,8.8154,0,healthy,0.0,50.0,8.5229,1
SN_013485,LOT_045,6.6109,6.8505,7.0375,7.1499,0,healthy,0.0,50.0,8.5229,1
SN_013486,LOT_045,6.0605,6.6346,6.7584,6.7212,0,healthy,0.0,50.0,8.5229,1
SN_013487,LOT_045,9.6002,10.0709,10.3958,10.4736,0,healthy,0.0,50.0,8.5229,1
SN_013488,LOT_045,7.1453,8.2013,8.3709,8.4647,0,healthy,0.0,50.0,8.5229,1
SN_013489,LOT_045,8.174,9.2426,9.6839,9.7062,0,healthy,0.0,50.0,8.5229,1
SN_013490,LOT_045,14.9149,16.6822,17.226,17.5278,0,healthy,0.0,50.0,8.5229,1
SN_013491,LOT_045,8.725,9.7052,10.1143,10.2033,0,healthy,0.0,50.0,8.5229,1
SN_013492,LOT_045,9.2297,9.9237,10.5267,10.6293,0,healthy,0.0,50.0,8.5229,1
SN_013493,LOT_045,7.1832,7.7244,7.7944,8.0463,0,healthy,0.0,50.0,8.5229,1
SN_013494,LOT_045,5.5898,5.9706,6.0038,6.1052,0,healthy,0.0,50.0,8.5229,1
SN_013495,LOT_045,9.4185,10.0664,10.3612,10.4335,0,healthy,0.0,50.0,8.5229,1
SN_013496,LOT_045,5.1436,5.7349,5.8824,6.1212,0,healthy,0.0,50.0,8.5229,1
SN_013497,LOT_045,6.9441,7.6114,7.8492,8.1071,0,healthy,0.0,50.0,8.5229,1
SN_013498,LOT_045,12.8818,13.9916,13.9977,14.0663,0,healthy,0.0,50.0,8.5229,1
SN_013499,LOT_045,5.2127,5.4599,5.5462,5.5208,0,healthy,0.0,50.0,8.5229,1
SN_013500,LOT_045,9.2021,9.5764,9.7403,9.8249,0,healthy,0.0,50.0,8.5229,1
SN_013501,LOT_045,5.1496,5.478,5.7701,5.8887,0,healthy,0.0,50.0,8.5229,1
SN_013502,LOT_045,7.2232,8.0799,8.2152,8.2767,0,healthy,0.0,50.0,8.5229,1
SN_013503,LOT_045,13.0737,14.4066,15.0232,15.2736,0,healthy,0.0,50.0,8.5229,1
SN_013504,LOT_045,5.3246,5.6581,5.8616,5.8737,0,healthy,0.0,50.0,8.5229,1
SN_013505,LOT_045,9.3835,10.1323,10.2589,10.3898,0,healthy,0.0,50.0,8.5229,1
SN_013506,LOT_045,10.0157,10.2692,10.5016,10.5175,0,healthy,0.0,50.0,8.5229,1
SN_013507,LOT_045,6.8979,7.138,7.2769,7.219,0,healthy,0.0,50.0,8.5229,1
SN_013508,LOT_045,9.6264,10.4879,10.7382,10.7126,0,healthy,0.0,50.0,8.5229,1
SN_013509,LOT_045,7.7475,8.386,8.5041,8.8132,0,healthy,0.0,50.0,8.5229,1
SN_013510,LOT_045,9.1389,10.1735,10.6673,11.0537,0,healthy,0.0,50.0,8.5229,1
SN_013511,LOT_045,6.7918,7.7871,7.9638,8.169,0,healthy,0.0,50.0,8.5229,1
SN_013512,LOT_045,11.5096,12.237,12.5969,12.6586,0,healthy,0.0,50.0,8.5229,1
SN_013513,LOT_045,12.8485,14.3822,14.8531,15.3793,0,healthy,0.0,50.0,8.5229,1
SN_013514,LOT_045,8.0459,9.2161,9.4622,9.5074,0,healthy,0.0,50.0,8.5229,1
SN_013515,LOT_045,8.6838,9.7951,10.1304,10.3375,0,healthy,0.0,50.0,8.5229,1
SN_013516,LOT_045,13.1452,14.6139,14.8667,15.1325,0,healthy,0.0,50.0,8.5229,1
SN_013517,LOT_045,8.0371,8.9897,9.2825,9.4994,0,healthy,0.0,50.0,8.5229,1
SN_013518,LOT_045,13.5143,14.008,14.2519,14.313,0,healthy,0.0,50.0,8.5229,1
SN_013519,LOT_045,10.8582,12.1165,12.4623,12.6422,0,healthy,0.0,50.0,8.5229,1
SN_013520,LOT_045,6.1185,6.2336,8.6764,14.5307,1,tddb_dielectric,0.2911,50.0,8.5229,1
SN_013521,LOT_045,8.6339,9.4123,9.4672,9.5939,0,healthy,0.0,50.0,8.5229,1
SN_013522,LOT_045,14.1166,14.8165,14.8347,15.0759,0,healthy,0.0,50.0,8.5229,1
SN_013523,LOT_045,10.637,11.606,12.0371,12.1768,0,healthy,0.0,50.0,8.5229,1
SN_013524,LOT_045,7.3889,8.3229,8.6063,8.7773,0,healthy,0.0,50.0,8.5229,1
SN_013525,LOT_045,8.7977,9.3437,9.4646,9.5046,0,healthy,0.0,50.0,8.5229,1
SN_013526,LOT_045,6.8402,7.3411,7.5164,7.5559,0,healthy,0.0,50.0,8.5229,1
SN_013527,LOT_045,10.4818,11.2303,11.575,11.694,0,healthy,0.0,50.0,8.5229,1
SN_013528,LOT_045,6.8139,7.5062,7.9505,8.0023,0,healthy,0.0,50.0,8.5229,1
SN_013529,LOT_045,8.3009,8.9046,9.1545,9.1774,0,healthy,0.0,50.0,8.5229,1
SN_013530,LOT_045,6.4556,6.9527,6.9489,7.0739,0,healthy,0.0,50.0,8.5229,1
SN_013531,LOT_045,7.4455,8.1102,8.5516,8.769,0,healthy,0.0,50.0,8.5229,1
SN_013532,LOT_045,11.3683,12.1959,12.6535,12.7436,0,healthy,0.0,50.0,8.5229,1
SN_013533,LOT_045,10.6594,11.0853,11.2793,11.2581,0,healthy,0.0,50.0,8.5229,1
SN_013534,LOT_045,8.9252,9.4332,9.7197,9.7113,0,healthy,0.0,50.0,8.5229,1
SN_013535,LOT_045,7.6028,8.4018,8.5332,8.533,0,healthy,0.0,50.0,8.5229,1
SN_013536,LOT_045,9.6191,10.8337,11.31,11.3026,0,healthy,0.0,50.0,8.5229,1
SN_013537,LOT_045,10.5564,10.9003,10.9893,11.0763,0,healthy,0.0,50.0,8.5229,1
SN_013538,LOT_045,13.0317,13.6248,13.6557,13.81,0,healthy,0.0,50.0,8.5229,1
SN_013539,LOT_045,9.0171,9.5695,9.7691,9.7934,0,healthy,0.0,50.0,8.5229,1
SN_013540,LOT_045,10.0756,11.2689,11.6579,11.8327,0,healthy,0.0,50.0,8.5229,1
SN_013541,LOT_045,10.8842,11.3922,11.4724,11.5714,0,healthy,0.0,50.0,8.5229,1
SN_013542,LOT_045,8.8594,9.7713,10.325,10.4639,0,healthy,0.0,50.0,8.5229,1
SN_013543,LOT_045,4.0147,4.3785,4.6041,4.7418,0,healthy,0.0,50.0,8.5229,1
SN_013544,LOT_045,8.1731,8.9574,9.2541,9.346,0,healthy,0.0,50.0,8.5229,1
SN_013545,LOT_045,9.25,10.1446,10.6041,10.8358,0,healthy,0.0,50.0,8.5229,1
SN_013546,LOT_045,8.5695,9.3377,9.3847,9.5337,0,healthy,0.0,50.0,8.5229,1
SN_013547,LOT_045,8.7573,9.5229,9.9522,10.1254,0,healthy,0.0,50.0,8.5229,1
SN_013548,LOT_045,5.9562,6.7128,6.972,6.9752,0,healthy,0.0,50.0,8.5229,1
SN_013549,LOT_045,8.8431,9.1254,9.2677,9.1066,0,healthy,0.0,50.0,8.5229,1
SN_013550,LOT_045,9.4015,10.6377,10.8542,10.8645,0,healthy,0.0,50.0,8.5229,1
SN_013551,LOT_045,4.6017,4.71,4.7542,4.8429,0,healthy,0.0,50.0,8.5229,1
SN_013552,LOT_045,7.3829,8.389,8.6282,8.8172,0,healthy,0.0,50.0,8.5229,1
SN_013553,LOT_045,9.6428,10.512,10.9055,11.2312,0,healthy,0.0,50.0,8.5229,1
SN_013554,LOT_045,6.913,7.5812,7.7635,7.8184,0,healthy,0.0,50.0,8.5229,1
SN_013555,LOT_045,9.5625,10.4055,10.6809,10.7856,0,healthy,0.0,50.0,8.5229,1
SN_013556,LOT_045,14.0572,15.0417,15.2995,15.5892,0,healthy,0.0,50.0,8.5229,1
SN_013557,LOT_045,12.4271,13.1031,13.2131,13.2874,0,healthy,0.0,50.0,8.5229,1
SN_013558,LOT_045,5.8687,6.1444,6.3727,6.342,0,healthy,0.0,50.0,8.5229,1
SN_013559,LOT_045,8.5007,9.2512,9.4761,9.7393,0,healthy,0.0,50.0,8.5229,1
SN_013560,LOT_045,8.8055,9.9037,10.0272,10.1068,0,healthy,0.0,50.0,8.5229,1
SN_013561,LOT_045,12.0144,12.819,12.9901,12.9834,0,healthy,0.0,50.0,8.5229,1
SN_013562,LOT_045,8.6419,9.0714,9.2802,9.3749,0,healthy,0.0,50.0,8.5229,1
SN_013563,LOT_045,9.3379,10.2133,10.698,10.7393,0,healthy,0.0,50.0,8.5229,1
SN_013564,LOT_045,8.0972,8.6618,8.8651,9.1619,0,healthy,0.0,50.0,8.5229,1
SN_013565,LOT_045,11.3785,12.6351,13.4455,13.5108,0,healthy,0.0,50.0,8.5229,1
SN_013566,LOT_045,7.5198,7.8366,7.9662,8.0115,0,healthy,0.0,50.0,8.5229,1
SN_013567,LOT_045,10.2609,11.1862,11.6548,11.6889,0,healthy,0.0,50.0,8.5229,1
SN_013568,LOT_045,7.313,7.9872,8.3216,8.5165,0,healthy,0.0,50.0,8.5229,1
SN_013569,LOT_045,4.0163,4.4407,4.5581,4.7165,0,healthy,0.0,50.0,8.5229,1
SN_013570,LOT_045,4.6315,5.0395,5.0474,5.1629,0,healthy,0.0,50.0,8.5229,1
SN_013571,LOT_045,7.3139,7.7396,7.8239,7.8659,0,healthy,0.0,50.0,8.5229,1
SN_013572,LOT_045,9.1974,10.2253,10.5011,10.6427,0,healthy,0.0,50.0,8.5229,1
SN_013573,LOT_045,8.4118,9.1921,9.4599,9.4999,0,healthy,0.0,50.0,8.5229,1
SN_013574,LOT_045,6.4508,6.8731,7.0531,7.2308,0,healthy,0.0,50.0,8.5229,1
SN_013575,LOT_045,7.0817,7.8686,8.1952,8.4024,0,healthy,0.0,50.0,8.5229,1
SN_013576,LOT_045,7.8251,8.5834,9.0115,9.1405,0,healthy,0.0,50.0,8.5229,1
SN_013577,LOT_045,7.9315,8.4006,8.7007,8.6283,0,healthy,0.0,50.0,8.5229,1
SN_013578,LOT_045,9.0559,9.4648,9.5193,9.6272,0,healthy,0.0,50.0,8.5229,1
SN_013579,LOT_045,8.1135,9.03,9.3247,9.4431,0,healthy,0.0,50.0,8.5229,1
SN_013580,LOT_045,8.2375,9.1179,9.4888,9.6404,0,healthy,0.0,50.0,8.5229,1
SN_013581,LOT_045,8.6975,9.056,9.1926,9.2544,0,healthy,0.0,50.0,8.5229,1
SN_013582,LOT_045,7.5553,8.5475,8.6902,9.0149,0,healthy,0.0,50.0,8.5229,1
SN_013583,LOT_045,8.289,8.6897,8.7156,8.8579,0,healthy,0.0,50.0,8.5229,1
SN_013584,LOT_045,7.8957,8.3143,8.4877,8.494,0,healthy,0.0,50.0,8.5229,1
SN_013585,LOT_045,14.2958,15.6342,16.2129,16.4904,0,healthy,0.0,50.0,8.5229,1
SN_013586,LOT_045,7.1088,7.6178,7.7567,7.8943,0,healthy,0.0,50.0,8.5229,1
SN_013587,LOT_045,12.8615,13.7188,14.0289,13.9653,0,healthy,0.0,50.0,8.5229,1
SN_013588,LOT_045,8.9048,10.0291,10.2642,10.527,0,healthy,0.0,50.0,8.5229,1
SN_013589,LOT_045,7.8071,8.2719,8.314,8.2817,0,healthy,0.0,50.0,8.5229,1
SN_013590,LOT_045,6.4558,6.7081,6.9255,6.8622,0,healthy,0.0,50.0,8.5229,1
SN_013591,LOT_045,8.0288,8.9643,9.357,9.6753,0,healthy,0.0,50.0,8.5229,1
SN_013592,LOT_045,8.4964,9.0852,9.0159,9.1009,0,healthy,0.0,50.0,8.5229,1
SN_013593,LOT_045,11.1945,11.5475,11.8278,11.9256,0,healthy,0.0,50.0,8.5229,1
SN_013594,LOT_045,6.7434,7.6955,7.9417,8.1746,0,healthy,0.0,50.0,8.5229,1
SN_013595,LOT_045,7.0433,7.4805,7.6744,7.6652,0,healthy,0.0,50.0,8.5229,1
SN_013596,LOT_045,8.5453,9.724,10.1268,10.2035,0,healthy,0.0,50.0,8.5229,1
SN_013597,LOT_045,11.6509,12.8535,13.2623,13.4297,0,healthy,0.0,50.0,8.5229,1
SN_013598,LOT_045,7.7359,8.1906,8.267,8.3073,0,healthy,0.0,50.0,8.5229,1
SN_013599,LOT_045,9.0795,9.899,10.3514,10.4081,0,healthy,0.0,50.0,8.5229,1
SN_013600,LOT_045,7.8477,8.664,9.0577,9.1036,0,healthy,0.0,50.0,8.5229,1
SN_013601,LOT_045,8.1781,8.8883,8.9103,9.0997,0,healthy,0.0,50.0,8.5229,1
SN_013602,LOT_045,13.0484,13.9901,14.3585,14.6609,0,healthy,0.0,50.0,8.5229,1
SN_013603,LOT_045,8.2792,9.2049,9.727,9.8926,0,healthy,0.0,50.0,8.5229,1
SN_013604,LOT_045,6.5909,6.8451,6.9653,6.9886,0,healthy,0.0,50.0,8.5229,1
SN_013605,LOT_045,7.2552,7.5132,7.5646,7.6875,0,healthy,0.0,50.0,8.5229,1
SN_013606,LOT_045,7.16,7.6836,8.019,8.1958,0,healthy,0.0,50.0,8.5229,1
SN_013607,LOT_045,10.343,11.5409,11.858,12.2338,0,healthy,0.0,50.0,8.5229,1
SN_013608,LOT_045,11.9014,12.9842,13.2994,13.6175,0,healthy,0.0,50.0,8.5229,1
SN_013609,LOT_045,9.6951,10.2147,10.3948,10.4503,0,healthy,0.0,50.0,8.5229,1
SN_013610,LOT_045,7.2321,7.5929,7.6221,7.7186,0,healthy,0.0,50.0,8.5229,1
SN_013611,LOT_045,9.5363,10.7873,11.2331,11.2438,0,healthy,0.0,50.0,8.5229,1
SN_013612,LOT_045,7.1135,7.4265,7.6334,7.7495,0,healthy,0.0,50.0,8.5229,1
SN_013613,LOT_045,8.9275,9.4411,9.6894,9.8461,0,healthy,0.0,50.0,8.5229,1
SN_013614,LOT_045,8.0936,9.1068,9.5135,9.6747,0,healthy,0.0,50.0,8.5229,1
SN_013615,LOT_045,10.412,10.7338,11.0861,11.0743,0,healthy,0.0,50.0,8.5229,1
SN_013616,LOT_045,9.4954,10.2704,10.5999,10.8546,0,healthy,0.0,50.0,8.5229,1
SN_013617,LOT_045,9.5792,10.7168,11.1356,11.2806,0,healthy,0.0,50.0,8.5229,1
SN_013618,LOT_045,6.1736,6.509,6.8727,6.8951,0,healthy,0.0,50.0,8.5229,1
SN_013619,LOT_045,8.9666,9.4484,9.7743,9.8376,0,healthy,0.0,50.0,8.5229,1
SN_013620,LOT_045,8.8862,9.2512,9.2752,9.4183,0,healthy,0.0,50.0,8.5229,1
SN_013621,LOT_045,9.2853,10.4568,10.9955,11.1876,0,healthy,0.0,50.0,8.5229,1
SN_013622,LOT_045,8.0536,9.0535,9.5024,9.473,0,healthy,0.0,50.0,8.5229,1
SN_013623,LOT_045,8.86,9.6117,9.9385,9.9773,0,healthy,0.0,50.0,8.5229,1
SN_013624,LOT_045,6.1581,6.8545,7.0724,7.1706,0,healthy,0.0,50.0,8.5229,1
SN_013625,LOT_045,7.8743,8.2601,8.4105,8.5107,0,healthy,0.0,50.0,8.5229,1
SN_013626,LOT_045,5.1519,5.2665,5.3973,5.4108,0,healthy,0.0,50.0,8.5229,1
SN_013627,LOT_045,6.0056,6.4343,6.669,6.7151,0,healthy,0.0,50.0,8.5229,1
SN_013628,LOT_045,7.8598,8.4749,8.7113,8.8621,0,healthy,0.0,50.0,8.5229,1
SN_013629,LOT_045,7.7903,8.804,9.0936,9.2682,0,healthy,0.0,50.0,8.5229,1
SN_013630,LOT_045,7.9265,8.8306,9.2768,9.5014,0,healthy,0.0,50.0,8.5229,1
SN_013631,LOT_045,6.6752,7.2127,7.453,7.6207,0,healthy,0.0,50.0,8.5229,1
SN_013632,LOT_045,9.5708,9.963,10.3901,10.4172,0,healthy,0.0,50.0,8.5229,1
SN_013633,LOT_045,8.1372,8.8583,9.1011,9.4034,0,healthy,0.0,50.0,8.5229,1
SN_013634,LOT_045,7.7986,8.5187,8.8986,9.0449,0,healthy,0.0,50.0,8.5229,1
SN_013635,LOT_045,7.3249,7.9523,8.2157,8.3879,0,healthy,0.0,50.0,8.5229,1
SN_013636,LOT_045,11.5265,12.1321,12.73,12.5527,0,healthy,0.0,50.0,8.5229,1
SN_013637,LOT_045,13.2204,14.4288,14.7316,15.0369,0,healthy,0.0,50.0,8.5229,1
SN_013638,LOT_045,7.8303,8.745,9.0632,9.1507,0,healthy,0.0,50.0,8.5229,1
SN_013639,LOT_045,8.8027,9.5765,9.5855,9.847,0,healthy,0.0,50.0,8.5229,1
SN_013640,LOT_045,5.3517,5.7584,5.891,5.9484,0,healthy,0.0,50.0,8.5229,1
SN_013641,LOT_045,8.1425,8.6022,8.7366,8.87,0,healthy,0.0,50.0,8.5229,1
SN_013642,LOT_045,11.4252,12.2111,12.3576,12.3845,0,healthy,0.0,50.0,8.5229,1
SN_013643,LOT_045,7.239,7.4561,7.6865,7.7371,0,healthy,0.0,50.0,8.5229,1
SN_013644,LOT_045,6.7306,6.9955,7.0368,7.1339,0,healthy,0.0,50.0,8.5229,1
SN_013645,LOT_045,8.6954,9.4877,9.898,9.998,0,healthy,0.0,50.0,8.5229,1
SN_013646,LOT_045,9.5764,10.6323,11.1618,11.3442,0,healthy,0.0,50.0,8.5229,1
SN_013647,LOT_045,9.1009,9.5065,9.5744,9.6168,0,healthy,0.0,50.0,8.5229,1
SN_013648,LOT_045,9.2345,9.6192,9.799,9.6399,0,healthy,0.0,50.0,8.5229,1
SN_013649,LOT_045,9.1886,10.0624,10.5475,10.6352,0,healthy,0.0,50.0,8.5229,1
SN_013650,LOT_045,12.8811,14.109,14.2414,14.368,0,healthy,0.0,50.0,8.5229,1
SN_013651,LOT_045,9.9122,10.5225,10.757,11.0147,0,healthy,0.0,50.0,8.5229,1
SN_013652,LOT_045,7.7273,8.1444,8.5445,8.6982,0,healthy,0.0,50.0,8.5229,1
SN_013653,LOT_045,7.7444,8.626,8.8453,8.8552,0,healthy,0.0,50.0,8.5229,1
SN_013654,LOT_045,11.2826,11.9246,12.2401,12.1848,0,healthy,0.0,50.0,8.5229,1
SN_013655,LOT_045,8.5879,8.9591,9.1781,9.2517,0,healthy,0.0,50.0,8.5229,1
SN_013656,LOT_045,6.8824,7.5996,7.7796,7.8369,0,healthy,0.0,50.0,8.5229,1
SN_013657,LOT_045,8.5964,9.0743,9.3669,9.574,0,healthy,0.0,50.0,8.5229,1
SN_013658,LOT_045,8.3255,8.5338,8.7536,8.779,0,healthy,0.0,50.0,8.5229,1
SN_013659,LOT_045,8.0839,8.4209,8.6305,8.6335,0,healthy,0.0,50.0,8.5229,1
SN_013660,LOT_045,8.1957,8.3185,8.6272,8.815,0,healthy,0.0,50.0,8.5229,1
SN_013661,LOT_045,9.0629,9.8585,10.2633,10.3965,0,healthy,0.0,50.0,8.5229,1
SN_013662,LOT_045,8.7645,9.5474,9.6685,9.9252,0,healthy,0.0,50.0,8.5229,1
SN_013663,LOT_045,8.0613,8.7623,9.1416,9.2797,0,healthy,0.0,50.0,8.5229,1
SN_013664,LOT_045,7.1096,7.7653,7.8729,8.0303,0,healthy,0.0,50.0,8.5229,1
SN_013665,LOT_045,9.2458,9.5503,9.7066,9.6618,0,healthy,0.0,50.0,8.5229,1
SN_013666,LOT_045,9.0033,9.5308,9.7206,9.8587,0,healthy,0.0,50.0,8.5229,1
SN_013667,LOT_045,6.3896,6.6509,6.7845,6.8934,0,healthy,0.0,50.0,8.5229,1
SN_013668,LOT_045,6.1608,6.7028,6.8404,6.9187,0,healthy,0.0,50.0,8.5229,1
SN_013669,LOT_045,8.234,8.7393,8.9803,8.9786,0,healthy,0.0,50.0,8.5229,1
SN_013670,LOT_045,13.6084,14.9215,15.2533,15.3078,0,healthy,0.0,50.0,8.5229,1
