part_id,lot_id,value_0h,value_24h,value_96h,value_168h,is_defect,defect_type,defect_severity,datasheet_limit,lot_median_true,heavy_tail_lot
SN_001001,LOT_001,8.1394,8.5241,8.7667,8.839,0,healthy,0.0,50.0,9.1341,0
SN_001002,LOT_001,10.0965,11.1376,11.7906,12.0716,0,healthy,0.0,50.0,9.1341,0
SN_001003,LOT_001,10.9166,12.2681,12.6947,12.7293,0,healthy,0.0,50.0,9.1341,0
SN_001004,LOT_001,,10.5229,10.7027,10.9214,0,healthy,0.0,50.0,9.1341,0
SN_001005,LOT_001,7.7754,8.0286,8.0635,8.1692,0,healthy,0.0,50.0,9.1341,0
SN_001006,LOT_001,8.7858,9.4653,9.7153,9.9813,0,healthy,0.0,50.0,9.1341,0
SN_001007,LOT_001,9.9991,11.0839,11.1752,11.5519,0,healthy,0.0,50.0,9.1341,0
SN_001008,LOT_001,8.0102,8.2066,8.496,8.4607,0,healthy,0.0,50.0,9.1341,0
SN_001009,LOT_001,10.3474,11.6825,12.2567,12.3115,0,healthy,0.0,50.0,9.1341,0
SN_001010,LOT_001,,8.8047,9.0905,9.0409,0,healthy,0.0,50.0,9.1341,0
SN_001011,LOT_001,8.8474,9.1215,9.1487,9.1538,0,healthy,0.0,50.0,9.1341,0
SN_001012,LOT_001,8.4564,9.5224,9.6487,10.1,0,healthy,0.0,50.0,9.1341,0
SN_001013,LOT_001,8.7478,9.6057,9.8617,9.8816,0,healthy,0.0,50.0,9.1341,0
SN_001014,LOT_001,10.6312,12.0066,12.4117,12.7087,0,healthy,0.0,50.0,9.1341,0
SN_001015,LOT_001,8.9239,9.3038,9.264,9.5632,0,healthy,0.0,50.0,9.1341,0
SN_001016,LOT_001,9.544,10.0633,10.1628,10.3506,0,healthy,0.0,50.0,9.1341,0
SN_001017,LOT_001,,10.5089,11.0166,11.2247,0,healthy,0.0,50.0,9.1341,0
SN_001018,LOT_001,7.6985,8.5913,8.9944,8.8248,0,healthy,0.0,50.0,9.1341,0
SN_001019,LOT_001,6.9334,7.2486,7.3485,7.4223,0,healthy,0.0,50.0,9.1341,0
SN_001020,LOT_001,9.7684,10.922,11.2432,11.4385,0,healthy,0.0,50.0,9.1341,0
SN_001021,LOT_001,9.8531,11.045,11.3081,11.5529,0,healthy,0.0,50.0,9.1341,0
SN_001022,LOT_001,10.2024,11.3332,11.684,11.9698,0,healthy,0.0,50.0,9.1341,0
SN_001023,LOT_001,9.2216,9.7859,9.9452,9.8923,0,healthy,0.0,50.0,9.1341,0
SN_001024,LOT_001,9.9806,10.8176,11.0624,11.4594,0,healthy,0.0,50.0,9.1341,0
SN_001025,LOT_001,8.385,10.7131,17.7952,24.6991,1,electromigration,0.4638,50.0,9.1341,0
SN_001026,LOT_001,9.9008,10.6724,10.9711,11.2286,0,healthy,0.0,50.0,9.1341,0
SN_001027,LOT_001,8.8868,10.1691,10.4012,10.7565,0,healthy,0.0,50.0,9.1341,0
SN_001028,LOT_001,6.4835,6.9452,7.1636,7.1035,0,healthy,0.0,50.0,9.1341,0
SN_001029,LOT_001,7.3668,8.0343,8.4187,8.4738,0,healthy,0.0,50.0,9.1341,0
SN_001030,LOT_001,10.5234,11.4638,11.8743,12.0715,0,healthy,0.0,50.0,9.1341,0
SN_001031,LOT_001,7.9679,8.8845,8.9698,9.2678,0,healthy,0.0,50.0,9.1341,0
SN_001032,LOT_001,8.4352,9.3457,9.9293,9.9416,0,healthy,0.0,50.0,9.1341,0
SN_001033,LOT_001,9.2601,10.2379,10.3098,10.6092,0,healthy,0.0,50.0,9.1341,0
SN_001034,LOT_001,8.4135,8.932,9.1479,9.3197,0,healthy,0.0,50.0,9.1341,0
SN_001035,LOT_001,11.5522,12.2464,12.8063,12.7578,0,healthy,0.0,50.0,9.1341,0
SN_001036,LOT_001,10.1837,11.0063,11.3437,11.6246,0,healthy,0.0,50.0,9.1341,0
SN_001037,LOT_001,10.6929,,12.0896,12.1998,0,healthy,0.0,50.0,9.1341,0
SN_001038,LOT_001,8.6112,8.8541,9.0195,9.0479,0,healthy,0.0,50.0,9.1341,0
SN_001039,LOT_001,8.4055,9.18,9.5064,9.659,0,healthy,0.0,50.0,9.1341,0
SN_001040,LOT_001,8.3894,8.9889,9.2509,9.4151,0,healthy,0.0,50.0,9.1341,0
SN_001041,LOT_001,,20.4033,21.0286,21.2417,1,mobile_ion,0.4693,50.0,9.1341,0
SN_001042,LOT_001,8.7498,9.9046,10.2365,10.3506,0,healthy,0.0,50.0,9.1341,0
SN_001043,LOT_001,10.3536,11.2115,11.4301,11.3785,0,healthy,0.0,50.0,9.1341,0
SN_001044,LOT_001,,7.0563,7.15,7.3184,0,healthy,0.0,50.0,9.1341,0
SN_001045,LOT_001,8.4395,9.3908,9.5858,9.7789,0,healthy,0.0,50.0,9.1341,0
SN_001046,LOT_001,9.7718,10.0409,10.2856,10.2614,0,healthy,0.0,50.0,9.1341,0
SN_001047,LOT_001,9.285,10.4177,10.7989,10.9879,0,healthy,0.0,50.0,9.1341,0
SN_001048,LOT_001,8.92,9.2281,9.3635,9.5819,0,healthy,0.0,50.0,9.1341,0
SN_001049,LOT_001,8.5105,9.04,9.1787,9.3231,0,healthy,0.0,50.0,9.1341,0
SN_001050,LOT_001,7.8076,8.848,9.1574,9.2407,0,healthy,0.0,50.0,9.1341,0
SN_001051,LOT_001,7.5339,8.4202,8.435,8.6156,0,healthy,0.0,50.0,9.1341,0
SN_001052,LOT_001,9.2227,10.237,10.51,10.8801,0,healthy,0.0,50.0,9.1341,0
SN_001053,LOT_001,7.2716,,7.7346,7.8499,0,healthy,0.0,50.0,9.1341,0
SN_001054,LOT_001,,8.83,9.06,9.1969,0,healthy,0.0,50.0,9.1341,0
SN_001055,LOT_001,8.1231,8.6479,8.7918,9.0345,0,healthy,0.0,50.0,9.1341,0
SN_001056,LOT_001,10.4639,11.1421,11.4209,11.6195,0,healthy,0.0,50.0,9.1341,0
SN_001057,LOT_001,8.4352,9.2087,9.5552,9.717,0,healthy,0.0,50.0,9.1341,0
SN_001058,LOT_001,9.1133,9.6931,10.0191,10.2915,0,healthy,0.0,50.0,9.1341,0
SN_001059,LOT_001,,10.4506,10.8654,11.0804,0,healthy,0.0,50.0,9.1341,0
SN_001060,LOT_001,8.8371,9.85,10.0633,10.0643,0,healthy,0.0,50.0,9.1341,0
SN_001061,LOT_001,8.0362,8.3953,8.2677,8.4514,0,healthy,0.0,50.0,9.1341,0
SN_001062,LOT_001,8.4917,9.2805,9.3674,9.4629,0,healthy,0.0,50.0,9.1341,0
SN_001063,LOT_001,9.115,10.4471,10.6208,10.9965,0,healthy,0.0,50.0,9.1341,0
SN_001064,LOT_001,9.3679,10.036,10.0378,10.0876,0,healthy,0.0,50.0,9.1341,0
SN_001065,LOT_001,9.784,10.7489,11.1924,11.5718,0,healthy,0.0,50.0,9.1341,0
SN_001066,LOT_001,10.4944,11.3595,11.9768,12.2826,0,healthy,0.0,50.0,9.1341,0
SN_001067,LOT_001,8.9773,9.7464,9.9961,10.05,0,healthy,0.0,50.0,9.1341,0
SN_001068,LOT_001,10.2124,11.4956,11.9496,12.0385,0,healthy,0.0,50.0,9.1341,0
SN_001069,LOT_001,8.1861,8.4574,8.5304,8.5537,0,healthy,0.0,50.0,9.1341,0
SN_001070,LOT_001,11.1909,12.439,13.1132,13.1774,0,healthy,0.0,50.0,9.1341,0
SN_001071,LOT_001,7.5145,8.4025,8.6027,8.8351,0,healthy,0.0,50.0,9.1341,0
SN_001072,LOT_001,8.6105,9.2319,9.5251,9.5361,0,healthy,0.0,50.0,9.1341,0
SN_001073,LOT_001,8.3918,9.2676,9.5977,9.7983,0,healthy,0.0,50.0,9.1341,0
SN_001074,LOT_001,9.3747,10.3715,10.5802,10.961,0,healthy,0.0,50.0,9.1341,0
SN_001075,LOT_001,9.8301,10.3046,10.7127,10.8521,0,healthy,0.0,50.0,9.1341,0
SN_001076,LOT_001,8.8814,9.8283,10.1104,10.2482,0,healthy,0.0,50.0,9.1341,0
SN_001077,LOT_001,8.1811,9.0669,9.4869,9.7631,0,healthy,0.0,50.0,9.1341,0
SN_001078,LOT_001,9.764,11.0906,11.4916,11.749,0,healthy,0.0,50.0,9.1341,0
SN_001079,LOT_001,7.5747,8.0802,7.9108,7.9876,0,healthy,0.0,50.0,9.1341,0
SN_001080,LOT_001,10.9412,11.5785,11.4846,11.7144,0,healthy,0.0,50.0,9.1341,0
SN_001081,LOT_001,8.5403,9.2718,9.5454,9.6069,0,healthy,0.0,50.0,9.1341,0
SN_001082,LOT_001,9.4682,10.6308,11.0932,11.1921,0,healthy,0.0,50.0,9.1341,0
SN_001083,LOT_001,8.4384,9.1314,9.4152,9.5083,0,healthy,0.0,50.0,9.1341,0
SN_001084,LOT_001,10.0086,10.8804,11.0712,11.1657,0,healthy,0.0,50.0,9.1341,0
SN_001085,LOT_001,8.4025,9.5476,9.8464,10.0981,0,healthy,0.0,50.0,9.1341,0
SN_001086,LOT_001,6.4518,7.0589,7.2507,7.3739,0,healthy,0.0,50.0,9.1341,0
SN_001087,LOT_001,,14.9825,15.4942,15.6803,0,healthy,0.0,50.0,9.1341,0
SN_001088,LOT_001,7.8232,8.6118,8.7799,9.0471,0,healthy,0.0,50.0,9.1341,0
SN_001089,LOT_001,8.5909,9.3336,9.3973,9.5674,0,healthy,0.0,50.0,9.1341,0
SN_001090,LOT_001,10.3488,10.6904,11.1353,11.0049,0,healthy,0.0,50.0,9.1341,0
SN_001091,LOT_001,12.1844,13.5148,14.015,14.2178,0,healthy,0.0,50.0,9.1341,0
SN_001092,LOT_001,10.5692,11.0397,11.2552,11.2878,0,healthy,0.0,50.0,9.1341,0
SN_001093,LOT_001,,11.0285,11.429,11.6194,0,healthy,0.0,50.0,9.1341,0
SN_001094,LOT_001,11.273,12.1534,12.4076,12.7217,0,healthy,0.0,50.0,9.1341,0
SN_001095,LOT_001,10.4481,11.5698,11.8335,12.0162,0,healthy,0.0,50.0,9.1341,0
SN_001096,LOT_001,8.0029,8.2927,8.5892,8.6799,0,healthy,0.0,50.0,9.1341,0
SN_001097,LOT_001,8.1899,9.0047,9.2793,9.3543,0,healthy,0.0,50.0,9.1341,0
SN_001098,LOT_001,7.9546,8.0125,10.1709,14.7132,1,tddb_dielectric,0.114,50.0,9.1341,0
SN_001099,LOT_001,9.7661,10.4822,10.8504,11.2546,0,healthy,0.0,50.0,9.1341,0
SN_001100,LOT_001,7.678,8.0765,8.2863,8.3981,0,healthy,0.0,50.0,9.1341,0
SN_001101,LOT_001,9.3837,10.0251,10.4275,10.6672,0,healthy,0.0,50.0,9.1341,0
SN_001102,LOT_001,10.7493,11.8138,11.9724,11.9362,0,healthy,0.0,50.0,9.1341,0
SN_001103,LOT_001,8.1407,8.7429,9.0486,9.1345,0,healthy,0.0,50.0,9.1341,0
SN_001104,LOT_001,8.9786,9.7053,9.8697,10.0462,0,healthy,0.0,50.0,9.1341,0
SN_001105,LOT_001,7.4262,7.9601,8.2987,8.3688,0,healthy,0.0,50.0,9.1341,0
SN_001106,LOT_001,7.5152,,7.8213,7.8845,0,healthy,0.0,50.0,9.1341,0
SN_001107,LOT_001,9.1555,10.0314,10.0685,10.2655,0,healthy,0.0,50.0,9.1341,0
SN_001108,LOT_001,10.058,,10.7927,10.8731,0,healthy,0.0,50.0,9.1341,0
SN_001109,LOT_001,8.5654,9.8384,10.061,10.2616,0,healthy,0.0,50.0,9.1341,0
SN_001110,LOT_001,8.8294,9.2997,9.4799,9.6599,0,healthy,0.0,50.0,9.1341,0
SN_001111,LOT_001,,10.1848,10.4195,10.3235,0,healthy,0.0,50.0,9.1341,0
SN_001112,LOT_001,8.7292,9.4108,9.5609,9.6967,0,healthy,0.0,50.0,9.1341,0
SN_001113,LOT_001,6.9806,7.3265,7.507,7.6607,0,healthy,0.0,50.0,9.1341,0
SN_001114,LOT_001,9.1482,9.9348,10.2661,10.1986,0,healthy,0.0,50.0,9.1341,0
SN_001115,LOT_001,7.7264,8.4884,8.6233,8.7975,0,healthy,0.0,50.0,9.1341,0
SN_001116,LOT_001,9.1698,9.7403,9.9001,10.1504,0,healthy,0.0,50.0,9.1341,0
SN_001117,LOT_001,9.6759,9.923,10.1337,10.1037,0,healthy,0.0,50.0,9.1341,0
SN_001118,LOT_001,8.9916,9.9985,10.2763,10.5595,0,healthy,0.0,50.0,9.1341,0
SN_001119,LOT_001,9.4613,10.4054,10.6022,10.7769,0,healthy,0.0,50.0,9.1341,0
SN_001120,LOT_001,6.337,,6.5919,6.7293,0,healthy,0.0,50.0,9.1341,0
SN_001121,LOT_001,8.8877,9.7315,9.9169,9.9696,0,healthy,0.0,50.0,9.1341,0
SN_001122,LOT_001,10.5106,11.4254,12.0758,11.9358,0,healthy,0.0,50.0,9.1341,0
SN_001123,LOT_001,9.4105,10.3568,10.6797,10.7348,0,healthy,0.0,50.0,9.1341,0
SN_001124,LOT_001,10.6018,11.9488,12.2385,12.2031,0,healthy,0.0,50.0,9.1341,0
SN_001125,LOT_001,11.1311,12.7077,12.9432,13.1235,0,healthy,0.0,50.0,9.1341,0
SN_001126,LOT_001,10.6855,11.345,11.5249,11.519,0,healthy,0.0,50.0,9.1341,0
SN_001127,LOT_001,6.4664,6.9386,7.1835,7.2893,0,healthy,0.0,50.0,9.1341,0
SN_001128,LOT_001,9.0019,,10.4425,10.4927,0,healthy,0.0,50.0,9.1341,0
SN_001129,LOT_001,11.2179,12.3985,12.7254,12.9064,0,healthy,0.0,50.0,9.1341,0
SN_001130,LOT_001,8.0805,8.3625,8.4604,8.644,0,healthy,0.0,50.0,9.1341,0
SN_001131,LOT_001,7.7955,8.0348,8.1347,8.3053,0,healthy,0.0,50.0,9.1341,0
SN_001132,LOT_001,10.1109,10.9568,11.4527,11.6145,0,healthy,0.0,50.0,9.1341,0
SN_001133,LOT_001,8.9569,9.2843,9.5162,9.7171,0,healthy,0.0,50.0,9.1341,0
SN_001134,LOT_001,,8.4779,8.6833,8.7232,0,healthy,0.0,50.0,9.1341,0
SN_001135,LOT_001,12.1623,13.5413,14.0634,14.4867,0,healthy,0.0,50.0,9.1341,0
SN_001136,LOT_001,7.6704,8.1285,8.3953,8.5584,0,healthy,0.0,50.0,9.1341,0
SN_001137,LOT_001,7.8038,8.6076,8.9367,8.9974,0,healthy,0.0,50.0,9.1341,0
SN_001138,LOT_001,8.9709,10.213,10.4336,10.442,0,healthy,0.0,50.0,9.1341,0
SN_001139,LOT_001,8.6973,9.0574,9.3522,9.5482,0,healthy,0.0,50.0,9.1341,0
SN_001140,LOT_001,7.8243,8.058,8.2248,8.215,0,healthy,0.0,50.0,9.1341,0
SN_001141,LOT_001,7.9694,8.7183,9.0512,9.0379,0,healthy,0.0,50.0,9.1341,0
SN_001142,LOT_001,10.4385,11.6437,12.2844,12.4691,0,healthy,0.0,50.0,9.1341,0
SN_001143,LOT_001,8.6222,9.187,9.4641,9.7873,0,healthy,0.0,50.0,9.1341,0
SN_001144,LOT_001,8.4175,,8.948,8.9731,0,healthy,0.0,50.0,9.1341,0
SN_001145,LOT_001,11.6227,12.7165,13.4845,13.8688,0,healthy,0.0,50.0,9.1341,0
SN_001146,LOT_001,7.2646,8.1585,8.4488,8.6206,0,healthy,0.0,50.0,9.1341,0
SN_001147,LOT_001,9.0088,9.8408,10.17,10.1627,0,healthy,0.0,50.0,9.1341,0
SN_001148,LOT_001,11.845,13.1091,13.8589,13.9914,0,healthy,0.0,50.0,9.1341,0
SN_001149,LOT_001,10.1131,10.8672,11.017,11.2408,0,healthy,0.0,50.0,9.1341,0
SN_001150,LOT_001,10.1797,10.5522,10.8575,11.0218,0,healthy,0.0,50.0,9.1341,0
SN_001151,LOT_001,8.8074,9.6543,10.0359,9.9605,0,healthy,0.0,50.0,9.1341,0
SN_001152,LOT_001,9.309,10.0091,10.1877,10.3991,0,healthy,0.0,50.0,9.1341,0
SN_001153,LOT_001,9.0209,,10.2554,10.4236,0,healthy,0.0,50.0,9.1341,0
SN_001154,LOT_001,12.5925,,13.3538,13.7077,0,healthy,0.0,50.0,9.1341,0
SN_001155,LOT_001,12.255,13.3904,13.9043,14.039,0,healthy,0.0,50.0,9.1341,0
SN_001156,LOT_001,11.2478,12.2951,12.7319,12.9724,0,healthy,0.0,50.0,9.1341,0
SN_001157,LOT_001,10.6717,11.5351,11.9587,12.1567,0,healthy,0.0,50.0,9.1341,0
SN_001158,LOT_001,7.7298,8.1745,8.3978,8.4606,0,healthy,0.0,50.0,9.1341,0
SN_001159,LOT_001,10.0589,10.9504,11.5363,11.725,0,healthy,0.0,50.0,9.1341,0
SN_001160,LOT_001,9.7664,10.8321,11.2665,11.3546,0,healthy,0.0,50.0,9.1341,0
SN_001161,LOT_001,9.3081,9.9276,10.1353,10.2441,0,healthy,0.0,50.0,9.1341,0
SN_001162,LOT_001,11.1525,12.7822,13.0983,13.4982,0,healthy,0.0,50.0,9.1341,0
SN_001163,LOT_001,8.575,9.2576,9.4938,9.4914,0,healthy,0.0,50.0,9.1341,0
SN_001164,LOT_001,9.5354,10.1463,10.4287,10.5795,0,healthy,0.0,50.0,9.1341,0
SN_001165,LOT_001,9.3138,9.527,9.8666,9.8176,0,healthy,0.0,50.0,9.1341,0
SN_001166,LOT_001,9.8459,10.5737,10.9057,10.8445,0,healthy,0.0,50.0,9.1341,0
SN_001167,LOT_001,9.4502,10.2531,10.6123,10.5013,0,healthy,0.0,50.0,9.1341,0
SN_001168,LOT_001,7.1278,7.6908,7.9504,8.044,0,healthy,0.0,50.0,9.1341,0
SN_001169,LOT_001,10.5682,,12.0437,12.3852,0,healthy,0.0,50.0,9.1341,0
SN_001170,LOT_001,7.3741,7.7148,7.7759,7.8885,0,healthy,0.0,50.0,9.1341,0
SN_001171,LOT_001,,9.003,9.167,9.2269,0,healthy,0.0,50.0,9.1341,0
SN_001172,LOT_001,9.739,10.5782,10.8669,10.9705,0,healthy,0.0,50.0,9.1341,0
SN_001173,LOT_001,8.0829,9.0658,9.3645,9.6407,0,healthy,0.0,50.0,9.1341,0
SN_001174,LOT_001,8.2319,9.0988,9.3946,9.5122,0,healthy,0.0,50.0,9.1341,0
SN_001175,LOT_001,8.2855,8.9168,9.3001,9.2965,0,healthy,0.0,50.0,9.1341,0
SN_001176,LOT_001,9.0209,9.8359,10.2032,10.2865,0,healthy,0.0,50.0,9.1341,0
SN_001177,LOT_001,10.0001,11.203,11.7468,11.9457,0,healthy,0.0,50.0,9.1341,0
SN_001178,LOT_001,9.5457,10.0449,10.1312,10.1567,0,healthy,0.0,50.0,9.1341,0
SN_001179,LOT_001,9.639,10.4092,10.8882,10.7235,0,healthy,0.0,50.0,9.1341,0
SN_001180,LOT_001,7.5005,8.4281,8.7845,8.9603,0,healthy,0.0,50.0,9.1341,0
SN_001181,LOT_001,9.3375,10.0457,10.2274,10.4491,0,healthy,0.0,50.0,9.1341,0
SN_001182,LOT_001,10.387,11.4404,12.0119,12.2071,0,healthy,0.0,50.0,9.1341,0
SN_001183,LOT_001,10.4282,11.0543,11.3345,11.337,0,healthy,0.0,50.0,9.1341,0
SN_001184,LOT_001,8.6619,9.879,10.1307,10.3077,0,healthy,0.0,50.0,9.1341,0
SN_001185,LOT_001,9.0083,10.2378,10.5192,10.5112,0,healthy,0.0,50.0,9.1341,0
SN_001186,LOT_001,7.6526,7.9431,8.1485,8.1393,0,healthy,0.0,50.0,9.1341,0
SN_001187,LOT_001,8.7892,9.784,10.0821,10.2918,0,healthy,0.0,50.0,9.1341,0
SN_001188,LOT_001,8.43,,9.577,9.6614,0,healthy,0.0,50.0,9.1341,0
SN_001189,LOT_001,8.7778,9.197,9.4667,9.3753,0,healthy,0.0,50.0,9.1341,0
SN_001190,LOT_001,8.522,9.4752,9.916,10.0724,0,healthy,0.0,50.0,9.1341,0
SN_001191,LOT_001,9.0019,9.4793,9.6591,9.6799,0,healthy,0.0,50.0,9.1341,0
SN_001192,LOT_001,8.8287,9.8227,10.2964,10.5486,0,healthy,0.0,50.0,9.1341,0
SN_001193,LOT_001,10.8338,12.1651,12.3857,12.5685,0,healthy,0.0,50.0,9.1341,0
SN_001194,LOT_001,8.6803,9.3354,9.5938,9.7188,0,healthy,0.0,50.0,9.1341,0
SN_001195,LOT_001,10.5409,11.2591,11.6048,11.6758,0,healthy,0.0,50.0,9.1341,0
SN_001196,LOT_001,11.1195,11.5794,11.7165,11.7139,0,healthy,0.0,50.0,9.1341,0
SN_001197,LOT_001,12.5145,14.3752,14.7617,14.9257,0,healthy,0.0,50.0,9.1341,0
SN_001198,LOT_001,9.0892,9.3225,14.1343,29.0901,1,tddb_dielectric,0.5665,50.0,9.1341,0
SN_001199,LOT_001,8.5329,9.2814,9.3865,9.5263,0,healthy,0.0,50.0,9.1341,0
SN_001200,LOT_001,9.3011,,10.4718,10.5243,0,healthy,0.0,50.0,9.1341,0
SN_001201,LOT_001,8.7385,9.2332,9.5264,9.538,0,healthy,0.0,50.0,9.1341,0
SN_001202,LOT_001,12.0856,13.2795,13.7467,14.0148,0,healthy,0.0,50.0,9.1341,0
SN_001203,LOT_001,10.3478,11.1799,11.6298,11.9211,0,healthy,0.0,50.0,9.1341,0
SN_001204,LOT_001,7.2175,,7.5573,7.7196,0,healthy,0.0,50.0,9.1341,0
SN_001205,LOT_001,8.3675,8.6154,8.8478,8.8315,0,healthy,0.0,50.0,9.1341,0
SN_001206,LOT_001,8.7404,9.4663,9.7783,10.0176,0,healthy,0.0,50.0,9.1341,0
SN_001207,LOT_001,9.3694,9.8833,10.0857,10.2219,0,healthy,0.0,50.0,9.1341,0
SN_001208,LOT_001,8.9705,9.9763,10.2395,10.4892,0,healthy,0.0,50.0,9.1341,0
SN_001209,LOT_001,10.1707,10.9501,11.2221,11.4637,0,healthy,0.0,50.0,9.1341,0
SN_001210,LOT_001,8.8415,9.8893,10.3171,10.6159,0,healthy,0.0,50.0,9.1341,0
SN_001211,LOT_001,9.0912,10.2359,10.6649,10.8134,0,healthy,0.0,50.0,9.1341,0
SN_001212,LOT_001,8.148,9.0366,9.5218,9.7045,0,healthy,0.0,50.0,9.1341,0
SN_001213,LOT_001,6.2776,6.6136,6.682,6.6157,0,healthy,0.0,50.0,9.1341,0
SN_001214,LOT_001,8.8063,9.651,9.9141,10.0998,0,healthy,0.0,50.0,9.1341,0
SN_001215,LOT_001,9.975,11.128,11.5518,11.7612,0,healthy,0.0,50.0,9.1341,0
SN_001216,LOT_001,8.7087,9.5944,9.9962,10.1719,0,healthy,0.0,50.0,9.1341,0
SN_001217,LOT_001,9.4096,10.1566,10.2601,10.3839,0,healthy,0.0,50.0,9.1341,0
SN_001218,LOT_001,,12.6535,15.922,17.6106,1,nbti_ageing,0.5702,50.0,9.1341,0
SN_001219,LOT_001,8.738,9.4598,9.6201,9.737,0,healthy,0.0,50.0,9.1341,0
SN_001220,LOT_001,9.4468,9.9747,10.5885,10.6461,0,healthy,0.0,50.0,9.1341,0
SN_001221,LOT_001,10.644,11.7725,12.0654,12.4298,0,healthy,0.0,50.0,9.1341,0
SN_001222,LOT_001,8.2322,9.0706,9.3419,9.4117,0,healthy,0.0,50.0,9.1341,0
SN_001223,LOT_001,9.1899,9.8154,10.1307,10.3016,0,healthy,0.0,50.0,9.1341,0
SN_001224,LOT_001,10.4925,11.9277,12.3477,12.4979,0,healthy,0.0,50.0,9.1341,0
SN_001225,LOT_001,9.5819,10.4143,10.8545,10.6167,0,healthy,0.0,50.0,9.1341,0
SN_001226,LOT_001,9.1871,10.2709,10.7569,10.7784,0,healthy,0.0,50.0,9.1341,0
SN_001227,LOT_001,,8.2047,8.3914,8.3314,0,healthy,0.0,50.0,9.1341,0
SN_001228,LOT_001,9.2686,9.9602,10.1166,10.3293,0,healthy,0.0,50.0,9.1341,0
SN_001229,LOT_001,10.5648,11.6256,12.2575,12.3946,0,healthy,0.0,50.0,9.1341,0
SN_001230,LOT_001,8.1496,,8.8637,8.7554,0,healthy,0.0,50.0,9.1341,0
SN_001231,LOT_001,7.7057,8.371,8.7854,8.8016,0,healthy,0.0,50.0,9.1341,0
SN_001232,LOT_001,8.9202,9.2769,9.5087,9.524,0,healthy,0.0,50.0,9.1341,0
SN_001233,LOT_001,9.5862,11.3676,17.1687,22.8502,1,electromigration,0.227,50.0,9.1341,0
SN_001234,LOT_001,9.7453,10.1048,10.1561,10.3017,0,healthy,0.0,50.0,9.1341,0
SN_001235,LOT_001,8.0627,9.1517,9.3854,9.6219,0,healthy,0.0,50.0,9.1341,0
SN_001236,LOT_001,7.3855,7.6489,7.8255,7.8003,0,healthy,0.0,50.0,9.1341,0
SN_001237,LOT_001,8.1439,8.6945,8.989,8.8762,0,healthy,0.0,50.0,9.1341,0
SN_001238,LOT_001,8.6311,9.6539,9.9317,10.0125,0,healthy,0.0,50.0,9.1341,0
SN_001239,LOT_001,10.4798,10.932,11.1725,11.3116,0,healthy,0.0,50.0,9.1341,0
SN_001240,LOT_001,9.3462,9.4649,11.3138,14.6988,1,tddb_dielectric,0.0285,50.0,9.1341,0
SN_001241,LOT_001,7.9974,8.8087,9.2325,9.1328,0,healthy,0.0,50.0,9.1341,0
SN_001242,LOT_001,11.3897,11.8315,12.2257,12.362,0,healthy,0.0,50.0,9.1341,0
SN_001243,LOT_001,7.9854,8.7466,9.0195,8.971,0,healthy,0.0,50.0,9.1341,0
SN_001244,LOT_001,9.5085,10.5166,10.8814,10.9938,0,healthy,0.0,50.0,9.1341,0
SN_001245,LOT_001,8.7308,9.1344,9.521,9.6195,0,healthy,0.0,50.0,9.1341,0
SN_001246,LOT_001,10.0285,11.2488,11.5983,11.6874,0,healthy,0.0,50.0,9.1341,0
SN_001247,LOT_001,9.0919,9.5465,9.6407,9.793,0,healthy,0.0,50.0,9.1341,0
SN_001248,LOT_001,14.0774,15.663,16.3798,16.5995,0,healthy,0.0,50.0,9.1341,0
SN_001249,LOT_001,8.0324,8.7756,8.9764,9.1665,0,healthy,0.0,50.0,9.1341,0
SN_001250,LOT_001,10.7924,12.043,12.1812,12.3301,0,healthy,0.0,50.0,9.1341,0
SN_001251,LOT_001,7.8131,8.5024,8.79,8.9286,0,healthy,0.0,50.0,9.1341,0
SN_001252,LOT_001,8.3411,9.9946,14.7689,19.4512,1,electromigration,0.217,50.0,9.1341,0
SN_001253,LOT_001,8.1313,8.9607,9.2619,9.384,0,healthy,0.0,50.0,9.1341,0
SN_001254,LOT_001,8.0889,8.5278,8.6015,8.745,0,healthy,0.0,50.0,9.1341,0
SN_001255,LOT_001,8.1037,,8.6926,8.7002,0,healthy,0.0,50.0,9.1341,0
SN_001256,LOT_001,9.8224,11.0941,11.5213,11.8314,0,healthy,0.0,50.0,9.1341,0
SN_001257,LOT_001,10.1869,10.9709,11.1617,11.2655,0,healthy,0.0,50.0,9.1341,0
SN_001258,LOT_001,9.1388,9.8606,10.1474,10.1067,0,healthy,0.0,50.0,9.1341,0
SN_001259,LOT_001,9.2497,9.8907,10.1138,10.1336,0,healthy,0.0,50.0,9.1341,0
SN_001260,LOT_001,9.1625,9.5972,9.7422,9.8159,0,healthy,0.0,50.0,9.1341,0
SN_001261,LOT_001,9.6978,10.731,11.3853,11.6151,0,healthy,0.0,50.0,9.1341,0
SN_001262,LOT_001,10.0022,10.2532,10.482,10.582,0,healthy,0.0,50.0,9.1341,0
SN_001263,LOT_001,7.9684,8.8307,9.1279,9.1971,0,healthy,0.0,50.0,9.1341,0
SN_001264,LOT_001,8.7007,9.5322,9.6815,10.1814,0,healthy,0.0,50.0,9.1341,0
SN_001265,LOT_001,9.6226,10.609,10.9003,11.1521,0,healthy,0.0,50.0,9.1341,0
SN_001266,LOT_001,6.6852,7.2176,7.5003,7.5184,0,healthy,0.0,50.0,9.1341,0
SN_001267,LOT_001,10.1913,11.1332,11.5174,11.7833,0,healthy,0.0,50.0,9.1341,0
SN_001268,LOT_001,11.3035,12.4096,12.9306,13.0888,0,healthy,0.0,50.0,9.1341,0
SN_001269,LOT_001,8.8695,9.4793,9.666,9.619,0,healthy,0.0,50.0,9.1341,0
SN_001270,LOT_001,10.3601,11.0215,11.2767,11.2451,0,healthy,0.0,50.0,9.1341,0
SN_001271,LOT_001,9.7381,10.6493,10.8584,11.2486,0,healthy,0.0,50.0,9.1341,0
SN_001272,LOT_001,9.0358,10.0174,10.45,10.5236,0,healthy,0.0,50.0,9.1341,0
SN_001273,LOT_001,10.7396,,11.7647,11.9806,0,healthy,0.0,50.0,9.1341,0
SN_001274,LOT_001,10.9918,14.6591,16.6022,18.1033,1,nbti_ageing,0.2936,50.0,9.1341,0
SN_001275,LOT_001,7.5338,8.5089,8.7776,8.9133,0,healthy,0.0,50.0,9.1341,0
SN_001276,LOT_001,9.2151,10.2484,10.5931,10.7599,0,healthy,0.0,50.0,9.1341,0
SN_001277,LOT_001,9.6846,9.853,10.108,10.1907,0,healthy,0.0,50.0,9.1341,0
SN_001278,LOT_001,9.0366,9.5755,10.0245,10.078,0,healthy,0.0,50.0,9.1341,0
SN_001279,LOT_001,10.1982,10.6728,10.773,10.8465,0,healthy,0.0,50.0,9.1341,0
SN_001280,LOT_001,8.8043,9.2234,9.3145,9.4124,0,healthy,0.0,50.0,9.1341,0
SN_001281,LOT_001,9.6198,10.7336,10.802,11.0567,0,healthy,0.0,50.0,9.1341,0
SN_001282,LOT_001,11.0744,12.2055,12.6827,13.0936,0,healthy,0.0,50.0,9.1341,0
SN_001283,LOT_001,7.4034,7.8438,7.9837,8.1127,0,healthy,0.0,50.0,9.1341,0
SN_001284,LOT_001,9.1417,9.5046,9.5831,9.5437,0,healthy,0.0,50.0,9.1341,0
SN_001285,LOT_001,9.9802,10.4974,10.7247,10.8054,0,healthy,0.0,50.0,9.1341,0
SN_001286,LOT_001,10.2146,10.7545,10.7399,10.7892,0,healthy,0.0,50.0,9.1341,0
SN_001287,LOT_001,7.1382,7.9528,8.1112,8.2622,0,healthy,0.0,50.0,9.1341,0
SN_001288,LOT_001,9.7072,10.5721,10.7619,11.0039,0,healthy,0.0,50.0,9.1341,0
SN_001289,LOT_001,11.4865,12.2569,12.513,12.8206,0,healthy,0.0,50.0,9.1341,0
SN_001290,LOT_001,9.66,9.9214,10.1141,10.18,0,healthy,0.0,50.0,9.1341,0
SN_001291,LOT_001,10.6639,11.8849,12.2594,12.548,0,healthy,0.0,50.0,9.1341,0
SN_001292,LOT_001,10.3393,11.4781,12.0591,12.1473,0,healthy,0.0,50.0,9.1341,0
SN_001293,LOT_001,8.2837,8.9913,9.1851,9.4003,0,healthy,0.0,50.0,9.1341,0
SN_001294,LOT_001,9.7242,10.6182,10.9491,11.0583,0,healthy,0.0,50.0,9.1341,0
SN_001295,LOT_001,11.0815,11.7115,12.0086,11.8868,0,healthy,0.0,50.0,9.1341,0
SN_001296,LOT_001,8.719,9.1455,9.3016,9.3965,0,healthy,0.0,50.0,9.1341,0
SN_001297,LOT_001,8.9816,9.9811,10.4207,10.5454,0,healthy,0.0,50.0,9.1341,0
SN_001298,LOT_001,,9.418,9.7376,9.7537,0,healthy,0.0,50.0,9.1341,0
SN_001299,LOT_001,9.2735,10.1024,10.114,10.4042,0,healthy,0.0,50.0,9.1341,0
SN_001300,LOT_001,9.133,10.1534,10.6267,10.8787,0,healthy,0.0,50.0,9.1341,0
SN_001301,LOT_001,8.544,10.53,11.1514,11.6345,1,nbti_ageing,0.1119,50.0,9.1341,0
SN_001302,LOT_001,8.4184,9.0109,9.3815,9.5767,0,healthy,0.0,50.0,9.1341,0
SN_001303,LOT_001,8.7911,9.1203,9.2208,9.3368,0,healthy,0.0,50.0,9.1341,0
SN_001304,LOT_001,9.0462,9.9841,10.3946,10.4445,0,healthy,0.0,50.0,9.1341,0
SN_001305,LOT_001,12.0523,13.4741,13.9205,14.0604,0,healthy,0.0,50.0,9.1341,0
SN_001306,LOT_001,9.4554,10.4365,10.7623,10.9691,0,healthy,0.0,50.0,9.1341,0
SN_001307,LOT_001,11.8946,12.6007,13.0391,12.7128,0,healthy,0.0,50.0,9.1341,0
SN_001308,LOT_001,9.178,9.9934,10.3436,10.6414,0,healthy,0.0,50.0,9.1341,0
SN_001309,LOT_001,9.2894,9.5951,9.7016,9.8524,0,healthy,0.0,50.0,9.1341,0
SN_001310,LOT_001,9.0514,9.5389,9.5633,9.7578,0,healthy,0.0,50.0,9.1341,0
SN_001311,LOT_001,8.5233,9.3545,9.4783,9.6692,0,healthy,0.0,50.0,9.1341,0
SN_001312,LOT_001,9.6646,10.0794,10.2357,10.0769,0,healthy,0.0,50.0,9.1341,0
SN_001313,LOT_001,9.3051,9.9199,10.0098,10.0626,0,healthy,0.0,50.0,9.1341,0
SN_001314,LOT_001,8.5193,9.5675,9.8308,9.9026,0,healthy,0.0,50.0,9.1341,0
SN_001315,LOT_001,,9.8224,10.0368,10.2503,0,healthy,0.0,50.0,9.1341,0
SN_001316,LOT_001,8.8358,9.5988,9.7609,9.9242,0,healthy,0.0,50.0,9.1341,0
SN_001317,LOT_001,9.3284,10.462,10.8025,11.0833,0,healthy,0.0,50.0,9.1341,0
SN_001318,LOT_001,8.2428,9.2137,9.3598,9.494,0,healthy,0.0,50.0,9.1341,0
SN_001319,LOT_001,8.2027,9.0979,9.6647,9.6738,0,healthy,0.0,50.0,9.1341,0
SN_001320,LOT_001,10.6418,11.6829,12.0353,12.0053,0,healthy,0.0,50.0,9.1341,0
SN_001321,LOT_001,9.1016,9.8803,10.2115,10.3381,0,healthy,0.0,50.0,9.1341,0
SN_001322,LOT_001,8.8384,9.2463,9.2966,9.4967,0,healthy,0.0,50.0,9.1341,0
SN_001323,LOT_001,9.6515,10.348,10.604,10.6763,0,healthy,0.0,50.0,9.1341,0
SN_001324,LOT_001,10.1696,10.9921,11.2879,11.5957,0,healthy,0.0,50.0,9.1341,0
SN_001325,LOT_001,9.5736,9.9918,10.2131,10.3343,0,healthy,0.0,50.0,9.1341,0
SN_001326,LOT_001,8.2811,8.8208,9.0242,9.1306,0,healthy,0.0,50.0,9.1341,0
SN_001327,LOT_001,8.9434,9.9302,10.3078,10.5009,0,healthy,0.0,50.0,9.1341,0
SN_001328,LOT_001,8.0418,8.4964,8.5425,8.7077,0,healthy,0.0,50.0,9.1341,0
SN_001329,LOT_001,7.6023,8.1206,8.2372,8.2608,0,healthy,0.0,50.0,9.1341,0
SN_001330,LOT_001,10.8626,11.638,11.8609,12.1293,0,healthy,0.0,50.0,9.1341,0
SN_001331,LOT_001,9.403,9.9016,9.9948,10.0326,0,healthy,0.0,50.0,9.1341,0
SN_001332,LOT_001,10.2766,10.865,10.8747,11.1529,0,healthy,0.0,50.0,9.1341,0
SN_001333,LOT_001,8.9565,9.4626,9.7014,9.625,0,healthy,0.0,50.0,9.1341,0
SN_001334,LOT_001,12.0806,13.2081,13.6274,13.8289,0,healthy,0.0,50.0,9.1341,0
SN_001335,LOT_001,9.1414,10.164,10.5593,10.5636,0,healthy,0.0,50.0,9.1341,0
SN_001336,LOT_001,7.8836,8.5002,8.7819,9.0874,0,healthy,0.0,50.0,9.1341,0
SN_001337,LOT_001,8.0899,8.8554,8.8536,9.1609,0,healthy,0.0,50.0,9.1341,0
SN_001338,LOT_001,8.025,8.921,9.1017,9.4245,0,healthy,0.0,50.0,9.1341,0
SN_001339,LOT_001,10.4437,10.7363,10.9608,11.1049,0,healthy,0.0,50.0,9.1341,0
SN_001340,LOT_001,9.2982,9.7782,9.7234,9.9433,0,healthy,0.0,50.0,9.1341,0
SN_001341,LOT_001,10.8685,11.3904,11.5048,11.7633,0,healthy,0.0,50.0,9.1341,0
SN_001342,LOT_001,8.1792,8.8194,9.2346,9.2136,0,healthy,0.0,50.0,9.1341,0
SN_001343,LOT_001,12.688,13.708,13.9229,14.4109,0,healthy,0.0,50.0,9.1341,0
SN_001344,LOT_001,7.5603,8.3727,8.5035,8.6246,0,healthy,0.0,50.0,9.1341,0
SN_001345,LOT_001,9.7667,10.2231,10.2559,10.302,0,healthy,0.0,50.0,9.1341,0
SN_001346,LOT_001,7.7745,8.785,8.9937,9.0994,0,healthy,0.0,50.0,9.1341,0
SN_001347,LOT_001,10.8856,11.9802,12.2742,12.4994,0,healthy,0.0,50.0,9.1341,0
SN_001348,LOT_001,8.2747,8.999,9.1312,9.209,0,healthy,0.0,50.0,9.1341,0
SN_001349,LOT_001,8.9336,,9.3298,9.4461,0,healthy,0.0,50.0,9.1341,0
SN_001350,LOT_001,7.2465,7.5129,7.6747,7.698,0,healthy,0.0,50.0,9.1341,0
SN_001351,LOT_001,8.8126,9.371,9.4548,9.5473,0,healthy,0.0,50.0,9.1341,0
SN_001352,LOT_001,9.978,10.4627,10.4832,10.6391,0,healthy,0.0,50.0,9.1341,0
SN_001353,LOT_001,10.5916,10.9245,11.2198,11.0126,0,healthy,0.0,50.0,9.1341,0
SN_001354,LOT_001,10.1261,11.1584,11.6339,11.7216,0,healthy,0.0,50.0,9.1341,0
SN_001355,LOT_001,8.4827,9.4376,9.8111,9.9474,0,healthy,0.0,50.0,9.1341,0
SN_001356,LOT_001,8.3526,8.7861,9.0274,9.1183,0,healthy,0.0,50.0,9.1341,0
SN_001357,LOT_001,9.128,10.2966,10.7093,10.8075,0,healthy,0.0,50.0,9.1341,0
SN_001358,LOT_001,11.1059,11.9501,12.3013,12.3435,0,healthy,0.0,50.0,9.1341,0
SN_001359,LOT_001,12.6737,14.225,14.4629,14.7849,0,healthy,0.0,50.0,9.1341,0
SN_001360,LOT_001,9.1557,9.8552,10.1565,10.311,0,healthy,0.0,50.0,9.1341,0
SN_001361,LOT_001,10.276,11.0071,11.2152,11.2883,0,healthy,0.0,50.0,9.1341,0
SN_001362,LOT_001,9.4424,9.9433,10.2835,10.3504,0,healthy,0.0,50.0,9.1341,0
SN_001363,LOT_001,11.4708,12.5573,12.8023,13.0544,0,healthy,0.0,50.0,9.1341,0
SN_001364,LOT_001,9.8685,10.9871,11.5249,11.6928,0,healthy,0.0,50.0,9.1341,0
SN_001365,LOT_001,8.3055,,9.1641,9.3382,0,healthy,0.0,50.0,9.1341,0
SN_001366,LOT_001,8.5692,8.855,9.0333,9.1027,0,healthy,0.0,50.0,9.1341,0
SN_001367,LOT_001,11.0711,11.7672,12.0415,11.9962,0,healthy,0.0,50.0,9.1341,0
SN_001368,LOT_001,9.8339,11.1203,11.6295,11.5182,0,healthy,0.0,50.0,9.1341,0
SN_001369,LOT_001,8.7596,9.2194,9.7484,9.8817,0,healthy,0.0,50.0,9.1341,0
SN_001370,LOT_001,8.3102,9.1983,9.6119,9.9145,0,healthy,0.0,50.0,9.1341,0
SN_001371,LOT_002,9.1903,10.2316,10.7264,11.0875,0,healthy,0.0,50.0,9.8795,0
SN_001372,LOT_002,9.6817,10.4039,10.8521,11.0986,0,healthy,0.0,50.0,9.8795,0
SN_001373,LOT_002,8.7006,9.5375,10.0129,10.1693,0,healthy,0.0,50.0,9.8795,0
SN_001374,LOT_002,10.2148,11.1969,11.7487,11.8086,0,healthy,0.0,50.0,9.8795,0
SN_001375,LOT_002,10.378,10.8759,11.167,11.1206,0,healthy,0.0,50.0,9.8795,0
SN_001376,LOT_002,9.3475,10.3511,10.5867,10.7192,0,healthy,0.0,50.0,9.8795,0
SN_001377,LOT_002,9.1935,10.0207,10.227,10.5332,0,healthy,0.0,50.0,9.8795,0
SN_001378,LOT_002,9.828,10.7068,10.725,10.8368,0,healthy,0.0,50.0,9.8795,0
SN_001379,LOT_002,9.5974,10.7081,11.3024,11.4012,0,healthy,0.0,50.0,9.8795,0
SN_001380,LOT_002,10.3434,11.5924,11.8862,12.2066,0,healthy,0.0,50.0,9.8795,0
SN_001381,LOT_002,9.6567,,10.6935,10.8498,0,healthy,0.0,50.0,9.8795,0
SN_001382,LOT_002,10.3191,11.1438,11.2839,11.5975,0,healthy,0.0,50.0,9.8795,0
SN_001383,LOT_002,11.3364,11.7051,11.8692,11.9502,0,healthy,0.0,50.0,9.8795,0
SN_001384,LOT_002,10.0318,11.1095,11.2774,11.4093,0,healthy,0.0,50.0,9.8795,0
SN_001385,LOT_002,10.5316,11.2811,11.6334,11.6164,0,healthy,0.0,50.0,9.8795,0
SN_001386,LOT_002,9.5599,9.997,10.1832,10.2268,0,healthy,0.0,50.0,9.8795,0
SN_001387,LOT_002,7.7756,8.3673,8.576,8.6829,0,healthy,0.0,50.0,9.8795,0
SN_001388,LOT_002,9.8642,10.8644,11.3473,11.5021,0,healthy,0.0,50.0,9.8795,0
SN_001389,LOT_002,8.7082,9.1182,9.4259,9.4625,0,healthy,0.0,50.0,9.8795,0
SN_001390,LOT_002,11.1169,11.7817,11.7551,11.9105,0,healthy,0.0,50.0,9.8795,0
SN_001391,LOT_002,9.154,9.591,10.1954,10.3029,0,healthy,0.0,50.0,9.8795,0
SN_001392,LOT_002,9.1868,9.7389,9.9468,9.917,0,healthy,0.0,50.0,9.8795,0
SN_001393,LOT_002,10.9597,11.2716,11.5168,11.6329,0,healthy,0.0,50.0,9.8795,0
SN_001394,LOT_002,9.0095,9.458,9.7311,9.9072,0,healthy,0.0,50.0,9.8795,0
SN_001395,LOT_002,9.9543,10.2639,10.5065,10.3987,0,healthy,0.0,50.0,9.8795,0
SN_001396,LOT_002,9.0639,9.696,10.0464,10.114,0,healthy,0.0,50.0,9.8795,0
SN_001397,LOT_002,9.3977,10.4326,11.0275,11.221,0,healthy,0.0,50.0,9.8795,0
SN_001398,LOT_002,10.5376,11.6117,12.0045,12.2754,0,healthy,0.0,50.0,9.8795,0
SN_001399,LOT_002,9.1112,9.8465,10.0982,10.286,0,healthy,0.0,50.0,9.8795,0
SN_001400,LOT_002,9.1609,9.7583,10.1134,10.0665,0,healthy,0.0,50.0,9.8795,0
SN_001401,LOT_002,,9.4506,9.9006,10.0468,0,healthy,0.0,50.0,9.8795,0
SN_001402,LOT_002,9.3741,9.6862,9.8853,9.9994,0,healthy,0.0,50.0,9.8795,0
SN_001403,LOT_002,9.0235,,10.417,10.5827,0,healthy,0.0,50.0,9.8795,0
SN_001404,LOT_002,9.6397,11.0701,11.3393,11.2744,0,healthy,0.0,50.0,9.8795,0
SN_001405,LOT_002,9.1244,9.4467,9.6165,9.725,0,healthy,0.0,50.0,9.8795,0
SN_001406,LOT_002,9.9467,10.4791,10.6537,10.8512,0,healthy,0.0,50.0,9.8795,0
SN_001407,LOT_002,,11.3529,11.596,11.7624,0,healthy,0.0,50.0,9.8795,0
SN_001408,LOT_002,9.7967,10.7025,11.0778,11.269,0,healthy,0.0,50.0,9.8795,0
SN_001409,LOT_002,,11.6115,12.1413,12.2847,0,healthy,0.0,50.0,9.8795,0
SN_001410,LOT_002,10.3332,11.5699,11.9344,12.2499,0,healthy,0.0,50.0,9.8795,0
SN_001411,LOT_002,12.0869,12.9031,12.7609,13.2774,0,healthy,0.0,50.0,9.8795,0
SN_001412,LOT_002,9.9199,10.5203,10.721,10.9673,0,healthy,0.0,50.0,9.8795,0
SN_001413,LOT_002,,11.8391,12.4733,12.7108,0,healthy,0.0,50.0,9.8795,0
SN_001414,LOT_002,9.746,10.8058,11.4573,11.7287,0,healthy,0.0,50.0,9.8795,0
SN_001415,LOT_002,10.4711,11.2505,11.7867,12.0223,0,healthy,0.0,50.0,9.8795,0
SN_001416,LOT_002,,9.5135,9.5626,9.6609,0,healthy,0.0,50.0,9.8795,0
SN_001417,LOT_002,11.5117,12.7738,13.2991,13.3305,0,healthy,0.0,50.0,9.8795,0
SN_001418,LOT_002,8.4262,,9.7839,9.9074,0,healthy,0.0,50.0,9.8795,0
SN_001419,LOT_002,9.2866,10.3373,10.8201,11.1616,0,healthy,0.0,50.0,9.8795,0
SN_001420,LOT_002,9.766,10.8471,11.1596,11.2555,0,healthy,0.0,50.0,9.8795,0
SN_001421,LOT_002,10.912,12.1966,12.4947,12.6548,0,healthy,0.0,50.0,9.8795,0
SN_001422,LOT_002,9.8439,9.9778,13.8451,22.8556,1,tddb_dielectric,0.2734,50.0,9.8795,0
SN_001423,LOT_002,11.0753,12.104,12.5556,12.6921,0,healthy,0.0,50.0,9.8795,0
SN_001424,LOT_002,9.5578,10.037,10.2214,10.3518,0,healthy,0.0,50.0,9.8795,0
SN_001425,LOT_002,11.0114,12.0982,12.192,12.5549,0,healthy,0.0,50.0,9.8795,0
SN_001426,LOT_002,11.1983,12.1042,12.4964,12.6322,0,healthy,0.0,50.0,9.8795,0
SN_001427,LOT_002,8.6714,9.2536,9.2609,9.4106,0,healthy,0.0,50.0,9.8795,0
SN_001428,LOT_002,7.5816,8.2039,8.267,8.3119,0,healthy,0.0,50.0,9.8795,0
SN_001429,LOT_002,11.265,11.8152,11.8661,11.9448,0,healthy,0.0,50.0,9.8795,0
SN_001430,LOT_002,,12.8825,13.0809,13.319,0,healthy,0.0,50.0,9.8795,0
SN_001431,LOT_002,9.5213,10.4579,10.858,11.0148,0,healthy,0.0,50.0,9.8795,0
SN_001432,LOT_002,8.1856,8.4518,8.6196,8.5422,0,healthy,0.0,50.0,9.8795,0
SN_001433,LOT_002,10.3539,11.3402,11.6646,11.8165,0,healthy,0.0,50.0,9.8795,0
SN_001434,LOT_002,10.7116,11.6763,11.8877,12.2155,0,healthy,0.0,50.0,9.8795,0
SN_001435,LOT_002,9.8124,10.6583,10.853,11.1321,0,healthy,0.0,50.0,9.8795,0
SN_001436,LOT_002,10.0699,11.3268,11.6975,11.8623,0,healthy,0.0,50.0,9.8795,0
SN_001437,LOT_002,9.778,10.2301,10.2886,10.4059,0,healthy,0.0,50.0,9.8795,0
SN_001438,LOT_002,9.4348,9.7395,9.8341,9.9268,0,healthy,0.0,50.0,9.8795,0
SN_001439,LOT_002,8.9993,9.6607,10.2434,10.4042,0,healthy,0.0,50.0,9.8795,0
SN_001440,LOT_002,11.1171,12.0551,12.4454,12.6592,0,healthy,0.0,50.0,9.8795,0
SN_001441,LOT_002,10.3135,10.8552,11.1773,11.1347,0,healthy,0.0,50.0,9.8795,0
SN_001442,LOT_002,10.6236,11.3959,11.2031,11.5946,0,healthy,0.0,50.0,9.8795,0
SN_001443,LOT_002,9.9679,10.5475,10.6222,10.812,0,healthy,0.0,50.0,9.8795,0
SN_001444,LOT_002,8.737,9.1128,9.2019,9.3482,0,healthy,0.0,50.0,9.8795,0
SN_001445,LOT_002,8.9881,9.3642,9.7031,9.8776,0,healthy,0.0,50.0,9.8795,0
SN_001446,LOT_002,10.6377,10.9069,11.1331,11.1566,0,healthy,0.0,50.0,9.8795,0
SN_001447,LOT_002,10.094,10.4806,10.6254,10.6904,0,healthy,0.0,50.0,9.8795,0
SN_001448,LOT_002,9.0082,9.7248,9.9833,10.0415,0,healthy,0.0,50.0,9.8795,0
SN_001449,LOT_002,9.5193,9.848,9.9815,10.1395,0,healthy,0.0,50.0,9.8795,0
SN_001450,LOT_002,10.2784,11.6329,12.0982,12.276,0,healthy,0.0,50.0,9.8795,0
SN_001451,LOT_002,10.1565,11.2835,11.7119,12.066,0,healthy,0.0,50.0,9.8795,0
SN_001452,LOT_002,9.3665,10.0204,10.2294,10.3387,0,healthy,0.0,50.0,9.8795,0
SN_001453,LOT_002,10.8043,11.9685,12.3575,12.6691,0,healthy,0.0,50.0,9.8795,0
SN_001454,LOT_002,8.9975,9.4666,9.6592,9.7291,0,healthy,0.0,50.0,9.8795,0
SN_001455,LOT_002,9.8296,10.4236,10.6911,10.8874,0,healthy,0.0,50.0,9.8795,0
SN_001456,LOT_002,8.9894,9.3959,9.4531,9.603,0,healthy,0.0,50.0,9.8795,0
SN_001457,LOT_002,,10.6987,11.0798,11.2538,0,healthy,0.0,50.0,9.8795,0
SN_001458,LOT_002,10.0084,,11.1035,11.1704,0,healthy,0.0,50.0,9.8795,0
SN_001459,LOT_002,,9.7695,9.945,10.0486,0,healthy,0.0,50.0,9.8795,0
SN_001460,LOT_002,8.6344,9.6425,10.1893,10.3222,0,healthy,0.0,50.0,9.8795,0
SN_001461,LOT_002,10.3744,11.6928,11.9953,12.359,0,healthy,0.0,50.0,9.8795,0
SN_001462,LOT_002,9.7972,10.9128,11.3338,11.3397,0,healthy,0.0,50.0,9.8795,0
SN_001463,LOT_002,9.5342,10.2802,10.5842,10.4898,0,healthy,0.0,50.0,9.8795,0
SN_001464,LOT_002,9.8183,10.2747,10.3769,10.4933,0,healthy,0.0,50.0,9.8795,0
SN_001465,LOT_002,9.3813,9.7164,9.881,9.8978,0,healthy,0.0,50.0,9.8795,0
SN_001466,LOT_002,10.1804,11.0526,11.2912,11.6118,0,healthy,0.0,50.0,9.8795,0
SN_001467,LOT_002,11.1776,12.3654,12.6575,13.0264,0,healthy,0.0,50.0,9.8795,0
SN_001468,LOT_002,11.2559,11.8173,12.0577,12.2152,0,healthy,0.0,50.0,9.8795,0
SN_001469,LOT_002,10.2239,11.1864,11.72,12.0928,0,healthy,0.0,50.0,9.8795,0
SN_001470,LOT_002,10.603,11.117,11.2963,11.5579,0,healthy,0.0,50.0,9.8795,0
SN_001471,LOT_002,11.4645,11.6865,11.8933,12.0617,0,healthy,0.0,50.0,9.8795,0
SN_001472,LOT_002,8.9078,9.9698,10.2857,10.5155,0,healthy,0.0,50.0,9.8795,0
SN_001473,LOT_002,10.4086,11.3421,11.7201,11.794,0,healthy,0.0,50.0,9.8795,0
SN_001474,LOT_002,10.2476,10.8356,11.1336,11.2167,0,healthy,0.0,50.0,9.8795,0
SN_001475,LOT_002,10.5723,15.2706,18.295,20.0404,1,nbti_ageing,0.4626,50.0,9.8795,0
SN_001476,LOT_002,9.4136,10.4954,10.8108,11.0782,0,healthy,0.0,50.0,9.8795,0
SN_001477,LOT_002,9.7492,10.0682,10.3045,10.2749,0,healthy,0.0,50.0,9.8795,0
SN_001478,LOT_002,10.358,11.3668,11.5023,11.4668,0,healthy,0.0,50.0,9.8795,0
SN_001479,LOT_002,8.9854,9.6964,9.8379,10.0523,0,healthy,0.0,50.0,9.8795,0
SN_001480,LOT_002,11.3511,11.8426,11.8044,12.099,0,healthy,0.0,50.0,9.8795,0
SN_001481,LOT_002,9.9682,10.5032,10.5134,10.7796,0,healthy,0.0,50.0,9.8795,0
SN_001482,LOT_002,9.9543,10.7066,11.0974,11.1128,0,healthy,0.0,50.0,9.8795,0
SN_001483,LOT_002,9.6167,10.4148,10.8981,10.8719,0,healthy,0.0,50.0,9.8795,0
SN_001484,LOT_002,,10.5565,10.6502,10.6969,0,healthy,0.0,50.0,9.8795,0
SN_001485,LOT_002,10.504,11.6709,12.0602,12.174,0,healthy,0.0,50.0,9.8795,0
SN_001486,LOT_002,9.2894,10.2385,10.5418,10.6724,0,healthy,0.0,50.0,9.8795,0
SN_001487,LOT_002,9.4041,9.7963,9.8117,9.8468,0,healthy,0.0,50.0,9.8795,0
SN_001488,LOT_002,10.9768,12.162,12.4917,12.6901,0,healthy,0.0,50.0,9.8795,0
SN_001489,LOT_002,10.6389,11.7527,11.9986,12.311,0,healthy,0.0,50.0,9.8795,0
SN_001490,LOT_002,10.2166,10.8503,10.7815,10.9157,0,healthy,0.0,50.0,9.8795,0
SN_001491,LOT_002,10.5151,11.3984,11.6303,11.8307,0,healthy,0.0,50.0,9.8795,0
SN_001492,LOT_002,8.607,9.1222,9.3744,9.5372,0,healthy,0.0,50.0,9.8795,0
SN_001493,LOT_002,9.0078,9.9143,10.4663,10.7901,0,healthy,0.0,50.0,9.8795,0
SN_001494,LOT_002,10.9437,11.9301,12.4152,12.7309,0,healthy,0.0,50.0,9.8795,0
SN_001495,LOT_002,10.5135,11.3685,11.4699,11.8513,0,healthy,0.0,50.0,9.8795,0
SN_001496,LOT_002,8.8509,,9.5753,9.727,0,healthy,0.0,50.0,9.8795,0
SN_001497,LOT_002,10.6277,11.8701,12.3446,12.6474,0,healthy,0.0,50.0,9.8795,0
SN_001498,LOT_002,9.9492,10.8955,11.0001,11.1353,0,healthy,0.0,50.0,9.8795,0
SN_001499,LOT_002,9.5929,10.5833,11.0997,11.1443,0,healthy,0.0,50.0,9.8795,0
SN_001500,LOT_002,9.8917,10.4035,10.6772,10.7554,0,healthy,0.0,50.0,9.8795,0
SN_001501,LOT_002,10.2687,11.7144,12.2144,12.2398,0,healthy,0.0,50.0,9.8795,0
SN_001502,LOT_002,10.9231,12.1138,12.8866,13.222,0,healthy,0.0,50.0,9.8795,0
SN_001503,LOT_002,9.2568,10.4669,10.843,11.0036,0,healthy,0.0,50.0,9.8795,0
SN_001504,LOT_002,8.9468,9.5707,9.8953,10.0241,0,healthy,0.0,50.0,9.8795,0
SN_001505,LOT_002,,12.4123,12.4843,12.691,0,healthy,0.0,50.0,9.8795,0
SN_001506,LOT_002,11.0513,12.1037,12.5801,12.8939,0,healthy,0.0,50.0,9.8795,0
SN_001507,LOT_002,9.6941,10.822,11.2382,11.3037,0,healthy,0.0,50.0,9.8795,0
SN_001508,LOT_002,10.1386,11.2065,11.638,11.9794,0,healthy,0.0,50.0,9.8795,0
SN_001509,LOT_002,10.9249,11.4587,11.7307,11.8795,0,healthy,0.0,50.0,9.8795,0
SN_001510,LOT_002,10.2868,11.5434,11.9702,11.9407,0,healthy,0.0,50.0,9.8795,0
SN_001511,LOT_002,9.4555,9.97,9.9907,10.2164,0,healthy,0.0,50.0,9.8795,0
SN_001512,LOT_002,9.4869,10.4773,10.7538,11.13,0,healthy,0.0,50.0,9.8795,0
SN_001513,LOT_002,9.1801,9.9847,10.575,10.8238,0,healthy,0.0,50.0,9.8795,0
SN_001514,LOT_002,9.6458,10.7023,11.0785,11.4625,0,healthy,0.0,50.0,9.8795,0
SN_001515,LOT_002,9.225,,10.5115,10.7768,0,healthy,0.0,50.0,9.8795,0
SN_001516,LOT_002,8.7928,9.4771,9.7924,9.914,0,healthy,0.0,50.0,9.8795,0
SN_001517,LOT_002,10.1153,11.1395,11.6048,11.6912,0,healthy,0.0,50.0,9.8795,0
SN_001518,LOT_002,9.0429,10.0065,10.3486,10.525,0,healthy,0.0,50.0,9.8795,0
SN_001519,LOT_002,9.6672,11.02,11.2823,11.47,0,healthy,0.0,50.0,9.8795,0
SN_001520,LOT_002,11.0304,12.5609,13.0682,13.2529,0,healthy,0.0,50.0,9.8795,0
SN_001521,LOT_002,8.3065,9.5897,9.8776,9.9646,0,healthy,0.0,50.0,9.8795,0
SN_001522,LOT_002,10.373,11.6025,12.0006,12.4212,0,healthy,0.0,50.0,9.8795,0
SN_001523,LOT_002,10.275,11.2012,11.1974,11.2835,0,healthy,0.0,50.0,9.8795,0
SN_001524,LOT_002,9.9787,10.7786,11.031,11.087,0,healthy,0.0,50.0,9.8795,0
SN_001525,LOT_002,10.6766,11.9603,12.4256,12.6873,0,healthy,0.0,50.0,9.8795,0
SN_001526,LOT_002,9.4282,9.8956,9.8987,9.9577,0,healthy,0.0,50.0,9.8795,0
SN_001527,LOT_002,10.2208,11.2131,11.6292,11.8872,0,healthy,0.0,50.0,9.8795,0
SN_001528,LOT_002,9.9507,10.7481,11.3431,11.2481,0,healthy,0.0,50.0,9.8795,0
SN_001529,LOT_002,9.1252,9.8844,10.3491,10.3767,0,healthy,0.0,50.0,9.8795,0
SN_001530,LOT_002,9.3898,10.0749,10.4127,10.615,0,healthy,0.0,50.0,9.8795,0
SN_001531,LOT_002,10.4256,11.4591,11.887,11.8875,0,healthy,0.0,50.0,9.8795,0
SN_001532,LOT_002,9.9883,11.1016,11.4152,11.7249,0,healthy,0.0,50.0,9.8795,0
SN_001533,LOT_002,8.6724,8.9466,9.2204,9.2138,0,healthy,0.0,50.0,9.8795,0
SN_001534,LOT_002,9.0956,9.8741,10.007,10.3621,0,healthy,0.0,50.0,9.8795,0
SN_001535,LOT_002,10.0402,10.8299,10.8253,10.9628,0,healthy,0.0,50.0,9.8795,0
SN_001536,LOT_002,10.699,11.4858,11.6423,11.7317,0,healthy,0.0,50.0,9.8795,0
SN_001537,LOT_002,9.837,10.2729,10.4417,10.5215,0,healthy,0.0,50.0,9.8795,0
SN_001538,LOT_002,8.7137,9.6116,9.8965,10.2102,0,healthy,0.0,50.0,9.8795,0
SN_001539,LOT_002,10.7329,11.2972,11.6648,11.7503,0,healthy,0.0,50.0,9.8795,0
SN_001540,LOT_002,9.8407,10.7357,11.1977,11.3781,0,healthy,0.0,50.0,9.8795,0
SN_001541,LOT_002,10.6988,11.2958,11.7608,11.9769,0,healthy,0.0,50.0,9.8795,0
SN_001542,LOT_002,9.3757,9.7408,10.0018,10.1388,0,healthy,0.0,50.0,9.8795,0
SN_001543,LOT_002,8.5885,9.2337,9.4611,9.5748,0,healthy,0.0,50.0,9.8795,0
SN_001544,LOT_002,11.0422,12.0762,12.6636,12.987,0,healthy,0.0,50.0,9.8795,0
SN_001545,LOT_002,9.0158,9.4233,9.6067,9.6822,0,healthy,0.0,50.0,9.8795,0
SN_001546,LOT_002,,9.666,9.709,9.8947,0,healthy,0.0,50.0,9.8795,0
SN_001547,LOT_002,,,10.2077,10.3032,0,healthy,0.0,50.0,9.8795,0
SN_001548,LOT_002,10.3276,10.7257,10.9022,10.9202,0,healthy,0.0,50.0,9.8795,0
SN_001549,LOT_002,9.0683,10.1946,10.607,10.8082,0,healthy,0.0,50.0,9.8795,0
SN_001550,LOT_002,10.1683,11.0337,11.2837,11.4839,0,healthy,0.0,50.0,9.8795,0
SN_001551,LOT_002,9.9549,10.2411,10.4618,10.4115,0,healthy,0.0,50.0,9.8795,0
SN_001552,LOT_002,34.7345,35.7433,39.1508,41.9413,1,esd_oxide,0.5079,50.0,9.8795,0
SN_001553,LOT_002,9.9919,10.9252,10.8591,11.049,0,healthy,0.0,50.0,9.8795,0
SN_001554,LOT_002,9.8011,10.4878,10.5381,10.84,0,healthy,0.0,50.0,9.8795,0
SN_001555,LOT_003,8.6255,9.4179,9.5927,9.6108,0,healthy,0.0,50.0,8.2216,0
SN_001556,LOT_003,9.4722,9.9783,10.2368,10.2505,0,healthy,0.0,50.0,8.2216,0
SN_001557,LOT_003,8.2061,9.1066,9.4676,9.5542,0,healthy,0.0,50.0,8.2216,0
SN_001558,LOT_003,8.3409,9.3134,9.4942,9.5698,0,healthy,0.0,50.0,8.2216,0
SN_001559,LOT_003,8.0432,8.5985,8.8477,9.0565,0,healthy,0.0,50.0,8.2216,0
SN_001560,LOT_003,7.7461,8.1371,8.086,8.2919,0,healthy,0.0,50.0,8.2216,0
SN_001561,LOT_003,8.5876,9.3703,9.7423,9.8187,0,healthy,0.0,50.0,8.2216,0
SN_001562,LOT_003,7.2641,7.9772,8.2295,8.4279,0,healthy,0.0,50.0,8.2216,0
SN_001563,LOT_003,9.2717,9.9481,10.2021,10.5756,0,healthy,0.0,50.0,8.2216,0
SN_001564,LOT_003,7.6365,8.6253,8.9084,9.012,0,healthy,0.0,50.0,8.2216,0
SN_001565,LOT_003,9.8745,11.0065,11.3784,11.4607,0,healthy,0.0,50.0,8.2216,0
SN_001566,LOT_003,7.8904,8.5824,8.7444,9.0122,0,healthy,0.0,50.0,8.2216,0
SN_001567,LOT_003,9.8395,10.9033,11.3336,11.5665,0,healthy,0.0,50.0,8.2216,0
SN_001568,LOT_003,9.0882,9.7278,9.8535,9.9258,0,healthy,0.0,50.0,8.2216,0
SN_001569,LOT_003,9.2806,10.5972,10.7091,10.8369,0,healthy,0.0,50.0,8.2216,0
SN_001570,LOT_003,10.0381,,11.405,11.8456,0,healthy,0.0,50.0,8.2216,0
SN_001571,LOT_003,,10.631,10.9644,11.4144,0,healthy,0.0,50.0,8.2216,0
SN_001572,LOT_003,9.1269,9.8494,10.023,10.1865,0,healthy,0.0,50.0,8.2216,0
SN_001573,LOT_003,24.1939,24.433,26.2704,28.414,1,subtle_in_spec,0.1771,50.0,8.2216,0
SN_001574,LOT_003,9.4003,10.4221,10.7757,10.9481,0,healthy,0.0,50.0,8.2216,0
SN_001575,LOT_003,10.4575,11.2413,11.6408,11.7266,0,healthy,0.0,50.0,8.2216,0
SN_001576,LOT_003,9.6445,10.0538,10.2036,10.2459,0,healthy,0.0,50.0,8.2216,0
SN_001577,LOT_003,8.3391,9.1771,9.5302,9.7086,0,healthy,0.0,50.0,8.2216,0
SN_001578,LOT_003,7.9775,8.4577,8.5882,8.6446,0,healthy,0.0,50.0,8.2216,0
SN_001579,LOT_003,7.5051,8.3712,8.7324,8.9028,0,healthy,0.0,50.0,8.2216,0
SN_001580,LOT_003,8.1756,9.2637,9.6163,9.5036,0,healthy,0.0,50.0,8.2216,0
SN_001581,LOT_003,7.2122,7.9189,8.0611,8.31,0,healthy,0.0,50.0,8.2216,0
SN_001582,LOT_003,8.0822,8.417,8.6458,8.6242,0,healthy,0.0,50.0,8.2216,0
SN_001583,LOT_003,8.414,8.8336,9.0581,9.1914,0,healthy,0.0,50.0,8.2216,0
SN_001584,LOT_003,6.6953,9.232,16.8522,24.7591,1,electromigration,0.7558,50.0,8.2216,0
SN_001585,LOT_003,8.781,11.4519,19.4637,27.2789,1,electromigration,0.5217,50.0,8.2216,0
SN_001586,LOT_003,7.735,8.2363,8.5432,8.6154,0,healthy,0.0,50.0,8.2216,0
SN_001587,LOT_003,7.529,8.0934,8.1985,8.366,0,healthy,0.0,50.0,8.2216,0
SN_001588,LOT_003,8.8757,9.5249,9.7881,9.9205,0,healthy,0.0,50.0,8.2216,0
SN_001589,LOT_003,8.1892,8.5698,8.6011,8.7599,0,healthy,0.0,50.0,8.2216,0
SN_001590,LOT_003,7.4532,8.1097,8.5574,8.6422,0,healthy,0.0,50.0,8.2216,0
SN_001591,LOT_003,9.1419,9.9767,10.257,10.2761,0,healthy,0.0,50.0,8.2216,0
SN_001592,LOT_003,9.2389,9.8087,10.3778,10.585,0,healthy,0.0,50.0,8.2216,0
SN_001593,LOT_003,8.9438,9.8119,10.063,10.336,0,healthy,0.0,50.0,8.2216,0
SN_001594,LOT_003,8.4674,9.3658,9.6823,9.8085,0,healthy,0.0,50.0,8.2216,0
SN_001595,LOT_003,9.1083,9.8552,9.9805,10.0422,0,healthy,0.0,50.0,8.2216,0
SN_001596,LOT_003,9.5193,10.3184,10.7173,10.6347,0,healthy,0.0,50.0,8.2216,0
SN_001597,LOT_003,9.2082,10.359,10.6729,10.8526,0,healthy,0.0,50.0,8.2216,0
SN_001598,LOT_003,9.4323,10.2352,10.6527,10.8113,0,healthy,0.0,50.0,8.2216,0
SN_001599,LOT_003,9.8519,10.2981,10.6068,10.5183,0,healthy,0.0,50.0,8.2216,0
SN_001600,LOT_003,7.5534,,8.0505,7.9557,0,healthy,0.0,50.0,8.2216,0
SN_001601,LOT_003,,9.7117,9.9577,10.1374,0,healthy,0.0,50.0,8.2216,0
SN_001602,LOT_003,9.1502,10.0859,10.2096,10.4132,0,healthy,0.0,50.0,8.2216,0
SN_001603,LOT_003,9.0149,9.6562,9.8928,9.973,0,healthy,0.0,50.0,8.2216,0
SN_001604,LOT_003,10.2188,10.8254,10.9931,11.0051,0,healthy,0.0,50.0,8.2216,0
SN_001605,LOT_003,,9.595,9.8798,10.2218,0,healthy,0.0,50.0,8.2216,0
SN_001606,LOT_003,7.9667,8.3914,8.5655,8.6742,0,healthy,0.0,50.0,8.2216,0
SN_001607,LOT_003,8.0613,8.4991,8.6001,8.768,0,healthy,0.0,50.0,8.2216,0
SN_001608,LOT_003,8.0404,8.7641,9.1187,9.1432,0,healthy,0.0,50.0,8.2216,0
SN_001609,LOT_003,9.6348,10.7689,11.2504,11.3437,0,healthy,0.0,50.0,8.2216,0
SN_001610,LOT_003,8.4691,9.0774,9.2541,9.3722,0,healthy,0.0,50.0,8.2216,0
SN_001611,LOT_003,7.0994,7.6848,7.9135,8.1873,0,healthy,0.0,50.0,8.2216,0
SN_001612,LOT_003,9.9503,10.4423,10.5821,10.6941,0,healthy,0.0,50.0,8.2216,0
SN_001613,LOT_003,8.3239,8.5491,8.8092,8.8341,0,healthy,0.0,50.0,8.2216,0
SN_001614,LOT_003,7.3539,7.7886,7.7235,7.8598,0,healthy,0.0,50.0,8.2216,0
SN_001615,LOT_003,8.5938,9.0868,9.1981,9.1864,0,healthy,0.0,50.0,8.2216,0
SN_001616,LOT_003,6.9808,7.2926,7.4477,7.4425,0,healthy,0.0,50.0,8.2216,0
SN_001617,LOT_003,8.34,8.955,8.8911,9.0578,0,healthy,0.0,50.0,8.2216,0
SN_001618,LOT_003,7.7496,8.0538,8.0733,8.2,0,healthy,0.0,50.0,8.2216,0
SN_001619,LOT_003,7.9985,8.3939,8.5559,8.5097,0,healthy,0.0,50.0,8.2216,0
SN_001620,LOT_003,,8.8174,8.917,8.8767,0,healthy,0.0,50.0,8.2216,0
SN_001621,LOT_003,,8.2078,8.2811,8.3336,0,healthy,0.0,50.0,8.2216,0
SN_001622,LOT_003,9.8193,10.9785,11.2795,11.2154,0,healthy,0.0,50.0,8.2216,0
SN_001623,LOT_003,9.373,10.7331,11.1791,11.1825,0,healthy,0.0,50.0,8.2216,0
SN_001624,LOT_003,9.1257,9.9151,10.3481,10.3831,0,healthy,0.0,50.0,8.2216,0
SN_001625,LOT_003,8.8284,9.5391,9.7158,9.7798,0,healthy,0.0,50.0,8.2216,0
SN_001626,LOT_003,7.6603,8.4231,8.7128,9.0451,0,healthy,0.0,50.0,8.2216,0
SN_001627,LOT_003,7.6725,8.0403,8.2452,8.3068,0,healthy,0.0,50.0,8.2216,0
SN_001628,LOT_003,8.4308,9.0026,9.2763,9.4138,0,healthy,0.0,50.0,8.2216,0
SN_001629,LOT_003,7.5781,7.9829,8.1371,8.2815,0,healthy,0.0,50.0,8.2216,0
SN_001630,LOT_003,8.4618,8.7298,8.763,8.8698,0,healthy,0.0,50.0,8.2216,0
SN_001631,LOT_003,9.2663,10.1693,10.586,10.8375,0,healthy,0.0,50.0,8.2216,0
SN_001632,LOT_003,8.861,9.7448,9.954,10.1797,0,healthy,0.0,50.0,8.2216,0
SN_001633,LOT_003,10.3144,11.5597,12.0076,12.0904,0,healthy,0.0,50.0,8.2216,0
SN_001634,LOT_003,6.7898,7.2789,7.6619,7.739,0,healthy,0.0,50.0,8.2216,0
SN_001635,LOT_003,7.7693,8.3932,8.6777,8.7228,0,healthy,0.0,50.0,8.2216,0
SN_001636,LOT_003,7.311,7.8515,7.9658,8.1435,0,healthy,0.0,50.0,8.2216,0
SN_001637,LOT_003,9.6716,10.3732,10.5009,10.9033,0,healthy,0.0,50.0,8.2216,0
SN_001638,LOT_003,7.9585,8.1845,8.3606,8.3695,0,healthy,0.0,50.0,8.2216,0
SN_001639,LOT_003,8.0029,8.4881,8.4776,8.7329,0,healthy,0.0,50.0,8.2216,0
SN_001640,LOT_003,8.2562,9.0706,9.2003,9.4679,0,healthy,0.0,50.0,8.2216,0
SN_001641,LOT_003,,9.4087,9.6105,9.6412,0,healthy,0.0,50.0,8.2216,0
SN_001642,LOT_003,8.8821,10.0025,10.3773,10.4516,0,healthy,0.0,50.0,8.2216,0
SN_001643,LOT_003,8.8313,9.7999,10.2242,10.4153,0,healthy,0.0,50.0,8.2216,0
SN_001644,LOT_003,7.2252,7.7517,7.8717,7.9625,0,healthy,0.0,50.0,8.2216,0
SN_001645,LOT_003,9.7735,10.3473,10.6185,10.7448,0,healthy,0.0,50.0,8.2216,0
SN_001646,LOT_003,7.4515,7.8414,8.0329,8.079,0,healthy,0.0,50.0,8.2216,0
SN_001647,LOT_003,8.2458,9.3421,9.5402,9.7417,0,healthy,0.0,50.0,8.2216,0
SN_001648,LOT_003,9.5203,10.0665,10.2802,10.456,0,healthy,0.0,50.0,8.2216,0
SN_001649,LOT_003,,8.6533,8.9088,8.8765,0,healthy,0.0,50.0,8.2216,0
SN_001650,LOT_003,,8.9966,9.4749,9.472,0,healthy,0.0,50.0,8.2216,0
SN_001651,LOT_003,8.2531,9.2517,9.6942,9.7816,0,healthy,0.0,50.0,8.2216,0
SN_001652,LOT_003,8.0796,8.9995,9.2782,9.5335,0,healthy,0.0,50.0,8.2216,0
SN_001653,LOT_003,9.126,9.5385,9.8272,9.9984,0,healthy,0.0,50.0,8.2216,0
SN_001654,LOT_003,8.5336,,9.2656,9.1645,0,healthy,0.0,50.0,8.2216,0
SN_001655,LOT_003,9.0849,,10.5991,10.8256,0,healthy,0.0,50.0,8.2216,0
SN_001656,LOT_003,,9.4574,9.8593,10.0016,0,healthy,0.0,50.0,8.2216,0
SN_001657,LOT_003,,,9.4725,9.6571,0,healthy,0.0,50.0,8.2216,0
SN_001658,LOT_003,7.0037,7.4007,7.4805,7.4924,0,healthy,0.0,50.0,8.2216,0
SN_001659,LOT_003,8.7282,9.6245,9.9451,10.2287,0,healthy,0.0,50.0,8.2216,0
SN_001660,LOT_003,8.4614,9.4226,9.7721,10.012,0,healthy,0.0,50.0,8.2216,0
SN_001661,LOT_003,10.192,11.306,11.5127,11.859,0,healthy,0.0,50.0,8.2216,0
SN_001662,LOT_003,8.1067,8.3934,8.6001,8.6869,0,healthy,0.0,50.0,8.2216,0
SN_001663,LOT_003,8.745,9.6371,9.9882,10.2618,0,healthy,0.0,50.0,8.2216,0
SN_001664,LOT_003,8.1532,9.1676,9.4951,9.6624,0,healthy,0.0,50.0,8.2216,0
SN_001665,LOT_003,7.7141,8.3687,8.7981,8.9947,0,healthy,0.0,50.0,8.2216,0
SN_001666,LOT_003,8.8522,9.5937,9.8662,10.0453,0,healthy,0.0,50.0,8.2216,0
SN_001667,LOT_003,,,10.359,10.4598,0,healthy,0.0,50.0,8.2216,0
SN_001668,LOT_003,8.6067,9.5753,10.0948,10.3569,0,healthy,0.0,50.0,8.2216,0
SN_001669,LOT_003,8.3525,8.9962,9.1875,9.5509,0,healthy,0.0,50.0,8.2216,0
SN_001670,LOT_003,8.2871,8.7867,9.2161,9.3172,0,healthy,0.0,50.0,8.2216,0
SN_001671,LOT_003,10.3395,11.018,11.5287,11.5359,0,healthy,0.0,50.0,8.2216,0
SN_001672,LOT_003,,8.1442,8.3432,8.5697,0,healthy,0.0,50.0,8.2216,0
SN_001673,LOT_003,9.2109,9.5492,9.793,9.9164,0,healthy,0.0,50.0,8.2216,0
SN_001674,LOT_003,8.7159,9.7527,10.1162,10.3381,0,healthy,0.0,50.0,8.2216,0
SN_001675,LOT_003,8.6238,9.6776,10.0425,10.2065,0,healthy,0.0,50.0,8.2216,0
SN_001676,LOT_003,7.7135,,8.804,8.8888,0,healthy,0.0,50.0,8.2216,0
SN_001677,LOT_003,8.4302,9.1114,9.4475,9.4836,0,healthy,0.0,50.0,8.2216,0
SN_001678,LOT_003,7.9612,8.4842,8.9748,9.0967,0,healthy,0.0,50.0,8.2216,0
SN_001679,LOT_003,10.0641,11.3143,11.5802,11.7428,0,healthy,0.0,50.0,8.2216,0
SN_001680,LOT_003,,7.9172,8.1505,8.3337,0,healthy,0.0,50.0,8.2216,0
SN_001681,LOT_003,7.7065,8.5275,8.7812,9.0674,0,healthy,0.0,50.0,8.2216,0
SN_001682,LOT_003,7.7798,8.3756,8.5489,8.4757,0,healthy,0.0,50.0,8.2216,0
SN_001683,LOT_003,8.2085,9.0652,9.6619,9.7364,0,healthy,0.0,50.0,8.2216,0
SN_001684,LOT_003,9.183,,9.8022,9.9151,0,healthy,0.0,50.0,8.2216,0
SN_001685,LOT_003,9.1137,9.7217,9.8773,10.1067,0,healthy,0.0,50.0,8.2216,0
SN_001686,LOT_003,9.4481,9.7979,9.8947,9.9583,0,healthy,0.0,50.0,8.2216,0
SN_001687,LOT_003,8.5731,9.2884,9.7741,9.8395,0,healthy,0.0,50.0,8.2216,0
SN_001688,LOT_003,9.0759,9.7042,9.8771,9.8682,0,healthy,0.0,50.0,8.2216,0
SN_001689,LOT_003,7.7385,8.3177,8.6081,8.8341,0,healthy,0.0,50.0,8.2216,0
SN_001690,LOT_003,7.6059,8.1272,8.3695,8.4174,0,healthy,0.0,50.0,8.2216,0
SN_001691,LOT_003,8.706,9.821,10.3091,10.3896,0,healthy,0.0,50.0,8.2216,0
SN_001692,LOT_003,7.6521,8.182,8.4292,8.4667,0,healthy,0.0,50.0,8.2216,0
SN_001693,LOT_003,8.0699,8.9604,9.1747,9.4632,0,healthy,0.0,50.0,8.2216,0
SN_001694,LOT_003,,8.3449,8.6521,8.8098,0,healthy,0.0,50.0,8.2216,0
SN_001695,LOT_003,8.3569,9.2027,9.623,9.6261,0,healthy,0.0,50.0,8.2216,0
SN_001696,LOT_003,8.6875,9.4388,9.9187,10.0694,0,healthy,0.0,50.0,8.2216,0
SN_001697,LOT_003,7.9045,8.0825,8.3408,8.3352,0,healthy,0.0,50.0,8.2216,0
SN_001698,LOT_003,8.5344,9.3854,9.7111,9.7672,0,healthy,0.0,50.0,8.2216,0
SN_001699,LOT_003,10.2923,11.6753,12.0649,12.3587,0,healthy,0.0,50.0,8.2216,0
SN_001700,LOT_003,8.2895,8.9862,9.4797,9.7226,0,healthy,0.0,50.0,8.2216,0
SN_001701,LOT_003,8.5562,8.8262,8.7902,9.0818,0,healthy,0.0,50.0,8.2216,0
SN_001702,LOT_003,7.8535,8.5504,8.9854,9.1364,0,healthy,0.0,50.0,8.2216,0
SN_001703,LOT_003,8.4376,8.9153,8.9933,9.2372,0,healthy,0.0,50.0,8.2216,0
SN_001704,LOT_003,9.2268,9.5462,9.5945,9.7407,0,healthy,0.0,50.0,8.2216,0
SN_001705,LOT_003,7.32,8.0193,8.4422,8.5377,0,healthy,0.0,50.0,8.2216,0
SN_001706,LOT_003,8.0801,8.3194,8.6094,8.5548,0,healthy,0.0,50.0,8.2216,0
SN_001707,LOT_003,7.9348,8.2681,8.3297,8.3473,0,healthy,0.0,50.0,8.2216,0
SN_001708,LOT_003,6.8274,7.287,7.4643,7.4897,0,healthy,0.0,50.0,8.2216,0
SN_001709,LOT_003,8.6397,9.249,9.3424,9.5746,0,healthy,0.0,50.0,8.2216,0
SN_001710,LOT_003,7.3051,7.5179,7.5619,7.7075,0,healthy,0.0,50.0,8.2216,0
SN_001711,LOT_003,9.1838,10.2252,10.5506,10.6357,0,healthy,0.0,50.0,8.2216,0
SN_001712,LOT_003,8.2943,8.8887,9.3807,9.5578,0,healthy,0.0,50.0,8.2216,0
SN_001713,LOT_003,9.8623,10.9441,11.548,11.5538,0,healthy,0.0,50.0,8.2216,0
SN_001714,LOT_003,8.0845,9.2759,9.3892,9.7385,0,healthy,0.0,50.0,8.2216,0
SN_001715,LOT_003,7.9995,8.7435,9.0075,9.146,0,healthy,0.0,50.0,8.2216,0
SN_001716,LOT_003,7.1897,7.7491,8.0459,8.3812,0,healthy,0.0,50.0,8.2216,0
SN_001717,LOT_003,7.5951,8.4499,8.7082,8.9138,0,healthy,0.0,50.0,8.2216,0
SN_001718,LOT_003,8.8407,9.2796,9.5032,9.4429,0,healthy,0.0,50.0,8.2216,0
SN_001719,LOT_003,8.8605,9.3294,9.4583,9.4054,0,healthy,0.0,50.0,8.2216,0
SN_001720,LOT_003,9.8855,11.1424,11.5106,11.7426,0,healthy,0.0,50.0,8.2216,0
SN_001721,LOT_003,6.8691,7.4758,7.7477,7.7402,0,healthy,0.0,50.0,8.2216,0
SN_001722,LOT_003,9.5625,10.522,10.9479,11.1819,0,healthy,0.0,50.0,8.2216,0
SN_001723,LOT_003,8.8897,9.9626,10.144,10.3537,0,healthy,0.0,50.0,8.2216,0
SN_001724,LOT_003,,9.223,9.716,9.7685,0,healthy,0.0,50.0,8.2216,0
SN_001725,LOT_003,7.7943,8.0176,8.1798,8.2479,0,healthy,0.0,50.0,8.2216,0
SN_001726,LOT_003,,10.0295,10.0666,10.2144,0,healthy,0.0,50.0,8.2216,0
SN_001727,LOT_003,9.2561,10.2291,10.5291,10.6095,0,healthy,0.0,50.0,8.2216,0
SN_001728,LOT_003,9.7022,10.4974,10.9078,11.0962,0,healthy,0.0,50.0,8.2216,0
SN_001729,LOT_003,7.8123,8.6882,9.0483,9.1079,0,healthy,0.0,50.0,8.2216,0
SN_001730,LOT_003,7.7117,8.8086,9.0656,9.0681,0,healthy,0.0,50.0,8.2216,0
SN_001731,LOT_003,8.615,9.4315,9.4649,9.6647,0,healthy,0.0,50.0,8.2216,0
SN_001732,LOT_003,,9.9791,10.4197,10.4915,0,healthy,0.0,50.0,8.2216,0
SN_001733,LOT_003,8.6017,8.9852,9.3204,9.4367,0,healthy,0.0,50.0,8.2216,0
SN_001734,LOT_003,8.9733,9.7558,10.185,10.4238,0,healthy,0.0,50.0,8.2216,0
SN_001735,LOT_003,,9.1326,9.2745,9.3667,0,healthy,0.0,50.0,8.2216,0
SN_001736,LOT_003,7.044,7.6243,7.8694,8.1156,0,healthy,0.0,50.0,8.2216,0
SN_001737,LOT_003,9.2248,10.4446,10.8111,11.0267,0,healthy,0.0,50.0,8.2216,0
SN_001738,LOT_003,9.02,10.0892,10.5015,10.8066,0,healthy,0.0,50.0,8.2216,0
SN_001739,LOT_003,8.9313,,10.2407,10.4845,0,healthy,0.0,50.0,8.2216,0
SN_001740,LOT_003,7.9527,8.8539,9.2452,9.351,0,healthy,0.0,50.0,8.2216,0
SN_001741,LOT_003,7.5869,8.3423,8.7355,9.101,0,healthy,0.0,50.0,8.2216,0
SN_001742,LOT_003,9.2477,9.9353,9.9497,10.093,0,healthy,0.0,50.0,8.2216,0
SN_001743,LOT_003,8.1397,8.5872,9.0244,8.9533,0,healthy,0.0,50.0,8.2216,0
SN_001744,LOT_003,9.0813,9.7484,9.9736,10.0872,0,healthy,0.0,50.0,8.2216,0
SN_001745,LOT_003,8.1064,8.4718,8.5139,8.64,0,healthy,0.0,50.0,8.2216,0
SN_001746,LOT_003,8.4425,8.9346,9.1752,9.3088,0,healthy,0.0,50.0,8.2216,0
SN_001747,LOT_003,7.2326,8.2431,8.4322,8.6155,0,healthy,0.0,50.0,8.2216,0
SN_001748,LOT_003,8.5161,8.9044,9.1658,9.1101,0,healthy,0.0,50.0,8.2216,0
SN_001749,LOT_003,7.4047,7.7143,7.6906,7.9255,0,healthy,0.0,50.0,8.2216,0
SN_001750,LOT_003,7.9792,8.6562,8.7445,8.7903,0,healthy,0.0,50.0,8.2216,0
SN_001751,LOT_003,8.1085,8.9672,9.2283,9.5295,0,healthy,0.0,50.0,8.2216,0
SN_001752,LOT_003,8.9626,9.9316,10.3088,10.6745,0,healthy,0.0,50.0,8.2216,0
SN_001753,LOT_003,7.8974,8.6553,8.7241,8.8214,0,healthy,0.0,50.0,8.2216,0
SN_001754,LOT_003,9.2483,10.1112,10.2418,10.4941,0,healthy,0.0,50.0,8.2216,0
SN_001755,LOT_003,7.8184,8.2684,8.6312,8.6449,0,healthy,0.0,50.0,8.2216,0
SN_001756,LOT_003,10.0368,10.715,10.8301,11.0538,0,healthy,0.0,50.0,8.2216,0
SN_001757,LOT_003,8.6906,9.2347,9.4206,9.4723,0,healthy,0.0,50.0,8.2216,0
SN_001758,LOT_003,7.0218,7.7307,8.0434,7.8544,0,healthy,0.0,50.0,8.2216,0
SN_001759,LOT_003,7.8417,,8.3698,8.4193,0,healthy,0.0,50.0,8.2216,0
SN_001760,LOT_003,8.9127,9.899,10.2121,10.4531,0,healthy,0.0,50.0,8.2216,0
SN_001761,LOT_003,7.9665,8.9463,9.4653,9.5872,0,healthy,0.0,50.0,8.2216,0
SN_001762,LOT_003,7.9616,8.7174,9.0001,9.1367,0,healthy,0.0,50.0,8.2216,0
SN_001763,LOT_003,8.0119,8.7356,8.8062,8.9537,0,healthy,0.0,50.0,8.2216,0
SN_001764,LOT_003,7.2162,,8.1084,8.1533,0,healthy,0.0,50.0,8.2216,0
SN_001765,LOT_003,9.2821,9.5944,9.8636,9.8472,0,healthy,0.0,50.0,8.2216,0
SN_001766,LOT_003,8.4638,9.3366,9.6335,9.7473,0,healthy,0.0,50.0,8.2216,0
SN_001767,LOT_003,8.8665,9.2079,9.2546,9.3557,0,healthy,0.0,50.0,8.2216,0
SN_001768,LOT_003,8.2287,8.7598,8.8641,8.8518,0,healthy,0.0,50.0,8.2216,0
SN_001769,LOT_004,13.7032,,15.4119,15.5144,0,healthy,0.0,50.0,12.6661,0
SN_001770,LOT_004,11.8973,12.948,13.304,13.6649,0,healthy,0.0,50.0,12.6661,0
SN_001771,LOT_004,15.1571,16.714,17.3888,17.2849,0,healthy,0.0,50.0,12.6661,0
SN_001772,LOT_004,12.7725,14.0068,14.2797,14.2094,0,healthy,0.0,50.0,12.6661,0
SN_001773,LOT_004,13.8917,15.1657,15.6303,16.0084,0,healthy,0.0,50.0,12.6661,0
SN_001774,LOT_004,11.8041,12.6947,12.9191,13.4421,0,healthy,0.0,50.0,12.6661,0
SN_001775,LOT_004,12.5765,14.4635,15.001,15.0108,0,healthy,0.0,50.0,12.6661,0
SN_001776,LOT_004,10.2231,10.6978,10.8239,10.9685,0,healthy,0.0,50.0,12.6661,0
SN_001777,LOT_004,15.8959,17.2063,17.4679,17.6089,0,healthy,0.0,50.0,12.6661,0
SN_001778,LOT_004,13.857,14.2979,14.513,14.583,0,healthy,0.0,50.0,12.6661,0
SN_001779,LOT_004,10.6386,11.3034,11.6485,11.7888,0,healthy,0.0,50.0,12.6661,0
SN_001780,LOT_004,10.5612,11.4642,11.7475,11.8923,0,healthy,0.0,50.0,12.6661,0
SN_001781,LOT_004,12.1893,13.2043,13.5009,13.6932,0,healthy,0.0,50.0,12.6661,0
SN_001782,LOT_004,13.3551,14.1631,14.6433,14.3625,0,healthy,0.0,50.0,12.6661,0
SN_001783,LOT_004,10.7576,12.0703,12.6338,12.7168,0,healthy,0.0,50.0,12.6661,0
SN_001784,LOT_004,13.3687,14.6044,14.8168,15.1231,0,healthy,0.0,50.0,12.6661,0
SN_001785,LOT_004,12.9102,14.0965,14.7783,14.7008,0,healthy,0.0,50.0,12.6661,0
SN_001786,LOT_004,12.7951,13.9513,14.4222,14.5885,0,healthy,0.0,50.0,12.6661,0
SN_001787,LOT_004,12.9788,14.3155,14.9269,15.3125,0,healthy,0.0,50.0,12.6661,0
SN_001788,LOT_004,11.8554,12.6182,12.8451,13.0973,0,healthy,0.0,50.0,12.6661,0
SN_001789,LOT_004,14.1572,14.8476,15.0854,15.3625,0,healthy,0.0,50.0,12.6661,0
SN_001790,LOT_004,44.0,46.1695,51.1273,56.73,1,subtle_in_spec,0.4914,50.0,12.6661,0
SN_001791,LOT_004,10.7748,11.9053,12.1096,12.3854,0,healthy,0.0,50.0,12.6661,0
SN_001792,LOT_004,14.4784,16.1765,16.7973,16.9068,0,healthy,0.0,50.0,12.6661,0
SN_001793,LOT_004,12.6571,14.1064,14.4726,14.639,0,healthy,0.0,50.0,12.6661,0
SN_001794,LOT_004,11.4486,12.6127,12.975,13.3427,0,healthy,0.0,50.0,12.6661,0
SN_001795,LOT_004,12.5542,13.2114,13.3888,13.6914,0,healthy,0.0,50.0,12.6661,0
SN_001796,LOT_004,13.034,14.4156,14.6724,14.8922,0,healthy,0.0,50.0,12.6661,0
SN_001797,LOT_004,13.0116,14.115,14.7766,14.8171,0,healthy,0.0,50.0,12.6661,0
SN_001798,LOT_004,15.9703,17.0604,17.5459,17.6974,0,healthy,0.0,50.0,12.6661,0
SN_001799,LOT_004,13.7589,15.3881,15.687,15.7854,0,healthy,0.0,50.0,12.6661,0
SN_001800,LOT_004,13.0204,13.766,13.9553,13.9095,0,healthy,0.0,50.0,12.6661,0
SN_001801,LOT_004,16.3585,17.4537,17.9391,17.9562,0,healthy,0.0,50.0,12.6661,0
SN_001802,LOT_004,11.8495,13.1641,13.6417,13.9912,0,healthy,0.0,50.0,12.6661,0
SN_001803,LOT_004,11.2295,,12.8587,12.9618,0,healthy,0.0,50.0,12.6661,0
SN_001804,LOT_004,13.4104,14.4822,14.8333,14.9192,0,healthy,0.0,50.0,12.6661,0
SN_001805,LOT_004,12.3419,12.8047,13.0923,13.1262,0,healthy,0.0,50.0,12.6661,0
SN_001806,LOT_004,14.2741,15.2634,15.646,16.0054,0,healthy,0.0,50.0,12.6661,0
SN_001807,LOT_004,9.6827,10.2133,10.3057,10.5013,0,healthy,0.0,50.0,12.6661,0
SN_001808,LOT_004,10.8322,11.2973,11.5632,11.5175,0,healthy,0.0,50.0,12.6661,0
SN_001809,LOT_004,13.6875,15.2515,15.5394,15.7934,0,healthy,0.0,50.0,12.6661,0
SN_001810,LOT_004,12.3254,27.6738,33.7341,34.1629,1,mobile_ion,0.6963,50.0,12.6661,0
SN_001811,LOT_004,13.0481,13.427,13.6121,13.8165,0,healthy,0.0,50.0,12.6661,0
SN_001812,LOT_004,11.6956,13.0881,13.3518,13.6097,0,healthy,0.0,50.0,12.6661,0
SN_001813,LOT_004,12.21,12.8292,12.6947,12.794,0,healthy,0.0,50.0,12.6661,0
SN_001814,LOT_004,12.0981,12.4277,12.6736,12.9723,0,healthy,0.0,50.0,12.6661,0
SN_001815,LOT_004,12.4846,,13.7041,13.8717,0,healthy,0.0,50.0,12.6661,0
SN_001816,LOT_004,13.6276,14.564,15.2627,15.5425,0,healthy,0.0,50.0,12.6661,0
SN_001817,LOT_004,9.7097,10.5178,11.0279,11.0395,0,healthy,0.0,50.0,12.6661,0
SN_001818,LOT_004,14.3416,14.6874,15.0995,14.95,0,healthy,0.0,50.0,12.6661,0
SN_001819,LOT_004,13.1497,13.7509,13.8629,14.1811,0,healthy,0.0,50.0,12.6661,0
SN_001820,LOT_004,13.5111,14.5188,14.6668,14.9958,0,healthy,0.0,50.0,12.6661,0
SN_001821,LOT_004,11.4456,12.8567,13.1896,13.5096,0,healthy,0.0,50.0,12.6661,0
SN_001822,LOT_004,13.7252,14.0341,14.4224,14.6574,0,healthy,0.0,50.0,12.6661,0
SN_001823,LOT_004,12.4389,,14.2328,14.1902,0,healthy,0.0,50.0,12.6661,0
SN_001824,LOT_004,10.4561,11.5818,11.9308,12.1122,0,healthy,0.0,50.0,12.6661,0
SN_001825,LOT_004,12.3967,14.065,14.3071,14.7542,0,healthy,0.0,50.0,12.6661,0
SN_001826,LOT_004,12.3809,14.1803,14.5819,14.7406,0,healthy,0.0,50.0,12.6661,0
SN_001827,LOT_004,11.8537,12.8004,12.8085,13.302,0,healthy,0.0,50.0,12.6661,0
SN_001828,LOT_004,13.4774,14.4643,14.8544,15.2117,0,healthy,0.0,50.0,12.6661,0
SN_001829,LOT_004,10.7103,11.4712,11.9049,12.173,0,healthy,0.0,50.0,12.6661,0
SN_001830,LOT_004,14.0568,14.9087,15.4165,15.4411,0,healthy,0.0,50.0,12.6661,0
SN_001831,LOT_004,11.6326,12.6201,13.1736,13.3083,0,healthy,0.0,50.0,12.6661,0
SN_001832,LOT_004,13.9585,15.5854,16.3418,16.7335,0,healthy,0.0,50.0,12.6661,0
SN_001833,LOT_004,13.5242,14.9347,15.2934,15.5347,0,healthy,0.0,50.0,12.6661,0
SN_001834,LOT_004,9.513,10.0236,10.1515,10.2305,0,healthy,0.0,50.0,12.6661,0
SN_001835,LOT_004,13.1486,13.4713,13.6753,13.7866,0,healthy,0.0,50.0,12.6661,0
SN_001836,LOT_004,12.1575,12.9454,13.4744,13.6203,0,healthy,0.0,50.0,12.6661,0
SN_001837,LOT_004,10.2135,10.662,10.7808,10.8759,0,healthy,0.0,50.0,12.6661,0
SN_001838,LOT_004,14.476,15.8979,16.5672,16.6546,0,healthy,0.0,50.0,12.6661,0
SN_001839,LOT_004,11.8212,12.7446,13.1846,13.3557,0,healthy,0.0,50.0,12.6661,0
SN_001840,LOT_004,12.6421,13.6131,13.9133,14.4865,0,healthy,0.0,50.0,12.6661,0
SN_001841,LOT_004,14.6881,15.5987,16.2681,16.5875,0,healthy,0.0,50.0,12.6661,0
SN_001842,LOT_004,16.0628,17.2932,17.689,17.8062,0,healthy,0.0,50.0,12.6661,0
SN_001843,LOT_004,,11.8803,11.8653,11.8707,0,healthy,0.0,50.0,12.6661,0
SN_001844,LOT_004,12.8956,13.6589,13.7962,14.0011,0,healthy,0.0,50.0,12.6661,0
SN_001845,LOT_004,15.4394,17.2513,18.1245,18.2775,0,healthy,0.0,50.0,12.6661,0
SN_001846,LOT_004,11.8254,12.8555,13.2253,13.2849,0,healthy,0.0,50.0,12.6661,0
SN_001847,LOT_004,11.0113,11.7988,12.0239,12.0728,0,healthy,0.0,50.0,12.6661,0
SN_001848,LOT_004,13.0838,14.631,14.8757,15.1485,0,healthy,0.0,50.0,12.6661,0
SN_001849,LOT_004,15.5142,17.298,17.6218,18.0365,0,healthy,0.0,50.0,12.6661,0
SN_001850,LOT_004,11.8467,12.3621,12.7812,12.8467,0,healthy,0.0,50.0,12.6661,0
SN_001851,LOT_004,11.2048,11.8116,12.0577,12.0973,0,healthy,0.0,50.0,12.6661,0
SN_001852,LOT_004,12.9324,13.327,13.634,13.7283,0,healthy,0.0,50.0,12.6661,0
SN_001853,LOT_004,14.246,15.0136,15.1217,15.3247,0,healthy,0.0,50.0,12.6661,0
SN_001854,LOT_004,13.2891,14.6224,14.933,14.9881,0,healthy,0.0,50.0,12.6661,0
SN_001855,LOT_004,12.5922,14.1315,14.6114,15.0045,0,healthy,0.0,50.0,12.6661,0
SN_001856,LOT_004,12.3884,13.8902,14.5561,14.6086,0,healthy,0.0,50.0,12.6661,0
SN_001857,LOT_004,,13.1151,13.2244,13.3684,0,healthy,0.0,50.0,12.6661,0
SN_001858,LOT_004,12.1523,12.92,13.2242,13.4375,0,healthy,0.0,50.0,12.6661,0
SN_001859,LOT_004,8.7184,9.5212,9.8412,9.9569,0,healthy,0.0,50.0,12.6661,0
SN_001860,LOT_004,13.2484,14.8706,15.5547,15.704,0,healthy,0.0,50.0,12.6661,0
SN_001861,LOT_004,14.6008,16.734,17.143,17.5858,0,healthy,0.0,50.0,12.6661,0
SN_001862,LOT_004,13.0321,13.827,13.9411,14.1332,0,healthy,0.0,50.0,12.6661,0
SN_001863,LOT_004,10.9516,11.65,11.9727,12.0255,0,healthy,0.0,50.0,12.6661,0
SN_001864,LOT_004,10.0526,11.5046,11.7518,11.8524,0,healthy,0.0,50.0,12.6661,0
SN_001865,LOT_004,10.6115,12.0563,12.4881,12.426,0,healthy,0.0,50.0,12.6661,0
SN_001866,LOT_004,9.8315,10.8047,10.8547,11.1698,0,healthy,0.0,50.0,12.6661,0
SN_001867,LOT_004,11.788,12.4012,12.435,12.5971,0,healthy,0.0,50.0,12.6661,0
SN_001868,LOT_004,14.444,15.7925,16.4074,16.6415,0,healthy,0.0,50.0,12.6661,0
SN_001869,LOT_004,11.8386,12.8103,13.1338,13.2456,0,healthy,0.0,50.0,12.6661,0
SN_001870,LOT_004,12.0986,13.2968,13.7801,13.9923,0,healthy,0.0,50.0,12.6661,0
SN_001871,LOT_004,14.4234,,15.6932,15.9392,0,healthy,0.0,50.0,12.6661,0
SN_001872,LOT_004,12.0549,12.9806,13.0978,13.3199,0,healthy,0.0,50.0,12.6661,0
SN_001873,LOT_004,11.3029,12.6345,13.0183,13.241,0,healthy,0.0,50.0,12.6661,0
SN_001874,LOT_004,44.0,46.1183,53.9836,61.8515,1,subtle_in_spec,0.7385,50.0,12.6661,0
SN_001875,LOT_004,14.6726,,15.6947,16.0668,0,healthy,0.0,50.0,12.6661,0
SN_001876,LOT_004,13.6139,,15.5521,16.0399,0,healthy,0.0,50.0,12.6661,0
SN_001877,LOT_004,12.9232,14.0325,14.461,14.597,0,healthy,0.0,50.0,12.6661,0
SN_001878,LOT_004,11.6102,12.7911,12.9652,13.113,0,healthy,0.0,50.0,12.6661,0
SN_001879,LOT_004,14.5674,15.0643,15.3054,15.4368,0,healthy,0.0,50.0,12.6661,0
SN_001880,LOT_004,13.6897,15.6573,15.7184,16.2956,0,healthy,0.0,50.0,12.6661,0
SN_001881,LOT_004,12.9019,,13.8906,14.3375,0,healthy,0.0,50.0,12.6661,0
SN_001882,LOT_004,9.8574,11.0055,11.5482,11.8821,0,healthy,0.0,50.0,12.6661,0
SN_001883,LOT_004,14.8029,16.7342,17.5196,17.4275,0,healthy,0.0,50.0,12.6661,0
SN_001884,LOT_004,12.8604,14.5363,15.0092,15.0092,0,healthy,0.0,50.0,12.6661,0
SN_001885,LOT_004,13.4964,14.8938,15.3656,15.9357,0,healthy,0.0,50.0,12.6661,0
SN_001886,LOT_004,10.6662,11.2732,11.377,11.5563,0,healthy,0.0,50.0,12.6661,0
SN_001887,LOT_004,10.4569,11.3714,11.8457,12.1192,0,healthy,0.0,50.0,12.6661,0
SN_001888,LOT_004,11.4362,12.2008,12.6234,12.5603,0,healthy,0.0,50.0,12.6661,0
SN_001889,LOT_004,9.6326,10.5911,10.9515,11.135,0,healthy,0.0,50.0,12.6661,0
SN_001890,LOT_004,12.0065,13.0545,13.849,14.1877,0,healthy,0.0,50.0,12.6661,0
SN_001891,LOT_004,10.1675,11.335,11.8838,12.2097,0,healthy,0.0,50.0,12.6661,0
SN_001892,LOT_004,12.1121,12.5642,12.7951,12.9552,0,healthy,0.0,50.0,12.6661,0
SN_001893,LOT_004,12.6295,13.6191,13.7915,14.2537,0,healthy,0.0,50.0,12.6661,0
SN_001894,LOT_004,15.3672,16.1847,16.5428,16.4282,0,healthy,0.0,50.0,12.6661,0
SN_001895,LOT_004,11.6018,12.8152,13.6556,13.8901,0,healthy,0.0,50.0,12.6661,0
SN_001896,LOT_004,11.5217,12.0108,12.137,12.4883,0,healthy,0.0,50.0,12.6661,0
SN_001897,LOT_004,13.3739,14.9729,15.3275,15.4774,0,healthy,0.0,50.0,12.6661,0
SN_001898,LOT_004,17.3114,18.3052,18.6996,18.9802,0,healthy,0.0,50.0,12.6661,0
SN_001899,LOT_004,11.2147,11.9619,12.221,12.0597,0,healthy,0.0,50.0,12.6661,0
SN_001900,LOT_004,16.4404,18.065,19.1343,19.4407,0,healthy,0.0,50.0,12.6661,0
SN_001901,LOT_004,11.9349,13.2707,13.5173,13.6977,0,healthy,0.0,50.0,12.6661,0
SN_001902,LOT_004,11.9702,13.0349,13.5944,13.5981,0,healthy,0.0,50.0,12.6661,0
SN_001903,LOT_004,12.5935,,14.4965,14.8423,0,healthy,0.0,50.0,12.6661,0
SN_001904,LOT_004,13.4,15.0648,15.6637,16.217,0,healthy,0.0,50.0,12.6661,0
SN_001905,LOT_004,13.4578,14.2478,14.0907,14.2973,0,healthy,0.0,50.0,12.6661,0
SN_001906,LOT_004,11.0234,11.4945,11.5136,11.703,0,healthy,0.0,50.0,12.6661,0
SN_001907,LOT_004,13.9563,15.4062,16.0,15.9913,0,healthy,0.0,50.0,12.6661,0
SN_001908,LOT_004,11.8403,12.799,13.4179,13.4661,0,healthy,0.0,50.0,12.6661,0
SN_001909,LOT_004,12.0792,12.7014,13.3487,13.32,0,healthy,0.0,50.0,12.6661,0
SN_001910,LOT_004,,13.0081,13.1847,13.448,0,healthy,0.0,50.0,12.6661,0
SN_001911,LOT_004,10.9647,12.0409,12.6514,12.7795,0,healthy,0.0,50.0,12.6661,0
SN_001912,LOT_004,12.7843,14.4764,15.1295,15.3247,0,healthy,0.0,50.0,12.6661,0
SN_001913,LOT_004,9.9975,10.6223,10.747,10.9974,0,healthy,0.0,50.0,12.6661,0
SN_001914,LOT_004,13.1464,14.4727,14.8513,15.1387,0,healthy,0.0,50.0,12.6661,0
SN_001915,LOT_004,13.7734,15.4804,15.9834,16.1207,0,healthy,0.0,50.0,12.6661,0
SN_001916,LOT_004,11.5177,12.1552,12.6408,12.805,0,healthy,0.0,50.0,12.6661,0
SN_001917,LOT_004,11.8892,12.8415,13.0299,13.2224,0,healthy,0.0,50.0,12.6661,0
SN_001918,LOT_004,12.9135,14.0312,14.5568,14.5055,0,healthy,0.0,50.0,12.6661,0
SN_001919,LOT_004,13.1573,14.5884,15.1898,15.4552,0,healthy,0.0,50.0,12.6661,0
SN_001920,LOT_004,11.3886,12.0048,12.175,12.4818,0,healthy,0.0,50.0,12.6661,0
SN_001921,LOT_004,12.6966,13.809,14.1282,14.355,0,healthy,0.0,50.0,12.6661,0
SN_001922,LOT_004,10.611,10.9581,11.1221,11.3829,0,healthy,0.0,50.0,12.6661,0
SN_001923,LOT_004,15.0228,16.4127,16.6656,16.9511,0,healthy,0.0,50.0,12.6661,0
SN_001924,LOT_004,13.7751,14.6574,14.791,14.8399,0,healthy,0.0,50.0,12.6661,0
SN_001925,LOT_004,13.9446,15.3515,15.8127,15.9972,0,healthy,0.0,50.0,12.6661,0
SN_001926,LOT_004,11.0372,12.2805,12.8008,12.9733,0,healthy,0.0,50.0,12.6661,0
SN_001927,LOT_004,13.4003,14.5183,15.0545,15.4149,0,healthy,0.0,50.0,12.6661,0
SN_001928,LOT_004,15.9809,17.9525,18.2839,18.6542,0,healthy,0.0,50.0,12.6661,0
SN_001929,LOT_004,11.0508,11.97,12.3351,12.592,0,healthy,0.0,50.0,12.6661,0
SN_001930,LOT_004,12.1527,12.7901,13.0551,13.4213,0,healthy,0.0,50.0,12.6661,0
SN_001931,LOT_004,13.9206,14.7899,15.0524,15.1101,0,healthy,0.0,50.0,12.6661,0
SN_001932,LOT_004,,16.6399,17.297,17.6297,0,healthy,0.0,50.0,12.6661,0
SN_001933,LOT_004,11.8848,12.7935,13.211,13.4353,0,healthy,0.0,50.0,12.6661,0
SN_001934,LOT_004,12.1231,12.6746,13.237,13.297,0,healthy,0.0,50.0,12.6661,0
SN_001935,LOT_004,13.927,15.2049,15.5384,15.6506,0,healthy,0.0,50.0,12.6661,0
SN_001936,LOT_004,12.8932,13.5319,13.7626,13.7341,0,healthy,0.0,50.0,12.6661,0
SN_001937,LOT_004,11.6223,12.536,13.1883,13.0899,0,healthy,0.0,50.0,12.6661,0
SN_001938,LOT_004,12.7962,13.5083,13.9056,14.11,0,healthy,0.0,50.0,12.6661,0
SN_001939,LOT_004,13.2804,14.1923,14.2251,14.327,0,healthy,0.0,50.0,12.6661,0
SN_001940,LOT_004,12.0737,13.2397,13.6363,13.9459,0,healthy,0.0,50.0,12.6661,0
SN_001941,LOT_004,11.0362,11.965,12.4341,12.9615,0,healthy,0.0,50.0,12.6661,0
SN_001942,LOT_004,9.5538,9.9603,10.2673,10.4703,0,healthy,0.0,50.0,12.6661,0
SN_001943,LOT_004,13.9687,14.7437,14.8336,14.8731,0,healthy,0.0,50.0,12.6661,0
SN_001944,LOT_004,12.3654,13.5417,13.7812,14.2863,0,healthy,0.0,50.0,12.6661,0
SN_001945,LOT_004,10.269,10.5733,10.8566,10.8637,0,healthy,0.0,50.0,12.6661,0
SN_001946,LOT_004,11.5096,12.4189,12.5877,12.8154,0,healthy,0.0,50.0,12.6661,0
SN_001947,LOT_005,10.9569,11.8206,11.9879,12.0321,0,healthy,0.0,50.0,11.8862,0
SN_001948,LOT_005,8.935,9.7068,9.8105,9.9801,0,healthy,0.0,50.0,11.8862,0
SN_001949,LOT_005,11.1273,12.1029,12.4905,12.5589,0,healthy,0.0,50.0,11.8862,0
SN_001950,LOT_005,14.171,15.045,15.6742,15.7126,0,healthy,0.0,50.0,11.8862,0
SN_001951,LOT_005,10.681,11.4394,11.9327,11.8824,0,healthy,0.0,50.0,11.8862,0
SN_001952,LOT_005,12.488,13.0109,13.3022,13.3659,0,healthy,0.0,50.0,11.8862,0
SN_001953,LOT_005,13.9114,15.4911,15.9354,16.1876,0,healthy,0.0,50.0,11.8862,0
SN_001954,LOT_005,11.7293,13.0503,13.6029,13.8956,0,healthy,0.0,50.0,11.8862,0
SN_001955,LOT_005,13.1724,14.4817,14.9896,15.459,0,healthy,0.0,50.0,11.8862,0
SN_001956,LOT_005,12.126,12.8821,13.0201,13.1682,0,healthy,0.0,50.0,11.8862,0
SN_001957,LOT_005,12.4131,,13.2195,13.1044,0,healthy,0.0,50.0,11.8862,0
SN_001958,LOT_005,10.4569,10.8226,10.9724,11.1475,0,healthy,0.0,50.0,11.8862,0
SN_001959,LOT_005,11.0044,12.4586,13.0246,13.2991,0,healthy,0.0,50.0,11.8862,0
SN_001960,LOT_005,15.2787,16.6881,17.4835,18.0042,0,healthy,0.0,50.0,11.8862,0
SN_001961,LOT_005,12.3676,13.4765,13.7916,13.8381,0,healthy,0.0,50.0,11.8862,0
SN_001962,LOT_005,12.7317,13.5109,13.8297,13.9367,0,healthy,0.0,50.0,11.8862,0
SN_001963,LOT_005,11.7635,12.2686,12.2263,12.5636,0,healthy,0.0,50.0,11.8862,0
SN_001964,LOT_005,,12.6019,13.1324,13.1508,0,healthy,0.0,50.0,11.8862,0
SN_001965,LOT_005,10.3963,11.5112,11.7334,12.1058,0,healthy,0.0,50.0,11.8862,0
SN_001966,LOT_005,10.3924,11.2839,11.5479,11.7304,0,healthy,0.0,50.0,11.8862,0
SN_001967,LOT_005,10.3889,11.0995,11.4266,11.7086,0,healthy,0.0,50.0,11.8862,0
SN_001968,LOT_005,14.2625,15.1807,15.6366,16.0025,0,healthy,0.0,50.0,11.8862,0
SN_001969,LOT_005,12.1431,13.5589,14.1715,14.4756,0,healthy,0.0,50.0,11.8862,0
SN_001970,LOT_005,12.8237,14.1471,14.3035,14.3885,0,healthy,0.0,50.0,11.8862,0
SN_001971,LOT_005,,13.115,13.4811,13.7857,0,healthy,0.0,50.0,11.8862,0
SN_001972,LOT_005,11.9293,12.4972,12.5878,12.6329,0,healthy,0.0,50.0,11.8862,0
SN_001973,LOT_005,11.716,13.0293,13.3133,13.5771,0,healthy,0.0,50.0,11.8862,0
SN_001974,LOT_005,8.4548,9.0121,9.4746,9.8556,0,healthy,0.0,50.0,11.8862,0
SN_001975,LOT_005,12.0774,12.9286,13.4013,13.4118,0,healthy,0.0,50.0,11.8862,0
SN_001976,LOT_005,12.043,13.2156,13.4574,13.5884,0,healthy,0.0,50.0,11.8862,0
SN_001977,LOT_005,12.3118,13.4772,14.1321,14.3502,0,healthy,0.0,50.0,11.8862,0
SN_001978,LOT_005,12.1217,12.4859,12.8837,12.8907,0,healthy,0.0,50.0,11.8862,0
SN_001979,LOT_005,13.0415,13.6396,13.9517,13.9561,0,healthy,0.0,50.0,11.8862,0
SN_001980,LOT_005,,11.6603,12.1097,12.5514,0,healthy,0.0,50.0,11.8862,0
SN_001981,LOT_005,12.9716,13.4738,13.5996,13.684,0,healthy,0.0,50.0,11.8862,0
SN_001982,LOT_005,11.0026,11.8789,12.4076,12.4433,0,healthy,0.0,50.0,11.8862,0
SN_001983,LOT_005,16.2913,17.618,18.2427,18.3807,0,healthy,0.0,50.0,11.8862,0
SN_001984,LOT_005,12.6252,13.5713,14.2225,14.3237,0,healthy,0.0,50.0,11.8862,0
SN_001985,LOT_005,9.9178,10.4557,10.7552,10.8715,0,healthy,0.0,50.0,11.8862,0
SN_001986,LOT_005,11.8893,13.1643,13.3334,13.3612,0,healthy,0.0,50.0,11.8862,0
SN_001987,LOT_005,9.5772,10.4526,10.7532,10.877,0,healthy,0.0,50.0,11.8862,0
SN_001988,LOT_005,10.6761,11.3303,11.6101,11.5157,0,healthy,0.0,50.0,11.8862,0
SN_001989,LOT_005,12.7912,13.2543,13.4909,13.5283,0,healthy,0.0,50.0,11.8862,0
SN_001990,LOT_005,11.8189,12.4626,12.5319,12.4012,0,healthy,0.0,50.0,11.8862,0
SN_001991,LOT_005,12.9207,13.862,14.2526,14.3181,0,healthy,0.0,50.0,11.8862,0
SN_001992,LOT_005,13.4359,14.6838,15.23,15.3977,0,healthy,0.0,50.0,11.8862,0
SN_001993,LOT_005,14.6006,16.2453,16.6269,17.0642,0,healthy,0.0,50.0,11.8862,0
SN_001994,LOT_005,12.6621,13.0131,13.4111,13.396,0,healthy,0.0,50.0,11.8862,0
SN_001995,LOT_005,12.9917,14.6795,15.0276,15.3067,0,healthy,0.0,50.0,11.8862,0
SN_001996,LOT_005,10.4031,11.3379,11.5629,11.7119,0,healthy,0.0,50.0,11.8862,0
SN_001997,LOT_005,10.2701,10.8287,10.9009,10.9402,0,healthy,0.0,50.0,11.8862,0
SN_001998,LOT_005,13.4486,14.4631,14.5072,14.9151,0,healthy,0.0,50.0,11.8862,0
SN_001999,LOT_005,10.6815,11.5976,12.0103,12.2731,0,healthy,0.0,50.0,11.8862,0
SN_002000,LOT_005,13.2766,14.3084,14.988,15.1249,0,healthy,0.0,50.0,11.8862,0
SN_002001,LOT_005,12.0829,12.6181,12.8931,13.362,0,healthy,0.0,50.0,11.8862,0
SN_002002,LOT_005,13.6909,14.4747,14.6732,14.7382,0,healthy,0.0,50.0,11.8862,0
SN_002003,LOT_005,11.205,11.7449,12.0876,12.1608,0,healthy,0.0,50.0,11.8862,0
SN_002004,LOT_005,12.4324,13.2767,13.8193,13.9517,0,healthy,0.0,50.0,11.8862,0
SN_002005,LOT_005,10.7747,,12.2544,12.7133,0,healthy,0.0,50.0,11.8862,0
SN_002006,LOT_005,10.9881,11.9445,12.0847,12.2922,0,healthy,0.0,50.0,11.8862,0
SN_002007,LOT_005,14.0976,15.7799,16.4464,16.7189,0,healthy,0.0,50.0,11.8862,0
SN_002008,LOT_005,12.1602,13.2618,13.6232,13.8201,0,healthy,0.0,50.0,11.8862,0
SN_002009,LOT_005,12.76,13.7108,14.2847,14.7013,0,healthy,0.0,50.0,11.8862,0
SN_002010,LOT_005,12.5407,13.3761,13.6338,13.7185,0,healthy,0.0,50.0,11.8862,0
SN_002011,LOT_005,11.3691,11.6813,11.8562,12.0735,0,healthy,0.0,50.0,11.8862,0
SN_002012,LOT_005,12.4466,14.0369,14.7564,14.9569,0,healthy,0.0,50.0,11.8862,0
SN_002013,LOT_005,9.4096,9.8897,10.2479,10.2248,0,healthy,0.0,50.0,11.8862,0
SN_002014,LOT_005,12.0171,13.1183,13.7142,13.8869,0,healthy,0.0,50.0,11.8862,0
SN_002015,LOT_005,15.0292,16.3546,16.5887,16.8992,0,healthy,0.0,50.0,11.8862,0
SN_002016,LOT_005,11.916,13.1381,13.4675,13.8312,0,healthy,0.0,50.0,11.8862,0
SN_002017,LOT_005,11.913,13.1678,13.4139,13.7999,0,healthy,0.0,50.0,11.8862,0
SN_002018,LOT_005,12.4914,12.5635,16.0174,23.5598,1,tddb_dielectric,0.1263,50.0,11.8862,0
SN_002019,LOT_005,11.4894,12.1247,12.3649,12.4253,0,healthy,0.0,50.0,11.8862,0
SN_002020,LOT_005,,11.6202,11.7679,11.8423,0,healthy,0.0,50.0,11.8862,0
SN_002021,LOT_005,12.2905,12.9612,13.3646,13.3216,0,healthy,0.0,50.0,11.8862,0
SN_002022,LOT_005,13.5819,14.7159,15.2852,15.47,0,healthy,0.0,50.0,11.8862,0
SN_002023,LOT_005,13.0354,14.0577,14.3936,14.809,0,healthy,0.0,50.0,11.8862,0
SN_002024,LOT_005,9.474,10.1226,10.2631,10.3639,0,healthy,0.0,50.0,11.8862,0
SN_002025,LOT_005,9.637,10.2163,10.3271,10.4276,0,healthy,0.0,50.0,11.8862,0
SN_002026,LOT_005,15.2876,15.9597,16.4308,16.6188,0,healthy,0.0,50.0,11.8862,0
SN_002027,LOT_005,11.8545,12.2835,12.5265,12.558,0,healthy,0.0,50.0,11.8862,0
SN_002028,LOT_005,12.5453,13.1939,13.1001,13.2404,0,healthy,0.0,50.0,11.8862,0
SN_002029,LOT_005,11.8843,13.5891,13.9682,14.0993,0,healthy,0.0,50.0,11.8862,0
SN_002030,LOT_005,12.2745,13.4922,13.6558,13.6951,0,healthy,0.0,50.0,11.8862,0
SN_002031,LOT_005,11.7198,,12.4657,12.5033,0,healthy,0.0,50.0,11.8862,0
SN_002032,LOT_005,13.7131,14.6125,14.9299,15.0582,0,healthy,0.0,50.0,11.8862,0
SN_002033,LOT_005,12.0894,12.7503,12.9525,12.8436,0,healthy,0.0,50.0,11.8862,0
SN_002034,LOT_005,12.4172,14.2107,14.2804,14.5742,0,healthy,0.0,50.0,11.8862,0
SN_002035,LOT_005,,11.2915,11.3387,11.3087,0,healthy,0.0,50.0,11.8862,0
SN_002036,LOT_005,13.2449,14.1885,14.4724,14.4549,0,healthy,0.0,50.0,11.8862,0
SN_002037,LOT_005,13.127,13.8954,14.1438,14.267,0,healthy,0.0,50.0,11.8862,0
SN_002038,LOT_005,10.2567,11.1499,11.5695,11.7362,0,healthy,0.0,50.0,11.8862,0
SN_002039,LOT_005,10.3109,11.7366,12.0147,12.3631,0,healthy,0.0,50.0,11.8862,0
SN_002040,LOT_005,13.1207,14.1481,14.4208,14.4746,0,healthy,0.0,50.0,11.8862,0
SN_002041,LOT_005,12.2625,13.1572,13.8263,14.1022,0,healthy,0.0,50.0,11.8862,0
SN_002042,LOT_005,12.394,13.4636,13.9,14.0449,0,healthy,0.0,50.0,11.8862,0
SN_002043,LOT_005,10.1333,10.6716,11.0383,11.2081,0,healthy,0.0,50.0,11.8862,0
SN_002044,LOT_005,15.6766,16.9278,17.3505,17.6758,0,healthy,0.0,50.0,11.8862,0
SN_002045,LOT_005,12.5123,13.6529,13.7961,13.754,0,healthy,0.0,50.0,11.8862,0
SN_002046,LOT_005,11.5281,12.7249,13.1024,13.5461,0,healthy,0.0,50.0,11.8862,0
SN_002047,LOT_005,13.0454,13.7369,13.9807,14.1354,0,healthy,0.0,50.0,11.8862,0
SN_002048,LOT_005,12.407,13.4979,13.7751,14.2012,0,healthy,0.0,50.0,11.8862,0
SN_002049,LOT_005,10.5051,11.6757,12.1194,12.2953,0,healthy,0.0,50.0,11.8862,0
SN_002050,LOT_005,12.9273,13.9749,14.1429,14.1426,0,healthy,0.0,50.0,11.8862,0
SN_002051,LOT_005,12.4536,13.8161,14.2105,14.3223,0,healthy,0.0,50.0,11.8862,0
SN_002052,LOT_005,12.4897,14.0251,14.5507,14.7813,0,healthy,0.0,50.0,11.8862,0
SN_002053,LOT_005,11.0788,12.4973,12.6617,12.9858,0,healthy,0.0,50.0,11.8862,0
SN_002054,LOT_005,13.2215,,15.4024,15.5938,0,healthy,0.0,50.0,11.8862,0
SN_002055,LOT_005,10.91,11.5566,11.8004,12.0822,0,healthy,0.0,50.0,11.8862,0
SN_002056,LOT_005,13.409,13.9415,14.3282,14.5969,0,healthy,0.0,50.0,11.8862,0
SN_002057,LOT_005,,14.1103,14.3512,14.2901,0,healthy,0.0,50.0,11.8862,0
SN_002058,LOT_005,9.8806,10.614,10.941,11.1016,0,healthy,0.0,50.0,11.8862,0
SN_002059,LOT_005,11.9735,13.7971,14.0828,14.3815,0,healthy,0.0,50.0,11.8862,0
SN_002060,LOT_005,11.8761,12.7964,13.463,13.8033,0,healthy,0.0,50.0,11.8862,0
SN_002061,LOT_005,11.7531,12.6542,12.7284,12.8205,0,healthy,0.0,50.0,11.8862,0
SN_002062,LOT_005,13.8644,15.6875,16.023,16.4628,0,healthy,0.0,50.0,11.8862,0
SN_002063,LOT_005,8.7929,9.1709,9.2965,9.2105,0,healthy,0.0,50.0,11.8862,0
SN_002064,LOT_005,12.5788,13.4181,13.5116,13.5978,0,healthy,0.0,50.0,11.8862,0
SN_002065,LOT_005,9.7374,10.4824,10.9367,11.0835,0,healthy,0.0,50.0,11.8862,0
SN_002066,LOT_005,,13.7478,14.1476,14.1571,0,healthy,0.0,50.0,11.8862,0
SN_002067,LOT_005,13.2842,13.9563,14.3087,14.3791,0,healthy,0.0,50.0,11.8862,0
SN_002068,LOT_005,13.7955,15.1147,15.4413,15.3868,0,healthy,0.0,50.0,11.8862,0
SN_002069,LOT_005,12.2819,13.0669,13.2078,13.3896,0,healthy,0.0,50.0,11.8862,0
SN_002070,LOT_005,12.5516,13.6689,14.1106,14.1935,0,healthy,0.0,50.0,11.8862,0
SN_002071,LOT_005,11.5946,12.7811,13.1395,13.1929,0,healthy,0.0,50.0,11.8862,0
SN_002072,LOT_005,11.1338,12.3111,12.711,12.9064,0,healthy,0.0,50.0,11.8862,0
SN_002073,LOT_005,17.5552,18.6758,18.8605,18.9621,0,healthy,0.0,50.0,11.8862,0
SN_002074,LOT_005,10.6327,11.2317,11.0628,10.987,0,healthy,0.0,50.0,11.8862,0
SN_002075,LOT_005,12.5991,,14.3047,14.6134,0,healthy,0.0,50.0,11.8862,0
SN_002076,LOT_005,13.1988,14.4317,14.8707,15.2232,0,healthy,0.0,50.0,11.8862,0
SN_002077,LOT_005,9.2106,10.0404,10.4749,10.6978,0,healthy,0.0,50.0,11.8862,0
SN_002078,LOT_005,13.5871,15.2646,15.6648,15.7625,0,healthy,0.0,50.0,11.8862,0
SN_002079,LOT_005,12.4624,13.0111,13.5307,13.6773,0,healthy,0.0,50.0,11.8862,0
SN_002080,LOT_005,11.4101,12.0327,12.5114,12.6117,0,healthy,0.0,50.0,11.8862,0
SN_002081,LOT_005,13.6072,14.4278,14.8485,14.7726,0,healthy,0.0,50.0,11.8862,0
SN_002082,LOT_005,12.286,13.2019,13.3905,13.4619,0,healthy,0.0,50.0,11.8862,0
SN_002083,LOT_005,11.9852,13.4173,13.7695,13.7912,0,healthy,0.0,50.0,11.8862,0
SN_002084,LOT_005,10.7631,11.1346,11.3069,11.3437,0,healthy,0.0,50.0,11.8862,0
SN_002085,LOT_005,12.3004,13.5038,14.1912,14.443,0,healthy,0.0,50.0,11.8862,0
SN_002086,LOT_005,12.0051,13.5185,13.8751,14.2861,0,healthy,0.0,50.0,11.8862,0
SN_002087,LOT_005,,12.1889,12.6568,12.9144,0,healthy,0.0,50.0,11.8862,0
SN_002088,LOT_005,15.3678,16.9605,18.3583,18.6266,0,healthy,0.0,50.0,11.8862,0
SN_002089,LOT_005,10.5422,10.9385,11.0492,11.2783,0,healthy,0.0,50.0,11.8862,0
SN_002090,LOT_005,13.9339,15.2312,15.5206,15.6761,0,healthy,0.0,50.0,11.8862,0
SN_002091,LOT_005,16.1543,17.5903,17.7427,17.6036,0,healthy,0.0,50.0,11.8862,0
SN_002092,LOT_005,14.2316,15.5018,15.4436,15.7227,0,healthy,0.0,50.0,11.8862,0
SN_002093,LOT_005,9.8334,10.7767,11.012,11.2286,0,healthy,0.0,50.0,11.8862,0
SN_002094,LOT_005,12.0103,,13.1505,13.2412,0,healthy,0.0,50.0,11.8862,0
SN_002095,LOT_005,10.0012,11.3778,11.7801,11.696,0,healthy,0.0,50.0,11.8862,0
SN_002096,LOT_005,12.9307,14.7688,15.0776,15.2921,0,healthy,0.0,50.0,11.8862,0
SN_002097,LOT_005,11.8285,12.613,12.7011,12.9446,0,healthy,0.0,50.0,11.8862,0
SN_002098,LOT_005,13.8615,14.8249,15.3058,15.5655,0,healthy,0.0,50.0,11.8862,0
SN_002099,LOT_005,14.312,15.2269,15.9449,16.1087,0,healthy,0.0,50.0,11.8862,0
SN_002100,LOT_005,10.4344,11.4431,12.1468,12.3873,0,healthy,0.0,50.0,11.8862,0
SN_002101,LOT_005,11.9925,12.8276,13.0496,13.356,0,healthy,0.0,50.0,11.8862,0
SN_002102,LOT_005,12.2737,12.6854,13.0563,13.2289,0,healthy,0.0,50.0,11.8862,0
SN_002103,LOT_005,12.3358,13.7005,14.1107,14.3933,0,healthy,0.0,50.0,11.8862,0
SN_002104,LOT_005,10.3728,10.9207,10.8542,10.8376,0,healthy,0.0,50.0,11.8862,0
SN_002105,LOT_005,10.9098,12.0573,12.7082,12.8166,0,healthy,0.0,50.0,11.8862,0
SN_002106,LOT_005,9.8788,10.4295,10.7343,10.8701,0,healthy,0.0,50.0,11.8862,0
SN_002107,LOT_005,13.2647,14.0756,14.3142,14.3609,0,healthy,0.0,50.0,11.8862,0
SN_002108,LOT_005,8.9169,9.7161,9.8766,10.0102,0,healthy,0.0,50.0,11.8862,0
SN_002109,LOT_005,11.3559,,12.2414,12.2241,0,healthy,0.0,50.0,11.8862,0
SN_002110,LOT_005,12.3408,13.5986,14.3494,14.9337,0,healthy,0.0,50.0,11.8862,0
SN_002111,LOT_005,12.3028,13.6064,14.0496,14.1544,0,healthy,0.0,50.0,11.8862,0
SN_002112,LOT_005,12.7702,14.109,14.6536,15.0145,0,healthy,0.0,50.0,11.8862,0
SN_002113,LOT_005,12.9612,13.6616,13.8711,13.8464,0,healthy,0.0,50.0,11.8862,0
SN_002114,LOT_005,12.175,12.6469,13.3197,13.2953,0,healthy,0.0,50.0,11.8862,0
SN_002115,LOT_005,11.3878,12.512,13.1202,13.2491,0,healthy,0.0,50.0,11.8862,0
SN_002116,LOT_005,14.1357,15.794,15.9312,16.206,0,healthy,0.0,50.0,11.8862,0
SN_002117,LOT_005,12.8544,13.8675,14.2314,14.249,0,healthy,0.0,50.0,11.8862,0
SN_002118,LOT_005,11.3524,11.9997,12.4013,12.5806,0,healthy,0.0,50.0,11.8862,0
SN_002119,LOT_005,8.8393,9.3645,9.3682,9.4516,0,healthy,0.0,50.0,11.8862,0
SN_002120,LOT_005,12.0938,13.2843,13.8811,13.9319,0,healthy,0.0,50.0,11.8862,0
SN_002121,LOT_005,11.4759,12.8937,13.5309,13.5908,0,healthy,0.0,50.0,11.8862,0
SN_002122,LOT_005,12.4529,13.4072,13.562,13.7409,0,healthy,0.0,50.0,11.8862,0
SN_002123,LOT_005,11.0647,13.2584,19.8158,26.179,1,electromigration,0.2189,50.0,11.8862,0
SN_002124,LOT_005,13.1059,14.0356,14.5783,14.7862,0,healthy,0.0,50.0,11.8862,0
SN_002125,LOT_005,12.4362,13.7075,14.578,14.9168,0,healthy,0.0,50.0,11.8862,0
SN_002126,LOT_005,9.9143,10.9673,11.2781,11.3983,0,healthy,0.0,50.0,11.8862,0
SN_002127,LOT_005,12.1844,13.1614,13.2313,13.6703,0,healthy,0.0,50.0,11.8862,0
SN_002128,LOT_005,11.5446,16.1227,29.9589,43.5605,1,electromigration,0.7949,50.0,11.8862,0
SN_002129,LOT_005,10.208,11.4176,11.8412,12.0653,0,healthy,0.0,50.0,11.8862,0
SN_002130,LOT_005,12.5953,13.6474,13.9085,14.083,0,healthy,0.0,50.0,11.8862,0
SN_002131,LOT_005,13.2438,,14.9087,15.032,0,healthy,0.0,50.0,11.8862,0
SN_002132,LOT_005,10.025,11.2901,11.5245,11.8036,0,healthy,0.0,50.0,11.8862,0
SN_002133,LOT_005,14.3031,15.6001,15.9023,16.0202,0,healthy,0.0,50.0,11.8862,0
SN_002134,LOT_005,12.6201,13.3562,13.6753,13.5667,0,healthy,0.0,50.0,11.8862,0
SN_002135,LOT_005,14.6927,15.7545,16.2225,16.4886,0,healthy,0.0,50.0,11.8862,0
SN_002136,LOT_005,13.0139,14.2335,14.7111,15.3162,0,healthy,0.0,50.0,11.8862,0
SN_002137,LOT_005,9.6226,9.9623,10.2119,10.5267,0,healthy,0.0,50.0,11.8862,0
SN_002138,LOT_005,12.5205,14.0235,14.1842,14.279,0,healthy,0.0,50.0,11.8862,0
SN_002139,LOT_005,11.8056,12.1809,12.3076,12.5765,0,healthy,0.0,50.0,11.8862,0
SN_002140,LOT_005,9.6725,10.9967,11.3351,11.4063,0,healthy,0.0,50.0,11.8862,0
SN_002141,LOT_005,11.0649,12.2439,12.5685,12.4366,0,healthy,0.0,50.0,11.8862,0
SN_002142,LOT_005,11.7376,12.8312,13.4823,13.6219,0,healthy,0.0,50.0,11.8862,0
SN_002143,LOT_005,11.4772,12.4278,12.6847,12.7803,0,healthy,0.0,50.0,11.8862,0
SN_002144,LOT_005,10.882,11.2171,11.3641,11.8402,0,healthy,0.0,50.0,11.8862,0
SN_002145,LOT_005,11.3904,12.1892,12.4221,12.5142,0,healthy,0.0,50.0,11.8862,0
SN_002146,LOT_005,11.7959,12.4966,12.687,13.1116,0,healthy,0.0,50.0,11.8862,0
SN_002147,LOT_005,12.2383,13.127,13.457,13.5943,0,healthy,0.0,50.0,11.8862,0
SN_002148,LOT_005,8.8659,9.8439,10.3576,10.4745,0,healthy,0.0,50.0,11.8862,0
SN_002149,LOT_005,12.474,13.3077,13.8187,13.8019,0,healthy,0.0,50.0,11.8862,0
SN_002150,LOT_005,10.3207,11.2876,11.8726,12.2545,0,healthy,0.0,50.0,11.8862,0
SN_002151,LOT_005,12.3592,13.6548,14.461,14.7895,0,healthy,0.0,50.0,11.8862,0
SN_002152,LOT_005,10.5241,11.5706,11.8004,11.8862,0,healthy,0.0,50.0,11.8862,0
SN_002153,LOT_005,12.5128,13.6698,14.4516,14.5091,0,healthy,0.0,50.0,11.8862,0
SN_002154,LOT_005,12.5174,,14.4231,14.7215,0,healthy,0.0,50.0,11.8862,0
SN_002155,LOT_005,13.1486,,15.0449,15.3544,0,healthy,0.0,50.0,11.8862,0
SN_002156,LOT_005,12.8285,13.9381,14.1606,14.0201,0,healthy,0.0,50.0,11.8862,0
SN_002157,LOT_005,13.6081,14.8717,15.4146,15.7985,0,healthy,0.0,50.0,11.8862,0
SN_002158,LOT_005,12.2842,13.0245,13.4831,13.5383,0,healthy,0.0,50.0,11.8862,0
SN_002159,LOT_005,12.0061,12.5224,12.6341,12.812,0,healthy,0.0,50.0,11.8862,0
SN_002160,LOT_005,11.668,12.2063,12.2976,12.6437,0,healthy,0.0,50.0,11.8862,0
SN_002161,LOT_005,,11.7583,12.0565,12.4973,0,healthy,0.0,50.0,11.8862,0
SN_002162,LOT_005,13.1361,14.5176,15.1074,15.6827,0,healthy,0.0,50.0,11.8862,0
SN_002163,LOT_005,13.1151,14.5001,15.2539,15.6259,0,healthy,0.0,50.0,11.8862,0
SN_002164,LOT_005,12.9469,13.1657,20.293,42.536,1,tddb_dielectric,0.5911,50.0,11.8862,0
SN_002165,LOT_005,10.9906,11.2894,11.6055,11.6908,0,healthy,0.0,50.0,11.8862,0
SN_002166,LOT_005,11.0827,11.5178,11.6927,11.7727,0,healthy,0.0,50.0,11.8862,0
SN_002167,LOT_005,,12.5919,12.5178,12.894,0,healthy,0.0,50.0,11.8862,0
SN_002168,LOT_005,10.1135,10.951,11.5231,11.6827,0,healthy,0.0,50.0,11.8862,0
SN_002169,LOT_005,12.5064,14.1052,14.7614,14.8715,0,healthy,0.0,50.0,11.8862,0
SN_002170,LOT_005,12.6154,13.478,13.5325,13.8707,0,healthy,0.0,50.0,11.8862,0
SN_002171,LOT_005,11.5612,12.3024,12.5175,12.5753,0,healthy,0.0,50.0,11.8862,0
SN_002172,LOT_005,11.7164,12.6033,12.9685,13.1639,0,healthy,0.0,50.0,11.8862,0
SN_002173,LOT_005,12.5723,12.9862,13.1223,13.1737,0,healthy,0.0,50.0,11.8862,0
SN_002174,LOT_005,11.1537,11.6095,11.977,11.8532,0,healthy,0.0,50.0,11.8862,0
SN_002175,LOT_005,11.9606,13.3243,13.8008,14.1323,0,healthy,0.0,50.0,11.8862,0
SN_002176,LOT_005,14.5421,15.8557,15.8654,16.3624,0,healthy,0.0,50.0,11.8862,0
SN_002177,LOT_005,11.6207,12.3565,12.3872,12.3992,0,healthy,0.0,50.0,11.8862,0
SN_002178,LOT_005,13.733,14.6873,15.1498,15.1417,0,healthy,0.0,50.0,11.8862,0
SN_002179,LOT_005,10.8284,11.4257,11.9056,11.8402,0,healthy,0.0,50.0,11.8862,0
SN_002180,LOT_005,13.2317,14.5367,14.9645,15.3677,0,healthy,0.0,50.0,11.8862,0
SN_002181,LOT_005,,12.1602,12.2413,12.5327,0,healthy,0.0,50.0,11.8862,0
SN_002182,LOT_005,12.8058,14.3066,14.5688,14.7028,0,healthy,0.0,50.0,11.8862,0
SN_002183,LOT_005,14.526,15.7935,16.3585,16.7917,0,healthy,0.0,50.0,11.8862,0
SN_002184,LOT_005,12.4345,13.8225,14.5054,14.5667,0,healthy,0.0,50.0,11.8862,0
SN_002185,LOT_005,10.3786,11.2093,11.4424,11.6513,0,healthy,0.0,50.0,11.8862,0
SN_002186,LOT_005,13.0456,13.6038,13.7509,13.9673,0,healthy,0.0,50.0,11.8862,0
SN_002187,LOT_006,11.8149,12.486,12.5645,12.7247,0,healthy,0.0,50.0,11.6096,0
SN_002188,LOT_006,9.4888,10.4827,11.0307,11.3375,0,healthy,0.0,50.0,11.6096,0
SN_002189,LOT_006,,11.1556,11.568,11.7483,0,healthy,0.0,50.0,11.6096,0
SN_002190,LOT_006,10.6575,11.8637,12.1482,12.7026,0,healthy,0.0,50.0,11.6096,0
SN_002191,LOT_006,13.3672,14.361,14.7334,14.8672,0,healthy,0.0,50.0,11.6096,0
SN_002192,LOT_006,12.8335,14.5352,15.0171,15.3218,0,healthy,0.0,50.0,11.6096,0
SN_002193,LOT_006,13.8962,15.8153,16.3633,16.7426,0,healthy,0.0,50.0,11.6096,0
SN_002194,LOT_006,11.7453,12.3673,12.6946,12.7685,0,healthy,0.0,50.0,11.6096,0
SN_002195,LOT_006,10.8467,11.6121,11.9157,12.2287,0,healthy,0.0,50.0,11.6096,0
SN_002196,LOT_006,12.9071,13.5859,14.045,14.3014,0,healthy,0.0,50.0,11.6096,0
SN_002197,LOT_006,12.5977,13.409,13.5594,13.5585,0,healthy,0.0,50.0,11.6096,0
SN_002198,LOT_006,10.3714,10.901,11.0005,11.1498,0,healthy,0.0,50.0,11.6096,0
SN_002199,LOT_006,9.7161,10.8981,11.3368,11.626,0,healthy,0.0,50.0,11.6096,0
SN_002200,LOT_006,16.2185,16.8482,17.5576,17.5916,0,healthy,0.0,50.0,11.6096,0
SN_002201,LOT_006,12.8677,13.502,13.856,14.155,0,healthy,0.0,50.0,11.6096,0
SN_002202,LOT_006,12.4996,12.9131,13.2135,13.2777,0,healthy,0.0,50.0,11.6096,0
SN_002203,LOT_006,14.7107,15.4106,15.4154,15.9212,0,healthy,0.0,50.0,11.6096,0
SN_002204,LOT_006,10.6788,11.5452,11.7839,11.7612,0,healthy,0.0,50.0,11.6096,0
SN_002205,LOT_006,10.8412,11.7842,12.2164,12.4976,0,healthy,0.0,50.0,11.6096,0
SN_002206,LOT_006,38.9846,39.9995,43.9886,47.9553,1,subtle_in_spec,0.3432,50.0,11.6096,0
SN_002207,LOT_006,11.8909,12.6237,12.9814,13.1366,0,healthy,0.0,50.0,11.6096,0
SN_002208,LOT_006,13.8523,14.4315,14.59,14.6737,0,healthy,0.0,50.0,11.6096,0
SN_002209,LOT_006,10.3204,11.1536,11.3697,11.5076,0,healthy,0.0,50.0,11.6096,0
SN_002210,LOT_006,10.7755,11.8588,12.2288,12.4273,0,healthy,0.0,50.0,11.6096,0
SN_002211,LOT_006,12.6458,13.724,13.9646,14.1789,0,healthy,0.0,50.0,11.6096,0
SN_002212,LOT_006,12.4493,13.2661,14.0427,14.4633,0,healthy,0.0,50.0,11.6096,0
SN_002213,LOT_006,12.2102,12.7372,12.7249,12.8495,0,healthy,0.0,50.0,11.6096,0
SN_002214,LOT_006,11.4658,11.9309,12.351,12.4407,0,healthy,0.0,50.0,11.6096,0
SN_002215,LOT_006,10.873,11.6615,11.9505,12.0678,0,healthy,0.0,50.0,11.6096,0
SN_002216,LOT_006,11.5224,13.0317,13.1499,13.5821,0,healthy,0.0,50.0,11.6096,0
SN_002217,LOT_006,12.7441,14.2076,14.6287,14.7423,0,healthy,0.0,50.0,11.6096,0
SN_002218,LOT_006,13.7641,14.6128,14.6993,14.7088,0,healthy,0.0,50.0,11.6096,0
SN_002219,LOT_006,11.2582,12.3444,12.5282,12.6403,0,healthy,0.0,50.0,11.6096,0
SN_002220,LOT_006,10.0777,10.6383,10.9593,10.883,0,healthy,0.0,50.0,11.6096,0
SN_002221,LOT_006,12.3401,13.6137,14.2461,14.7073,0,healthy,0.0,50.0,11.6096,0
SN_002222,LOT_006,12.335,14.1439,14.5335,14.7328,0,healthy,0.0,50.0,11.6096,0
SN_002223,LOT_006,9.824,10.1174,10.2061,10.3056,0,healthy,0.0,50.0,11.6096,0
SN_002224,LOT_006,14.0541,15.2962,15.7323,15.848,0,healthy,0.0,50.0,11.6096,0
SN_002225,LOT_006,12.7276,13.6094,14.1328,14.1554,0,healthy,0.0,50.0,11.6096,0
SN_002226,LOT_006,10.2437,10.9728,11.2283,11.2451,0,healthy,0.0,50.0,11.6096,0
SN_002227,LOT_006,10.5892,11.4869,11.9474,11.9201,0,healthy,0.0,50.0,11.6096,0
SN_002228,LOT_006,12.119,13.6046,14.0842,14.3707,0,healthy,0.0,50.0,11.6096,0
SN_002229,LOT_006,10.9936,11.4112,11.4448,11.6688,0,healthy,0.0,50.0,11.6096,0
SN_002230,LOT_006,9.9233,10.9247,11.3475,11.4919,0,healthy,0.0,50.0,11.6096,0
SN_002231,LOT_006,10.8356,12.26,12.5688,12.881,0,healthy,0.0,50.0,11.6096,0
SN_002232,LOT_006,11.4172,12.4639,12.8103,13.098,0,healthy,0.0,50.0,11.6096,0
SN_002233,LOT_006,,9.8689,10.1499,10.2932,0,healthy,0.0,50.0,11.6096,0
SN_002234,LOT_006,11.8535,12.4203,12.4645,12.5812,0,healthy,0.0,50.0,11.6096,0
SN_002235,LOT_006,10.9925,12.1097,12.537,12.5837,0,healthy,0.0,50.0,11.6096,0
SN_002236,LOT_006,10.554,11.4829,12.1578,12.3516,0,healthy,0.0,50.0,11.6096,0
SN_002237,LOT_006,9.8358,10.0371,10.215,10.4313,0,healthy,0.0,50.0,11.6096,0
SN_002238,LOT_006,10.6451,11.391,11.8347,12.0555,0,healthy,0.0,50.0,11.6096,0
SN_002239,LOT_006,10.478,11.4312,11.7327,11.8299,0,healthy,0.0,50.0,11.6096,0
SN_002240,LOT_006,13.6823,14.4443,14.8664,15.2166,0,healthy,0.0,50.0,11.6096,0
SN_002241,LOT_006,12.2325,13.2236,13.7457,13.8578,0,healthy,0.0,50.0,11.6096,0
SN_002242,LOT_006,11.8834,12.4194,12.7868,12.7813,0,healthy,0.0,50.0,11.6096,0
SN_002243,LOT_006,13.6658,14.2818,14.3727,14.6127,0,healthy,0.0,50.0,11.6096,0
SN_002244,LOT_006,11.6283,12.4671,12.6251,13.1911,0,healthy,0.0,50.0,11.6096,0
SN_002245,LOT_006,9.8065,10.8189,11.2567,11.4207,0,healthy,0.0,50.0,11.6096,0
SN_002246,LOT_006,11.971,,14.0002,14.0156,0,healthy,0.0,50.0,11.6096,0
SN_002247,LOT_006,10.2598,10.6541,10.9786,11.0344,0,healthy,0.0,50.0,11.6096,0
SN_002248,LOT_006,11.7096,12.897,13.5256,13.7148,0,healthy,0.0,50.0,11.6096,0
SN_002249,LOT_006,11.6352,12.2669,12.289,12.3538,0,healthy,0.0,50.0,11.6096,0
SN_002250,LOT_006,12.2249,13.5091,13.9574,14.4686,0,healthy,0.0,50.0,11.6096,0
SN_002251,LOT_006,,11.93,12.2568,12.4738,0,healthy,0.0,50.0,11.6096,0
SN_002252,LOT_006,12.3053,13.0902,13.4444,13.527,0,healthy,0.0,50.0,11.6096,0
SN_002253,LOT_006,11.0131,11.6075,11.7135,11.9132,0,healthy,0.0,50.0,11.6096,0
SN_002254,LOT_006,10.7525,22.7776,23.054,23.5008,1,mobile_ion,0.4112,50.0,11.6096,0
SN_002255,LOT_006,15.8471,17.3014,18.0626,18.5377,0,healthy,0.0,50.0,11.6096,0
SN_002256,LOT_006,11.3058,11.928,12.3597,12.451,0,healthy,0.0,50.0,11.6096,0
SN_002257,LOT_006,15.0729,16.6123,17.2525,17.5796,0,healthy,0.0,50.0,11.6096,0
SN_002258,LOT_006,11.6095,12.7959,13.2809,13.6488,0,healthy,0.0,50.0,11.6096,0
SN_002259,LOT_006,11.1548,11.4461,11.9161,11.915,0,healthy,0.0,50.0,11.6096,0
SN_002260,LOT_006,12.9759,14.5802,15.1118,15.3879,0,healthy,0.0,50.0,11.6096,0
SN_002261,LOT_006,15.3294,16.1513,16.2777,16.3503,0,healthy,0.0,50.0,11.6096,0
SN_002262,LOT_006,13.2768,14.603,15.4366,15.5895,0,healthy,0.0,50.0,11.6096,0
SN_002263,LOT_006,11.582,12.7386,13.3111,13.5917,0,healthy,0.0,50.0,11.6096,0
SN_002264,LOT_006,,11.1605,11.4187,11.5675,0,healthy,0.0,50.0,11.6096,0
SN_002265,LOT_006,13.014,14.5882,14.9728,15.361,0,healthy,0.0,50.0,11.6096,0
SN_002266,LOT_006,12.4306,13.9684,14.4826,14.7532,0,healthy,0.0,50.0,11.6096,0
SN_002267,LOT_006,9.2359,9.7129,10.0331,10.1647,0,healthy,0.0,50.0,11.6096,0
SN_002268,LOT_006,13.0672,13.9759,14.5796,14.7671,0,healthy,0.0,50.0,11.6096,0
SN_002269,LOT_006,11.6364,12.2461,12.1937,12.4079,0,healthy,0.0,50.0,11.6096,0
SN_002270,LOT_006,10.0423,11.0033,11.4176,11.6591,0,healthy,0.0,50.0,11.6096,0
SN_002271,LOT_006,10.3681,11.7232,12.1247,12.3329,0,healthy,0.0,50.0,11.6096,0
SN_002272,LOT_006,11.7506,12.5379,12.6287,12.8047,0,healthy,0.0,50.0,11.6096,0
SN_002273,LOT_006,12.9114,,14.1551,14.3688,0,healthy,0.0,50.0,11.6096,0
SN_002274,LOT_006,11.4866,12.8799,13.3268,13.5469,0,healthy,0.0,50.0,11.6096,0
SN_002275,LOT_006,11.7792,12.603,12.767,12.8825,0,healthy,0.0,50.0,11.6096,0
SN_002276,LOT_006,11.4507,12.2304,12.4662,12.5744,0,healthy,0.0,50.0,11.6096,0
SN_002277,LOT_006,10.8176,11.8243,12.2532,12.7084,0,healthy,0.0,50.0,11.6096,0
SN_002278,LOT_006,12.8293,13.8396,14.1472,14.4445,0,healthy,0.0,50.0,11.6096,0
SN_002279,LOT_006,9.3243,9.9668,10.5471,10.6992,0,healthy,0.0,50.0,11.6096,0
SN_002280,LOT_006,15.3598,16.9319,17.7248,18.0573,0,healthy,0.0,50.0,11.6096,0
SN_002281,LOT_006,12.6402,13.3033,13.5679,13.5662,0,healthy,0.0,50.0,11.6096,0
SN_002282,LOT_006,12.0684,12.6778,12.7653,12.6562,0,healthy,0.0,50.0,11.6096,0
SN_002283,LOT_006,11.7072,12.8848,13.4004,13.8363,0,healthy,0.0,50.0,11.6096,0
SN_002284,LOT_006,15.1391,15.6952,16.0895,15.9783,0,healthy,0.0,50.0,11.6096,0
SN_002285,LOT_006,11.275,11.672,11.9552,11.9851,0,healthy,0.0,50.0,11.6096,0
SN_002286,LOT_006,12.958,13.7556,13.8784,13.8674,0,healthy,0.0,50.0,11.6096,0
SN_002287,LOT_006,10.7771,11.4771,11.8197,11.9589,0,healthy,0.0,50.0,11.6096,0
SN_002288,LOT_006,11.6815,12.2766,12.5805,12.492,0,healthy,0.0,50.0,11.6096,0
SN_002289,LOT_006,13.1643,14.7351,15.3406,15.8447,0,healthy,0.0,50.0,11.6096,0
SN_002290,LOT_006,9.4218,10.4554,10.6929,10.9523,0,healthy,0.0,50.0,11.6096,0
SN_002291,LOT_006,10.459,11.3635,11.6121,11.6589,0,healthy,0.0,50.0,11.6096,0
SN_002292,LOT_006,10.6361,11.5545,12.0748,12.2612,0,healthy,0.0,50.0,11.6096,0
SN_002293,LOT_006,12.1228,12.871,13.3798,13.5723,0,healthy,0.0,50.0,11.6096,0
SN_002294,LOT_006,13.2296,14.6056,14.6633,14.8933,0,healthy,0.0,50.0,11.6096,0
SN_002295,LOT_006,11.4978,12.1278,12.1741,12.3138,0,healthy,0.0,50.0,11.6096,0
SN_002296,LOT_006,11.1579,11.9452,12.2821,12.4197,0,healthy,0.0,50.0,11.6096,0
SN_002297,LOT_006,11.1602,12.3356,12.7298,13.0744,0,healthy,0.0,50.0,11.6096,0
SN_002298,LOT_006,11.5492,12.008,12.3073,12.2556,0,healthy,0.0,50.0,11.6096,0
SN_002299,LOT_006,12.7884,14.2406,14.755,15.1655,0,healthy,0.0,50.0,11.6096,0
SN_002300,LOT_006,10.9266,12.1377,12.3967,12.4472,0,healthy,0.0,50.0,11.6096,0
SN_002301,LOT_006,9.9893,11.2908,11.6798,11.974,0,healthy,0.0,50.0,11.6096,0
SN_002302,LOT_006,9.7411,10.664,11.0422,11.2718,0,healthy,0.0,50.0,11.6096,0
SN_002303,LOT_006,10.0338,10.8731,10.9499,11.2847,0,healthy,0.0,50.0,11.6096,0
SN_002304,LOT_006,10.7616,11.9187,12.2982,12.4036,0,healthy,0.0,50.0,11.6096,0
SN_002305,LOT_006,11.9902,12.7587,13.5531,13.5287,0,healthy,0.0,50.0,11.6096,0
SN_002306,LOT_006,10.2405,11.173,11.4703,11.8326,0,healthy,0.0,50.0,11.6096,0
SN_002307,LOT_006,10.9651,,11.7215,11.5938,0,healthy,0.0,50.0,11.6096,0
SN_002308,LOT_006,,,13.1,13.1419,0,healthy,0.0,50.0,11.6096,0
SN_002309,LOT_006,14.0543,14.7272,15.0502,15.114,0,healthy,0.0,50.0,11.6096,0
SN_002310,LOT_006,13.0471,14.4127,14.8897,14.9775,0,healthy,0.0,50.0,11.6096,0
SN_002311,LOT_006,12.0692,12.6718,13.0372,13.238,0,healthy,0.0,50.0,11.6096,0
SN_002312,LOT_006,9.664,10.2104,10.2608,10.4187,0,healthy,0.0,50.0,11.6096,0
SN_002313,LOT_006,13.3953,13.8638,14.1055,13.9428,0,healthy,0.0,50.0,11.6096,0
SN_002314,LOT_006,11.2104,12.2707,12.6301,13.1141,0,healthy,0.0,50.0,11.6096,0
SN_002315,LOT_006,12.0263,12.6904,12.927,12.824,0,healthy,0.0,50.0,11.6096,0
SN_002316,LOT_006,13.9453,14.4693,14.6882,14.6527,0,healthy,0.0,50.0,11.6096,0
SN_002317,LOT_006,11.6937,13.0442,13.5789,13.9674,0,healthy,0.0,50.0,11.6096,0
SN_002318,LOT_006,11.34,12.3342,12.8359,12.7293,0,healthy,0.0,50.0,11.6096,0
SN_002319,LOT_006,13.315,14.8324,15.3992,16.0009,0,healthy,0.0,50.0,11.6096,0
SN_002320,LOT_006,10.3107,11.2088,11.4111,11.6652,0,healthy,0.0,50.0,11.6096,0
SN_002321,LOT_006,11.5941,12.7676,13.3277,13.2971,0,healthy,0.0,50.0,11.6096,0
SN_002322,LOT_006,12.1656,12.7497,13.0417,13.1748,0,healthy,0.0,50.0,11.6096,0
SN_002323,LOT_006,11.3207,12.4488,13.1275,13.6419,0,healthy,0.0,50.0,11.6096,0
SN_002324,LOT_006,14.3842,15.0995,15.3576,15.7075,0,healthy,0.0,50.0,11.6096,0
SN_002325,LOT_006,11.0423,12.3036,12.4656,12.7013,0,healthy,0.0,50.0,11.6096,0
SN_002326,LOT_006,10.947,11.698,11.6722,11.7804,0,healthy,0.0,50.0,11.6096,0
SN_002327,LOT_006,12.6982,13.332,13.8156,13.9309,0,healthy,0.0,50.0,11.6096,0
SN_002328,LOT_006,10.7412,11.5466,11.7886,11.9,0,healthy,0.0,50.0,11.6096,0
SN_002329,LOT_006,,12.1434,12.2664,12.3632,0,healthy,0.0,50.0,11.6096,0
SN_002330,LOT_006,10.2199,11.0074,11.2541,11.5767,0,healthy,0.0,50.0,11.6096,0
SN_002331,LOT_006,12.2906,13.4234,14.1888,14.1338,0,healthy,0.0,50.0,11.6096,0
SN_002332,LOT_006,12.5316,13.1536,13.1426,13.2397,0,healthy,0.0,50.0,11.6096,0
SN_002333,LOT_006,14.2301,14.7009,14.9718,15.1125,0,healthy,0.0,50.0,11.6096,0
SN_002334,LOT_006,12.7831,13.7285,14.241,14.3084,0,healthy,0.0,50.0,11.6096,0
SN_002335,LOT_006,10.5168,11.0482,11.323,11.4844,0,healthy,0.0,50.0,11.6096,0
SN_002336,LOT_006,,10.7641,11.3462,11.3331,0,healthy,0.0,50.0,11.6096,0
SN_002337,LOT_006,,11.293,11.4163,11.5473,0,healthy,0.0,50.0,11.6096,0
SN_002338,LOT_006,11.3213,12.2242,12.6946,12.8011,0,healthy,0.0,50.0,11.6096,0
SN_002339,LOT_006,12.5483,14.0256,14.5892,15.0819,0,healthy,0.0,50.0,11.6096,0
SN_002340,LOT_006,11.9299,12.4199,12.4496,12.5302,0,healthy,0.0,50.0,11.6096,0
SN_002341,LOT_006,10.2415,,10.8995,10.7531,0,healthy,0.0,50.0,11.6096,0
SN_002342,LOT_006,13.7039,15.4123,16.0651,16.3751,0,healthy,0.0,50.0,11.6096,0
SN_002343,LOT_006,12.0752,12.546,12.5913,12.5931,0,healthy,0.0,50.0,11.6096,0
SN_002344,LOT_006,10.7773,11.9891,12.6201,12.8597,0,healthy,0.0,50.0,11.6096,0
SN_002345,LOT_006,15.0896,,16.62,16.5887,0,healthy,0.0,50.0,11.6096,0
SN_002346,LOT_006,8.9897,9.5943,9.8335,9.9545,0,healthy,0.0,50.0,11.6096,0
SN_002347,LOT_006,11.3736,12.2792,12.385,12.4275,0,healthy,0.0,50.0,11.6096,0
SN_002348,LOT_006,10.9474,12.231,12.9017,13.1197,0,healthy,0.0,50.0,11.6096,0
SN_002349,LOT_006,11.0749,11.9649,12.3449,12.5194,0,healthy,0.0,50.0,11.6096,0
SN_002350,LOT_006,9.6673,10.3622,10.6924,10.8125,0,healthy,0.0,50.0,11.6096,0
SN_002351,LOT_006,9.9975,10.7285,11.0844,11.2283,0,healthy,0.0,50.0,11.6096,0
SN_002352,LOT_006,10.1029,,14.1925,23.8945,1,tddb_dielectric,0.2937,50.0,11.6096,0
SN_002353,LOT_006,12.1593,12.574,12.9043,13.0942,0,healthy,0.0,50.0,11.6096,0
SN_002354,LOT_006,12.0762,13.4176,13.941,14.193,0,healthy,0.0,50.0,11.6096,0
SN_002355,LOT_006,10.7106,11.19,11.2268,11.345,0,healthy,0.0,50.0,11.6096,0
SN_002356,LOT_006,12.2624,13.204,13.3784,13.5662,0,healthy,0.0,50.0,11.6096,0
SN_002357,LOT_006,12.1722,12.1999,15.663,22.5225,1,tddb_dielectric,0.1209,50.0,11.6096,0
SN_002358,LOT_006,13.557,15.1846,15.5809,16.0163,0,healthy,0.0,50.0,11.6096,0
SN_002359,LOT_006,13.6036,13.9519,14.4129,14.526,0,healthy,0.0,50.0,11.6096,0
SN_002360,LOT_006,,11.7828,12.292,12.4951,0,healthy,0.0,50.0,11.6096,0
SN_002361,LOT_006,,14.1044,14.4486,14.6712,0,healthy,0.0,50.0,11.6096,0
SN_002362,LOT_006,12.6754,13.624,14.0767,14.3941,0,healthy,0.0,50.0,11.6096,0
SN_002363,LOT_006,10.2294,10.5613,10.9988,10.9722,0,healthy,0.0,50.0,11.6096,0
SN_002364,LOT_006,12.8301,13.8136,14.2453,14.3704,0,healthy,0.0,50.0,11.6096,0
SN_002365,LOT_007,10.3611,10.6338,10.9757,11.088,0,healthy,0.0,50.0,9.3566,0
SN_002366,LOT_007,9.0641,9.9293,10.0072,10.1545,0,healthy,0.0,50.0,9.3566,0
SN_002367,LOT_007,9.139,10.3955,10.742,11.0373,0,healthy,0.0,50.0,9.3566,0
SN_002368,LOT_007,8.835,,9.8794,10.109,0,healthy,0.0,50.0,9.3566,0
SN_002369,LOT_007,8.0006,8.5881,8.8329,8.8353,0,healthy,0.0,50.0,9.3566,0
SN_002370,LOT_007,9.0135,9.5175,9.5146,9.584,0,healthy,0.0,50.0,9.3566,0
SN_002371,LOT_007,9.9034,10.8653,11.2108,11.3821,0,healthy,0.0,50.0,9.3566,0
SN_002372,LOT_007,9.35,10.3937,10.7865,10.9659,0,healthy,0.0,50.0,9.3566,0
SN_002373,LOT_007,7.3685,7.9834,8.2001,8.434,0,healthy,0.0,50.0,9.3566,0
SN_002374,LOT_007,10.0851,11.1561,11.516,11.8674,0,healthy,0.0,50.0,9.3566,0
SN_002375,LOT_007,10.4454,11.6275,12.0602,12.4,0,healthy,0.0,50.0,9.3566,0
SN_002376,LOT_007,11.0172,11.5554,11.6034,11.6436,0,healthy,0.0,50.0,9.3566,0
SN_002377,LOT_007,9.7511,10.3317,10.4047,10.4162,0,healthy,0.0,50.0,9.3566,0
SN_002378,LOT_007,10.8905,11.7069,11.9396,12.2542,0,healthy,0.0,50.0,9.3566,0
SN_002379,LOT_007,7.9113,8.1254,8.2908,8.4916,0,healthy,0.0,50.0,9.3566,0
SN_002380,LOT_007,9.9113,10.8166,11.3363,11.4518,0,healthy,0.0,50.0,9.3566,0
SN_002381,LOT_007,10.7351,11.8341,12.0506,12.2957,0,healthy,0.0,50.0,9.3566,0
SN_002382,LOT_007,9.3291,9.6813,9.9194,10.1035,0,healthy,0.0,50.0,9.3566,0
SN_002383,LOT_007,7.5971,7.8627,7.9495,8.0515,0,healthy,0.0,50.0,9.3566,0
SN_002384,LOT_007,9.3451,10.4413,11.0278,11.1895,0,healthy,0.0,50.0,9.3566,0
SN_002385,LOT_007,9.0778,9.8085,10.2282,10.3518,0,healthy,0.0,50.0,9.3566,0
SN_002386,LOT_007,10.0688,11.1235,11.2968,11.51,0,healthy,0.0,50.0,9.3566,0
SN_002387,LOT_007,9.5778,10.4462,11.0186,11.1201,0,healthy,0.0,50.0,9.3566,0
SN_002388,LOT_007,8.0047,8.8935,9.2297,9.3733,0,healthy,0.0,50.0,9.3566,0
SN_002389,LOT_007,8.8552,9.8536,10.2225,10.3715,0,healthy,0.0,50.0,9.3566,0
SN_002390,LOT_007,10.6841,11.2033,11.3978,11.5464,0,healthy,0.0,50.0,9.3566,0
SN_002391,LOT_007,8.9447,9.2913,9.5402,9.6769,0,healthy,0.0,50.0,9.3566,0
SN_002392,LOT_007,9.5797,10.3106,10.5301,10.7785,0,healthy,0.0,50.0,9.3566,0
SN_002393,LOT_007,8.4226,9.5883,9.9167,10.0521,0,healthy,0.0,50.0,9.3566,0
SN_002394,LOT_007,9.4819,9.7232,9.9044,10.0999,0,healthy,0.0,50.0,9.3566,0
SN_002395,LOT_007,9.3474,,10.2714,10.4402,0,healthy,0.0,50.0,9.3566,0
SN_002396,LOT_007,10.1126,,10.719,10.8012,0,healthy,0.0,50.0,9.3566,0
SN_002397,LOT_007,10.2881,11.4652,11.8257,12.0271,0,healthy,0.0,50.0,9.3566,0
SN_002398,LOT_007,7.9946,8.5118,8.7492,8.8833,0,healthy,0.0,50.0,9.3566,0
SN_002399,LOT_007,8.7806,9.385,9.6791,9.9363,0,healthy,0.0,50.0,9.3566,0
SN_002400,LOT_007,9.4783,9.9943,10.3771,10.5421,0,healthy,0.0,50.0,9.3566,0
SN_002401,LOT_007,10.6614,11.2937,11.4871,11.7055,0,healthy,0.0,50.0,9.3566,0
SN_002402,LOT_007,7.6121,8.1284,8.3099,8.4414,0,healthy,0.0,50.0,9.3566,0
SN_002403,LOT_007,9.6562,,10.1941,10.1223,0,healthy,0.0,50.0,9.3566,0
SN_002404,LOT_007,10.2595,11.1982,11.4301,11.8106,0,healthy,0.0,50.0,9.3566,0
SN_002405,LOT_007,11.3237,11.4651,11.9071,12.0475,0,healthy,0.0,50.0,9.3566,0
SN_002406,LOT_007,9.5776,9.9353,10.1489,9.9521,0,healthy,0.0,50.0,9.3566,0
SN_002407,LOT_007,8.827,9.2092,9.2791,9.4303,0,healthy,0.0,50.0,9.3566,0
SN_002408,LOT_007,11.2159,12.2779,12.5367,12.7239,0,healthy,0.0,50.0,9.3566,0
SN_002409,LOT_007,7.5376,8.2868,8.6505,8.6388,0,healthy,0.0,50.0,9.3566,0
SN_002410,LOT_007,7.3116,8.0664,8.4171,8.5209,0,healthy,0.0,50.0,9.3566,0
SN_002411,LOT_007,8.5012,9.6452,9.9253,10.0974,0,healthy,0.0,50.0,9.3566,0
SN_002412,LOT_007,,9.4252,9.7118,9.7234,0,healthy,0.0,50.0,9.3566,0
SN_002413,LOT_007,8.7131,9.3367,9.3845,9.4751,0,healthy,0.0,50.0,9.3566,0
SN_002414,LOT_007,9.5466,10.7237,11.1899,11.5338,0,healthy,0.0,50.0,9.3566,0
SN_002415,LOT_007,10.3568,11.7759,12.0108,12.4027,0,healthy,0.0,50.0,9.3566,0
SN_002416,LOT_007,10.132,10.8444,11.3432,11.599,0,healthy,0.0,50.0,9.3566,0
SN_002417,LOT_007,9.5646,9.8611,10.0152,9.9452,0,healthy,0.0,50.0,9.3566,0
SN_002418,LOT_007,10.0479,11.1475,11.4963,11.7511,0,healthy,0.0,50.0,9.3566,0
SN_002419,LOT_007,8.7282,9.699,9.8158,9.8483,0,healthy,0.0,50.0,9.3566,0
SN_002420,LOT_007,9.8889,10.7956,10.9838,11.0738,0,healthy,0.0,50.0,9.3566,0
SN_002421,LOT_007,9.1046,9.6369,9.969,10.2997,0,healthy,0.0,50.0,9.3566,0
SN_002422,LOT_007,,9.1321,9.3724,9.5375,0,healthy,0.0,50.0,9.3566,0
SN_002423,LOT_007,10.2972,11.3128,11.624,11.7371,0,healthy,0.0,50.0,9.3566,0
SN_002424,LOT_007,9.1418,9.8457,9.935,9.8893,0,healthy,0.0,50.0,9.3566,0
SN_002425,LOT_007,9.1427,9.9546,10.4642,10.5463,0,healthy,0.0,50.0,9.3566,0
SN_002426,LOT_007,10.91,11.876,12.1194,12.4501,0,healthy,0.0,50.0,9.3566,0
SN_002427,LOT_007,10.1088,,11.4473,12.0514,0,healthy,0.0,50.0,9.3566,0
SN_002428,LOT_007,9.6609,10.2136,10.3668,10.5825,0,healthy,0.0,50.0,9.3566,0
SN_002429,LOT_007,8.6121,14.9751,16.864,17.2171,1,mobile_ion,0.3109,50.0,9.3566,0
SN_002430,LOT_007,8.5593,9.404,9.707,9.9156,0,healthy,0.0,50.0,9.3566,0
SN_002431,LOT_007,8.324,9.2113,9.595,9.773,0,healthy,0.0,50.0,9.3566,0
SN_002432,LOT_007,9.7713,,11.4253,11.8102,0,healthy,0.0,50.0,9.3566,0
SN_002433,LOT_007,,11.7495,12.0692,12.3904,0,healthy,0.0,50.0,9.3566,0
SN_002434,LOT_007,10.2688,11.0335,11.4509,11.635,0,healthy,0.0,50.0,9.3566,0
SN_002435,LOT_007,10.7271,11.8292,12.1032,12.3252,0,healthy,0.0,50.0,9.3566,0
SN_002436,LOT_007,8.6813,9.4294,9.8298,9.7516,0,healthy,0.0,50.0,9.3566,0
SN_002437,LOT_007,9.0508,9.6929,9.8278,9.8896,0,healthy,0.0,50.0,9.3566,0
SN_002438,LOT_007,11.6651,12.422,12.7881,13.0515,0,healthy,0.0,50.0,9.3566,0
SN_002439,LOT_007,,10.2443,10.764,10.9492,0,healthy,0.0,50.0,9.3566,0
SN_002440,LOT_007,7.4912,8.2153,8.4897,8.5995,0,healthy,0.0,50.0,9.3566,0
SN_002441,LOT_007,8.4356,8.8067,9.07,9.2052,0,healthy,0.0,50.0,9.3566,0
SN_002442,LOT_007,11.8391,13.1068,13.3102,13.3616,0,healthy,0.0,50.0,9.3566,0
SN_002443,LOT_007,,9.8726,10.0906,10.0778,0,healthy,0.0,50.0,9.3566,0
SN_002444,LOT_007,10.7496,11.1058,11.1861,11.2138,0,healthy,0.0,50.0,9.3566,0
SN_002445,LOT_007,9.4198,10.4124,10.746,10.8736,0,healthy,0.0,50.0,9.3566,0
SN_002446,LOT_007,9.2648,,10.6078,10.8591,0,healthy,0.0,50.0,9.3566,0
SN_002447,LOT_007,9.385,9.7801,10.0537,10.1052,0,healthy,0.0,50.0,9.3566,0
SN_002448,LOT_007,8.6961,9.026,9.4258,9.3643,0,healthy,0.0,50.0,9.3566,0
SN_002449,LOT_007,10.3855,10.9795,11.1912,11.2113,0,healthy,0.0,50.0,9.3566,0
SN_002450,LOT_007,,9.5,9.7472,9.7614,0,healthy,0.0,50.0,9.3566,0
SN_002451,LOT_007,7.0652,7.4699,7.7499,7.7153,0,healthy,0.0,50.0,9.3566,0
SN_002452,LOT_007,10.0019,10.7422,10.6836,10.7263,0,healthy,0.0,50.0,9.3566,0
SN_002453,LOT_007,10.366,11.2757,11.6014,11.9439,0,healthy,0.0,50.0,9.3566,0
SN_002454,LOT_007,,10.5099,10.8132,10.9942,0,healthy,0.0,50.0,9.3566,0
SN_002455,LOT_007,10.9352,11.3984,11.63,11.4999,0,healthy,0.0,50.0,9.3566,0
SN_002456,LOT_007,10.3631,11.2176,11.6808,11.7218,0,healthy,0.0,50.0,9.3566,0
SN_002457,LOT_007,9.1763,10.4543,10.7197,10.8278,0,healthy,0.0,50.0,9.3566,0
SN_002458,LOT_007,10.6004,11.8241,12.483,12.5552,0,healthy,0.0,50.0,9.3566,0
SN_002459,LOT_007,8.3259,9.0926,9.3769,9.5724,0,healthy,0.0,50.0,9.3566,0
SN_002460,LOT_007,8.3435,9.2187,9.6968,9.8517,0,healthy,0.0,50.0,9.3566,0
SN_002461,LOT_007,10.95,12.5467,12.7492,12.9624,0,healthy,0.0,50.0,9.3566,0
SN_002462,LOT_007,9.0675,10.025,10.2251,10.3525,0,healthy,0.0,50.0,9.3566,0
SN_002463,LOT_007,9.2008,10.3569,10.6432,10.7638,0,healthy,0.0,50.0,9.3566,0
SN_002464,LOT_007,9.4351,9.9298,9.9602,9.9681,0,healthy,0.0,50.0,9.3566,0
SN_002465,LOT_007,8.6745,9.5313,9.5995,9.8365,0,healthy,0.0,50.0,9.3566,0
SN_002466,LOT_007,13.2914,13.7414,14.1476,14.0433,0,healthy,0.0,50.0,9.3566,0
SN_002467,LOT_007,10.8569,11.2983,11.7437,11.7406,0,healthy,0.0,50.0,9.3566,0
SN_002468,LOT_007,10.5763,10.9278,11.2343,11.5229,0,healthy,0.0,50.0,9.3566,0
SN_002469,LOT_007,24.9921,25.8399,28.2755,30.5686,1,esd_oxide,0.0855,50.0,9.3566,0
SN_002470,LOT_007,10.1205,11.0975,11.4935,11.6425,0,healthy,0.0,50.0,9.3566,0
SN_002471,LOT_007,11.9304,12.8695,13.4321,13.5532,0,healthy,0.0,50.0,9.3566,0
SN_002472,LOT_007,9.5377,,10.608,10.8448,0,healthy,0.0,50.0,9.3566,0
SN_002473,LOT_007,7.9441,8.1801,8.6045,8.6111,0,healthy,0.0,50.0,9.3566,0
SN_002474,LOT_007,,9.2892,9.3271,9.6326,0,healthy,0.0,50.0,9.3566,0
SN_002475,LOT_007,9.7746,10.1163,10.3281,10.426,0,healthy,0.0,50.0,9.3566,0
SN_002476,LOT_007,7.5451,8.0768,8.2125,8.217,0,healthy,0.0,50.0,9.3566,0
SN_002477,LOT_007,9.8338,10.4489,10.8177,10.917,0,healthy,0.0,50.0,9.3566,0
SN_002478,LOT_007,8.5833,9.3993,9.5577,9.7861,0,healthy,0.0,50.0,9.3566,0
SN_002479,LOT_007,8.0068,8.8676,9.0086,9.1073,0,healthy,0.0,50.0,9.3566,0
SN_002480,LOT_007,8.217,9.0986,9.4227,9.7522,0,healthy,0.0,50.0,9.3566,0
SN_002481,LOT_007,9.9022,10.2924,10.719,10.7547,0,healthy,0.0,50.0,9.3566,0
SN_002482,LOT_007,9.5238,10.6721,10.9124,10.8425,0,healthy,0.0,50.0,9.3566,0
SN_002483,LOT_007,8.9754,9.5995,9.832,10.1391,0,healthy,0.0,50.0,9.3566,0
SN_002484,LOT_007,9.8412,10.2162,10.459,10.3874,0,healthy,0.0,50.0,9.3566,0
SN_002485,LOT_007,9.4259,9.7917,9.8041,9.8859,0,healthy,0.0,50.0,9.3566,0
SN_002486,LOT_007,10.1529,11.3731,11.79,11.9593,0,healthy,0.0,50.0,9.3566,0
SN_002487,LOT_007,10.4335,11.3285,11.9721,11.8642,0,healthy,0.0,50.0,9.3566,0
SN_002488,LOT_007,8.9798,9.7935,10.2205,10.4217,0,healthy,0.0,50.0,9.3566,0
SN_002489,LOT_007,7.0219,7.9971,8.2041,8.3411,0,healthy,0.0,50.0,9.3566,0
SN_002490,LOT_007,11.7769,13.3077,13.6439,13.7457,0,healthy,0.0,50.0,9.3566,0
SN_002491,LOT_007,7.2965,7.9705,8.0962,8.2764,0,healthy,0.0,50.0,9.3566,0
SN_002492,LOT_007,8.6072,,9.3515,9.5706,0,healthy,0.0,50.0,9.3566,0
SN_002493,LOT_007,9.4421,10.29,10.722,11.0656,0,healthy,0.0,50.0,9.3566,0
SN_002494,LOT_007,9.7557,10.1283,10.4319,10.4128,0,healthy,0.0,50.0,9.3566,0
SN_002495,LOT_007,9.6845,10.8756,11.1631,11.2619,0,healthy,0.0,50.0,9.3566,0
SN_002496,LOT_007,9.5868,10.5895,10.7064,10.8481,0,healthy,0.0,50.0,9.3566,0
SN_002497,LOT_007,8.5735,9.4514,9.7263,9.9889,0,healthy,0.0,50.0,9.3566,0
SN_002498,LOT_007,8.7214,9.3558,9.4439,9.5946,0,healthy,0.0,50.0,9.3566,0
SN_002499,LOT_007,8.3741,10.1456,15.029,20.2877,1,electromigration,0.2479,50.0,9.3566,0
SN_002500,LOT_007,10.2404,11.224,11.6275,11.6589,0,healthy,0.0,50.0,9.3566,0
SN_002501,LOT_007,8.4651,8.8115,8.9125,9.1071,0,healthy,0.0,50.0,9.3566,0
SN_002502,LOT_007,9.4689,10.4318,10.7992,11.2151,0,healthy,0.0,50.0,9.3566,0
SN_002503,LOT_007,11.8932,12.4211,12.5498,12.7307,0,healthy,0.0,50.0,9.3566,0
SN_002504,LOT_007,,11.2705,11.4387,11.7141,0,healthy,0.0,50.0,9.3566,0
SN_002505,LOT_007,9.2835,10.4399,10.8034,10.9521,0,healthy,0.0,50.0,9.3566,0
SN_002506,LOT_007,8.9964,9.4654,9.8214,10.0304,0,healthy,0.0,50.0,9.3566,0
SN_002507,LOT_007,10.2417,11.2765,11.4865,11.6131,0,healthy,0.0,50.0,9.3566,0
SN_002508,LOT_007,9.2324,10.033,10.1977,10.3692,0,healthy,0.0,50.0,9.3566,0
SN_002509,LOT_007,10.5273,11.0625,11.4952,11.5923,0,healthy,0.0,50.0,9.3566,0
SN_002510,LOT_007,10.4078,10.8339,10.9635,11.0412,0,healthy,0.0,50.0,9.3566,0
SN_002511,LOT_007,8.6865,9.1349,9.3146,9.526,0,healthy,0.0,50.0,9.3566,0
SN_002512,LOT_007,9.7977,10.7617,11.1076,11.3714,0,healthy,0.0,50.0,9.3566,0
SN_002513,LOT_007,,10.7617,11.0888,11.0409,0,healthy,0.0,50.0,9.3566,0
SN_002514,LOT_007,10.0163,10.7901,10.9918,11.0538,0,healthy,0.0,50.0,9.3566,0
SN_002515,LOT_007,9.5102,9.9681,10.1076,10.3179,0,healthy,0.0,50.0,9.3566,0
SN_002516,LOT_007,8.4162,9.2917,9.7292,9.8056,0,healthy,0.0,50.0,9.3566,0
SN_002517,LOT_007,10.6264,11.0351,11.511,11.5324,0,healthy,0.0,50.0,9.3566,0
SN_002518,LOT_007,11.2361,12.1847,12.783,13.2089,0,healthy,0.0,50.0,9.3566,0
SN_002519,LOT_007,10.5758,11.7853,12.1838,12.1839,0,healthy,0.0,50.0,9.3566,0
SN_002520,LOT_007,9.1732,9.4948,9.7835,10.0158,0,healthy,0.0,50.0,9.3566,0
SN_002521,LOT_007,7.0832,7.3549,7.5503,7.592,0,healthy,0.0,50.0,9.3566,0
SN_002522,LOT_007,,9.5713,10.0739,10.1074,0,healthy,0.0,50.0,9.3566,0
SN_002523,LOT_007,10.5665,11.1168,11.189,11.365,0,healthy,0.0,50.0,9.3566,0
SN_002524,LOT_007,8.9025,,9.9032,10.0041,0,healthy,0.0,50.0,9.3566,0
SN_002525,LOT_007,30.5517,31.8587,34.7946,37.1423,1,esd_oxide,0.3826,50.0,9.3566,0
SN_002526,LOT_007,8.4846,9.5132,10.0311,10.0962,0,healthy,0.0,50.0,9.3566,0
SN_002527,LOT_007,10.9827,,12.4026,12.7639,0,healthy,0.0,50.0,9.3566,0
SN_002528,LOT_007,10.1257,11.0397,11.1826,11.1113,0,healthy,0.0,50.0,9.3566,0
SN_002529,LOT_007,9.9391,10.9877,11.1766,11.1812,0,healthy,0.0,50.0,9.3566,0
SN_002530,LOT_007,8.7264,9.7107,10.0615,10.421,0,healthy,0.0,50.0,9.3566,0
SN_002531,LOT_007,9.4638,9.8601,9.9814,9.832,0,healthy,0.0,50.0,9.3566,0
SN_002532,LOT_007,10.3576,11.0198,11.3381,11.4378,0,healthy,0.0,50.0,9.3566,0
SN_002533,LOT_007,8.855,9.4592,9.5088,9.8455,0,healthy,0.0,50.0,9.3566,0
SN_002534,LOT_007,9.5558,10.0189,10.2074,10.3365,0,healthy,0.0,50.0,9.3566,0
SN_002535,LOT_007,10.2394,10.5775,10.6123,10.89,0,healthy,0.0,50.0,9.3566,0
SN_002536,LOT_007,11.6032,12.4374,12.9058,13.3295,0,healthy,0.0,50.0,9.3566,0
SN_002537,LOT_007,9.6944,10.6689,11.2682,11.6241,0,healthy,0.0,50.0,9.3566,0
SN_002538,LOT_007,9.4819,10.1363,10.4008,10.3116,0,healthy,0.0,50.0,9.3566,0
SN_002539,LOT_007,7.6591,8.1354,8.2117,8.3745,0,healthy,0.0,50.0,9.3566,0
SN_002540,LOT_007,9.7493,10.1451,10.4926,10.6039,0,healthy,0.0,50.0,9.3566,0
SN_002541,LOT_007,9.1854,9.6244,9.5228,9.7669,0,healthy,0.0,50.0,9.3566,0
SN_002542,LOT_007,9.0824,9.6769,10.1671,9.8907,0,healthy,0.0,50.0,9.3566,0
SN_002543,LOT_007,8.474,8.9441,9.1197,9.1513,0,healthy,0.0,50.0,9.3566,0
SN_002544,LOT_007,10.1695,11.0184,11.3498,11.5418,0,healthy,0.0,50.0,9.3566,0
SN_002545,LOT_007,11.5244,12.1016,12.3736,12.4777,0,healthy,0.0,50.0,9.3566,0
SN_002546,LOT_007,11.0412,12.2877,12.694,12.8558,0,healthy,0.0,50.0,9.3566,0
SN_002547,LOT_007,10.2501,10.6212,11.036,10.9543,0,healthy,0.0,50.0,9.3566,0
SN_002548,LOT_007,11.2479,12.1009,12.3592,12.6764,0,healthy,0.0,50.0,9.3566,0
SN_002549,LOT_007,8.6475,9.2905,9.6737,9.84,0,healthy,0.0,50.0,9.3566,0
SN_002550,LOT_007,9.371,10.0893,10.4868,10.6765,0,healthy,0.0,50.0,9.3566,0
SN_002551,LOT_007,9.4797,10.1541,10.4339,10.5509,0,healthy,0.0,50.0,9.3566,0
SN_002552,LOT_007,8.3937,9.1868,9.3843,9.6095,0,healthy,0.0,50.0,9.3566,0
SN_002553,LOT_007,8.8101,9.3639,9.5919,9.7089,0,healthy,0.0,50.0,9.3566,0
SN_002554,LOT_007,11.0155,11.8546,12.059,12.1888,0,healthy,0.0,50.0,9.3566,0
SN_002555,LOT_007,8.8722,9.6628,9.7743,10.1033,0,healthy,0.0,50.0,9.3566,0
SN_002556,LOT_007,8.5132,8.8722,8.8593,8.9685,0,healthy,0.0,50.0,9.3566,0
SN_002557,LOT_007,8.864,9.9002,10.1635,10.3981,0,healthy,0.0,50.0,9.3566,0
SN_002558,LOT_007,12.0878,13.4154,14.1187,14.2271,0,healthy,0.0,50.0,9.3566,0
SN_002559,LOT_007,7.1806,7.6606,8.0737,8.1453,0,healthy,0.0,50.0,9.3566,0
SN_002560,LOT_007,10.9254,11.4346,11.5414,11.5362,0,healthy,0.0,50.0,9.3566,0
SN_002561,LOT_007,7.9966,8.9252,9.1297,9.2001,0,healthy,0.0,50.0,9.3566,0
SN_002562,LOT_007,8.2491,8.7668,8.9524,9.0465,0,healthy,0.0,50.0,9.3566,0
SN_002563,LOT_007,7.9745,8.3778,8.324,8.3943,0,healthy,0.0,50.0,9.3566,0
SN_002564,LOT_007,9.7546,11.0616,11.3386,11.6834,0,healthy,0.0,50.0,9.3566,0
SN_002565,LOT_007,10.7902,11.39,11.6078,11.7793,0,healthy,0.0,50.0,9.3566,0
SN_002566,LOT_007,10.3966,10.7594,10.8168,11.0791,0,healthy,0.0,50.0,9.3566,0
SN_002567,LOT_007,9.5088,10.0467,10.3406,10.4393,0,healthy,0.0,50.0,9.3566,0
SN_002568,LOT_007,11.0024,11.9596,12.2515,12.3893,0,healthy,0.0,50.0,9.3566,0
SN_002569,LOT_007,10.3958,11.0089,11.4868,11.6616,0,healthy,0.0,50.0,9.3566,0
SN_002570,LOT_007,8.1093,9.1457,9.4241,9.6093,0,healthy,0.0,50.0,9.3566,0
SN_002571,LOT_007,9.4717,10.8335,10.9166,11.3316,0,healthy,0.0,50.0,9.3566,0
SN_002572,LOT_007,9.2278,9.9289,10.0693,10.2947,0,healthy,0.0,50.0,9.3566,0
SN_002573,LOT_007,9.7128,10.8117,11.039,11.4464,0,healthy,0.0,50.0,9.3566,0
SN_002574,LOT_007,8.1831,8.7392,8.808,8.9081,0,healthy,0.0,50.0,9.3566,0
SN_002575,LOT_007,8.3737,9.1474,9.4619,9.497,0,healthy,0.0,50.0,9.3566,0
SN_002576,LOT_007,9.5591,10.5399,10.7694,10.9274,0,healthy,0.0,50.0,9.3566,0
SN_002577,LOT_007,32.1477,33.0278,37.3729,40.4002,1,subtle_in_spec,0.3743,50.0,9.3566,0
SN_002578,LOT_007,8.592,9.0204,9.0814,9.2952,0,healthy,0.0,50.0,9.3566,0
SN_002579,LOT_007,9.1881,10.634,10.7556,10.9384,0,healthy,0.0,50.0,9.3566,0
SN_002580,LOT_007,10.7634,12.1744,12.7265,12.7233,0,healthy,0.0,50.0,9.3566,0
SN_002581,LOT_007,8.1183,8.8693,8.8599,8.9155,0,healthy,0.0,50.0,9.3566,0
SN_002582,LOT_007,8.3284,8.876,9.2008,9.1544,0,healthy,0.0,50.0,9.3566,0
SN_002583,LOT_007,11.8962,12.949,12.9786,12.949,0,healthy,0.0,50.0,9.3566,0
SN_002584,LOT_007,10.8334,11.691,11.8383,12.0718,0,healthy,0.0,50.0,9.3566,0
SN_002585,LOT_007,10.6686,11.5044,11.9043,11.8813,0,healthy,0.0,50.0,9.3566,0
SN_002586,LOT_007,9.3996,10.5003,11.0383,11.2276,0,healthy,0.0,50.0,9.3566,0
SN_002587,LOT_007,9.1861,9.7887,10.1006,10.1628,0,healthy,0.0,50.0,9.3566,0
SN_002588,LOT_007,9.5172,10.6794,11.1263,11.2926,0,healthy,0.0,50.0,9.3566,0
SN_002589,LOT_007,7.4068,7.95,8.128,8.2921,0,healthy,0.0,50.0,9.3566,0
SN_002590,LOT_007,7.1817,7.6646,7.9618,7.9951,0,healthy,0.0,50.0,9.3566,0
SN_002591,LOT_007,9.6402,10.7346,11.273,11.5892,0,healthy,0.0,50.0,9.3566,0
SN_002592,LOT_007,8.6433,9.7797,10.1287,10.4933,0,healthy,0.0,50.0,9.3566,0
SN_002593,LOT_007,9.488,9.6602,9.9641,10.0882,0,healthy,0.0,50.0,9.3566,0
SN_002594,LOT_007,8.719,9.3812,9.6507,9.8237,0,healthy,0.0,50.0,9.3566,0
SN_002595,LOT_007,9.3005,10.1078,10.1778,10.4897,0,healthy,0.0,50.0,9.3566,0
SN_002596,LOT_007,8.9483,10.1265,10.4976,10.5547,0,healthy,0.0,50.0,9.3566,0
SN_002597,LOT_007,25.6807,25.9372,28.5697,30.3872,1,esd_oxide,0.1223,50.0,9.3566,0
SN_002598,LOT_007,10.1931,11.302,11.599,11.8073,0,healthy,0.0,50.0,9.3566,0
SN_002599,LOT_007,9.1439,,9.7519,9.7704,0,healthy,0.0,50.0,9.3566,0
SN_002600,LOT_007,7.7573,8.3233,8.7482,8.838,0,healthy,0.0,50.0,9.3566,0
SN_002601,LOT_007,10.0034,11.0044,11.6793,11.8936,0,healthy,0.0,50.0,9.3566,0
SN_002602,LOT_007,9.1892,9.6596,9.8079,9.8936,0,healthy,0.0,50.0,9.3566,0
SN_002603,LOT_007,11.1326,12.4252,12.8793,13.3155,0,healthy,0.0,50.0,9.3566,0
SN_002604,LOT_007,9.0436,10.7295,11.6002,11.9139,1,nbti_ageing,0.0835,50.0,9.3566,0
SN_002605,LOT_007,8.7402,9.1304,9.3124,9.4794,0,healthy,0.0,50.0,9.3566,0
SN_002606,LOT_007,9.0214,9.5309,9.541,9.3969,0,healthy,0.0,50.0,9.3566,0
SN_002607,LOT_007,8.782,9.3108,9.4492,9.6746,0,healthy,0.0,50.0,9.3566,0
SN_002608,LOT_007,9.9783,10.9282,11.456,11.4431,0,healthy,0.0,50.0,9.3566,0
SN_002609,LOT_007,9.5678,10.1741,10.264,10.3191,0,healthy,0.0,50.0,9.3566,0
SN_002610,LOT_007,11.1688,12.0586,12.3962,12.7697,0,healthy,0.0,50.0,9.3566,0
SN_002611,LOT_007,7.4806,8.0581,8.4279,8.6213,0,healthy,0.0,50.0,9.3566,0
SN_002612,LOT_007,11.8173,12.6318,12.8067,13.0416,0,healthy,0.0,50.0,9.3566,0
SN_002613,LOT_007,,8.8173,8.8986,8.9846,0,healthy,0.0,50.0,9.3566,0
SN_002614,LOT_007,28.4257,29.6979,31.9462,34.4141,1,esd_oxide,0.269,50.0,9.3566,0
SN_002615,LOT_007,9.2676,9.7341,9.8556,9.9153,0,healthy,0.0,50.0,9.3566,0
SN_002616,LOT_007,9.6144,9.9164,9.9542,10.1701,0,healthy,0.0,50.0,9.3566,0
SN_002617,LOT_007,9.0137,9.6838,9.9935,10.0914,0,healthy,0.0,50.0,9.3566,0
SN_002618,LOT_007,9.2675,9.8592,10.2788,10.4566,0,healthy,0.0,50.0,9.3566,0
SN_002619,LOT_007,8.2467,8.8837,9.2265,9.3527,0,healthy,0.0,50.0,9.3566,0
SN_002620,LOT_007,7.741,8.3918,8.805,9.1249,0,healthy,0.0,50.0,9.3566,0
SN_002621,LOT_007,10.1877,10.8054,11.1495,11.1724,0,healthy,0.0,50.0,9.3566,0
SN_002622,LOT_007,9.6948,10.3918,10.6389,10.7342,0,healthy,0.0,50.0,9.3566,0
SN_002623,LOT_007,10.0134,11.0349,11.546,11.7327,0,healthy,0.0,50.0,9.3566,0
SN_002624,LOT_007,11.8749,12.4868,12.6928,12.9101,0,healthy,0.0,50.0,9.3566,0
SN_002625,LOT_007,11.9144,12.9216,13.3558,13.5098,0,healthy,0.0,50.0,9.3566,0
SN_002626,LOT_007,11.0869,12.0152,12.3787,12.6614,0,healthy,0.0,50.0,9.3566,0
SN_002627,LOT_007,9.8957,10.4895,10.5857,10.6897,0,healthy,0.0,50.0,9.3566,0
SN_002628,LOT_007,9.8439,10.9299,11.1103,11.2994,0,healthy,0.0,50.0,9.3566,0
SN_002629,LOT_007,9.094,9.9615,10.1678,10.2759,0,healthy,0.0,50.0,9.3566,0
SN_002630,LOT_007,9.8331,10.337,10.7675,10.9777,0,healthy,0.0,50.0,9.3566,0
SN_002631,LOT_007,9.936,10.4273,10.6984,10.855,0,healthy,0.0,50.0,9.3566,0
SN_002632,LOT_007,8.5539,9.4682,9.6647,9.8298,0,healthy,0.0,50.0,9.3566,0
SN_002633,LOT_007,9.5123,10.6433,11.0234,11.2637,0,healthy,0.0,50.0,9.3566,0
SN_002634,LOT_007,8.548,8.8578,8.8652,8.9568,0,healthy,0.0,50.0,9.3566,0
SN_002635,LOT_007,11.1646,12.7824,13.0532,13.1618,0,healthy,0.0,50.0,9.3566,0
SN_002636,LOT_007,10.4813,10.886,11.2789,11.3097,0,healthy,0.0,50.0,9.3566,0
SN_002637,LOT_007,10.296,11.6199,11.9304,12.0663,0,healthy,0.0,50.0,9.3566,0
SN_002638,LOT_007,10.9509,11.5983,11.8983,11.9459,0,healthy,0.0,50.0,9.3566,0
SN_002639,LOT_007,9.489,10.1444,10.3471,10.4006,0,healthy,0.0,50.0,9.3566,0
SN_002640,LOT_007,9.7506,10.9262,11.1101,11.1718,0,healthy,0.0,50.0,9.3566,0
SN_002641,LOT_007,6.9791,7.5293,7.7187,7.8289,0,healthy,0.0,50.0,9.3566,0
SN_002642,LOT_007,9.7932,10.5949,10.7462,10.8497,0,healthy,0.0,50.0,9.3566,0
SN_002643,LOT_007,,9.7322,9.8797,10.0127,0,healthy,0.0,50.0,9.3566,0
SN_002644,LOT_008,10.6708,11.2604,11.2962,11.3713,0,healthy,0.0,50.0,9.2484,0
SN_002645,LOT_008,7.0824,7.4195,7.5051,7.7157,0,healthy,0.0,50.0,9.2484,0
SN_002646,LOT_008,9.594,10.679,11.1811,11.5133,0,healthy,0.0,50.0,9.2484,0
SN_002647,LOT_008,10.04,10.8538,11.2569,11.185,0,healthy,0.0,50.0,9.2484,0
SN_002648,LOT_008,9.2094,9.6418,9.9957,10.1525,0,healthy,0.0,50.0,9.2484,0
SN_002649,LOT_008,10.1459,11.4766,11.7561,11.9048,0,healthy,0.0,50.0,9.2484,0
SN_002650,LOT_008,9.1153,9.9227,10.4604,10.5756,0,healthy,0.0,50.0,9.2484,0
SN_002651,LOT_008,8.8189,9.4458,9.8199,10.01,0,healthy,0.0,50.0,9.2484,0
SN_002652,LOT_008,7.0105,7.8195,8.1178,8.2417,0,healthy,0.0,50.0,9.2484,0
SN_002653,LOT_008,8.8763,9.9703,10.2872,10.3039,0,healthy,0.0,50.0,9.2484,0
SN_002654,LOT_008,,8.9438,9.3812,9.5502,0,healthy,0.0,50.0,9.2484,0
SN_002655,LOT_008,10.5132,11.1753,11.3464,11.3523,0,healthy,0.0,50.0,9.2484,0
SN_002656,LOT_008,9.8636,11.1319,11.5156,11.6302,0,healthy,0.0,50.0,9.2484,0
SN_002657,LOT_008,9.7474,,10.5847,10.6374,0,healthy,0.0,50.0,9.2484,0
SN_002658,LOT_008,8.079,8.3088,8.618,8.4692,0,healthy,0.0,50.0,9.2484,0
SN_002659,LOT_008,9.5843,10.6687,10.9879,11.247,0,healthy,0.0,50.0,9.2484,0
SN_002660,LOT_008,8.856,9.5068,9.7423,9.7174,0,healthy,0.0,50.0,9.2484,0
SN_002661,LOT_008,9.3584,9.6992,9.597,9.8438,0,healthy,0.0,50.0,9.2484,0
SN_002662,LOT_008,8.6525,9.1423,9.4882,9.4754,0,healthy,0.0,50.0,9.2484,0
SN_002663,LOT_008,8.333,9.3858,9.6387,9.8698,0,healthy,0.0,50.0,9.2484,0
SN_002664,LOT_008,10.0817,10.9215,11.1601,11.1426,0,healthy,0.0,50.0,9.2484,0
SN_002665,LOT_008,9.7168,10.4439,10.4102,10.2795,0,healthy,0.0,50.0,9.2484,0
SN_002666,LOT_008,9.4008,10.3339,10.6944,10.9287,0,healthy,0.0,50.0,9.2484,0
SN_002667,LOT_008,8.6674,9.9616,10.2232,10.3855,0,healthy,0.0,50.0,9.2484,0
SN_002668,LOT_008,9.6776,10.6379,10.9366,11.0836,0,healthy,0.0,50.0,9.2484,0
SN_002669,LOT_008,,10.8393,11.1613,11.3705,0,healthy,0.0,50.0,9.2484,0
SN_002670,LOT_008,10.2969,11.123,11.2024,11.2234,0,healthy,0.0,50.0,9.2484,0
SN_002671,LOT_008,10.3164,,19.0167,25.0731,1,electromigration,0.2618,50.0,9.2484,0
SN_002672,LOT_008,10.4084,11.3392,11.9052,11.9107,0,healthy,0.0,50.0,9.2484,0
SN_002673,LOT_008,9.0727,9.711,10.1039,10.2486,0,healthy,0.0,50.0,9.2484,0
SN_002674,LOT_008,7.8753,8.4791,8.6644,8.8168,0,healthy,0.0,50.0,9.2484,0
SN_002675,LOT_008,9.7008,10.9338,11.5352,11.4949,0,healthy,0.0,50.0,9.2484,0
SN_002676,LOT_008,,10.6871,11.0366,11.3676,0,healthy,0.0,50.0,9.2484,0
SN_002677,LOT_008,10.3366,11.676,12.1775,12.3589,0,healthy,0.0,50.0,9.2484,0
SN_002678,LOT_008,8.0887,8.5442,8.5422,8.7798,0,healthy,0.0,50.0,9.2484,0
SN_002679,LOT_008,11.4997,12.1514,12.5755,12.673,0,healthy,0.0,50.0,9.2484,0
SN_002680,LOT_008,9.8459,,11.2989,11.6057,0,healthy,0.0,50.0,9.2484,0
SN_002681,LOT_008,8.9501,9.7703,9.9417,10.1896,0,healthy,0.0,50.0,9.2484,0
SN_002682,LOT_008,8.9125,9.3767,9.3493,9.2798,0,healthy,0.0,50.0,9.2484,0
SN_002683,LOT_008,8.7393,9.5431,9.9454,10.1386,0,healthy,0.0,50.0,9.2484,0
SN_002684,LOT_008,10.0529,11.1301,11.5302,11.8006,0,healthy,0.0,50.0,9.2484,0
SN_002685,LOT_008,,9.7663,10.1318,10.2031,0,healthy,0.0,50.0,9.2484,0
SN_002686,LOT_008,10.541,11.488,11.83,11.9924,0,healthy,0.0,50.0,9.2484,0
SN_002687,LOT_008,8.5406,9.6233,9.8473,10.0109,0,healthy,0.0,50.0,9.2484,0
SN_002688,LOT_008,7.54,8.4372,8.6807,8.9034,0,healthy,0.0,50.0,9.2484,0
SN_002689,LOT_008,8.5865,9.2817,9.3812,9.4669,0,healthy,0.0,50.0,9.2484,0
SN_002690,LOT_008,9.1744,9.8394,10.0523,10.1403,0,healthy,0.0,50.0,9.2484,0
SN_002691,LOT_008,8.2664,9.1668,9.4825,9.5412,0,healthy,0.0,50.0,9.2484,0
SN_002692,LOT_008,9.2963,10.0562,10.2004,10.2881,0,healthy,0.0,50.0,9.2484,0
SN_002693,LOT_008,8.3734,9.4948,9.709,10.0117,0,healthy,0.0,50.0,9.2484,0
SN_002694,LOT_008,9.4385,10.0882,10.2882,10.3703,0,healthy,0.0,50.0,9.2484,0
SN_002695,LOT_008,10.591,11.6994,11.9908,11.9605,0,healthy,0.0,50.0,9.2484,0
SN_002696,LOT_008,9.7809,11.0104,11.258,11.585,0,healthy,0.0,50.0,9.2484,0
SN_002697,LOT_008,9.0964,9.6249,9.732,9.7307,0,healthy,0.0,50.0,9.2484,0
SN_002698,LOT_008,8.51,9.756,10.1771,10.0807,0,healthy,0.0,50.0,9.2484,0
SN_002699,LOT_008,10.3035,10.9195,11.3887,11.4086,0,healthy,0.0,50.0,9.2484,0
SN_002700,LOT_008,8.4572,9.0336,9.0845,9.1171,0,healthy,0.0,50.0,9.2484,0
SN_002701,LOT_008,10.1228,11.0375,11.6381,11.7986,0,healthy,0.0,50.0,9.2484,0
SN_002702,LOT_008,10.0102,10.851,11.234,11.322,0,healthy,0.0,50.0,9.2484,0
SN_002703,LOT_008,9.7926,10.2999,10.59,10.6639,0,healthy,0.0,50.0,9.2484,0
SN_002704,LOT_008,,9.5261,9.6838,9.7151,0,healthy,0.0,50.0,9.2484,0
SN_002705,LOT_008,10.1596,10.919,11.1357,11.3007,0,healthy,0.0,50.0,9.2484,0
SN_002706,LOT_008,8.2646,8.6195,8.6808,8.8247,0,healthy,0.0,50.0,9.2484,0
SN_002707,LOT_008,9.2489,10.1135,10.4433,10.5655,0,healthy,0.0,50.0,9.2484,0
SN_002708,LOT_008,8.5453,9.4597,9.7322,9.8566,0,healthy,0.0,50.0,9.2484,0
SN_002709,LOT_008,8.3854,9.2048,9.3769,9.5575,0,healthy,0.0,50.0,9.2484,0
SN_002710,LOT_008,8.7911,9.7369,10.1805,10.4949,0,healthy,0.0,50.0,9.2484,0
SN_002711,LOT_008,9.1465,,9.861,10.0492,0,healthy,0.0,50.0,9.2484,0
SN_002712,LOT_008,8.551,9.0825,9.2541,9.4146,0,healthy,0.0,50.0,9.2484,0
SN_002713,LOT_008,10.7063,11.5887,12.1097,12.4302,0,healthy,0.0,50.0,9.2484,0
SN_002714,LOT_008,10.0646,,11.4515,11.7426,0,healthy,0.0,50.0,9.2484,0
SN_002715,LOT_008,9.8481,10.9418,11.1748,11.3932,0,healthy,0.0,50.0,9.2484,0
SN_002716,LOT_008,8.4633,9.4723,9.5737,9.6657,0,healthy,0.0,50.0,9.2484,0
SN_002717,LOT_008,9.2079,9.7911,10.1455,10.1641,0,healthy,0.0,50.0,9.2484,0
SN_002718,LOT_008,9.7494,10.7346,11.1232,11.1684,0,healthy,0.0,50.0,9.2484,0
SN_002719,LOT_008,10.2427,10.6905,10.7799,10.7575,0,healthy,0.0,50.0,9.2484,0
SN_002720,LOT_008,10.6566,11.5384,11.904,12.0184,0,healthy,0.0,50.0,9.2484,0
SN_002721,LOT_008,10.3574,11.056,11.3172,11.3785,0,healthy,0.0,50.0,9.2484,0
SN_002722,LOT_008,8.953,,10.2793,10.2722,0,healthy,0.0,50.0,9.2484,0
SN_002723,LOT_008,8.9106,9.6968,9.6892,9.7836,0,healthy,0.0,50.0,9.2484,0
SN_002724,LOT_008,8.869,9.5128,9.5989,9.6866,0,healthy,0.0,50.0,9.2484,0
SN_002725,LOT_008,9.7691,10.3508,10.6075,10.8388,0,healthy,0.0,50.0,9.2484,0
SN_002726,LOT_008,10.4371,11.2761,11.8878,11.9172,0,healthy,0.0,50.0,9.2484,0
SN_002727,LOT_008,9.8959,10.2614,10.6185,10.763,0,healthy,0.0,50.0,9.2484,0
SN_002728,LOT_008,8.5864,9.0819,9.2406,9.4558,0,healthy,0.0,50.0,9.2484,0
SN_002729,LOT_008,10.0959,10.5706,10.7682,11.1182,0,healthy,0.0,50.0,9.2484,0
SN_002730,LOT_008,9.152,9.5756,9.7192,9.8414,0,healthy,0.0,50.0,9.2484,0
SN_002731,LOT_008,9.4203,9.6862,9.9554,10.1613,0,healthy,0.0,50.0,9.2484,0
SN_002732,LOT_008,10.6825,11.3202,11.6546,11.7472,0,healthy,0.0,50.0,9.2484,0
SN_002733,LOT_008,9.352,9.9999,10.3253,10.5282,0,healthy,0.0,50.0,9.2484,0
SN_002734,LOT_008,7.9646,,8.7778,8.9944,0,healthy,0.0,50.0,9.2484,0
SN_002735,LOT_008,9.0243,9.4968,9.6089,9.7128,0,healthy,0.0,50.0,9.2484,0
SN_002736,LOT_008,8.8949,,9.372,9.5475,0,healthy,0.0,50.0,9.2484,0
SN_002737,LOT_008,10.0717,11.1737,11.7391,11.7342,0,healthy,0.0,50.0,9.2484,0
SN_002738,LOT_008,8.9394,9.5175,9.7876,9.8333,0,healthy,0.0,50.0,9.2484,0
SN_002739,LOT_008,10.316,10.9694,11.0985,11.3614,0,healthy,0.0,50.0,9.2484,0
SN_002740,LOT_008,8.6249,9.2089,9.0879,9.2448,0,healthy,0.0,50.0,9.2484,0
SN_002741,LOT_008,10.6427,10.9652,11.0837,11.2792,0,healthy,0.0,50.0,9.2484,0
SN_002742,LOT_008,8.3607,9.5675,9.7993,9.7704,0,healthy,0.0,50.0,9.2484,0
SN_002743,LOT_008,10.7995,12.1304,12.529,12.5883,0,healthy,0.0,50.0,9.2484,0
SN_002744,LOT_008,10.0244,10.8005,11.387,11.5308,0,healthy,0.0,50.0,9.2484,0
SN_002745,LOT_008,9.5861,9.9772,10.3023,10.2649,0,healthy,0.0,50.0,9.2484,0
SN_002746,LOT_008,8.0302,8.7204,9.133,9.3732,0,healthy,0.0,50.0,9.2484,0
SN_002747,LOT_008,9.4915,10.7176,10.9718,11.2404,0,healthy,0.0,50.0,9.2484,0
SN_002748,LOT_008,7.998,8.9144,9.1916,9.2466,0,healthy,0.0,50.0,9.2484,0
SN_002749,LOT_008,9.869,10.392,10.6298,10.7504,0,healthy,0.0,50.0,9.2484,0
SN_002750,LOT_008,9.746,10.5904,10.8402,11.0358,0,healthy,0.0,50.0,9.2484,0
SN_002751,LOT_008,,,11.8745,12.0971,0,healthy,0.0,50.0,9.2484,0
SN_002752,LOT_008,9.9424,10.3217,10.6167,10.5327,0,healthy,0.0,50.0,9.2484,0
SN_002753,LOT_008,9.7267,10.8262,11.1412,11.3661,0,healthy,0.0,50.0,9.2484,0
SN_002754,LOT_008,8.8923,9.5127,9.727,9.9673,0,healthy,0.0,50.0,9.2484,0
SN_002755,LOT_008,10.2572,11.4771,11.9419,12.2507,0,healthy,0.0,50.0,9.2484,0
SN_002756,LOT_008,8.1087,8.8908,9.1564,9.0813,0,healthy,0.0,50.0,9.2484,0
SN_002757,LOT_008,9.4221,10.6833,10.8726,11.1042,0,healthy,0.0,50.0,9.2484,0
SN_002758,LOT_008,9.8303,11.2623,11.4203,11.6119,0,healthy,0.0,50.0,9.2484,0
SN_002759,LOT_008,7.9067,8.793,8.934,9.1581,0,healthy,0.0,50.0,9.2484,0
SN_002760,LOT_008,8.8109,9.1941,9.5739,9.4162,0,healthy,0.0,50.0,9.2484,0
SN_002761,LOT_008,9.1229,9.8158,9.9345,9.9841,0,healthy,0.0,50.0,9.2484,0
SN_002762,LOT_008,,10.0978,10.2469,10.2276,0,healthy,0.0,50.0,9.2484,0
SN_002763,LOT_008,8.159,8.9707,9.5068,9.6808,0,healthy,0.0,50.0,9.2484,0
SN_002764,LOT_008,9.2267,10.2919,10.6587,10.6344,0,healthy,0.0,50.0,9.2484,0
SN_002765,LOT_008,7.8524,8.6977,8.9215,9.1913,0,healthy,0.0,50.0,9.2484,0
SN_002766,LOT_008,10.5707,11.1597,11.6316,11.5751,0,healthy,0.0,50.0,9.2484,0
SN_002767,LOT_008,9.6668,10.1295,10.2859,10.3594,0,healthy,0.0,50.0,9.2484,0
SN_002768,LOT_008,8.2477,9.0497,9.3282,9.5522,0,healthy,0.0,50.0,9.2484,0
SN_002769,LOT_008,8.5233,9.1175,9.0639,9.2685,0,healthy,0.0,50.0,9.2484,0
SN_002770,LOT_008,10.0618,11.7184,11.8251,11.9701,0,healthy,0.0,50.0,9.2484,0
SN_002771,LOT_008,8.6446,9.7431,10.1541,10.2877,0,healthy,0.0,50.0,9.2484,0
SN_002772,LOT_008,9.719,10.7598,11.1952,11.2884,0,healthy,0.0,50.0,9.2484,0
SN_002773,LOT_008,11.9185,12.3653,12.7628,12.6397,0,healthy,0.0,50.0,9.2484,0
SN_002774,LOT_008,9.6229,10.1908,10.3438,10.4078,0,healthy,0.0,50.0,9.2484,0
SN_002775,LOT_008,8.4298,9.0531,9.2358,9.3404,0,healthy,0.0,50.0,9.2484,0
SN_002776,LOT_008,9.2013,10.1111,10.7105,10.9177,0,healthy,0.0,50.0,9.2484,0
SN_002777,LOT_008,7.526,7.7114,7.9167,7.9988,0,healthy,0.0,50.0,9.2484,0
SN_002778,LOT_008,8.8773,9.624,10.0192,10.137,0,healthy,0.0,50.0,9.2484,0
SN_002779,LOT_008,8.2527,8.9481,9.2031,9.2274,0,healthy,0.0,50.0,9.2484,0
SN_002780,LOT_008,9.7055,9.9682,10.2642,10.1989,0,healthy,0.0,50.0,9.2484,0
SN_002781,LOT_008,9.8235,10.1758,10.2739,10.317,0,healthy,0.0,50.0,9.2484,0
SN_002782,LOT_008,10.0271,10.2655,10.6162,10.7356,0,healthy,0.0,50.0,9.2484,0
SN_002783,LOT_008,9.3089,10.3765,10.8582,10.7936,0,healthy,0.0,50.0,9.2484,0
SN_002784,LOT_008,8.1106,8.3102,8.501,8.4097,0,healthy,0.0,50.0,9.2484,0
SN_002785,LOT_008,8.884,9.6901,9.9276,10.0724,0,healthy,0.0,50.0,9.2484,0
SN_002786,LOT_008,8.6763,9.1914,9.4685,9.4761,0,healthy,0.0,50.0,9.2484,0
SN_002787,LOT_008,10.5922,10.8658,11.1211,11.1525,0,healthy,0.0,50.0,9.2484,0
SN_002788,LOT_008,9.2635,10.0922,10.7122,10.931,0,healthy,0.0,50.0,9.2484,0
SN_002789,LOT_008,8.7315,9.0392,9.1472,9.3666,0,healthy,0.0,50.0,9.2484,0
SN_002790,LOT_008,9.9975,11.0972,11.26,11.4426,0,healthy,0.0,50.0,9.2484,0
SN_002791,LOT_008,8.3885,9.5768,9.7066,9.8809,0,healthy,0.0,50.0,9.2484,0
SN_002792,LOT_008,,10.3798,10.8304,10.9912,0,healthy,0.0,50.0,9.2484,0
SN_002793,LOT_008,10.8782,11.2619,11.4805,11.5834,0,healthy,0.0,50.0,9.2484,0
SN_002794,LOT_008,8.5929,8.823,8.9833,8.9731,0,healthy,0.0,50.0,9.2484,0
SN_002795,LOT_008,9.32,9.4006,9.8259,9.7329,0,healthy,0.0,50.0,9.2484,0
SN_002796,LOT_008,10.0869,10.4966,10.5285,10.7373,0,healthy,0.0,50.0,9.2484,0
SN_002797,LOT_008,8.6302,9.3303,9.5704,9.7768,0,healthy,0.0,50.0,9.2484,0
SN_002798,LOT_008,9.6719,10.1635,10.4617,10.4158,0,healthy,0.0,50.0,9.2484,0
SN_002799,LOT_008,10.4431,,10.985,11.1634,0,healthy,0.0,50.0,9.2484,0
SN_002800,LOT_008,9.7044,10.2739,10.7431,10.8851,0,healthy,0.0,50.0,9.2484,0
SN_002801,LOT_008,9.4018,10.3081,10.8267,11.0649,0,healthy,0.0,50.0,9.2484,0
SN_002802,LOT_008,9.4178,10.6672,11.0184,11.21,0,healthy,0.0,50.0,9.2484,0
SN_002803,LOT_008,,10.1887,10.2639,10.3389,0,healthy,0.0,50.0,9.2484,0
SN_002804,LOT_008,9.9549,10.6447,10.9111,10.7228,0,healthy,0.0,50.0,9.2484,0
SN_002805,LOT_008,8.6858,9.7478,10.1398,10.1839,0,healthy,0.0,50.0,9.2484,0
SN_002806,LOT_008,9.5996,10.078,10.2369,10.3379,0,healthy,0.0,50.0,9.2484,0
SN_002807,LOT_008,8.8171,9.7103,9.8945,9.9369,0,healthy,0.0,50.0,9.2484,0
SN_002808,LOT_008,8.4799,,9.1692,9.4263,0,healthy,0.0,50.0,9.2484,0
SN_002809,LOT_008,8.8611,9.533,10.1063,10.1366,0,healthy,0.0,50.0,9.2484,0
SN_002810,LOT_008,9.3598,10.1431,10.5871,10.6158,0,healthy,0.0,50.0,9.2484,0
SN_002811,LOT_008,8.9266,9.6217,10.0485,10.249,0,healthy,0.0,50.0,9.2484,0
SN_002812,LOT_008,8.5521,9.0492,9.4311,9.323,0,healthy,0.0,50.0,9.2484,0
SN_002813,LOT_008,7.6617,8.5711,8.8695,8.846,0,healthy,0.0,50.0,9.2484,0
SN_002814,LOT_008,8.2813,8.7311,8.9289,8.9595,0,healthy,0.0,50.0,9.2484,0
SN_002815,LOT_008,9.3504,10.1544,10.3857,10.5888,0,healthy,0.0,50.0,9.2484,0
SN_002816,LOT_008,,10.6831,10.9598,11.0404,0,healthy,0.0,50.0,9.2484,0
SN_002817,LOT_008,9.8455,10.2293,10.3617,10.3887,0,healthy,0.0,50.0,9.2484,0
SN_002818,LOT_008,9.7086,10.3154,10.5171,10.6652,0,healthy,0.0,50.0,9.2484,0
SN_002819,LOT_008,8.7714,9.493,9.7419,9.7966,0,healthy,0.0,50.0,9.2484,0
SN_002820,LOT_008,8.4092,8.6795,8.7528,8.9231,0,healthy,0.0,50.0,9.2484,0
SN_002821,LOT_008,10.9279,11.7484,11.9328,12.2812,0,healthy,0.0,50.0,9.2484,0
SN_002822,LOT_008,8.572,8.9432,9.1975,9.2689,0,healthy,0.0,50.0,9.2484,0
SN_002823,LOT_008,9.6276,10.5033,11.0361,11.2468,0,healthy,0.0,50.0,9.2484,0
SN_002824,LOT_008,8.3156,9.4034,9.8612,9.9932,0,healthy,0.0,50.0,9.2484,0
SN_002825,LOT_008,8.6442,9.6156,9.982,10.1424,0,healthy,0.0,50.0,9.2484,0
SN_002826,LOT_008,9.3666,,10.3852,10.5434,0,healthy,0.0,50.0,9.2484,0
SN_002827,LOT_008,11.2145,12.4695,12.8629,12.9598,0,healthy,0.0,50.0,9.2484,0
SN_002828,LOT_008,7.9452,8.6175,8.9166,9.024,0,healthy,0.0,50.0,9.2484,0
SN_002829,LOT_008,8.041,11.0667,12.0014,12.1666,1,mobile_ion,0.0879,50.0,9.2484,0
SN_002830,LOT_008,8.5179,9.3183,9.6233,9.613,0,healthy,0.0,50.0,9.2484,0
SN_002831,LOT_008,10.299,10.7421,10.7624,10.8279,0,healthy,0.0,50.0,9.2484,0
SN_002832,LOT_008,,11.4037,11.9499,11.9638,0,healthy,0.0,50.0,9.2484,0
SN_002833,LOT_008,9.2802,10.5379,10.8161,11.0191,0,healthy,0.0,50.0,9.2484,0
SN_002834,LOT_008,9.2501,10.4688,10.8072,10.9779,0,healthy,0.0,50.0,9.2484,0
SN_002835,LOT_008,8.9523,9.6577,10.144,10.2179,0,healthy,0.0,50.0,9.2484,0
SN_002836,LOT_008,8.4243,9.4333,9.8697,10.1859,0,healthy,0.0,50.0,9.2484,0
SN_002837,LOT_008,11.0368,12.08,12.75,12.9652,0,healthy,0.0,50.0,9.2484,0
SN_002838,LOT_008,8.6714,9.6471,10.0246,10.122,0,healthy,0.0,50.0,9.2484,0
SN_002839,LOT_008,10.0037,10.6328,10.8895,10.9378,0,healthy,0.0,50.0,9.2484,0
SN_002840,LOT_008,9.7531,10.8653,11.2954,11.4315,0,healthy,0.0,50.0,9.2484,0
SN_002841,LOT_008,9.6347,10.0699,10.4112,10.4274,0,healthy,0.0,50.0,9.2484,0
SN_002842,LOT_008,10.3074,11.7621,12.1788,12.3077,0,healthy,0.0,50.0,9.2484,0
SN_002843,LOT_008,7.9402,8.8628,9.186,9.4374,0,healthy,0.0,50.0,9.2484,0
SN_002844,LOT_008,8.1499,8.5699,8.6856,8.7423,0,healthy,0.0,50.0,9.2484,0
SN_002845,LOT_008,,9.6513,9.9469,10.1695,0,healthy,0.0,50.0,9.2484,0
SN_002846,LOT_008,8.3518,9.1915,9.4698,9.6473,0,healthy,0.0,50.0,9.2484,0
SN_002847,LOT_008,9.1245,10.1214,10.5181,10.5467,0,healthy,0.0,50.0,9.2484,0
SN_002848,LOT_008,9.638,10.4272,10.5187,10.6313,0,healthy,0.0,50.0,9.2484,0
SN_002849,LOT_008,8.1973,8.8981,8.9833,9.1622,0,healthy,0.0,50.0,9.2484,0
SN_002850,LOT_008,9.8322,10.6367,10.8957,11.0807,0,healthy,0.0,50.0,9.2484,0
SN_002851,LOT_008,8.7031,9.5981,9.7924,10.0368,0,healthy,0.0,50.0,9.2484,0
SN_002852,LOT_008,11.906,13.8184,13.9316,14.0611,0,healthy,0.0,50.0,9.2484,0
SN_002853,LOT_008,8.1461,9.1764,9.6389,9.7246,0,healthy,0.0,50.0,9.2484,0
SN_002854,LOT_008,9.2758,9.7688,10.0718,10.2099,0,healthy,0.0,50.0,9.2484,0
SN_002855,LOT_008,9.7639,10.8538,11.4125,11.6245,0,healthy,0.0,50.0,9.2484,0
SN_002856,LOT_008,9.2678,10.2879,10.6368,10.832,0,healthy,0.0,50.0,9.2484,0
SN_002857,LOT_008,9.2847,10.2935,10.7533,10.9865,0,healthy,0.0,50.0,9.2484,0
SN_002858,LOT_008,9.3877,10.1711,10.3943,10.5569,0,healthy,0.0,50.0,9.2484,0
SN_002859,LOT_008,8.0842,8.6675,8.8894,8.965,0,healthy,0.0,50.0,9.2484,0
SN_002860,LOT_008,8.6524,8.983,9.1424,9.2096,0,healthy,0.0,50.0,9.2484,0
SN_002861,LOT_008,10.0985,11.1915,11.8944,12.0327,0,healthy,0.0,50.0,9.2484,0
SN_002862,LOT_008,9.7792,10.5007,10.9531,11.0107,0,healthy,0.0,50.0,9.2484,0
SN_002863,LOT_008,,10.8862,11.2044,11.3857,0,healthy,0.0,50.0,9.2484,0
SN_002864,LOT_008,8.7315,,9.5207,9.8287,0,healthy,0.0,50.0,9.2484,0
SN_002865,LOT_008,9.1543,9.4424,9.5961,9.7784,0,healthy,0.0,50.0,9.2484,0
SN_002866,LOT_008,8.968,9.1942,14.2578,31.6785,1,tddb_dielectric,0.6685,50.0,9.2484,0
SN_002867,LOT_008,8.3848,9.5578,9.8709,10.0265,0,healthy,0.0,50.0,9.2484,0
SN_002868,LOT_008,,10.7055,11.0114,10.9948,0,healthy,0.0,50.0,9.2484,0
SN_002869,LOT_008,10.7242,11.886,12.6207,12.784,0,healthy,0.0,50.0,9.2484,0
SN_002870,LOT_008,10.5803,11.428,12.0348,12.0538,0,healthy,0.0,50.0,9.2484,0
SN_002871,LOT_008,9.5915,10.8815,11.2728,11.4332,0,healthy,0.0,50.0,9.2484,0
SN_002872,LOT_008,9.4827,9.8303,9.9623,9.9945,0,healthy,0.0,50.0,9.2484,0
SN_002873,LOT_008,8.0968,8.8166,9.003,9.1497,0,healthy,0.0,50.0,9.2484,0
SN_002874,LOT_008,10.5922,11.3949,11.7068,11.8655,0,healthy,0.0,50.0,9.2484,0
SN_002875,LOT_008,10.5428,,11.7992,11.8779,0,healthy,0.0,50.0,9.2484,0
SN_002876,LOT_008,8.1411,8.6562,8.7473,8.6868,0,healthy,0.0,50.0,9.2484,0
SN_002877,LOT_008,9.9452,10.5712,10.8378,11.0331,0,healthy,0.0,50.0,9.2484,0
SN_002878,LOT_008,8.8099,9.2079,9.3565,9.3234,0,healthy,0.0,50.0,9.2484,0
SN_002879,LOT_008,8.3712,8.8387,9.0952,9.254,0,healthy,0.0,50.0,9.2484,0
SN_002880,LOT_008,9.3376,10.669,10.8815,10.904,0,healthy,0.0,50.0,9.2484,0
SN_002881,LOT_008,,7.9974,7.9847,7.9733,0,healthy,0.0,50.0,9.2484,0
SN_002882,LOT_008,10.0323,10.5856,10.8534,11.1266,0,healthy,0.0,50.0,9.2484,0
SN_002883,LOT_008,9.518,10.4879,10.7485,10.8474,0,healthy,0.0,50.0,9.2484,0
SN_002884,LOT_008,10.1777,10.9355,11.2665,11.6468,0,healthy,0.0,50.0,9.2484,0
SN_002885,LOT_008,10.2364,10.8233,11.1935,11.3498,0,healthy,0.0,50.0,9.2484,0
SN_002886,LOT_008,8.594,9.442,9.7712,9.9912,0,healthy,0.0,50.0,9.2484,0
SN_002887,LOT_008,9.1299,9.6728,9.9131,10.0228,0,healthy,0.0,50.0,9.2484,0
SN_002888,LOT_008,8.1301,9.2301,9.4718,9.4303,0,healthy,0.0,50.0,9.2484,0
SN_002889,LOT_008,9.2438,10.1683,10.3877,10.5404,0,healthy,0.0,50.0,9.2484,0
SN_002890,LOT_008,8.9386,9.3747,9.4211,9.5242,0,healthy,0.0,50.0,9.2484,0
SN_002891,LOT_008,9.4403,9.8023,10.1006,9.9664,0,healthy,0.0,50.0,9.2484,0
SN_002892,LOT_008,9.3929,10.3902,10.9065,11.056,0,healthy,0.0,50.0,9.2484,0
SN_002893,LOT_008,10.5286,11.0299,11.3158,11.588,0,healthy,0.0,50.0,9.2484,0
SN_002894,LOT_008,8.4912,9.4223,9.6877,9.8837,0,healthy,0.0,50.0,9.2484,0
SN_002895,LOT_008,10.671,11.4349,11.818,12.2602,0,healthy,0.0,50.0,9.2484,0
SN_002896,LOT_008,8.951,,9.3621,9.3903,0,healthy,0.0,50.0,9.2484,0
SN_002897,LOT_008,9.7747,10.3804,10.8579,10.8507,0,healthy,0.0,50.0,9.2484,0
SN_002898,LOT_008,9.393,10.32,10.5293,10.7216,0,healthy,0.0,50.0,9.2484,0
SN_002899,LOT_008,10.3943,10.8475,10.8542,11.0306,0,healthy,0.0,50.0,9.2484,0
SN_002900,LOT_008,10.3398,11.5709,11.6459,11.8975,0,healthy,0.0,50.0,9.2484,0
SN_002901,LOT_008,7.8747,8.5384,8.6123,8.9127,0,healthy,0.0,50.0,9.2484,0
SN_002902,LOT_008,8.8565,9.5255,9.8218,10.0839,0,healthy,0.0,50.0,9.2484,0
SN_002903,LOT_008,9.1039,9.8019,10.206,10.3817,0,healthy,0.0,50.0,9.2484,0
SN_002904,LOT_008,9.5658,10.0208,10.2405,10.4893,0,healthy,0.0,50.0,9.2484,0
SN_002905,LOT_008,9.1622,10.0558,10.4302,10.6588,0,healthy,0.0,50.0,9.2484,0
SN_002906,LOT_008,9.8703,10.8932,11.4642,11.5674,0,healthy,0.0,50.0,9.2484,0
SN_002907,LOT_008,9.1915,10.4349,10.6293,10.8224,0,healthy,0.0,50.0,9.2484,0
SN_002908,LOT_008,9.3767,10.2014,10.5782,10.8994,0,healthy,0.0,50.0,9.2484,0
SN_002909,LOT_008,10.106,11.3108,11.6257,11.9642,0,healthy,0.0,50.0,9.2484,0
SN_002910,LOT_008,10.1858,11.1045,11.5797,11.5357,0,healthy,0.0,50.0,9.2484,0
SN_002911,LOT_008,,9.7216,9.9066,10.148,0,healthy,0.0,50.0,9.2484,0
SN_002912,LOT_008,,9.1877,9.6344,9.7644,0,healthy,0.0,50.0,9.2484,0
SN_002913,LOT_008,8.8586,9.842,10.3419,10.5129,0,healthy,0.0,50.0,9.2484,0
SN_002914,LOT_008,10.8005,11.1891,11.2737,11.311,0,healthy,0.0,50.0,9.2484,0
SN_002915,LOT_008,10.1605,10.6652,10.8376,11.1243,0,healthy,0.0,50.0,9.2484,0
SN_002916,LOT_008,11.4097,12.8269,13.0573,13.4629,0,healthy,0.0,50.0,9.2484,0
SN_002917,LOT_008,7.2946,,7.8612,8.0164,0,healthy,0.0,50.0,9.2484,0
SN_002918,LOT_008,9.1537,10.143,10.5402,10.7064,0,healthy,0.0,50.0,9.2484,0
SN_002919,LOT_008,8.7903,9.5353,9.9065,10.1511,0,healthy,0.0,50.0,9.2484,0
SN_002920,LOT_008,8.1983,9.1411,9.5735,9.7771,0,healthy,0.0,50.0,9.2484,0
SN_002921,LOT_008,8.6869,9.5037,9.9534,10.3204,0,healthy,0.0,50.0,9.2484,0
SN_002922,LOT_008,9.3611,9.7739,9.9889,10.1771,0,healthy,0.0,50.0,9.2484,0
SN_002923,LOT_008,9.9908,10.4712,10.5665,10.5858,0,healthy,0.0,50.0,9.2484,0
SN_002924,LOT_008,9.3585,10.4106,10.7702,11.0158,0,healthy,0.0,50.0,9.2484,0
SN_002925,LOT_008,10.0564,10.8868,11.1241,11.317,0,healthy,0.0,50.0,9.2484,0
SN_002926,LOT_008,9.6387,10.0728,10.3337,10.3454,0,healthy,0.0,50.0,9.2484,0
SN_002927,LOT_008,9.6903,10.4366,10.8713,10.8153,0,healthy,0.0,50.0,9.2484,0
SN_002928,LOT_008,8.758,9.8398,10.2636,10.2831,0,healthy,0.0,50.0,9.2484,0
SN_002929,LOT_008,10.0375,10.7834,11.0348,11.1972,0,healthy,0.0,50.0,9.2484,0
SN_002930,LOT_008,8.5301,9.1054,9.5054,9.6058,0,healthy,0.0,50.0,9.2484,0
SN_002931,LOT_008,7.5755,8.5825,8.7319,8.92,0,healthy,0.0,50.0,9.2484,0
SN_002932,LOT_008,8.705,9.6771,9.9416,9.9771,0,healthy,0.0,50.0,9.2484,0
SN_002933,LOT_008,9.6281,10.4836,10.8934,11.0816,0,healthy,0.0,50.0,9.2484,0
SN_002934,LOT_008,11.2868,12.4864,12.7811,12.9871,0,healthy,0.0,50.0,9.2484,0
SN_002935,LOT_008,10.1336,11.4016,11.793,11.9371,0,healthy,0.0,50.0,9.2484,0
SN_002936,LOT_008,10.6742,11.288,11.6003,11.927,0,healthy,0.0,50.0,9.2484,0
SN_002937,LOT_008,9.8888,10.8328,11.3236,11.6881,0,healthy,0.0,50.0,9.2484,0
SN_002938,LOT_008,8.7705,9.7971,9.971,10.0904,0,healthy,0.0,50.0,9.2484,0
SN_002939,LOT_008,9.4413,10.0509,10.2592,10.2696,0,healthy,0.0,50.0,9.2484,0
SN_002940,LOT_008,8.2221,8.7493,8.9816,9.3014,0,healthy,0.0,50.0,9.2484,0
SN_002941,LOT_008,8.5033,9.6475,9.9422,10.0236,0,healthy,0.0,50.0,9.2484,0
SN_002942,LOT_008,8.2444,8.7904,9.2085,9.3788,0,healthy,0.0,50.0,9.2484,0
SN_002943,LOT_008,8.3679,9.4149,9.7002,9.8468,0,healthy,0.0,50.0,9.2484,0
SN_002944,LOT_008,7.2852,,7.8476,7.8977,0,healthy,0.0,50.0,9.2484,0
SN_002945,LOT_008,8.06,8.9181,9.17,9.2124,0,healthy,0.0,50.0,9.2484,0
SN_002946,LOT_008,9.092,10.0096,10.2466,10.4397,0,healthy,0.0,50.0,9.2484,0
SN_002947,LOT_008,9.4364,9.7278,10.0424,9.9768,0,healthy,0.0,50.0,9.2484,0
SN_002948,LOT_008,9.0811,10.1083,10.5673,10.849,0,healthy,0.0,50.0,9.2484,0
SN_002949,LOT_008,9.6765,10.3265,10.6219,10.7083,0,healthy,0.0,50.0,9.2484,0
SN_002950,LOT_008,9.9924,10.5839,10.8783,10.906,0,healthy,0.0,50.0,9.2484,0
SN_002951,LOT_008,8.542,8.937,9.173,9.2297,0,healthy,0.0,50.0,9.2484,0
SN_002952,LOT_008,8.9984,10.1062,10.4586,10.3792,0,healthy,0.0,50.0,9.2484,0
SN_002953,LOT_008,8.9036,9.3301,9.5983,9.7752,0,healthy,0.0,50.0,9.2484,0
SN_002954,LOT_008,8.2402,8.6775,8.8944,8.9224,0,healthy,0.0,50.0,9.2484,0
SN_002955,LOT_008,8.8673,10.1019,10.4242,10.4864,0,healthy,0.0,50.0,9.2484,0
SN_002956,LOT_008,9.528,10.6318,10.9417,11.3831,0,healthy,0.0,50.0,9.2484,0
SN_002957,LOT_009,9.7298,10.5414,10.6938,10.8118,0,healthy,0.0,50.0,9.7831,0
SN_002958,LOT_009,8.6856,9.1153,9.3426,9.5196,0,healthy,0.0,50.0,9.7831,0
SN_002959,LOT_009,11.2773,12.0851,12.1748,12.599,0,healthy,0.0,50.0,9.7831,0
SN_002960,LOT_009,10.4372,11.3219,11.3408,11.6605,0,healthy,0.0,50.0,9.7831,0
SN_002961,LOT_009,,10.6526,10.945,11.171,0,healthy,0.0,50.0,9.7831,0
SN_002962,LOT_009,8.782,9.5841,9.9378,9.9095,0,healthy,0.0,50.0,9.7831,0
SN_002963,LOT_009,9.1131,9.9575,10.3236,10.3516,0,healthy,0.0,50.0,9.7831,0
SN_002964,LOT_009,9.4374,10.3952,10.6212,10.8129,0,healthy,0.0,50.0,9.7831,0
SN_002965,LOT_009,10.492,11.7222,12.2947,12.4586,0,healthy,0.0,50.0,9.7831,0
SN_002966,LOT_009,9.5912,10.1768,10.4575,10.5801,0,healthy,0.0,50.0,9.7831,0
SN_002967,LOT_009,9.9393,11.0004,11.26,11.5091,0,healthy,0.0,50.0,9.7831,0
SN_002968,LOT_009,10.7844,,12.6085,12.5386,0,healthy,0.0,50.0,9.7831,0
SN_002969,LOT_009,10.6506,,11.9526,12.1694,0,healthy,0.0,50.0,9.7831,0
SN_002970,LOT_009,11.7266,13.3366,13.6844,13.921,0,healthy,0.0,50.0,9.7831,0
SN_002971,LOT_009,9.1408,9.9669,10.1033,10.2815,0,healthy,0.0,50.0,9.7831,0
SN_002972,LOT_009,9.3533,9.8944,10.0572,10.2503,0,healthy,0.0,50.0,9.7831,0
SN_002973,LOT_009,9.9078,10.304,10.623,10.8134,0,healthy,0.0,50.0,9.7831,0
SN_002974,LOT_009,9.4159,9.9261,9.9583,10.1159,0,healthy,0.0,50.0,9.7831,0
SN_002975,LOT_009,8.5898,9.0761,9.3016,9.5352,0,healthy,0.0,50.0,9.7831,0
SN_002976,LOT_009,10.0826,10.8599,10.9253,10.8834,0,healthy,0.0,50.0,9.7831,0
SN_002977,LOT_009,8.6421,9.3872,9.6163,9.5861,0,healthy,0.0,50.0,9.7831,0
SN_002978,LOT_009,11.0595,12.138,12.6563,12.9719,0,healthy,0.0,50.0,9.7831,0
SN_002979,LOT_009,13.273,14.2922,14.6763,14.6698,0,healthy,0.0,50.0,9.7831,0
SN_002980,LOT_009,,11.4557,11.6777,11.8245,0,healthy,0.0,50.0,9.7831,0
SN_002981,LOT_009,8.7287,9.4826,9.7218,9.6727,0,healthy,0.0,50.0,9.7831,0
SN_002982,LOT_009,8.4869,9.039,9.2964,9.4874,0,healthy,0.0,50.0,9.7831,0
SN_002983,LOT_009,9.0821,10.2693,10.6449,10.8876,0,healthy,0.0,50.0,9.7831,0
SN_002984,LOT_009,9.7106,10.4794,10.6648,10.7502,0,healthy,0.0,50.0,9.7831,0
SN_002985,LOT_009,11.3367,12.1663,12.7237,13.0627,0,healthy,0.0,50.0,9.7831,0
SN_002986,LOT_009,9.3703,10.1557,10.4774,10.5956,0,healthy,0.0,50.0,9.7831,0
SN_002987,LOT_009,9.527,10.0944,10.2328,10.3134,0,healthy,0.0,50.0,9.7831,0
SN_002988,LOT_009,11.4165,11.7464,11.9427,12.169,0,healthy,0.0,50.0,9.7831,0
SN_002989,LOT_009,9.429,10.1827,10.481,10.573,0,healthy,0.0,50.0,9.7831,0
SN_002990,LOT_009,,11.1224,11.2933,11.4396,0,healthy,0.0,50.0,9.7831,0
SN_002991,LOT_009,9.4497,10.1798,10.4207,10.5186,0,healthy,0.0,50.0,9.7831,0
SN_002992,LOT_009,8.7906,9.3471,9.4849,9.7053,0,healthy,0.0,50.0,9.7831,0
SN_002993,LOT_009,9.6305,9.9603,10.1423,10.0973,0,healthy,0.0,50.0,9.7831,0
SN_002994,LOT_009,10.0008,10.9859,11.5051,11.7203,0,healthy,0.0,50.0,9.7831,0
SN_002995,LOT_009,12.0794,12.5579,12.9267,13.2311,0,healthy,0.0,50.0,9.7831,0
SN_002996,LOT_009,11.5625,12.2325,12.3062,12.2564,0,healthy,0.0,50.0,9.7831,0
SN_002997,LOT_009,,8.8681,9.1367,9.1231,0,healthy,0.0,50.0,9.7831,0
SN_002998,LOT_009,9.9671,10.6982,11.2423,11.6301,0,healthy,0.0,50.0,9.7831,0
SN_002999,LOT_009,9.8015,10.4671,10.7208,10.7654,0,healthy,0.0,50.0,9.7831,0
SN_003000,LOT_009,9.2261,9.5846,9.7279,9.6748,0,healthy,0.0,50.0,9.7831,0
SN_003001,LOT_009,9.7224,10.511,10.6998,10.8979,0,healthy,0.0,50.0,9.7831,0
SN_003002,LOT_009,10.4843,11.0759,11.2424,11.4725,0,healthy,0.0,50.0,9.7831,0
SN_003003,LOT_009,9.7085,10.3327,10.5606,10.4892,0,healthy,0.0,50.0,9.7831,0
SN_003004,LOT_009,10.4793,11.333,11.6736,11.904,0,healthy,0.0,50.0,9.7831,0
SN_003005,LOT_009,9.6878,,10.5066,10.5767,0,healthy,0.0,50.0,9.7831,0
SN_003006,LOT_009,10.5829,11.2022,11.4835,11.3594,0,healthy,0.0,50.0,9.7831,0
SN_003007,LOT_009,10.6271,11.4142,11.5308,11.8312,0,healthy,0.0,50.0,9.7831,0
SN_003008,LOT_009,9.9,10.3088,10.5738,10.5408,0,healthy,0.0,50.0,9.7831,0
SN_003009,LOT_009,10.1604,,10.6321,10.725,0,healthy,0.0,50.0,9.7831,0
SN_003010,LOT_009,10.568,11.2153,11.3529,11.3233,0,healthy,0.0,50.0,9.7831,0
SN_003011,LOT_009,9.4069,10.391,10.724,10.8215,0,healthy,0.0,50.0,9.7831,0
SN_003012,LOT_009,9.8926,10.6666,10.8407,11.1172,0,healthy,0.0,50.0,9.7831,0
SN_003013,LOT_009,10.6147,11.4839,11.8654,11.9686,0,healthy,0.0,50.0,9.7831,0
SN_003014,LOT_009,10.2913,11.2113,11.3251,11.1923,0,healthy,0.0,50.0,9.7831,0
SN_003015,LOT_009,8.2734,8.6457,8.8867,8.8926,0,healthy,0.0,50.0,9.7831,0
SN_003016,LOT_009,9.9426,10.7545,10.8902,11.0679,0,healthy,0.0,50.0,9.7831,0
SN_003017,LOT_009,10.192,10.815,11.0489,11.2363,0,healthy,0.0,50.0,9.7831,0
SN_003018,LOT_009,9.4196,9.9366,10.0262,9.9846,0,healthy,0.0,50.0,9.7831,0
SN_003019,LOT_009,9.9969,10.8814,11.232,11.3638,0,healthy,0.0,50.0,9.7831,0
SN_003020,LOT_009,8.8489,,10.3327,10.4544,0,healthy,0.0,50.0,9.7831,0
SN_003021,LOT_009,9.7313,10.59,10.8272,10.9959,0,healthy,0.0,50.0,9.7831,0
SN_003022,LOT_009,9.0234,10.0392,10.3459,10.5776,0,healthy,0.0,50.0,9.7831,0
SN_003023,LOT_009,10.2136,11.4879,11.984,12.338,0,healthy,0.0,50.0,9.7831,0
SN_003024,LOT_009,10.7726,11.2117,11.3712,11.3555,0,healthy,0.0,50.0,9.7831,0
SN_003025,LOT_009,9.3139,9.6357,9.7624,9.71,0,healthy,0.0,50.0,9.7831,0
SN_003026,LOT_009,10.6808,12.002,12.4014,12.6714,0,healthy,0.0,50.0,9.7831,0
SN_003027,LOT_009,9.95,10.2638,10.4585,10.4967,0,healthy,0.0,50.0,9.7831,0
SN_003028,LOT_009,9.0993,9.8008,10.0112,10.0076,0,healthy,0.0,50.0,9.7831,0
SN_003029,LOT_009,10.7871,11.1128,11.2923,11.5886,0,healthy,0.0,50.0,9.7831,0
SN_003030,LOT_009,8.9504,10.0143,10.5346,10.6045,0,healthy,0.0,50.0,9.7831,0
SN_003031,LOT_009,8.9185,9.917,10.372,10.6361,0,healthy,0.0,50.0,9.7831,0
SN_003032,LOT_009,9.1829,10.3853,10.7842,10.9449,0,healthy,0.0,50.0,9.7831,0
SN_003033,LOT_009,8.9553,10.2614,10.553,10.7447,0,healthy,0.0,50.0,9.7831,0
SN_003034,LOT_009,9.6002,10.3136,10.4773,10.6084,0,healthy,0.0,50.0,9.7831,0
SN_003035,LOT_009,9.6316,10.1937,10.4255,10.338,0,healthy,0.0,50.0,9.7831,0
SN_003036,LOT_009,8.6604,9.5604,9.6572,9.9145,0,healthy,0.0,50.0,9.7831,0
SN_003037,LOT_009,10.7785,11.1576,11.1565,11.2979,0,healthy,0.0,50.0,9.7831,0
SN_003038,LOT_009,8.9563,9.6767,9.8938,10.0474,0,healthy,0.0,50.0,9.7831,0
SN_003039,LOT_009,9.2317,9.9141,9.9568,10.158,0,healthy,0.0,50.0,9.7831,0
SN_003040,LOT_009,9.7783,10.8524,11.2878,11.3777,0,healthy,0.0,50.0,9.7831,0
SN_003041,LOT_009,10.3021,10.9098,11.2825,11.328,0,healthy,0.0,50.0,9.7831,0
SN_003042,LOT_009,9.3382,10.1505,10.2838,10.5308,0,healthy,0.0,50.0,9.7831,0
SN_003043,LOT_009,8.5306,9.1319,9.4205,9.5133,0,healthy,0.0,50.0,9.7831,0
SN_003044,LOT_009,8.647,,9.8174,10.0462,0,healthy,0.0,50.0,9.7831,0
SN_003045,LOT_009,35.9622,36.459,38.6299,40.2679,1,esd_oxide,0.588,50.0,9.7831,0
SN_003046,LOT_009,8.5914,9.6184,9.772,9.9604,0,healthy,0.0,50.0,9.7831,0
SN_003047,LOT_009,11.1914,11.9023,12.1575,12.1193,0,healthy,0.0,50.0,9.7831,0
SN_003048,LOT_009,8.3004,9.1421,9.2043,9.3687,0,healthy,0.0,50.0,9.7831,0
SN_003049,LOT_009,10.4457,11.6701,11.9996,12.1101,0,healthy,0.0,50.0,9.7831,0
SN_003050,LOT_009,9.8793,10.9668,11.2324,11.4289,0,healthy,0.0,50.0,9.7831,0
SN_003051,LOT_009,10.1954,10.7962,10.8517,11.0739,0,healthy,0.0,50.0,9.7831,0
SN_003052,LOT_009,10.0366,10.6162,10.957,10.9436,0,healthy,0.0,50.0,9.7831,0
SN_003053,LOT_009,7.9151,8.2764,8.3702,8.3603,0,healthy,0.0,50.0,9.7831,0
SN_003054,LOT_009,9.3319,9.8363,9.9929,10.1297,0,healthy,0.0,50.0,9.7831,0
SN_003055,LOT_009,10.4054,11.4664,11.8333,12.0903,0,healthy,0.0,50.0,9.7831,0
SN_003056,LOT_009,8.25,9.159,9.4152,9.637,0,healthy,0.0,50.0,9.7831,0
SN_003057,LOT_009,12.5284,,13.6156,13.8219,0,healthy,0.0,50.0,9.7831,0
SN_003058,LOT_009,9.815,9.9616,10.2861,10.3466,0,healthy,0.0,50.0,9.7831,0
SN_003059,LOT_009,,9.0899,9.4691,9.3546,0,healthy,0.0,50.0,9.7831,0
SN_003060,LOT_009,9.4749,10.4955,10.5603,10.7304,0,healthy,0.0,50.0,9.7831,0
SN_003061,LOT_009,8.2079,9.4265,9.6447,9.8726,0,healthy,0.0,50.0,9.7831,0
SN_003062,LOT_009,9.0575,10.4018,10.7739,10.7879,0,healthy,0.0,50.0,9.7831,0
SN_003063,LOT_009,11.9645,13.0704,13.4398,13.3724,0,healthy,0.0,50.0,9.7831,0
SN_003064,LOT_009,9.9595,10.9753,11.5475,11.844,0,healthy,0.0,50.0,9.7831,0
SN_003065,LOT_009,11.5699,13.0484,13.4538,13.6594,0,healthy,0.0,50.0,9.7831,0
SN_003066,LOT_009,10.3653,10.8084,11.2127,11.1145,0,healthy,0.0,50.0,9.7831,0
SN_003067,LOT_009,9.9565,10.3586,10.5302,10.4592,0,healthy,0.0,50.0,9.7831,0
SN_003068,LOT_009,8.8442,9.4887,9.7881,9.9366,0,healthy,0.0,50.0,9.7831,0
SN_003069,LOT_009,13.4437,25.016,25.4614,25.7412,1,mobile_ion,0.2755,50.0,9.7831,0
SN_003070,LOT_009,10.1988,10.7354,10.8419,11.0037,0,healthy,0.0,50.0,9.7831,0
SN_003071,LOT_009,9.4473,10.5619,10.9535,11.2035,0,healthy,0.0,50.0,9.7831,0
SN_003072,LOT_009,11.6247,12.5724,13.0714,13.1224,0,healthy,0.0,50.0,9.7831,0
SN_003073,LOT_009,8.4436,9.0552,9.5575,9.6981,0,healthy,0.0,50.0,9.7831,0
SN_003074,LOT_009,8.9137,9.7668,10.2078,10.2017,0,healthy,0.0,50.0,9.7831,0
SN_003075,LOT_009,10.5251,11.5324,11.8132,11.8453,0,healthy,0.0,50.0,9.7831,0
SN_003076,LOT_009,10.0854,11.2516,11.5833,11.9531,0,healthy,0.0,50.0,9.7831,0
SN_003077,LOT_009,10.9176,11.2927,11.5912,11.4088,0,healthy,0.0,50.0,9.7831,0
SN_003078,LOT_009,9.6979,10.9198,11.3955,11.5517,0,healthy,0.0,50.0,9.7831,0
SN_003079,LOT_009,9.2169,9.8682,10.4003,10.5401,0,healthy,0.0,50.0,9.7831,0
SN_003080,LOT_009,,9.9221,10.2277,10.5564,0,healthy,0.0,50.0,9.7831,0
SN_003081,LOT_009,9.4138,10.0706,10.3451,10.2598,0,healthy,0.0,50.0,9.7831,0
SN_003082,LOT_009,10.5439,11.3564,11.6423,11.8216,0,healthy,0.0,50.0,9.7831,0
SN_003083,LOT_009,8.6948,9.1008,9.1841,9.4175,0,healthy,0.0,50.0,9.7831,0
SN_003084,LOT_009,10.2162,10.6518,10.7031,10.8666,0,healthy,0.0,50.0,9.7831,0
SN_003085,LOT_009,8.932,9.5588,9.8691,10.0783,0,healthy,0.0,50.0,9.7831,0
SN_003086,LOT_009,9.0729,9.8439,10.0522,10.2356,0,healthy,0.0,50.0,9.7831,0
SN_003087,LOT_009,8.972,9.9855,10.2168,10.3302,0,healthy,0.0,50.0,9.7831,0
SN_003088,LOT_009,10.9372,11.5414,11.8257,12.0971,0,healthy,0.0,50.0,9.7831,0
SN_003089,LOT_009,9.8769,10.8576,10.8872,11.1708,0,healthy,0.0,50.0,9.7831,0
SN_003090,LOT_009,11.1025,11.5988,11.8004,12.1261,0,healthy,0.0,50.0,9.7831,0
SN_003091,LOT_009,11.3585,12.1975,12.4188,12.6594,0,healthy,0.0,50.0,9.7831,0
SN_003092,LOT_009,10.1407,11.4966,11.7597,11.933,0,healthy,0.0,50.0,9.7831,0
SN_003093,LOT_009,9.359,9.8744,9.8709,10.094,0,healthy,0.0,50.0,9.7831,0
SN_003094,LOT_009,10.2113,11.2218,11.3057,11.6538,0,healthy,0.0,50.0,9.7831,0
SN_003095,LOT_009,9.5987,10.0312,10.1866,10.4606,0,healthy,0.0,50.0,9.7831,0
SN_003096,LOT_009,8.1928,9.1653,9.4164,9.4739,0,healthy,0.0,50.0,9.7831,0
SN_003097,LOT_009,9.8183,10.7396,11.1534,11.4736,0,healthy,0.0,50.0,9.7831,0
SN_003098,LOT_009,9.4525,,11.1003,11.2913,0,healthy,0.0,50.0,9.7831,0
SN_003099,LOT_009,10.9611,11.4906,11.8667,11.9218,0,healthy,0.0,50.0,9.7831,0
SN_003100,LOT_009,9.8747,10.636,11.0534,11.1218,0,healthy,0.0,50.0,9.7831,0
SN_003101,LOT_009,9.6996,10.6494,11.007,11.1785,0,healthy,0.0,50.0,9.7831,0
SN_003102,LOT_009,9.1263,9.6414,9.8509,9.8058,0,healthy,0.0,50.0,9.7831,0
SN_003103,LOT_009,8.6563,9.3584,9.6254,9.692,0,healthy,0.0,50.0,9.7831,0
SN_003104,LOT_009,7.6594,8.1328,8.2919,8.3137,0,healthy,0.0,50.0,9.7831,0
SN_003105,LOT_009,11.0407,12.1267,12.545,12.6688,0,healthy,0.0,50.0,9.7831,0
SN_003106,LOT_009,9.6177,10.825,11.3034,11.2153,0,healthy,0.0,50.0,9.7831,0
SN_003107,LOT_009,10.5935,10.801,11.1953,11.0001,0,healthy,0.0,50.0,9.7831,0
SN_003108,LOT_009,10.0713,10.8204,11.0995,11.2614,0,healthy,0.0,50.0,9.7831,0
SN_003109,LOT_009,8.9105,10.0452,10.3854,10.5397,0,healthy,0.0,50.0,9.7831,0
SN_003110,LOT_009,11.3193,12.0014,12.2016,12.3036,0,healthy,0.0,50.0,9.7831,0
SN_003111,LOT_009,9.6302,10.1085,10.5212,10.4537,0,healthy,0.0,50.0,9.7831,0
SN_003112,LOT_009,9.6274,,11.0337,11.2551,0,healthy,0.0,50.0,9.7831,0
SN_003113,LOT_009,9.6125,10.3713,10.6208,10.8243,0,healthy,0.0,50.0,9.7831,0
SN_003114,LOT_009,9.4093,10.5517,10.8705,11.0481,0,healthy,0.0,50.0,9.7831,0
SN_003115,LOT_009,10.3732,11.2663,11.763,12.1428,0,healthy,0.0,50.0,9.7831,0
SN_003116,LOT_009,10.7413,11.1626,11.3693,11.4895,0,healthy,0.0,50.0,9.7831,0
SN_003117,LOT_009,8.7952,9.6953,9.9392,10.0325,0,healthy,0.0,50.0,9.7831,0
SN_003118,LOT_009,8.7465,9.6263,9.6279,9.6225,0,healthy,0.0,50.0,9.7831,0
SN_003119,LOT_009,9.5125,10.5394,10.9537,11.0289,0,healthy,0.0,50.0,9.7831,0
SN_003120,LOT_009,10.4969,11.308,11.6678,11.7511,0,healthy,0.0,50.0,9.7831,0
SN_003121,LOT_009,10.8072,11.7504,11.9457,11.9631,0,healthy,0.0,50.0,9.7831,0
SN_003122,LOT_009,9.3992,9.9444,10.1816,10.374,0,healthy,0.0,50.0,9.7831,0
SN_003123,LOT_009,9.3066,10.22,10.7344,10.8872,0,healthy,0.0,50.0,9.7831,0
SN_003124,LOT_009,8.1413,8.6934,8.7847,8.9989,0,healthy,0.0,50.0,9.7831,0
SN_003125,LOT_009,9.468,10.2941,10.4812,10.5736,0,healthy,0.0,50.0,9.7831,0
SN_003126,LOT_009,9.002,10.0556,10.4139,10.4061,0,healthy,0.0,50.0,9.7831,0
SN_003127,LOT_009,8.3896,9.1771,9.4168,9.5234,0,healthy,0.0,50.0,9.7831,0
SN_003128,LOT_009,10.3102,11.7455,12.1585,12.1419,0,healthy,0.0,50.0,9.7831,0
SN_003129,LOT_009,8.8879,,10.2239,10.3298,0,healthy,0.0,50.0,9.7831,0
SN_003130,LOT_009,,11.097,11.3308,11.6159,0,healthy,0.0,50.0,9.7831,0
SN_003131,LOT_009,,12.0189,12.4227,12.4435,0,healthy,0.0,50.0,9.7831,0
SN_003132,LOT_009,10.5893,11.5978,11.8978,11.9527,0,healthy,0.0,50.0,9.7831,0
SN_003133,LOT_009,10.7505,12.3817,12.6106,12.8969,0,healthy,0.0,50.0,9.7831,0
SN_003134,LOT_009,8.3426,,8.9424,8.9099,0,healthy,0.0,50.0,9.7831,0
SN_003135,LOT_009,8.7418,9.436,9.8156,9.7044,0,healthy,0.0,50.0,9.7831,0
SN_003136,LOT_009,11.3328,11.9821,12.33,12.5756,0,healthy,0.0,50.0,9.7831,0
SN_003137,LOT_009,10.8414,12.0472,12.5131,12.4849,0,healthy,0.0,50.0,9.7831,0
SN_003138,LOT_009,9.2223,9.961,10.1139,10.1931,0,healthy,0.0,50.0,9.7831,0
SN_003139,LOT_009,10.6616,11.0785,11.2585,11.0877,0,healthy,0.0,50.0,9.7831,0
SN_003140,LOT_009,8.977,9.8062,10.0521,10.2607,0,healthy,0.0,50.0,9.7831,0
SN_003141,LOT_009,9.234,9.9167,10.103,10.2326,0,healthy,0.0,50.0,9.7831,0
SN_003142,LOT_009,9.7027,10.8608,11.3592,11.2794,0,healthy,0.0,50.0,9.7831,0
SN_003143,LOT_009,9.2899,9.9755,10.361,10.5314,0,healthy,0.0,50.0,9.7831,0
SN_003144,LOT_009,10.659,11.5928,11.6524,11.8664,0,healthy,0.0,50.0,9.7831,0
SN_003145,LOT_009,10.7666,11.6785,12.1398,12.3627,0,healthy,0.0,50.0,9.7831,0
SN_003146,LOT_009,9.9927,10.6174,10.9751,11.2001,0,healthy,0.0,50.0,9.7831,0
SN_003147,LOT_009,10.8904,12.1476,12.6626,12.8217,0,healthy,0.0,50.0,9.7831,0
SN_003148,LOT_009,8.9135,9.5229,9.882,9.9269,0,healthy,0.0,50.0,9.7831,0
SN_003149,LOT_009,8.5743,9.3999,9.8263,9.9366,0,healthy,0.0,50.0,9.7831,0
SN_003150,LOT_009,,10.4187,10.7358,11.1006,0,healthy,0.0,50.0,9.7831,0
SN_003151,LOT_009,8.5751,8.9092,9.0409,9.2081,0,healthy,0.0,50.0,9.7831,0
SN_003152,LOT_009,8.0476,9.0937,9.5503,9.5786,0,healthy,0.0,50.0,9.7831,0
SN_003153,LOT_009,10.9524,11.8309,12.4542,12.6735,0,healthy,0.0,50.0,9.7831,0
SN_003154,LOT_009,10.0069,10.4388,10.4453,10.5688,0,healthy,0.0,50.0,9.7831,0
SN_003155,LOT_009,10.1891,10.388,10.6265,10.7623,0,healthy,0.0,50.0,9.7831,0
SN_003156,LOT_009,9.6668,10.6717,11.1058,11.2225,0,healthy,0.0,50.0,9.7831,0
SN_003157,LOT_009,8.6843,9.4029,9.5001,9.6841,0,healthy,0.0,50.0,9.7831,0
SN_003158,LOT_009,8.8833,9.8838,10.301,10.4088,0,healthy,0.0,50.0,9.7831,0
SN_003159,LOT_009,9.0134,,9.9575,10.1583,0,healthy,0.0,50.0,9.7831,0
SN_003160,LOT_009,8.8625,9.8098,10.1355,10.2304,0,healthy,0.0,50.0,9.7831,0
SN_003161,LOT_009,9.6987,10.2678,10.5051,10.6038,0,healthy,0.0,50.0,9.7831,0
SN_003162,LOT_009,9.1593,9.902,10.2521,10.4006,0,healthy,0.0,50.0,9.7831,0
SN_003163,LOT_009,11.108,11.6506,11.9945,11.964,0,healthy,0.0,50.0,9.7831,0
SN_003164,LOT_009,10.8593,11.4522,11.6322,11.5548,0,healthy,0.0,50.0,9.7831,0
SN_003165,LOT_009,11.2433,12.6487,12.7956,13.1578,0,healthy,0.0,50.0,9.7831,0
SN_003166,LOT_009,11.007,12.3365,12.4617,12.611,0,healthy,0.0,50.0,9.7831,0
SN_003167,LOT_009,,11.3372,11.5811,12.026,0,healthy,0.0,50.0,9.7831,0
SN_003168,LOT_009,8.7567,9.2276,9.5479,9.6649,0,healthy,0.0,50.0,9.7831,0
SN_003169,LOT_009,10.3086,11.4773,11.6791,11.8369,0,healthy,0.0,50.0,9.7831,0
SN_003170,LOT_009,8.311,9.0389,9.4281,9.4657,0,healthy,0.0,50.0,9.7831,0
SN_003171,LOT_009,10.0674,10.7154,11.0315,11.204,0,healthy,0.0,50.0,9.7831,0
SN_003172,LOT_009,9.7255,10.9259,11.2179,11.554,0,healthy,0.0,50.0,9.7831,0
SN_003173,LOT_009,9.7435,10.5585,10.915,10.9971,0,healthy,0.0,50.0,9.7831,0
SN_003174,LOT_009,10.5256,11.1078,11.3293,11.4866,0,healthy,0.0,50.0,9.7831,0
SN_003175,LOT_009,11.7465,12.8051,13.2276,13.2552,0,healthy,0.0,50.0,9.7831,0
SN_003176,LOT_009,9.2828,9.6648,9.8345,10.0127,0,healthy,0.0,50.0,9.7831,0
SN_003177,LOT_009,9.1716,10.0256,10.2639,10.3001,0,healthy,0.0,50.0,9.7831,0
SN_003178,LOT_009,,10.4517,10.8835,11.0222,0,healthy,0.0,50.0,9.7831,0
SN_003179,LOT_009,9.4742,9.839,10.1269,10.1476,0,healthy,0.0,50.0,9.7831,0
SN_003180,LOT_009,9.9043,10.4545,10.9073,10.7418,0,healthy,0.0,50.0,9.7831,0
SN_003181,LOT_009,9.4723,10.0614,10.4155,10.4629,0,healthy,0.0,50.0,9.7831,0
SN_003182,LOT_009,10.3989,11.1738,11.6324,11.8599,0,healthy,0.0,50.0,9.7831,0
SN_003183,LOT_009,10.2034,10.9716,11.3795,11.4792,0,healthy,0.0,50.0,9.7831,0
SN_003184,LOT_009,10.0474,10.5815,10.8409,11.0311,0,healthy,0.0,50.0,9.7831,0
SN_003185,LOT_009,9.0158,10.0415,10.301,10.4513,0,healthy,0.0,50.0,9.7831,0
SN_003186,LOT_009,,8.6164,8.742,8.8945,0,healthy,0.0,50.0,9.7831,0
SN_003187,LOT_009,9.3584,10.4456,10.9459,10.9736,0,healthy,0.0,50.0,9.7831,0
SN_003188,LOT_009,10.6514,11.8369,12.3852,12.7016,0,healthy,0.0,50.0,9.7831,0
SN_003189,LOT_009,10.2177,10.9339,11.1734,11.2531,0,healthy,0.0,50.0,9.7831,0
SN_003190,LOT_009,8.7219,9.5118,9.979,10.3672,0,healthy,0.0,50.0,9.7831,0
SN_003191,LOT_009,9.6739,10.2686,10.5462,10.8333,0,healthy,0.0,50.0,9.7831,0
SN_003192,LOT_009,10.6473,11.6637,11.8063,11.9527,0,healthy,0.0,50.0,9.7831,0
SN_003193,LOT_009,10.3305,11.2448,11.6558,12.1269,0,healthy,0.0,50.0,9.7831,0
SN_003194,LOT_009,9.9399,10.5736,10.8715,11.0061,0,healthy,0.0,50.0,9.7831,0
SN_003195,LOT_009,10.1933,11.0953,11.7479,11.8699,0,healthy,0.0,50.0,9.7831,0
SN_003196,LOT_009,7.2472,7.5413,7.6463,7.7468,0,healthy,0.0,50.0,9.7831,0
SN_003197,LOT_009,10.0654,11.4736,11.6971,12.1649,0,healthy,0.0,50.0,9.7831,0
SN_003198,LOT_009,,9.9984,10.2108,10.2312,0,healthy,0.0,50.0,9.7831,0
SN_003199,LOT_009,8.6794,9.2132,9.4198,9.546,0,healthy,0.0,50.0,9.7831,0
SN_003200,LOT_009,9.522,9.8974,10.1708,10.1271,0,healthy,0.0,50.0,9.7831,0
SN_003201,LOT_009,11.8223,13.4173,13.7629,14.0306,0,healthy,0.0,50.0,9.7831,0
SN_003202,LOT_009,8.9662,9.9218,10.1817,10.2208,0,healthy,0.0,50.0,9.7831,0
SN_003203,LOT_009,8.9552,9.3171,9.5842,9.5159,0,healthy,0.0,50.0,9.7831,0
SN_003204,LOT_009,9.3433,10.1105,10.3098,10.4508,0,healthy,0.0,50.0,9.7831,0
SN_003205,LOT_009,7.5906,8.0107,8.3821,8.3445,0,healthy,0.0,50.0,9.7831,0
SN_003206,LOT_009,7.9671,8.6316,8.9866,8.9954,0,healthy,0.0,50.0,9.7831,0
SN_003207,LOT_009,10.3863,11.6787,12.0345,12.3714,0,healthy,0.0,50.0,9.7831,0
SN_003208,LOT_009,9.3594,10.4617,10.5826,10.7462,0,healthy,0.0,50.0,9.7831,0
SN_003209,LOT_009,8.6086,9.5039,9.7184,9.8743,0,healthy,0.0,50.0,9.7831,0
SN_003210,LOT_009,9.2427,9.8148,10.2355,10.5085,0,healthy,0.0,50.0,9.7831,0
SN_003211,LOT_009,9.247,9.8856,10.1259,10.1714,0,healthy,0.0,50.0,9.7831,0
SN_003212,LOT_009,9.2679,10.1731,10.3969,10.7688,0,healthy,0.0,50.0,9.7831,0
SN_003213,LOT_009,,9.4458,9.545,9.4888,0,healthy,0.0,50.0,9.7831,0
SN_003214,LOT_009,10.591,11.852,12.2253,12.4399,0,healthy,0.0,50.0,9.7831,0
SN_003215,LOT_009,9.7403,10.4187,10.7169,10.832,0,healthy,0.0,50.0,9.7831,0
SN_003216,LOT_009,10.6086,11.005,10.9464,11.2494,0,healthy,0.0,50.0,9.7831,0
SN_003217,LOT_009,7.8633,8.4094,8.5126,8.6668,0,healthy,0.0,50.0,9.7831,0
SN_003218,LOT_009,9.7693,10.4414,10.8016,10.8701,0,healthy,0.0,50.0,9.7831,0
SN_003219,LOT_009,9.7629,10.2937,10.5577,10.5641,0,healthy,0.0,50.0,9.7831,0
SN_003220,LOT_009,8.9632,9.4875,9.8216,9.9475,0,healthy,0.0,50.0,9.7831,0
SN_003221,LOT_009,9.2376,9.6526,9.9601,10.0239,0,healthy,0.0,50.0,9.7831,0
SN_003222,LOT_009,9.9296,10.3672,10.6458,10.7375,0,healthy,0.0,50.0,9.7831,0
SN_003223,LOT_009,10.3102,11.4691,11.9868,12.1816,0,healthy,0.0,50.0,9.7831,0
SN_003224,LOT_009,12.3511,12.6051,19.5869,42.1893,1,tddb_dielectric,0.6304,50.0,9.7831,0
SN_003225,LOT_009,,8.3374,8.5183,8.618,0,healthy,0.0,50.0,9.7831,0
SN_003226,LOT_009,10.1022,11.4265,11.745,11.8496,0,healthy,0.0,50.0,9.7831,0
SN_003227,LOT_009,8.7207,9.8572,10.3159,10.3092,0,healthy,0.0,50.0,9.7831,0
SN_003228,LOT_009,8.9377,9.2789,9.4684,9.5588,0,healthy,0.0,50.0,9.7831,0
SN_003229,LOT_009,9.5362,10.6383,11.0545,11.2098,0,healthy,0.0,50.0,9.7831,0
SN_003230,LOT_009,10.0101,10.4878,10.6062,10.633,0,healthy,0.0,50.0,9.7831,0
SN_003231,LOT_009,9.5151,10.5235,10.7814,10.9404,0,healthy,0.0,50.0,9.7831,0
SN_003232,LOT_009,10.1015,10.8094,10.9582,11.0386,0,healthy,0.0,50.0,9.7831,0
SN_003233,LOT_009,9.009,10.2445,10.5202,10.7277,0,healthy,0.0,50.0,9.7831,0
SN_003234,LOT_009,10.322,11.5746,12.0007,12.371,0,healthy,0.0,50.0,9.7831,0
SN_003235,LOT_009,10.489,10.8996,11.0648,11.3115,0,healthy,0.0,50.0,9.7831,0
SN_003236,LOT_009,11.0076,12.143,12.4695,12.5649,0,healthy,0.0,50.0,9.7831,0
SN_003237,LOT_009,10.9487,11.7078,11.9745,12.0202,0,healthy,0.0,50.0,9.7831,0
SN_003238,LOT_009,8.7404,9.2307,9.4897,9.6506,0,healthy,0.0,50.0,9.7831,0
SN_003239,LOT_009,10.2903,11.3446,11.6771,11.898,0,healthy,0.0,50.0,9.7831,0
SN_003240,LOT_009,9.0858,9.7701,9.8425,10.1828,0,healthy,0.0,50.0,9.7831,0
SN_003241,LOT_009,8.9524,9.7747,9.7991,9.8892,0,healthy,0.0,50.0,9.7831,0
SN_003242,LOT_009,9.5396,10.031,10.153,10.3044,0,healthy,0.0,50.0,9.7831,0
SN_003243,LOT_009,9.4754,10.2146,10.4718,10.7905,0,healthy,0.0,50.0,9.7831,0
SN_003244,LOT_009,9.9825,10.8744,11.3255,11.4405,0,healthy,0.0,50.0,9.7831,0
SN_003245,LOT_009,10.0712,11.0961,11.5644,11.7634,0,healthy,0.0,50.0,9.7831,0
SN_003246,LOT_009,9.181,9.8128,10.1087,10.0978,0,healthy,0.0,50.0,9.7831,0
SN_003247,LOT_009,9.9822,10.9227,11.4462,11.8404,0,healthy,0.0,50.0,9.7831,0
SN_003248,LOT_009,,18.1112,21.6498,22.0027,1,mobile_ion,0.5942,50.0,9.7831,0
SN_003249,LOT_009,9.139,10.2907,10.7324,10.9191,0,healthy,0.0,50.0,9.7831,0
SN_003250,LOT_009,,9.9311,10.2113,10.3037,0,healthy,0.0,50.0,9.7831,0
SN_003251,LOT_009,9.6888,10.6859,11.0784,11.3822,0,healthy,0.0,50.0,9.7831,0
SN_003252,LOT_009,11.4867,12.5021,12.8464,12.8976,0,healthy,0.0,50.0,9.7831,0
SN_003253,LOT_009,11.2061,12.2398,12.6012,12.8023,0,healthy,0.0,50.0,9.7831,0
SN_003254,LOT_009,9.378,10.0502,10.4578,10.6517,0,healthy,0.0,50.0,9.7831,0
SN_003255,LOT_009,9.5995,10.1958,10.1487,10.2766,0,healthy,0.0,50.0,9.7831,0
SN_003256,LOT_009,9.5933,9.9067,10.1127,10.2198,0,healthy,0.0,50.0,9.7831,0
SN_003257,LOT_009,10.4325,11.3592,11.696,11.9652,0,healthy,0.0,50.0,9.7831,0
SN_003258,LOT_009,9.8642,10.3251,10.4624,10.319,0,healthy,0.0,50.0,9.7831,0
SN_003259,LOT_009,8.6377,9.3259,9.4896,9.7124,0,healthy,0.0,50.0,9.7831,0
SN_003260,LOT_009,10.2588,11.5408,12.0836,12.2534,0,healthy,0.0,50.0,9.7831,0
SN_003261,LOT_009,,11.8239,11.9242,11.9638,0,healthy,0.0,50.0,9.7831,0
SN_003262,LOT_009,8.937,9.4187,9.7293,9.7657,0,healthy,0.0,50.0,9.7831,0
SN_003263,LOT_009,11.3401,12.8578,13.2072,13.1771,0,healthy,0.0,50.0,9.7831,0
SN_003264,LOT_009,9.8982,10.0065,12.264,16.7021,1,tddb_dielectric,0.0634,50.0,9.7831,0
SN_003265,LOT_009,10.2105,10.7883,11.1075,11.2269,0,healthy,0.0,50.0,9.7831,0
SN_003266,LOT_009,8.123,8.7322,9.0534,9.3543,0,healthy,0.0,50.0,9.7831,0
SN_003267,LOT_009,8.3923,9.0015,9.205,9.2638,0,healthy,0.0,50.0,9.7831,0
SN_003268,LOT_009,9.1866,9.768,10.0322,10.0693,0,healthy,0.0,50.0,9.7831,0
SN_003269,LOT_009,9.5623,10.0771,10.2252,10.4032,0,healthy,0.0,50.0,9.7831,0
SN_003270,LOT_009,12.1405,13.3005,13.9476,13.9347,0,healthy,0.0,50.0,9.7831,0
SN_003271,LOT_009,9.1217,9.9242,10.1048,10.1443,0,healthy,0.0,50.0,9.7831,0
SN_003272,LOT_009,,10.7349,11.1361,11.1894,0,healthy,0.0,50.0,9.7831,0
SN_003273,LOT_009,10.6199,11.3891,11.2214,11.5881,0,healthy,0.0,50.0,9.7831,0
SN_003274,LOT_009,9.8033,10.5168,10.6323,10.8972,0,healthy,0.0,50.0,9.7831,0
SN_003275,LOT_009,8.6979,9.5492,9.8639,10.084,0,healthy,0.0,50.0,9.7831,0
SN_003276,LOT_009,8.8258,9.8158,10.0625,10.182,0,healthy,0.0,50.0,9.7831,0
SN_003277,LOT_009,10.3828,11.0634,11.5766,11.81,0,healthy,0.0,50.0,9.7831,0
SN_003278,LOT_009,9.3684,10.5768,10.7566,11.0687,0,healthy,0.0,50.0,9.7831,0
SN_003279,LOT_009,10.143,10.8661,10.9993,11.0729,0,healthy,0.0,50.0,9.7831,0
SN_003280,LOT_009,8.5127,8.6767,8.9336,8.9715,0,healthy,0.0,50.0,9.7831,0
SN_003281,LOT_009,8.7712,9.2684,9.5424,9.598,0,healthy,0.0,50.0,9.7831,0
SN_003282,LOT_009,10.6096,11.3155,11.3866,11.7203,0,healthy,0.0,50.0,9.7831,0
SN_003283,LOT_009,9.5039,10.2175,10.2939,10.3278,0,healthy,0.0,50.0,9.7831,0
SN_003284,LOT_009,10.7364,11.2501,11.6613,11.7475,0,healthy,0.0,50.0,9.7831,0
SN_003285,LOT_009,10.0217,11.2835,11.7266,11.9998,0,healthy,0.0,50.0,9.7831,0
SN_003286,LOT_009,10.5818,11.0946,11.215,11.2993,0,healthy,0.0,50.0,9.7831,0
SN_003287,LOT_009,12.6495,13.4296,13.5411,13.8255,0,healthy,0.0,50.0,9.7831,0
SN_003288,LOT_009,8.8155,9.5421,9.7793,9.851,0,healthy,0.0,50.0,9.7831,0
SN_003289,LOT_009,10.0816,10.8282,10.9964,10.9497,0,healthy,0.0,50.0,9.7831,0
SN_003290,LOT_009,10.9371,12.1249,12.8135,13.0998,0,healthy,0.0,50.0,9.7831,0
SN_003291,LOT_009,8.6257,9.3263,9.6365,9.5377,0,healthy,0.0,50.0,9.7831,0
SN_003292,LOT_009,10.926,12.3921,12.7128,13.0399,0,healthy,0.0,50.0,9.7831,0
SN_003293,LOT_009,10.2518,11.3791,11.9416,11.9497,0,healthy,0.0,50.0,9.7831,0
SN_003294,LOT_009,,9.2676,9.6371,9.7193,0,healthy,0.0,50.0,9.7831,0
SN_003295,LOT_009,8.1365,9.0334,9.2433,9.2986,0,healthy,0.0,50.0,9.7831,0
SN_003296,LOT_009,10.452,11.5304,11.9712,12.0717,0,healthy,0.0,50.0,9.7831,0
SN_003297,LOT_009,9.4951,10.5542,10.9282,11.1608,0,healthy,0.0,50.0,9.7831,0
SN_003298,LOT_009,9.8756,10.2881,10.2461,10.302,0,healthy,0.0,50.0,9.7831,0
SN_003299,LOT_009,8.6278,9.1454,9.2449,9.3766,0,healthy,0.0,50.0,9.7831,0
SN_003300,LOT_009,10.4795,11.4006,11.7371,11.7137,0,healthy,0.0,50.0,9.7831,0
SN_003301,LOT_010,17.4304,18.3466,18.5473,18.5151,0,healthy,0.0,50.0,15.1698,0
SN_003302,LOT_010,10.8333,11.6316,11.905,12.1295,0,healthy,0.0,50.0,15.1698,0
SN_003303,LOT_010,14.7959,16.6802,16.7718,16.9736,0,healthy,0.0,50.0,15.1698,0
SN_003304,LOT_010,15.6812,17.0061,17.5279,17.8044,0,healthy,0.0,50.0,15.1698,0
SN_003305,LOT_010,15.8253,17.8127,18.3516,18.7453,0,healthy,0.0,50.0,15.1698,0
SN_003306,LOT_010,15.6232,16.6214,17.0229,17.4309,0,healthy,0.0,50.0,15.1698,0
SN_003307,LOT_010,12.7391,13.6959,14.0364,14.042,0,healthy,0.0,50.0,15.1698,0
SN_003308,LOT_010,16.2779,17.2611,17.3748,17.4255,0,healthy,0.0,50.0,15.1698,0
SN_003309,LOT_010,16.6851,16.8285,24.2053,41.6098,1,tddb_dielectric,0.3275,50.0,15.1698,0
SN_003310,LOT_010,18.0877,18.9758,19.2436,19.6979,0,healthy,0.0,50.0,15.1698,0
SN_003311,LOT_010,15.14,16.0016,16.1646,16.4168,0,healthy,0.0,50.0,15.1698,0
SN_003312,LOT_010,16.1983,17.6059,18.2156,18.5243,0,healthy,0.0,50.0,15.1698,0
SN_003313,LOT_010,13.3171,14.627,15.3651,15.6314,0,healthy,0.0,50.0,15.1698,0
SN_003314,LOT_010,15.188,16.7055,17.3563,17.434,0,healthy,0.0,50.0,15.1698,0
SN_003315,LOT_010,14.2811,15.1476,15.5598,15.9175,0,healthy,0.0,50.0,15.1698,0
SN_003316,LOT_010,13.0575,14.4222,15.2485,15.5258,0,healthy,0.0,50.0,15.1698,0
SN_003317,LOT_010,14.1603,15.6879,16.5612,16.7621,0,healthy,0.0,50.0,15.1698,0
SN_003318,LOT_010,14.5643,15.8939,16.5563,16.785,0,healthy,0.0,50.0,15.1698,0
SN_003319,LOT_010,13.4621,15.371,15.5398,15.829,0,healthy,0.0,50.0,15.1698,0
SN_003320,LOT_010,17.5377,18.1832,18.4456,18.3241,0,healthy,0.0,50.0,15.1698,0
SN_003321,LOT_010,14.3591,15.852,16.0878,16.3434,0,healthy,0.0,50.0,15.1698,0
SN_003322,LOT_010,11.7023,13.1598,13.6437,14.0172,0,healthy,0.0,50.0,15.1698,0
SN_003323,LOT_010,18.1272,18.8399,18.8935,19.1209,0,healthy,0.0,50.0,15.1698,0
SN_003324,LOT_010,16.5848,17.634,17.8705,18.0093,0,healthy,0.0,50.0,15.1698,0
SN_003325,LOT_010,14.8847,15.5577,15.8986,16.1991,0,healthy,0.0,50.0,15.1698,0
SN_003326,LOT_010,14.0478,14.8734,14.7823,14.925,0,healthy,0.0,50.0,15.1698,0
SN_003327,LOT_010,15.5964,17.2425,17.9678,18.3082,0,healthy,0.0,50.0,15.1698,0
SN_003328,LOT_010,14.1022,14.4557,14.9072,15.0821,0,healthy,0.0,50.0,15.1698,0
SN_003329,LOT_010,17.2574,18.715,19.4075,19.8275,0,healthy,0.0,50.0,15.1698,0
SN_003330,LOT_010,13.5495,14.9721,15.4563,16.1748,0,healthy,0.0,50.0,15.1698,0
SN_003331,LOT_010,,17.7842,18.0803,18.5375,0,healthy,0.0,50.0,15.1698,0
SN_003332,LOT_010,16.8192,18.0154,18.2581,18.968,0,healthy,0.0,50.0,15.1698,0
SN_003333,LOT_010,15.7956,17.583,17.8827,18.2357,0,healthy,0.0,50.0,15.1698,0
SN_003334,LOT_010,19.0036,19.9586,20.0052,20.7679,0,healthy,0.0,50.0,15.1698,0
SN_003335,LOT_010,14.2035,15.3655,15.5324,15.6614,0,healthy,0.0,50.0,15.1698,0
SN_003336,LOT_010,13.7986,15.5891,15.9198,16.4043,0,healthy,0.0,50.0,15.1698,0
SN_003337,LOT_010,14.8221,15.5151,15.7347,15.8723,0,healthy,0.0,50.0,15.1698,0
SN_003338,LOT_010,12.4836,13.5803,14.1433,14.2935,0,healthy,0.0,50.0,15.1698,0
SN_003339,LOT_010,18.5438,19.5059,19.2456,19.5902,0,healthy,0.0,50.0,15.1698,0
SN_003340,LOT_010,12.7753,13.3305,13.5787,13.703,0,healthy,0.0,50.0,15.1698,0
SN_003341,LOT_010,12.1826,13.1801,13.629,13.4683,0,healthy,0.0,50.0,15.1698,0
SN_003342,LOT_010,16.3047,17.2676,17.4914,17.7091,0,healthy,0.0,50.0,15.1698,0
SN_003343,LOT_010,20.2296,21.1399,21.5441,21.6259,0,healthy,0.0,50.0,15.1698,0
SN_003344,LOT_010,14.0046,15.913,16.5794,16.9633,0,healthy,0.0,50.0,15.1698,0
SN_003345,LOT_010,18.4327,19.6758,19.8468,20.1385,0,healthy,0.0,50.0,15.1698,0
SN_003346,LOT_010,18.507,20.5081,21.1805,21.1755,0,healthy,0.0,50.0,15.1698,0
SN_003347,LOT_010,13.3708,14.2762,14.8314,14.9906,0,healthy,0.0,50.0,15.1698,0
SN_003348,LOT_010,13.4325,15.1178,15.2702,15.5564,0,healthy,0.0,50.0,15.1698,0
SN_003349,LOT_010,15.141,15.9208,16.0121,16.3496,0,healthy,0.0,50.0,15.1698,0
SN_003350,LOT_010,14.8656,16.3797,16.7012,17.3318,0,healthy,0.0,50.0,15.1698,0
SN_003351,LOT_010,16.7762,31.2554,32.1419,32.5887,1,mobile_ion,0.2786,50.0,15.1698,0
SN_003352,LOT_010,13.845,14.3624,14.4336,14.7697,0,healthy,0.0,50.0,15.1698,0
SN_003353,LOT_010,15.283,16.4826,16.9804,17.1482,0,healthy,0.0,50.0,15.1698,0
SN_003354,LOT_010,12.7234,13.6824,14.1196,14.4226,0,healthy,0.0,50.0,15.1698,0
SN_003355,LOT_010,14.6629,16.0265,16.4629,16.3862,0,healthy,0.0,50.0,15.1698,0
SN_003356,LOT_010,13.5398,14.4047,15.0077,14.8782,0,healthy,0.0,50.0,15.1698,0
SN_003357,LOT_010,19.4505,21.6016,22.2024,22.4093,0,healthy,0.0,50.0,15.1698,0
SN_003358,LOT_010,14.1421,15.2329,15.8076,16.0157,0,healthy,0.0,50.0,15.1698,0
SN_003359,LOT_010,14.1158,15.8277,16.3958,16.5593,0,healthy,0.0,50.0,15.1698,0
SN_003360,LOT_010,11.6788,12.9334,13.3953,13.8448,0,healthy,0.0,50.0,15.1698,0
SN_003361,LOT_010,17.9559,18.9181,19.3113,19.4858,0,healthy,0.0,50.0,15.1698,0
SN_003362,LOT_010,13.591,15.0194,15.5632,15.9215,0,healthy,0.0,50.0,15.1698,0
SN_003363,LOT_010,15.12,,16.2125,16.0797,0,healthy,0.0,50.0,15.1698,0
SN_003364,LOT_010,16.6203,18.2902,19.0603,19.2394,0,healthy,0.0,50.0,15.1698,0
SN_003365,LOT_010,18.4555,20.5477,21.318,21.5273,0,healthy,0.0,50.0,15.1698,0
SN_003366,LOT_010,18.3363,,19.1179,19.003,0,healthy,0.0,50.0,15.1698,0
SN_003367,LOT_010,17.8847,20.0952,21.0098,21.1568,0,healthy,0.0,50.0,15.1698,0
SN_003368,LOT_010,16.4203,17.6698,18.3954,18.9127,0,healthy,0.0,50.0,15.1698,0
SN_003369,LOT_010,16.0102,17.3981,17.9497,18.2663,0,healthy,0.0,50.0,15.1698,0
SN_003370,LOT_010,12.9501,13.8214,14.4618,14.4406,0,healthy,0.0,50.0,15.1698,0
SN_003371,LOT_010,14.904,16.0555,16.3321,16.9548,0,healthy,0.0,50.0,15.1698,0
SN_003372,LOT_010,17.7561,19.2397,20.3015,20.6644,0,healthy,0.0,50.0,15.1698,0
SN_003373,LOT_010,16.7586,18.1376,18.592,18.7217,0,healthy,0.0,50.0,15.1698,0
SN_003374,LOT_010,12.3719,,14.0925,14.4712,0,healthy,0.0,50.0,15.1698,0
SN_003375,LOT_010,14.1173,,15.4457,15.7209,0,healthy,0.0,50.0,15.1698,0
SN_003376,LOT_010,15.4372,16.0771,16.6505,16.6319,0,healthy,0.0,50.0,15.1698,0
SN_003377,LOT_010,15.27,16.4309,16.7757,16.8774,0,healthy,0.0,50.0,15.1698,0
SN_003378,LOT_010,12.3016,13.6356,14.2074,14.5739,0,healthy,0.0,50.0,15.1698,0
SN_003379,LOT_010,11.3978,,13.5564,17.3136,1,tddb_dielectric,0.0151,50.0,15.1698,0
SN_003380,LOT_010,15.4644,16.8382,17.2637,17.4049,0,healthy,0.0,50.0,15.1698,0
SN_003381,LOT_010,15.7277,16.9861,18.0287,18.0687,0,healthy,0.0,50.0,15.1698,0
SN_003382,LOT_010,16.2166,17.432,18.2861,18.5175,0,healthy,0.0,50.0,15.1698,0
SN_003383,LOT_010,14.6273,15.7099,16.1424,16.2613,0,healthy,0.0,50.0,15.1698,0
SN_003384,LOT_010,10.6544,11.7672,12.1191,12.4033,0,healthy,0.0,50.0,15.1698,0
SN_003385,LOT_010,16.6732,17.6163,17.4567,18.1238,0,healthy,0.0,50.0,15.1698,0
SN_003386,LOT_010,16.1175,17.8778,18.4055,18.8068,0,healthy,0.0,50.0,15.1698,0
SN_003387,LOT_010,18.1505,19.5565,20.244,20.4484,0,healthy,0.0,50.0,15.1698,0
SN_003388,LOT_010,14.1066,14.7169,15.3353,15.8576,0,healthy,0.0,50.0,15.1698,0
SN_003389,LOT_010,19.7698,21.9636,22.765,23.0758,0,healthy,0.0,50.0,15.1698,0
SN_003390,LOT_010,13.8139,14.5831,14.84,14.8626,0,healthy,0.0,50.0,15.1698,0
SN_003391,LOT_010,12.6491,13.7371,13.6721,13.6677,0,healthy,0.0,50.0,15.1698,0
SN_003392,LOT_010,12.8903,13.3754,13.5245,13.7952,0,healthy,0.0,50.0,15.1698,0
SN_003393,LOT_010,17.3394,18.7006,18.928,18.7197,0,healthy,0.0,50.0,15.1698,0
SN_003394,LOT_010,18.4084,20.3601,21.1865,20.7641,0,healthy,0.0,50.0,15.1698,0
SN_003395,LOT_010,17.2169,18.187,18.4117,18.2291,0,healthy,0.0,50.0,15.1698,0
SN_003396,LOT_010,,16.6278,17.0337,17.2479,0,healthy,0.0,50.0,15.1698,0
SN_003397,LOT_010,18.3709,19.7146,19.931,20.6322,0,healthy,0.0,50.0,15.1698,0
SN_003398,LOT_010,14.4837,15.0843,15.2547,15.3454,0,healthy,0.0,50.0,15.1698,0
SN_003399,LOT_010,12.6275,13.6977,13.7924,13.7567,0,healthy,0.0,50.0,15.1698,0
SN_003400,LOT_010,15.3493,16.6555,16.9538,16.8631,0,healthy,0.0,50.0,15.1698,0
SN_003401,LOT_010,14.2174,15.7285,16.1119,16.3766,0,healthy,0.0,50.0,15.1698,0
SN_003402,LOT_010,19.1924,,20.8452,21.0224,0,healthy,0.0,50.0,15.1698,0
SN_003403,LOT_010,12.5738,,13.2797,13.4942,0,healthy,0.0,50.0,15.1698,0
SN_003404,LOT_010,16.7382,,19.2566,19.0624,0,healthy,0.0,50.0,15.1698,0
SN_003405,LOT_010,17.1509,18.2224,18.336,18.2934,0,healthy,0.0,50.0,15.1698,0
SN_003406,LOT_010,17.5479,19.5719,19.9137,20.4437,0,healthy,0.0,50.0,15.1698,0
SN_003407,LOT_010,16.7814,17.4994,17.6461,18.2901,0,healthy,0.0,50.0,15.1698,0
SN_003408,LOT_010,15.9644,,18.6664,19.0317,0,healthy,0.0,50.0,15.1698,0
SN_003409,LOT_010,17.663,19.6943,20.2187,20.704,0,healthy,0.0,50.0,15.1698,0
SN_003410,LOT_010,17.0276,17.8708,18.3966,18.4392,0,healthy,0.0,50.0,15.1698,0
SN_003411,LOT_010,15.987,17.1559,17.5291,17.7906,0,healthy,0.0,50.0,15.1698,0
SN_003412,LOT_010,20.5435,20.866,21.946,22.0431,0,healthy,0.0,50.0,15.1698,0
SN_003413,LOT_010,14.4628,15.5742,15.9175,16.3779,0,healthy,0.0,50.0,15.1698,0
SN_003414,LOT_010,11.9723,,13.9054,14.2572,0,healthy,0.0,50.0,15.1698,0
SN_003415,LOT_010,12.0834,12.3882,12.622,12.5601,0,healthy,0.0,50.0,15.1698,0
SN_003416,LOT_010,14.1415,14.8604,15.0044,15.1328,0,healthy,0.0,50.0,15.1698,0
SN_003417,LOT_010,12.9489,13.4154,13.5007,13.7175,0,healthy,0.0,50.0,15.1698,0
SN_003418,LOT_010,16.4694,18.0454,18.8763,18.5566,0,healthy,0.0,50.0,15.1698,0
SN_003419,LOT_010,13.7617,14.7943,15.3086,15.6379,0,healthy,0.0,50.0,15.1698,0
SN_003420,LOT_010,15.6567,16.535,16.7896,16.7921,0,healthy,0.0,50.0,15.1698,0
SN_003421,LOT_010,13.1469,,14.0781,14.2394,0,healthy,0.0,50.0,15.1698,0
SN_003422,LOT_010,12.6854,13.8147,14.3656,14.7101,0,healthy,0.0,50.0,15.1698,0
SN_003423,LOT_010,15.3703,16.171,16.8407,16.8128,0,healthy,0.0,50.0,15.1698,0
SN_003424,LOT_010,13.5184,14.4032,14.4526,14.6725,0,healthy,0.0,50.0,15.1698,0
SN_003425,LOT_010,13.1027,14.244,14.5309,14.8735,0,healthy,0.0,50.0,15.1698,0
SN_003426,LOT_010,10.8795,11.4068,11.5887,11.7596,0,healthy,0.0,50.0,15.1698,0
SN_003427,LOT_010,15.3957,16.439,16.9966,16.8195,0,healthy,0.0,50.0,15.1698,0
SN_003428,LOT_010,18.2913,20.1157,20.6394,21.2489,0,healthy,0.0,50.0,15.1698,0
SN_003429,LOT_010,14.3285,15.7246,15.8911,16.095,0,healthy,0.0,50.0,15.1698,0
SN_003430,LOT_010,13.5095,14.146,14.3138,14.5756,0,healthy,0.0,50.0,15.1698,0
SN_003431,LOT_010,15.0992,16.4063,16.7204,17.4217,0,healthy,0.0,50.0,15.1698,0
SN_003432,LOT_010,15.4125,,16.5368,16.5465,0,healthy,0.0,50.0,15.1698,0
SN_003433,LOT_010,18.1571,19.404,20.1367,20.2809,0,healthy,0.0,50.0,15.1698,0
SN_003434,LOT_010,15.9477,16.8142,17.6914,17.92,0,healthy,0.0,50.0,15.1698,0
SN_003435,LOT_010,14.032,14.6359,14.7959,14.8616,0,healthy,0.0,50.0,15.1698,0
SN_003436,LOT_010,,13.8493,14.1823,14.0524,0,healthy,0.0,50.0,15.1698,0
SN_003437,LOT_010,17.8597,18.5916,19.0291,19.4344,0,healthy,0.0,50.0,15.1698,0
SN_003438,LOT_010,15.411,17.0103,17.4261,17.7202,0,healthy,0.0,50.0,15.1698,0
SN_003439,LOT_010,11.8443,12.1067,12.4032,12.3272,0,healthy,0.0,50.0,15.1698,0
SN_003440,LOT_010,,13.2171,13.891,13.9874,0,healthy,0.0,50.0,15.1698,0
SN_003441,LOT_010,11.662,12.6081,12.9813,13.3352,0,healthy,0.0,50.0,15.1698,0
SN_003442,LOT_010,14.7956,15.6639,16.3179,16.6671,0,healthy,0.0,50.0,15.1698,0
SN_003443,LOT_010,12.9272,14.3123,15.017,15.3362,0,healthy,0.0,50.0,15.1698,0
SN_003444,LOT_010,15.144,16.4903,16.9077,17.2567,0,healthy,0.0,50.0,15.1698,0
SN_003445,LOT_010,12.6641,13.76,13.9645,13.9771,0,healthy,0.0,50.0,15.1698,0
SN_003446,LOT_010,16.8439,18.6391,19.0381,19.1939,0,healthy,0.0,50.0,15.1698,0
SN_003447,LOT_010,12.753,14.2674,14.8742,15.036,0,healthy,0.0,50.0,15.1698,0
SN_003448,LOT_010,16.1878,17.3251,17.7261,18.2064,0,healthy,0.0,50.0,15.1698,0
SN_003449,LOT_010,14.5869,15.3324,15.4437,15.7347,0,healthy,0.0,50.0,15.1698,0
SN_003450,LOT_010,17.0225,,18.6568,19.2369,0,healthy,0.0,50.0,15.1698,0
SN_003451,LOT_010,15.4383,16.9904,17.5672,17.7075,0,healthy,0.0,50.0,15.1698,0
SN_003452,LOT_010,13.4889,14.1725,14.2969,14.5167,0,healthy,0.0,50.0,15.1698,0
SN_003453,LOT_010,19.5423,20.4355,20.8435,21.4138,0,healthy,0.0,50.0,15.1698,0
SN_003454,LOT_010,,15.6715,15.9819,16.2431,0,healthy,0.0,50.0,15.1698,0
SN_003455,LOT_010,22.5,,24.6781,25.4499,0,healthy,0.0,50.0,15.1698,0
SN_003456,LOT_010,15.5246,16.722,17.0951,17.3535,0,healthy,0.0,50.0,15.1698,0
SN_003457,LOT_010,16.8516,17.879,18.1864,18.4918,0,healthy,0.0,50.0,15.1698,0
SN_003458,LOT_010,18.4028,,20.1947,20.5385,0,healthy,0.0,50.0,15.1698,0
SN_003459,LOT_010,14.9692,15.7221,16.0624,16.2525,0,healthy,0.0,50.0,15.1698,0
SN_003460,LOT_010,14.8985,16.0132,16.711,16.6975,0,healthy,0.0,50.0,15.1698,0
SN_003461,LOT_010,15.2645,17.032,17.6002,17.8382,0,healthy,0.0,50.0,15.1698,0
SN_003462,LOT_010,16.6626,17.5889,18.2105,18.6238,0,healthy,0.0,50.0,15.1698,0
SN_003463,LOT_010,13.8738,15.789,16.4315,16.5799,0,healthy,0.0,50.0,15.1698,0
SN_003464,LOT_010,22.5,24.338,24.7783,25.1569,0,healthy,0.0,50.0,15.1698,0
SN_003465,LOT_010,11.4874,12.8556,13.1942,13.5024,0,healthy,0.0,50.0,15.1698,0
SN_003466,LOT_010,15.458,17.2507,17.5587,17.8972,0,healthy,0.0,50.0,15.1698,0
SN_003467,LOT_010,39.9721,41.1934,43.5742,46.742,1,esd_oxide,0.0675,50.0,15.1698,0
SN_003468,LOT_010,13.5435,15.0795,15.3751,15.5677,0,healthy,0.0,50.0,15.1698,0
SN_003469,LOT_010,14.8628,15.9633,16.1999,16.3981,0,healthy,0.0,50.0,15.1698,0
SN_003470,LOT_010,,,14.144,14.6123,0,healthy,0.0,50.0,15.1698,0
SN_003471,LOT_010,14.5179,15.4639,15.9197,16.208,0,healthy,0.0,50.0,15.1698,0
SN_003472,LOT_010,14.1836,15.4936,15.967,16.4461,0,healthy,0.0,50.0,15.1698,0
SN_003473,LOT_010,14.1593,15.0793,15.571,15.8603,0,healthy,0.0,50.0,15.1698,0
SN_003474,LOT_010,15.2987,16.4154,16.5919,16.8424,0,healthy,0.0,50.0,15.1698,0
SN_003475,LOT_010,15.3445,16.1612,16.7388,16.912,0,healthy,0.0,50.0,15.1698,0
SN_003476,LOT_010,17.3584,18.1826,18.7378,18.9514,0,healthy,0.0,50.0,15.1698,0
SN_003477,LOT_010,14.4356,15.6193,16.1904,16.3017,0,healthy,0.0,50.0,15.1698,0
SN_003478,LOT_010,17.2672,19.0332,20.0154,20.5837,0,healthy,0.0,50.0,15.1698,0
SN_003479,LOT_010,14.129,15.6734,16.4504,16.839,0,healthy,0.0,50.0,15.1698,0
SN_003480,LOT_010,13.5763,15.4498,15.868,16.0637,0,healthy,0.0,50.0,15.1698,0
SN_003481,LOT_010,17.1917,18.9426,20.1246,20.4469,0,healthy,0.0,50.0,15.1698,0
SN_003482,LOT_010,14.3087,15.0996,15.3912,15.7082,0,healthy,0.0,50.0,15.1698,0
SN_003483,LOT_010,15.9261,17.2795,17.9521,18.563,0,healthy,0.0,50.0,15.1698,0
SN_003484,LOT_010,16.5359,17.8029,18.9081,19.3702,0,healthy,0.0,50.0,15.1698,0
SN_003485,LOT_010,13.3094,14.6096,15.0396,15.1015,0,healthy,0.0,50.0,15.1698,0
SN_003486,LOT_010,16.3988,17.9521,18.4384,18.9374,0,healthy,0.0,50.0,15.1698,0
SN_003487,LOT_010,12.3624,13.6323,14.1267,14.6509,0,healthy,0.0,50.0,15.1698,0
SN_003488,LOT_010,13.7084,14.7912,14.7482,14.9315,0,healthy,0.0,50.0,15.1698,0
SN_003489,LOT_010,12.6788,13.7908,14.002,14.2485,0,healthy,0.0,50.0,15.1698,0
SN_003490,LOT_010,17.7334,19.2425,19.2723,19.5914,0,healthy,0.0,50.0,15.1698,0
SN_003491,LOT_010,12.5349,14.3711,14.6011,14.9669,0,healthy,0.0,50.0,15.1698,0
SN_003492,LOT_010,18.6151,20.6514,21.5167,21.8602,0,healthy,0.0,50.0,15.1698,0
SN_003493,LOT_010,15.2081,17.3813,17.8097,18.2801,0,healthy,0.0,50.0,15.1698,0
SN_003494,LOT_010,16.7701,17.5125,17.7807,17.8988,0,healthy,0.0,50.0,15.1698,0
SN_003495,LOT_010,15.8126,16.3476,16.4413,16.5788,0,healthy,0.0,50.0,15.1698,0
SN_003496,LOT_010,11.9402,13.0029,13.5311,13.7488,0,healthy,0.0,50.0,15.1698,0
SN_003497,LOT_010,11.2397,,12.1324,12.1727,0,healthy,0.0,50.0,15.1698,0
SN_003498,LOT_010,12.6646,13.474,13.7645,13.9174,0,healthy,0.0,50.0,15.1698,0
SN_003499,LOT_010,15.5662,17.5493,18.0432,18.2166,0,healthy,0.0,50.0,15.1698,0
SN_003500,LOT_010,15.184,16.8425,17.6571,18.157,0,healthy,0.0,50.0,15.1698,0
SN_003501,LOT_010,13.7394,14.9796,15.2997,15.4125,0,healthy,0.0,50.0,15.1698,0
SN_003502,LOT_010,17.7241,18.7864,19.0761,18.8558,0,healthy,0.0,50.0,15.1698,0
SN_003503,LOT_010,13.9668,15.7778,16.2899,16.4241,0,healthy,0.0,50.0,15.1698,0
SN_003504,LOT_010,11.7532,12.8664,13.5749,13.9732,0,healthy,0.0,50.0,15.1698,0
SN_003505,LOT_010,14.2503,15.3496,16.0594,16.2762,0,healthy,0.0,50.0,15.1698,0
SN_003506,LOT_010,16.0742,,17.2189,17.4978,0,healthy,0.0,50.0,15.1698,0
SN_003507,LOT_010,15.6754,17.3235,18.0547,18.7301,0,healthy,0.0,50.0,15.1698,0
SN_003508,LOT_010,15.1069,15.7884,15.9576,15.9893,0,healthy,0.0,50.0,15.1698,0
SN_003509,LOT_010,14.9184,,17.108,17.1499,0,healthy,0.0,50.0,15.1698,0
SN_003510,LOT_010,13.0722,13.4893,14.0963,14.1563,0,healthy,0.0,50.0,15.1698,0
SN_003511,LOT_010,13.6431,15.1743,15.3929,15.5995,0,healthy,0.0,50.0,15.1698,0
SN_003512,LOT_010,18.6769,20.5465,21.1461,21.9179,0,healthy,0.0,50.0,15.1698,0
SN_003513,LOT_010,14.9438,15.3638,15.5514,15.8172,0,healthy,0.0,50.0,15.1698,0
SN_003514,LOT_010,,12.5842,12.98,13.2325,0,healthy,0.0,50.0,15.1698,0
SN_003515,LOT_010,10.9902,12.0738,11.9797,12.2384,0,healthy,0.0,50.0,15.1698,0
SN_003516,LOT_010,16.5072,18.0463,18.5921,18.7647,0,healthy,0.0,50.0,15.1698,0
SN_003517,LOT_010,14.1945,14.9164,15.1559,15.3168,0,healthy,0.0,50.0,15.1698,0
SN_003518,LOT_010,15.3544,17.1616,17.6258,17.7831,0,healthy,0.0,50.0,15.1698,0
SN_003519,LOT_010,14.936,15.8116,16.4076,16.2169,0,healthy,0.0,50.0,15.1698,0
SN_003520,LOT_010,14.487,16.2663,16.988,17.0204,0,healthy,0.0,50.0,15.1698,0
SN_003521,LOT_010,14.5853,15.1724,15.4389,15.6744,0,healthy,0.0,50.0,15.1698,0
SN_003522,LOT_010,,20.6145,21.1297,21.7604,0,healthy,0.0,50.0,15.1698,0
SN_003523,LOT_010,10.3642,11.4402,11.7164,11.8966,0,healthy,0.0,50.0,15.1698,0
SN_003524,LOT_010,15.4571,16.5762,16.6556,16.8196,0,healthy,0.0,50.0,15.1698,0
SN_003525,LOT_010,16.0215,17.8785,18.3394,18.6003,0,healthy,0.0,50.0,15.1698,0
SN_003526,LOT_010,14.8977,16.3506,16.5886,16.9243,0,healthy,0.0,50.0,15.1698,0
SN_003527,LOT_010,18.4319,20.2736,21.1033,21.5838,0,healthy,0.0,50.0,15.1698,0
SN_003528,LOT_010,14.4304,15.8026,16.2477,16.5664,0,healthy,0.0,50.0,15.1698,0
SN_003529,LOT_010,16.9035,18.3481,18.9965,19.2089,0,healthy,0.0,50.0,15.1698,0
SN_003530,LOT_011,7.3748,7.9223,7.8656,8.0114,0,healthy,0.0,50.0,8.1521,0
SN_003531,LOT_011,6.8221,7.2481,7.4032,7.4792,0,healthy,0.0,50.0,8.1521,0
SN_003532,LOT_011,8.4633,9.0129,9.1847,9.4233,0,healthy,0.0,50.0,8.1521,0
SN_003533,LOT_011,8.142,8.4009,8.607,8.5672,0,healthy,0.0,50.0,8.1521,0
SN_003534,LOT_011,8.0965,8.7308,8.8047,8.9592,0,healthy,0.0,50.0,8.1521,0
SN_003535,LOT_011,8.6051,9.3201,9.6915,9.7332,0,healthy,0.0,50.0,8.1521,0
SN_003536,LOT_011,,9.437,9.6647,9.7652,0,healthy,0.0,50.0,8.1521,0
SN_003537,LOT_011,9.3579,,10.9286,11.1902,0,healthy,0.0,50.0,8.1521,0
SN_003538,LOT_011,7.9183,8.9867,9.3982,9.4179,0,healthy,0.0,50.0,8.1521,0
SN_003539,LOT_011,7.2222,7.9143,8.2408,8.5391,0,healthy,0.0,50.0,8.1521,0
SN_003540,LOT_011,8.1642,8.7358,8.9255,9.2408,0,healthy,0.0,50.0,8.1521,0
SN_003541,LOT_011,10.673,11.0581,11.2347,11.0876,0,healthy,0.0,50.0,8.1521,0
SN_003542,LOT_011,7.7744,8.0981,8.3282,8.4382,0,healthy,0.0,50.0,8.1521,0
SN_003543,LOT_011,8.0358,8.7756,9.1638,9.3081,0,healthy,0.0,50.0,8.1521,0
SN_003544,LOT_011,7.6891,8.6573,8.8817,9.014,0,healthy,0.0,50.0,8.1521,0
SN_003545,LOT_011,8.4103,9.4209,9.6449,9.8871,0,healthy,0.0,50.0,8.1521,0
SN_003546,LOT_011,8.8814,9.7333,10.1218,10.3763,0,healthy,0.0,50.0,8.1521,0
SN_003547,LOT_011,,9.0057,8.9953,9.0394,0,healthy,0.0,50.0,8.1521,0
SN_003548,LOT_011,9.2525,9.5751,9.682,9.7368,0,healthy,0.0,50.0,8.1521,0
SN_003549,LOT_011,8.1096,,8.4725,8.4786,0,healthy,0.0,50.0,8.1521,0
SN_003550,LOT_011,6.2516,11.2696,11.5051,11.7867,1,mobile_ion,0.2547,50.0,8.1521,0
SN_003551,LOT_011,6.9353,7.2318,7.4033,7.4379,0,healthy,0.0,50.0,8.1521,0
SN_003552,LOT_011,8.5908,9.0937,9.4185,9.5227,0,healthy,0.0,50.0,8.1521,0
SN_003553,LOT_011,7.5669,7.7944,7.935,7.9885,0,healthy,0.0,50.0,8.1521,0
SN_003554,LOT_011,8.1193,9.0484,9.4185,9.4401,0,healthy,0.0,50.0,8.1521,0
SN_003555,LOT_011,8.3212,,9.1273,9.0281,0,healthy,0.0,50.0,8.1521,0
SN_003556,LOT_011,8.2633,8.9246,9.3165,9.4812,0,healthy,0.0,50.0,8.1521,0
SN_003557,LOT_011,8.2024,8.8224,9.2248,9.31,0,healthy,0.0,50.0,8.1521,0
SN_003558,LOT_011,7.4927,9.2065,14.0782,18.8823,1,electromigration,0.2841,50.0,8.1521,0
SN_003559,LOT_011,7.7691,8.2764,8.491,8.623,0,healthy,0.0,50.0,8.1521,0
SN_003560,LOT_011,6.267,6.6414,6.8867,6.9518,0,healthy,0.0,50.0,8.1521,0
SN_003561,LOT_011,,10.0541,10.3231,10.5321,0,healthy,0.0,50.0,8.1521,0
SN_003562,LOT_011,9.5565,10.0222,10.4366,10.5918,0,healthy,0.0,50.0,8.1521,0
SN_003563,LOT_011,7.0596,7.498,7.4008,7.5268,0,healthy,0.0,50.0,8.1521,0
SN_003564,LOT_011,8.6353,8.9262,9.2219,9.2408,0,healthy,0.0,50.0,8.1521,0
SN_003565,LOT_011,6.7367,7.5079,7.6031,7.9221,0,healthy,0.0,50.0,8.1521,0
SN_003566,LOT_011,7.6624,8.2236,8.6841,8.6438,0,healthy,0.0,50.0,8.1521,0
SN_003567,LOT_011,6.7984,7.5033,7.9397,7.8943,0,healthy,0.0,50.0,8.1521,0
SN_003568,LOT_011,10.5769,11.3778,11.9312,11.8753,0,healthy,0.0,50.0,8.1521,0
SN_003569,LOT_011,7.5541,7.9094,8.0403,8.0649,0,healthy,0.0,50.0,8.1521,0
SN_003570,LOT_011,7.6112,8.3195,8.4388,8.8195,0,healthy,0.0,50.0,8.1521,0
SN_003571,LOT_011,9.5819,10.2368,10.4937,10.653,0,healthy,0.0,50.0,8.1521,0
SN_003572,LOT_011,7.2429,7.7758,8.1273,8.1995,0,healthy,0.0,50.0,8.1521,0
SN_003573,LOT_011,10.2327,11.4958,11.7748,11.8624,0,healthy,0.0,50.0,8.1521,0
SN_003574,LOT_011,7.7799,8.5727,8.6793,8.7529,0,healthy,0.0,50.0,8.1521,0
SN_003575,LOT_011,7.0337,7.9433,8.1895,8.3856,0,healthy,0.0,50.0,8.1521,0
SN_003576,LOT_011,8.2067,8.8915,8.9674,9.2376,0,healthy,0.0,50.0,8.1521,0
SN_003577,LOT_011,9.1219,10.3014,10.4092,10.7586,0,healthy,0.0,50.0,8.1521,0
SN_003578,LOT_011,8.1598,8.8452,9.2911,9.4416,0,healthy,0.0,50.0,8.1521,0
SN_003579,LOT_011,,9.8808,14.6408,19.1319,1,electromigration,0.1969,50.0,8.1521,0
SN_003580,LOT_011,6.9726,,7.9325,7.9652,0,healthy,0.0,50.0,8.1521,0
SN_003581,LOT_011,8.497,9.01,9.0912,9.2273,0,healthy,0.0,50.0,8.1521,0
SN_003582,LOT_011,8.9325,9.3162,9.4297,9.5404,0,healthy,0.0,50.0,8.1521,0
SN_003583,LOT_011,7.7986,8.1798,8.2699,8.3486,0,healthy,0.0,50.0,8.1521,0
SN_003584,LOT_011,10.5719,11.2124,11.5309,11.656,0,healthy,0.0,50.0,8.1521,0
SN_003585,LOT_011,7.8731,8.5694,8.9467,9.0232,0,healthy,0.0,50.0,8.1521,0
SN_003586,LOT_011,7.6461,8.7073,8.9503,8.974,0,healthy,0.0,50.0,8.1521,0
SN_003587,LOT_011,8.0583,8.5526,8.8677,8.933,0,healthy,0.0,50.0,8.1521,0
SN_003588,LOT_011,6.1742,6.4037,6.515,6.5569,0,healthy,0.0,50.0,8.1521,0
SN_003589,LOT_011,8.2285,9.0158,9.1664,9.2931,0,healthy,0.0,50.0,8.1521,0
SN_003590,LOT_011,7.1402,7.814,8.0359,8.2009,0,healthy,0.0,50.0,8.1521,0
SN_003591,LOT_011,7.2721,8.3179,8.5733,8.6657,0,healthy,0.0,50.0,8.1521,0
SN_003592,LOT_011,6.4095,6.9728,7.0373,7.2149,0,healthy,0.0,50.0,8.1521,0
SN_003593,LOT_011,9.2617,9.6072,9.6441,9.85,0,healthy,0.0,50.0,8.1521,0
SN_003594,LOT_011,8.3296,8.7154,8.7778,8.8277,0,healthy,0.0,50.0,8.1521,0
SN_003595,LOT_011,7.6508,8.0208,8.2821,8.1992,0,healthy,0.0,50.0,8.1521,0
SN_003596,LOT_011,7.8953,8.1293,8.3145,8.4543,0,healthy,0.0,50.0,8.1521,0
SN_003597,LOT_011,7.4954,7.9505,8.1312,8.1212,0,healthy,0.0,50.0,8.1521,0
SN_003598,LOT_011,8.8951,,9.6018,9.6723,0,healthy,0.0,50.0,8.1521,0
SN_003599,LOT_011,8.0563,8.9681,9.3616,9.3348,0,healthy,0.0,50.0,8.1521,0
SN_003600,LOT_011,8.793,9.4901,9.7484,9.9185,0,healthy,0.0,50.0,8.1521,0
SN_003601,LOT_011,7.8424,8.7418,8.8623,9.1001,0,healthy,0.0,50.0,8.1521,0
SN_003602,LOT_011,8.2851,8.7638,8.7872,8.8224,0,healthy,0.0,50.0,8.1521,0
SN_003603,LOT_011,7.7998,8.678,8.9437,9.217,0,healthy,0.0,50.0,8.1521,0
SN_003604,LOT_011,,7.9556,8.0949,8.2469,0,healthy,0.0,50.0,8.1521,0
SN_003605,LOT_011,9.7124,10.7092,10.9514,11.2363,0,healthy,0.0,50.0,8.1521,0
SN_003606,LOT_011,8.5336,9.2112,9.495,9.5502,0,healthy,0.0,50.0,8.1521,0
SN_003607,LOT_011,9.1445,9.9412,10.058,10.1224,0,healthy,0.0,50.0,8.1521,0
SN_003608,LOT_011,7.8559,8.353,8.5637,8.6725,0,healthy,0.0,50.0,8.1521,0
SN_003609,LOT_011,8.7348,9.307,9.7586,9.8015,0,healthy,0.0,50.0,8.1521,0
SN_003610,LOT_011,,8.4786,8.7564,8.8465,0,healthy,0.0,50.0,8.1521,0
SN_003611,LOT_011,7.1566,7.6992,7.9605,8.0125,0,healthy,0.0,50.0,8.1521,0
SN_003612,LOT_011,7.7785,8.055,8.149,8.2034,0,healthy,0.0,50.0,8.1521,0
SN_003613,LOT_011,8.1847,8.482,8.6772,8.7306,0,healthy,0.0,50.0,8.1521,0
SN_003614,LOT_011,8.0975,8.4933,8.6766,8.6483,0,healthy,0.0,50.0,8.1521,0
SN_003615,LOT_011,7.707,8.4857,8.8821,8.9716,0,healthy,0.0,50.0,8.1521,0
SN_003616,LOT_011,7.9327,8.4681,8.8309,8.8133,0,healthy,0.0,50.0,8.1521,0
SN_003617,LOT_011,9.3266,10.2042,10.9259,11.0219,0,healthy,0.0,50.0,8.1521,0
SN_003618,LOT_011,7.2813,7.8362,8.0372,8.136,0,healthy,0.0,50.0,8.1521,0
SN_003619,LOT_011,8.0587,8.6417,9.1357,9.3316,0,healthy,0.0,50.0,8.1521,0
SN_003620,LOT_011,8.9745,9.8873,10.1125,10.3854,0,healthy,0.0,50.0,8.1521,0
SN_003621,LOT_011,,8.8317,9.1136,9.4919,0,healthy,0.0,50.0,8.1521,0
SN_003622,LOT_011,8.7634,9.5452,10.0467,10.3448,0,healthy,0.0,50.0,8.1521,0
SN_003623,LOT_011,7.8341,8.4584,8.7105,8.9,0,healthy,0.0,50.0,8.1521,0
SN_003624,LOT_011,8.7723,9.4013,9.6244,9.912,0,healthy,0.0,50.0,8.1521,0
SN_003625,LOT_011,6.5199,6.728,6.8897,6.8871,0,healthy,0.0,50.0,8.1521,0
SN_003626,LOT_011,8.7238,9.151,9.1061,9.2878,0,healthy,0.0,50.0,8.1521,0
SN_003627,LOT_011,7.4149,8.2174,8.4511,8.5114,0,healthy,0.0,50.0,8.1521,0
SN_003628,LOT_011,7.8272,8.4743,8.5963,8.7807,0,healthy,0.0,50.0,8.1521,0
SN_003629,LOT_011,7.5754,8.0807,8.3486,8.3883,0,healthy,0.0,50.0,8.1521,0
SN_003630,LOT_011,9.0313,9.8842,10.1284,10.3411,0,healthy,0.0,50.0,8.1521,0
SN_003631,LOT_011,8.4632,9.0785,9.2643,9.3195,0,healthy,0.0,50.0,8.1521,0
SN_003632,LOT_011,7.7568,8.1755,8.3493,8.2634,0,healthy,0.0,50.0,8.1521,0
SN_003633,LOT_011,8.396,8.8891,8.9926,9.2104,0,healthy,0.0,50.0,8.1521,0
SN_003634,LOT_011,9.0238,9.1882,9.4696,9.5817,0,healthy,0.0,50.0,8.1521,0
SN_003635,LOT_011,7.3115,7.6882,8.0743,7.8948,0,healthy,0.0,50.0,8.1521,0
SN_003636,LOT_011,7.4173,7.8653,8.1695,7.9845,0,healthy,0.0,50.0,8.1521,0
SN_003637,LOT_011,7.7871,8.353,8.5411,8.7122,0,healthy,0.0,50.0,8.1521,0
SN_003638,LOT_011,7.6717,7.8941,8.0869,8.0221,0,healthy,0.0,50.0,8.1521,0
SN_003639,LOT_011,7.8966,8.1847,8.3828,8.3462,0,healthy,0.0,50.0,8.1521,0
SN_003640,LOT_011,6.9363,7.242,7.4205,7.3864,0,healthy,0.0,50.0,8.1521,0
SN_003641,LOT_011,8.258,8.5469,8.6048,8.6962,0,healthy,0.0,50.0,8.1521,0
SN_003642,LOT_011,9.5158,10.1551,10.4276,10.5787,0,healthy,0.0,50.0,8.1521,0
SN_003643,LOT_011,,9.6997,9.9286,10.2213,0,healthy,0.0,50.0,8.1521,0
SN_003644,LOT_011,7.6739,8.3327,8.4015,8.3378,0,healthy,0.0,50.0,8.1521,0
SN_003645,LOT_011,8.2908,8.8484,9.1904,9.3647,0,healthy,0.0,50.0,8.1521,0
SN_003646,LOT_011,8.8416,9.2691,9.4789,9.4395,0,healthy,0.0,50.0,8.1521,0
SN_003647,LOT_011,9.2856,10.5373,10.7769,11.0361,0,healthy,0.0,50.0,8.1521,0
SN_003648,LOT_011,7.8266,8.3915,8.7711,8.6991,0,healthy,0.0,50.0,8.1521,0
SN_003649,LOT_011,7.6481,7.8062,7.9899,7.946,0,healthy,0.0,50.0,8.1521,0
SN_003650,LOT_011,5.7751,,6.5311,6.6044,0,healthy,0.0,50.0,8.1521,0
SN_003651,LOT_011,8.111,8.6874,8.8443,8.7631,0,healthy,0.0,50.0,8.1521,0
SN_003652,LOT_011,9.9184,11.2297,11.7198,11.9364,0,healthy,0.0,50.0,8.1521,0
SN_003653,LOT_011,7.9394,8.5909,8.8167,8.9553,0,healthy,0.0,50.0,8.1521,0
SN_003654,LOT_011,8.4968,9.7468,10.0225,10.1915,0,healthy,0.0,50.0,8.1521,0
SN_003655,LOT_011,8.1344,8.361,8.6124,8.6184,0,healthy,0.0,50.0,8.1521,0
SN_003656,LOT_011,7.353,7.5512,7.6254,7.8545,0,healthy,0.0,50.0,8.1521,0
SN_003657,LOT_011,7.4368,8.1001,8.2904,8.4543,0,healthy,0.0,50.0,8.1521,0
SN_003658,LOT_011,7.5457,7.9939,7.9209,8.1664,0,healthy,0.0,50.0,8.1521,0
SN_003659,LOT_011,8.353,9.2286,9.4671,9.7583,0,healthy,0.0,50.0,8.1521,0
SN_003660,LOT_011,9.3808,10.1134,10.3339,10.5627,0,healthy,0.0,50.0,8.1521,0
SN_003661,LOT_011,8.3613,8.775,8.9104,8.9403,0,healthy,0.0,50.0,8.1521,0
SN_003662,LOT_011,8.4177,9.1935,9.7169,9.6918,0,healthy,0.0,50.0,8.1521,0
SN_003663,LOT_011,,8.4088,8.5489,8.5853,0,healthy,0.0,50.0,8.1521,0
SN_003664,LOT_011,9.3678,9.6274,9.9452,10.1266,0,healthy,0.0,50.0,8.1521,0
SN_003665,LOT_011,8.5423,9.6498,10.1372,10.1161,0,healthy,0.0,50.0,8.1521,0
SN_003666,LOT_011,8.1423,9.2755,9.3899,9.5429,0,healthy,0.0,50.0,8.1521,0
SN_003667,LOT_011,9.9773,10.7321,11.27,11.512,0,healthy,0.0,50.0,8.1521,0
SN_003668,LOT_011,11.0524,12.0922,12.5799,12.8091,0,healthy,0.0,50.0,8.1521,0
SN_003669,LOT_011,,8.3682,8.8031,8.8785,0,healthy,0.0,50.0,8.1521,0
SN_003670,LOT_011,6.7854,,7.4587,7.5008,0,healthy,0.0,50.0,8.1521,0
SN_003671,LOT_011,7.7759,8.2951,8.4237,8.5938,0,healthy,0.0,50.0,8.1521,0
SN_003672,LOT_011,7.9916,8.6755,8.9516,9.2817,0,healthy,0.0,50.0,8.1521,0
SN_003673,LOT_011,8.8629,9.3493,9.557,9.5408,0,healthy,0.0,50.0,8.1521,0
SN_003674,LOT_011,7.6646,8.5486,8.8406,9.1648,0,healthy,0.0,50.0,8.1521,0
SN_003675,LOT_011,8.2514,9.2173,9.5287,9.5023,0,healthy,0.0,50.0,8.1521,0
SN_003676,LOT_011,7.9039,8.7011,9.0972,9.1741,0,healthy,0.0,50.0,8.1521,0
SN_003677,LOT_011,7.8133,8.5553,8.9021,8.9089,0,healthy,0.0,50.0,8.1521,0
SN_003678,LOT_011,8.1168,,8.9578,9.006,0,healthy,0.0,50.0,8.1521,0
SN_003679,LOT_011,8.3676,9.0646,9.4493,9.7567,0,healthy,0.0,50.0,8.1521,0
SN_003680,LOT_011,7.2426,7.5362,7.8236,7.7044,0,healthy,0.0,50.0,8.1521,0
SN_003681,LOT_011,8.4697,9.5897,9.8684,10.1841,0,healthy,0.0,50.0,8.1521,0
SN_003682,LOT_011,7.787,8.1188,8.3487,8.5011,0,healthy,0.0,50.0,8.1521,0
SN_003683,LOT_011,8.736,9.4778,9.6839,9.9677,0,healthy,0.0,50.0,8.1521,0
SN_003684,LOT_011,8.3967,8.7805,8.8583,8.9713,0,healthy,0.0,50.0,8.1521,0
SN_003685,LOT_011,8.1784,8.5808,8.7879,8.8201,0,healthy,0.0,50.0,8.1521,0
SN_003686,LOT_011,9.0891,9.7741,10.0921,10.2897,0,healthy,0.0,50.0,8.1521,0
SN_003687,LOT_011,9.281,9.9952,10.4981,10.4511,0,healthy,0.0,50.0,8.1521,0
SN_003688,LOT_011,7.6692,8.2289,8.5207,8.5508,0,healthy,0.0,50.0,8.1521,0
SN_003689,LOT_011,7.6813,8.1302,8.2927,8.596,0,healthy,0.0,50.0,8.1521,0
SN_003690,LOT_011,8.0827,8.8018,9.2256,9.2607,0,healthy,0.0,50.0,8.1521,0
SN_003691,LOT_011,7.7688,8.228,8.4148,8.4406,0,healthy,0.0,50.0,8.1521,0
SN_003692,LOT_011,8.3755,9.1899,9.4392,9.8195,0,healthy,0.0,50.0,8.1521,0
SN_003693,LOT_011,6.6329,7.0099,7.1218,7.1613,0,healthy,0.0,50.0,8.1521,0
SN_003694,LOT_011,7.6606,8.5174,8.9444,9.0295,0,healthy,0.0,50.0,8.1521,0
SN_003695,LOT_011,7.5227,8.521,8.748,8.8092,0,healthy,0.0,50.0,8.1521,0
SN_003696,LOT_011,10.5696,11.7477,12.1568,12.3454,0,healthy,0.0,50.0,8.1521,0
SN_003697,LOT_011,9.9491,10.4788,10.5406,10.8084,0,healthy,0.0,50.0,8.1521,0
SN_003698,LOT_011,,8.683,8.9237,8.9584,0,healthy,0.0,50.0,8.1521,0
SN_003699,LOT_011,7.508,8.1273,8.3652,8.5225,0,healthy,0.0,50.0,8.1521,0
SN_003700,LOT_011,8.0789,9.0,9.3932,9.5059,0,healthy,0.0,50.0,8.1521,0
SN_003701,LOT_011,8.4015,9.3045,9.5531,9.8503,0,healthy,0.0,50.0,8.1521,0
SN_003702,LOT_011,7.3684,7.762,7.9483,7.9449,0,healthy,0.0,50.0,8.1521,0
SN_003703,LOT_011,8.7605,9.5045,9.8028,9.8065,0,healthy,0.0,50.0,8.1521,0
SN_003704,LOT_011,7.392,7.7574,8.0529,8.187,0,healthy,0.0,50.0,8.1521,0
SN_003705,LOT_011,9.1263,9.5576,9.5561,9.6453,0,healthy,0.0,50.0,8.1521,0
SN_003706,LOT_011,8.3174,8.9206,9.3795,9.4503,0,healthy,0.0,50.0,8.1521,0
SN_003707,LOT_011,8.4554,9.2698,9.5055,9.6109,0,healthy,0.0,50.0,8.1521,0
SN_003708,LOT_011,9.3627,9.785,10.0041,10.2164,0,healthy,0.0,50.0,8.1521,0
SN_003709,LOT_011,7.8102,8.1462,8.324,8.405,0,healthy,0.0,50.0,8.1521,0
SN_003710,LOT_011,7.5421,7.843,8.03,8.1611,0,healthy,0.0,50.0,8.1521,0
SN_003711,LOT_011,7.4866,8.0072,8.2766,8.4032,0,healthy,0.0,50.0,8.1521,0
SN_003712,LOT_011,9.6029,10.7498,11.0635,11.1415,0,healthy,0.0,50.0,8.1521,0
SN_003713,LOT_011,8.022,8.5327,8.7398,8.7149,0,healthy,0.0,50.0,8.1521,0
SN_003714,LOT_011,9.9535,11.1127,11.3107,11.4433,0,healthy,0.0,50.0,8.1521,0
SN_003715,LOT_011,8.8456,9.7876,10.1514,10.4758,0,healthy,0.0,50.0,8.1521,0
SN_003716,LOT_011,8.5977,9.4859,9.8968,10.2002,0,healthy,0.0,50.0,8.1521,0
SN_003717,LOT_011,8.2761,8.9762,9.1988,9.3667,0,healthy,0.0,50.0,8.1521,0
SN_003718,LOT_011,8.0207,8.5805,8.8927,8.9506,0,healthy,0.0,50.0,8.1521,0
SN_003719,LOT_011,7.36,7.685,7.95,7.9796,0,healthy,0.0,50.0,8.1521,0
SN_003720,LOT_011,9.4607,10.0372,10.3373,10.3293,0,healthy,0.0,50.0,8.1521,0
SN_003721,LOT_011,7.6793,7.9359,8.265,8.2074,0,healthy,0.0,50.0,8.1521,0
SN_003722,LOT_011,11.0008,11.9487,12.3077,12.497,0,healthy,0.0,50.0,8.1521,0
SN_003723,LOT_011,7.6539,8.5386,8.9171,8.8909,0,healthy,0.0,50.0,8.1521,0
SN_003724,LOT_011,11.1289,11.6606,11.8912,11.9157,0,healthy,0.0,50.0,8.1521,0
SN_003725,LOT_011,8.755,9.7701,10.079,10.1573,0,healthy,0.0,50.0,8.1521,0
SN_003726,LOT_011,10.0171,10.3648,10.5589,10.3715,0,healthy,0.0,50.0,8.1521,0
SN_003727,LOT_011,7.5712,8.1764,8.5137,8.6309,0,healthy,0.0,50.0,8.1521,0
SN_003728,LOT_011,8.783,9.2104,9.5155,9.4856,0,healthy,0.0,50.0,8.1521,0
SN_003729,LOT_011,7.6724,8.1838,8.3925,8.4504,0,healthy,0.0,50.0,8.1521,0
SN_003730,LOT_011,9.8532,10.3495,10.431,10.5682,0,healthy,0.0,50.0,8.1521,0
SN_003731,LOT_011,7.8819,8.2113,8.4779,8.4203,0,healthy,0.0,50.0,8.1521,0
SN_003732,LOT_011,7.9845,,8.6237,8.9331,0,healthy,0.0,50.0,8.1521,0
SN_003733,LOT_011,8.5993,9.3519,9.7237,9.8427,0,healthy,0.0,50.0,8.1521,0
SN_003734,LOT_011,6.8974,7.6132,7.7966,8.0864,0,healthy,0.0,50.0,8.1521,0
SN_003735,LOT_011,7.9406,8.7988,9.1373,9.4444,0,healthy,0.0,50.0,8.1521,0
SN_003736,LOT_011,6.9041,7.6698,8.0023,8.1398,0,healthy,0.0,50.0,8.1521,0
SN_003737,LOT_011,7.8428,8.6241,8.9212,9.0677,0,healthy,0.0,50.0,8.1521,0
SN_003738,LOT_011,9.4208,9.8827,9.9336,10.1781,0,healthy,0.0,50.0,8.1521,0
SN_003739,LOT_011,7.4873,8.3509,8.7711,8.8861,0,healthy,0.0,50.0,8.1521,0
SN_003740,LOT_011,7.8313,8.4107,8.4314,8.589,0,healthy,0.0,50.0,8.1521,0
SN_003741,LOT_011,7.6181,8.3828,8.6122,8.7042,0,healthy,0.0,50.0,8.1521,0
SN_003742,LOT_011,7.1442,7.9326,8.1902,8.1743,0,healthy,0.0,50.0,8.1521,0
SN_003743,LOT_011,8.7076,9.6934,10.0616,10.2756,0,healthy,0.0,50.0,8.1521,0
SN_003744,LOT_011,9.6204,10.3722,10.8443,10.9757,0,healthy,0.0,50.0,8.1521,0
SN_003745,LOT_011,9.6979,10.8106,11.2364,11.5117,0,healthy,0.0,50.0,8.1521,0
SN_003746,LOT_011,7.1871,7.5021,7.5684,7.492,0,healthy,0.0,50.0,8.1521,0
SN_003747,LOT_011,7.6916,7.981,8.1597,8.3013,0,healthy,0.0,50.0,8.1521,0
SN_003748,LOT_011,8.1817,8.946,9.3705,9.4842,0,healthy,0.0,50.0,8.1521,0
SN_003749,LOT_011,8.9637,9.9713,10.4399,10.6307,0,healthy,0.0,50.0,8.1521,0
SN_003750,LOT_011,7.3078,7.7766,7.9703,8.0853,0,healthy,0.0,50.0,8.1521,0
SN_003751,LOT_011,9.2269,,9.961,9.8765,0,healthy,0.0,50.0,8.1521,0
SN_003752,LOT_011,8.8805,9.9807,10.426,10.5858,0,healthy,0.0,50.0,8.1521,0
SN_003753,LOT_011,8.2947,8.5594,8.727,8.691,0,healthy,0.0,50.0,8.1521,0
SN_003754,LOT_011,6.415,6.9937,7.2181,7.33,0,healthy,0.0,50.0,8.1521,0
SN_003755,LOT_011,8.9145,9.5443,9.4429,9.5546,0,healthy,0.0,50.0,8.1521,0
SN_003756,LOT_011,8.9763,10.1591,10.5011,10.671,0,healthy,0.0,50.0,8.1521,0
SN_003757,LOT_011,7.5099,8.4054,8.6067,8.694,0,healthy,0.0,50.0,8.1521,0
SN_003758,LOT_011,7.789,8.4959,8.9114,9.1945,0,healthy,0.0,50.0,8.1521,0
SN_003759,LOT_011,9.2394,9.5387,9.7724,9.6517,0,healthy,0.0,50.0,8.1521,0
SN_003760,LOT_011,8.7312,9.6142,9.8911,9.9843,0,healthy,0.0,50.0,8.1521,0
SN_003761,LOT_011,8.4575,8.877,8.9999,9.2634,0,healthy,0.0,50.0,8.1521,0
SN_003762,LOT_011,,10.7625,10.9479,10.9321,0,healthy,0.0,50.0,8.1521,0
SN_003763,LOT_011,8.34,9.2859,9.6203,9.9181,0,healthy,0.0,50.0,8.1521,0
SN_003764,LOT_011,10.2591,11.4247,11.7884,11.9278,0,healthy,0.0,50.0,8.1521,0
SN_003765,LOT_011,7.9832,8.117,8.2925,8.3398,0,healthy,0.0,50.0,8.1521,0
SN_003766,LOT_011,7.3775,7.8155,8.0229,8.2482,0,healthy,0.0,50.0,8.1521,0
SN_003767,LOT_011,6.8872,7.3967,7.6519,7.716,0,healthy,0.0,50.0,8.1521,0
SN_003768,LOT_011,7.8327,8.4516,8.599,8.6167,0,healthy,0.0,50.0,8.1521,0
SN_003769,LOT_011,8.4283,9.0994,9.0603,9.1925,0,healthy,0.0,50.0,8.1521,0
SN_003770,LOT_011,8.5705,9.405,9.8946,10.1536,0,healthy,0.0,50.0,8.1521,0
SN_003771,LOT_011,8.9639,,10.5082,10.7625,0,healthy,0.0,50.0,8.1521,0
SN_003772,LOT_011,9.0605,10.0158,10.2167,10.3235,0,healthy,0.0,50.0,8.1521,0
SN_003773,LOT_011,8.7722,9.0602,9.0764,9.2828,0,healthy,0.0,50.0,8.1521,0
SN_003774,LOT_011,6.9557,7.32,7.4385,7.4295,0,healthy,0.0,50.0,8.1521,0
SN_003775,LOT_012,10.7559,12.3206,12.5119,12.7843,0,healthy,0.0,50.0,9.3616,0
SN_003776,LOT_012,,9.6398,9.7722,9.6899,0,healthy,0.0,50.0,9.3616,0
SN_003777,LOT_012,,12.8957,13.2821,13.3551,0,healthy,0.0,50.0,9.3616,0
SN_003778,LOT_012,9.9892,10.5599,10.7281,10.8214,0,healthy,0.0,50.0,9.3616,0
SN_003779,LOT_012,8.3123,9.0321,9.3574,9.3077,0,healthy,0.0,50.0,9.3616,0
SN_003780,LOT_012,9.0626,10.3371,10.5406,10.7903,0,healthy,0.0,50.0,9.3616,0
SN_003781,LOT_012,9.9962,10.9625,11.5172,11.7125,0,healthy,0.0,50.0,9.3616,0
SN_003782,LOT_012,8.697,9.4732,9.4225,9.6433,0,healthy,0.0,50.0,9.3616,0
SN_003783,LOT_012,8.4033,8.753,8.9129,8.9374,0,healthy,0.0,50.0,9.3616,0
SN_003784,LOT_012,9.2572,9.8937,9.9501,10.051,0,healthy,0.0,50.0,9.3616,0
SN_003785,LOT_012,11.0325,12.3936,12.8597,12.8268,0,healthy,0.0,50.0,9.3616,0
SN_003786,LOT_012,9.487,10.2871,10.6198,10.8573,0,healthy,0.0,50.0,9.3616,0
SN_003787,LOT_012,10.1997,10.7393,11.0051,11.2181,0,healthy,0.0,50.0,9.3616,0
SN_003788,LOT_012,11.1131,12.3961,12.7598,12.6872,0,healthy,0.0,50.0,9.3616,0
SN_003789,LOT_012,9.4021,10.3111,10.5759,10.8816,0,healthy,0.0,50.0,9.3616,0
SN_003790,LOT_012,9.3936,9.9183,10.2308,10.1329,0,healthy,0.0,50.0,9.3616,0
SN_003791,LOT_012,11.1036,11.7879,11.8999,12.0108,0,healthy,0.0,50.0,9.3616,0
SN_003792,LOT_012,10.5485,11.4525,11.859,12.0802,0,healthy,0.0,50.0,9.3616,0
SN_003793,LOT_012,11.5926,12.3342,12.7868,13.1121,0,healthy,0.0,50.0,9.3616,0
SN_003794,LOT_012,9.9533,10.855,11.2485,11.5443,0,healthy,0.0,50.0,9.3616,0
SN_003795,LOT_012,10.3691,11.4113,11.9535,12.0665,0,healthy,0.0,50.0,9.3616,0
SN_003796,LOT_012,10.305,10.9599,11.294,11.4712,0,healthy,0.0,50.0,9.3616,0
SN_003797,LOT_012,8.7959,9.3348,9.4284,9.5868,0,healthy,0.0,50.0,9.3616,0
SN_003798,LOT_012,8.8984,9.6402,10.2567,10.2067,0,healthy,0.0,50.0,9.3616,0
SN_003799,LOT_012,12.3499,13.2405,13.7702,13.8623,0,healthy,0.0,50.0,9.3616,0
SN_003800,LOT_012,11.041,11.4625,11.7752,11.813,0,healthy,0.0,50.0,9.3616,0
SN_003801,LOT_012,7.8414,8.3128,8.2556,8.3982,0,healthy,0.0,50.0,9.3616,0
SN_003802,LOT_012,7.4805,7.9605,8.1835,8.109,0,healthy,0.0,50.0,9.3616,0
SN_003803,LOT_012,8.8816,9.5086,9.9063,10.0539,0,healthy,0.0,50.0,9.3616,0
SN_003804,LOT_012,9.6564,10.3986,10.4715,10.7313,0,healthy,0.0,50.0,9.3616,0
SN_003805,LOT_012,10.4759,11.4039,11.4864,11.5529,0,healthy,0.0,50.0,9.3616,0
SN_003806,LOT_012,7.7641,8.4528,8.6182,8.9652,0,healthy,0.0,50.0,9.3616,0
SN_003807,LOT_012,10.0316,10.7727,11.0343,11.162,0,healthy,0.0,50.0,9.3616,0
SN_003808,LOT_012,11.9368,13.2452,13.83,14.137,0,healthy,0.0,50.0,9.3616,0
SN_003809,LOT_012,9.3697,9.6841,9.7471,9.9013,0,healthy,0.0,50.0,9.3616,0
SN_003810,LOT_012,10.455,11.2595,11.6003,11.7486,0,healthy,0.0,50.0,9.3616,0
SN_003811,LOT_012,9.7019,10.34,10.3192,10.412,0,healthy,0.0,50.0,9.3616,0
SN_003812,LOT_012,8.5124,9.6645,9.996,9.9296,0,healthy,0.0,50.0,9.3616,0
SN_003813,LOT_012,9.5972,10.6954,11.1889,11.5244,0,healthy,0.0,50.0,9.3616,0
SN_003814,LOT_012,11.246,11.721,11.9746,12.2193,0,healthy,0.0,50.0,9.3616,0
SN_003815,LOT_012,8.5772,9.1925,9.2771,9.4943,0,healthy,0.0,50.0,9.3616,0
SN_003816,LOT_012,11.431,12.7554,13.2562,13.2091,0,healthy,0.0,50.0,9.3616,0
SN_003817,LOT_012,9.8026,10.6074,10.694,10.8051,0,healthy,0.0,50.0,9.3616,0
SN_003818,LOT_012,,9.4633,9.6974,10.0297,0,healthy,0.0,50.0,9.3616,0
SN_003819,LOT_012,,9.3298,9.476,9.5541,0,healthy,0.0,50.0,9.3616,0
SN_003820,LOT_012,9.5144,9.7164,10.1781,10.1192,0,healthy,0.0,50.0,9.3616,0
SN_003821,LOT_012,10.8521,11.6251,12.1365,12.2192,0,healthy,0.0,50.0,9.3616,0
SN_003822,LOT_012,9.1711,9.7273,9.9827,10.1445,0,healthy,0.0,50.0,9.3616,0
SN_003823,LOT_012,11.6639,13.1329,13.0248,13.4827,0,healthy,0.0,50.0,9.3616,0
SN_003824,LOT_012,9.4188,10.7022,11.1459,11.3495,0,healthy,0.0,50.0,9.3616,0
SN_003825,LOT_012,9.0881,9.6745,9.6126,9.7477,0,healthy,0.0,50.0,9.3616,0
SN_003826,LOT_012,12.6524,14.4069,14.8443,15.1513,0,healthy,0.0,50.0,9.3616,0
SN_003827,LOT_012,10.6333,11.0451,11.1549,11.3627,0,healthy,0.0,50.0,9.3616,0
SN_003828,LOT_012,8.1808,9.1454,9.478,9.6069,0,healthy,0.0,50.0,9.3616,0
SN_003829,LOT_012,9.3543,10.4553,10.8661,11.0329,0,healthy,0.0,50.0,9.3616,0
SN_003830,LOT_012,9.2618,10.2696,10.5953,10.6619,0,healthy,0.0,50.0,9.3616,0
SN_003831,LOT_012,12.0284,12.7854,12.9368,13.0525,0,healthy,0.0,50.0,9.3616,0
SN_003832,LOT_012,7.7414,7.9515,8.0462,8.1123,0,healthy,0.0,50.0,9.3616,0
SN_003833,LOT_012,9.8831,10.8791,11.5194,11.4883,0,healthy,0.0,50.0,9.3616,0
SN_003834,LOT_012,,9.344,9.6102,9.9036,0,healthy,0.0,50.0,9.3616,0
SN_003835,LOT_012,8.2893,8.8951,9.0125,9.1509,0,healthy,0.0,50.0,9.3616,0
SN_003836,LOT_012,9.5631,10.202,10.2729,10.2847,0,healthy,0.0,50.0,9.3616,0
SN_003837,LOT_012,11.5445,12.45,12.5399,12.7706,0,healthy,0.0,50.0,9.3616,0
SN_003838,LOT_012,9.2949,9.7097,9.8024,10.0319,0,healthy,0.0,50.0,9.3616,0
SN_003839,LOT_012,8.3248,8.7841,8.9139,9.0624,0,healthy,0.0,50.0,9.3616,0
SN_003840,LOT_012,9.7961,,11.0689,11.3546,0,healthy,0.0,50.0,9.3616,0
SN_003841,LOT_012,9.6534,10.3382,10.4092,10.6702,0,healthy,0.0,50.0,9.3616,0
SN_003842,LOT_012,8.4479,8.9333,9.1338,9.2534,0,healthy,0.0,50.0,9.3616,0
SN_003843,LOT_012,11.7927,12.1997,12.4897,12.6119,0,healthy,0.0,50.0,9.3616,0
SN_003844,LOT_012,9.353,10.3938,10.5129,10.596,0,healthy,0.0,50.0,9.3616,0
SN_003845,LOT_012,9.6725,10.5684,10.7869,11.0847,0,healthy,0.0,50.0,9.3616,0
SN_003846,LOT_012,11.0231,,12.3915,12.7139,0,healthy,0.0,50.0,9.3616,0
SN_003847,LOT_012,10.029,11.0731,11.5569,11.8995,0,healthy,0.0,50.0,9.3616,0
SN_003848,LOT_012,6.8825,7.5797,8.1539,8.1882,0,healthy,0.0,50.0,9.3616,0
SN_003849,LOT_012,8.3937,8.9117,9.1773,9.0688,0,healthy,0.0,50.0,9.3616,0
SN_003850,LOT_012,8.6642,9.0816,9.187,9.3609,0,healthy,0.0,50.0,9.3616,0
SN_003851,LOT_012,11.4151,13.1151,13.3923,13.6129,0,healthy,0.0,50.0,9.3616,0
SN_003852,LOT_012,10.5668,11.5129,11.784,11.98,0,healthy,0.0,50.0,9.3616,0
SN_003853,LOT_012,7.3349,7.7642,7.6801,7.7921,0,healthy,0.0,50.0,9.3616,0
SN_003854,LOT_012,11.0284,11.9966,12.24,12.4176,0,healthy,0.0,50.0,9.3616,0
SN_003855,LOT_012,10.7362,12.0642,12.4645,12.7464,0,healthy,0.0,50.0,9.3616,0
SN_003856,LOT_012,10.0438,,10.6278,10.5352,0,healthy,0.0,50.0,9.3616,0
SN_003857,LOT_012,9.3782,10.0502,10.3088,10.4072,0,healthy,0.0,50.0,9.3616,0
SN_003858,LOT_012,9.777,10.4038,10.517,10.6041,0,healthy,0.0,50.0,9.3616,0
SN_003859,LOT_012,8.9667,10.1185,10.2909,10.46,0,healthy,0.0,50.0,9.3616,0
SN_003860,LOT_012,7.5276,8.1186,8.2762,8.2342,0,healthy,0.0,50.0,9.3616,0
SN_003861,LOT_012,9.3914,10.5853,11.0351,11.1801,0,healthy,0.0,50.0,9.3616,0
SN_003862,LOT_012,9.0522,9.9414,10.5403,10.7737,0,healthy,0.0,50.0,9.3616,0
SN_003863,LOT_012,8.9073,,9.4905,9.5844,0,healthy,0.0,50.0,9.3616,0
SN_003864,LOT_012,9.145,10.3023,10.7822,10.8888,0,healthy,0.0,50.0,9.3616,0
SN_003865,LOT_012,12.3932,13.0663,13.5357,13.7465,0,healthy,0.0,50.0,9.3616,0
SN_003866,LOT_012,10.5516,11.7734,12.1589,12.3156,0,healthy,0.0,50.0,9.3616,0
SN_003867,LOT_012,9.8169,10.9075,11.3673,11.2384,0,healthy,0.0,50.0,9.3616,0
SN_003868,LOT_012,10.8903,11.8336,12.1355,12.4128,0,healthy,0.0,50.0,9.3616,0
SN_003869,LOT_012,8.9837,9.782,10.0185,10.0465,0,healthy,0.0,50.0,9.3616,0
SN_003870,LOT_012,7.7035,8.2978,8.5055,8.5673,0,healthy,0.0,50.0,9.3616,0
SN_003871,LOT_012,10.3825,11.1086,11.1679,11.4218,0,healthy,0.0,50.0,9.3616,0
SN_003872,LOT_012,9.663,10.2352,10.3687,10.4731,0,healthy,0.0,50.0,9.3616,0
SN_003873,LOT_012,7.8312,8.5426,8.8624,8.9154,0,healthy,0.0,50.0,9.3616,0
SN_003874,LOT_012,8.1628,8.6476,8.69,8.788,0,healthy,0.0,50.0,9.3616,0
SN_003875,LOT_012,8.4906,9.0321,9.3237,9.377,0,healthy,0.0,50.0,9.3616,0
SN_003876,LOT_012,9.0752,10.0408,10.477,10.6323,0,healthy,0.0,50.0,9.3616,0
SN_003877,LOT_012,9.6861,10.2073,10.5525,10.7576,0,healthy,0.0,50.0,9.3616,0
SN_003878,LOT_012,7.527,,8.0941,8.2039,0,healthy,0.0,50.0,9.3616,0
SN_003879,LOT_012,9.3039,10.2552,10.5023,10.3499,0,healthy,0.0,50.0,9.3616,0
SN_003880,LOT_012,,12.6864,13.2213,13.5134,0,healthy,0.0,50.0,9.3616,0
SN_003881,LOT_012,9.3832,9.8154,10.0417,10.0519,0,healthy,0.0,50.0,9.3616,0
SN_003882,LOT_012,8.5966,,9.0416,9.1892,0,healthy,0.0,50.0,9.3616,0
SN_003883,LOT_012,8.715,9.8726,10.1124,10.2604,0,healthy,0.0,50.0,9.3616,0
SN_003884,LOT_012,11.0336,11.5113,11.7205,11.8013,0,healthy,0.0,50.0,9.3616,0
SN_003885,LOT_012,10.5871,11.4211,11.6218,11.7818,0,healthy,0.0,50.0,9.3616,0
SN_003886,LOT_012,9.5767,10.0792,10.0374,10.2107,0,healthy,0.0,50.0,9.3616,0
SN_003887,LOT_012,8.8012,9.0763,9.3018,9.2812,0,healthy,0.0,50.0,9.3616,0
SN_003888,LOT_012,12.1991,13.2421,13.4332,13.4486,0,healthy,0.0,50.0,9.3616,0
SN_003889,LOT_012,10.135,10.6618,10.7509,10.9283,0,healthy,0.0,50.0,9.3616,0
SN_003890,LOT_012,10.1731,10.8152,11.1022,11.1395,0,healthy,0.0,50.0,9.3616,0
SN_003891,LOT_012,8.9353,9.1296,9.3632,9.277,0,healthy,0.0,50.0,9.3616,0
SN_003892,LOT_012,6.461,6.897,7.1621,7.2796,0,healthy,0.0,50.0,9.3616,0
SN_003893,LOT_012,10.4118,11.3537,11.8348,12.1496,0,healthy,0.0,50.0,9.3616,0
SN_003894,LOT_012,9.8167,10.3544,10.3846,10.5101,0,healthy,0.0,50.0,9.3616,0
SN_003895,LOT_012,10.1625,11.052,11.144,11.3173,0,healthy,0.0,50.0,9.3616,0
SN_003896,LOT_012,8.9311,9.7055,10.1081,10.1993,0,healthy,0.0,50.0,9.3616,0
SN_003897,LOT_012,7.8708,8.8742,9.1259,9.2404,0,healthy,0.0,50.0,9.3616,0
SN_003898,LOT_012,9.0675,10.1145,10.2463,10.4072,0,healthy,0.0,50.0,9.3616,0
SN_003899,LOT_012,9.8166,10.1358,10.3392,10.3805,0,healthy,0.0,50.0,9.3616,0
SN_003900,LOT_012,8.3805,8.6762,8.8194,8.9702,0,healthy,0.0,50.0,9.3616,0
SN_003901,LOT_012,,9.8197,10.1991,10.3771,0,healthy,0.0,50.0,9.3616,0
SN_003902,LOT_012,7.8287,8.3988,8.6424,8.8461,0,healthy,0.0,50.0,9.3616,0
SN_003903,LOT_012,8.2359,,9.4793,9.8284,0,healthy,0.0,50.0,9.3616,0
SN_003904,LOT_012,8.855,9.8137,10.3787,10.5079,0,healthy,0.0,50.0,9.3616,0
SN_003905,LOT_012,9.9156,10.2674,10.4453,10.4324,0,healthy,0.0,50.0,9.3616,0
SN_003906,LOT_012,9.5124,10.3627,10.6271,10.671,0,healthy,0.0,50.0,9.3616,0
SN_003907,LOT_012,9.8428,10.111,10.3212,10.4957,0,healthy,0.0,50.0,9.3616,0
SN_003908,LOT_012,9.7674,10.2211,10.3134,10.2552,0,healthy,0.0,50.0,9.3616,0
SN_003909,LOT_012,9.7994,10.4624,10.781,10.839,0,healthy,0.0,50.0,9.3616,0
SN_003910,LOT_012,9.6091,10.5874,10.6623,10.7813,0,healthy,0.0,50.0,9.3616,0
SN_003911,LOT_012,9.5529,10.605,10.8637,11.2966,0,healthy,0.0,50.0,9.3616,0
SN_003912,LOT_012,10.64,11.9639,12.3119,12.4571,0,healthy,0.0,50.0,9.3616,0
SN_003913,LOT_012,7.2615,8.1816,8.534,8.6391,0,healthy,0.0,50.0,9.3616,0
SN_003914,LOT_012,8.9297,9.1784,9.2714,9.431,0,healthy,0.0,50.0,9.3616,0
SN_003915,LOT_012,8.0226,,9.3616,9.5316,0,healthy,0.0,50.0,9.3616,0
SN_003916,LOT_012,10.0774,10.5351,10.6748,10.8626,0,healthy,0.0,50.0,9.3616,0
SN_003917,LOT_012,12.0798,12.4909,12.7378,12.8472,0,healthy,0.0,50.0,9.3616,0
SN_003918,LOT_012,9.5345,9.9439,10.2129,10.2838,0,healthy,0.0,50.0,9.3616,0
SN_003919,LOT_012,10.4192,10.9439,11.0402,11.2277,0,healthy,0.0,50.0,9.3616,0
SN_003920,LOT_012,9.2917,9.9278,10.2888,10.3348,0,healthy,0.0,50.0,9.3616,0
SN_003921,LOT_012,8.8903,9.6679,9.8027,9.9303,0,healthy,0.0,50.0,9.3616,0
SN_003922,LOT_012,8.4995,9.3537,9.9708,10.2922,0,healthy,0.0,50.0,9.3616,0
SN_003923,LOT_012,8.8398,9.3933,9.6105,9.6237,0,healthy,0.0,50.0,9.3616,0
SN_003924,LOT_012,10.4576,,12.145,12.3051,0,healthy,0.0,50.0,9.3616,0
SN_003925,LOT_012,7.3226,8.0773,8.4156,8.5833,0,healthy,0.0,50.0,9.3616,0
SN_003926,LOT_012,10.2082,10.941,11.089,11.0225,0,healthy,0.0,50.0,9.3616,0
SN_003927,LOT_012,7.8487,8.7219,8.919,9.0567,0,healthy,0.0,50.0,9.3616,0
SN_003928,LOT_012,10.1739,11.3303,11.8185,12.1285,0,healthy,0.0,50.0,9.3616,0
SN_003929,LOT_012,10.1837,11.597,12.0966,12.1773,0,healthy,0.0,50.0,9.3616,0
SN_003930,LOT_012,13.7662,14.7749,15.1933,15.4002,0,healthy,0.0,50.0,9.3616,0
SN_003931,LOT_012,10.9229,11.6535,11.9783,12.1031,0,healthy,0.0,50.0,9.3616,0
SN_003932,LOT_012,8.6481,9.3571,9.5574,9.6242,0,healthy,0.0,50.0,9.3616,0
SN_003933,LOT_012,9.2278,9.7186,10.1984,10.1083,0,healthy,0.0,50.0,9.3616,0
SN_003934,LOT_012,6.843,7.4606,7.356,7.4874,0,healthy,0.0,50.0,9.3616,0
SN_003935,LOT_012,8.3602,9.2796,9.5876,9.6836,0,healthy,0.0,50.0,9.3616,0
SN_003936,LOT_012,8.8919,9.2314,9.4852,9.6255,0,healthy,0.0,50.0,9.3616,0
SN_003937,LOT_012,10.1647,11.1366,11.5842,11.6968,0,healthy,0.0,50.0,9.3616,0
SN_003938,LOT_012,11.1165,11.9329,12.0868,12.1338,0,healthy,0.0,50.0,9.3616,0
SN_003939,LOT_012,7.9067,8.3495,8.5341,8.6675,0,healthy,0.0,50.0,9.3616,0
SN_003940,LOT_012,10.8367,11.9207,12.2677,12.5878,0,healthy,0.0,50.0,9.3616,0
SN_003941,LOT_012,9.3538,,9.9386,10.0761,0,healthy,0.0,50.0,9.3616,0
SN_003942,LOT_012,9.5837,10.6619,11.1404,11.2573,0,healthy,0.0,50.0,9.3616,0
SN_003943,LOT_012,9.6457,10.1658,10.322,10.5457,0,healthy,0.0,50.0,9.3616,0
SN_003944,LOT_012,10.0576,10.6242,10.733,10.97,0,healthy,0.0,50.0,9.3616,0
SN_003945,LOT_012,11.3138,12.633,13.1148,13.4511,0,healthy,0.0,50.0,9.3616,0
SN_003946,LOT_012,11.3346,12.6228,13.1965,13.403,0,healthy,0.0,50.0,9.3616,0
SN_003947,LOT_012,9.8358,10.3555,10.6249,10.562,0,healthy,0.0,50.0,9.3616,0
SN_003948,LOT_012,8.7755,9.6551,10.0534,10.2965,0,healthy,0.0,50.0,9.3616,0
SN_003949,LOT_012,9.8939,11.014,11.416,11.5177,0,healthy,0.0,50.0,9.3616,0
SN_003950,LOT_012,9.6201,10.363,10.5494,10.6821,0,healthy,0.0,50.0,9.3616,0
SN_003951,LOT_012,10.541,11.4518,11.8639,12.3594,0,healthy,0.0,50.0,9.3616,0
SN_003952,LOT_012,8.6496,9.3454,9.6661,9.6823,0,healthy,0.0,50.0,9.3616,0
SN_003953,LOT_012,10.2393,11.3861,11.8637,11.8887,0,healthy,0.0,50.0,9.3616,0
SN_003954,LOT_012,9.9367,11.0206,11.5106,11.5759,0,healthy,0.0,50.0,9.3616,0
SN_003955,LOT_012,10.2017,10.6834,10.8041,10.9216,0,healthy,0.0,50.0,9.3616,0
SN_003956,LOT_012,,9.6227,9.8566,10.0071,0,healthy,0.0,50.0,9.3616,0
SN_003957,LOT_012,10.2857,11.0508,11.2124,11.4103,0,healthy,0.0,50.0,9.3616,0
SN_003958,LOT_012,8.7072,9.5591,9.8914,10.1845,0,healthy,0.0,50.0,9.3616,0
SN_003959,LOT_012,10.1612,11.3116,11.7411,11.8691,0,healthy,0.0,50.0,9.3616,0
SN_003960,LOT_012,9.1023,9.4474,9.5499,9.6866,0,healthy,0.0,50.0,9.3616,0
SN_003961,LOT_012,8.2054,8.9601,9.3267,9.4985,0,healthy,0.0,50.0,9.3616,0
SN_003962,LOT_012,7.4949,8.3742,8.654,8.7958,0,healthy,0.0,50.0,9.3616,0
SN_003963,LOT_012,,9.3455,9.4698,9.5935,0,healthy,0.0,50.0,9.3616,0
SN_003964,LOT_012,10.4767,11.6899,12.2983,12.431,0,healthy,0.0,50.0,9.3616,0
SN_003965,LOT_012,9.4253,10.5164,10.9759,11.2521,0,healthy,0.0,50.0,9.3616,0
SN_003966,LOT_012,9.0318,10.1272,10.5541,10.8396,0,healthy,0.0,50.0,9.3616,0
SN_003967,LOT_012,8.3143,8.6076,8.8077,8.701,0,healthy,0.0,50.0,9.3616,0
SN_003968,LOT_012,10.4729,10.9188,10.9246,11.1035,0,healthy,0.0,50.0,9.3616,0
SN_003969,LOT_012,9.495,10.3399,10.7518,11.1202,0,healthy,0.0,50.0,9.3616,0
SN_003970,LOT_012,10.1813,10.8529,11.2394,11.1465,0,healthy,0.0,50.0,9.3616,0
SN_003971,LOT_012,8.2114,8.519,8.6665,8.6708,0,healthy,0.0,50.0,9.3616,0
SN_003972,LOT_012,11.0117,11.5505,11.6001,11.5741,0,healthy,0.0,50.0,9.3616,0
SN_003973,LOT_012,9.1149,9.8604,10.2487,10.283,0,healthy,0.0,50.0,9.3616,0
SN_003974,LOT_012,8.8037,9.5431,9.9067,9.9664,0,healthy,0.0,50.0,9.3616,0
SN_003975,LOT_012,9.9436,10.5534,10.971,11.1782,0,healthy,0.0,50.0,9.3616,0
SN_003976,LOT_012,8.1347,8.5789,8.8313,8.7535,0,healthy,0.0,50.0,9.3616,0
SN_003977,LOT_012,7.5954,8.4195,8.7104,8.7056,0,healthy,0.0,50.0,9.3616,0
SN_003978,LOT_012,9.1619,10.2231,10.4832,10.443,0,healthy,0.0,50.0,9.3616,0
SN_003979,LOT_012,7.9107,8.6931,9.3031,9.456,0,healthy,0.0,50.0,9.3616,0
SN_003980,LOT_012,9.3143,10.2374,10.3858,10.3802,0,healthy,0.0,50.0,9.3616,0
SN_003981,LOT_012,10.513,10.9332,11.0446,11.0943,0,healthy,0.0,50.0,9.3616,0
SN_003982,LOT_012,9.7725,11.2346,11.5258,11.749,0,healthy,0.0,50.0,9.3616,0
SN_003983,LOT_012,7.8015,8.1304,8.2371,8.1765,0,healthy,0.0,50.0,9.3616,0
SN_003984,LOT_012,8.5018,9.6224,9.8232,9.7262,0,healthy,0.0,50.0,9.3616,0
SN_003985,LOT_012,9.7535,11.0671,11.3558,11.5332,0,healthy,0.0,50.0,9.3616,0
SN_003986,LOT_012,8.8487,9.9947,10.0886,10.317,0,healthy,0.0,50.0,9.3616,0
SN_003987,LOT_012,6.4471,7.3028,7.4861,7.5844,0,healthy,0.0,50.0,9.3616,0
SN_003988,LOT_012,11.8117,12.3915,12.4886,12.6298,0,healthy,0.0,50.0,9.3616,0
SN_003989,LOT_012,10.2683,10.9693,11.1968,11.5081,0,healthy,0.0,50.0,9.3616,0
SN_003990,LOT_012,6.6097,7.2096,7.3288,7.3924,0,healthy,0.0,50.0,9.3616,0
SN_003991,LOT_012,7.5014,7.8136,7.9505,8.1296,0,healthy,0.0,50.0,9.3616,0
SN_003992,LOT_012,11.2655,11.8099,11.8195,12.0772,0,healthy,0.0,50.0,9.3616,0
SN_003993,LOT_012,11.739,12.8986,13.1239,13.1936,0,healthy,0.0,50.0,9.3616,0
SN_003994,LOT_012,8.6889,9.3193,9.4784,9.7308,0,healthy,0.0,50.0,9.3616,0
SN_003995,LOT_012,10.3555,11.3758,11.6764,11.7652,0,healthy,0.0,50.0,9.3616,0
SN_003996,LOT_012,8.6095,9.6233,9.8088,10.1942,0,healthy,0.0,50.0,9.3616,0
SN_003997,LOT_012,9.0053,9.1638,9.4011,9.4383,0,healthy,0.0,50.0,9.3616,0
SN_003998,LOT_012,7.5173,8.1759,8.6523,8.6965,0,healthy,0.0,50.0,9.3616,0
SN_003999,LOT_012,9.6131,10.0072,10.1072,10.3981,0,healthy,0.0,50.0,9.3616,0
SN_004000,LOT_012,11.5903,12.9512,13.3127,13.7492,0,healthy,0.0,50.0,9.3616,0
SN_004001,LOT_012,8.6506,8.8878,9.0272,9.0314,0,healthy,0.0,50.0,9.3616,0
SN_004002,LOT_012,9.6521,10.5243,10.7343,11.0572,0,healthy,0.0,50.0,9.3616,0
SN_004003,LOT_012,9.5555,10.2798,10.9785,11.0405,0,healthy,0.0,50.0,9.3616,0
SN_004004,LOT_012,8.1828,8.9152,9.093,9.1935,0,healthy,0.0,50.0,9.3616,0
SN_004005,LOT_012,9.5403,9.8989,9.9898,9.9827,0,healthy,0.0,50.0,9.3616,0
SN_004006,LOT_012,8.5219,9.1369,9.4466,9.7118,0,healthy,0.0,50.0,9.3616,0
SN_004007,LOT_012,10.9434,11.9737,12.4376,12.5441,0,healthy,0.0,50.0,9.3616,0
SN_004008,LOT_012,8.4146,9.3092,9.6625,9.7428,0,healthy,0.0,50.0,9.3616,0
SN_004009,LOT_012,9.3319,9.9966,10.4764,10.6026,0,healthy,0.0,50.0,9.3616,0
SN_004010,LOT_012,11.9626,13.0898,13.4979,13.7988,0,healthy,0.0,50.0,9.3616,0
SN_004011,LOT_012,7.2941,7.5043,7.6674,7.7003,0,healthy,0.0,50.0,9.3616,0
SN_004012,LOT_012,8.242,8.6974,8.7447,8.7717,0,healthy,0.0,50.0,9.3616,0
SN_004013,LOT_012,10.6847,11.567,12.0521,12.0461,0,healthy,0.0,50.0,9.3616,0
SN_004014,LOT_012,7.9578,8.5865,8.9105,9.0875,0,healthy,0.0,50.0,9.3616,0
SN_004015,LOT_012,8.9977,9.6197,9.8712,10.133,0,healthy,0.0,50.0,9.3616,0
SN_004016,LOT_012,8.2404,8.7247,8.8733,8.9209,0,healthy,0.0,50.0,9.3616,0
SN_004017,LOT_012,11.7192,12.7062,12.9859,12.9775,0,healthy,0.0,50.0,9.3616,0
SN_004018,LOT_012,9.013,10.1823,10.503,10.6483,0,healthy,0.0,50.0,9.3616,0
SN_004019,LOT_012,8.5561,8.9434,9.1783,9.1877,0,healthy,0.0,50.0,9.3616,0
SN_004020,LOT_012,10.6349,12.1061,12.2159,12.4841,0,healthy,0.0,50.0,9.3616,0
SN_004021,LOT_012,13.7768,14.9928,15.4362,15.4758,0,healthy,0.0,50.0,9.3616,0
SN_004022,LOT_012,8.8307,9.8331,10.0012,10.257,0,healthy,0.0,50.0,9.3616,0
SN_004023,LOT_012,7.6863,8.5455,8.7866,8.8673,0,healthy,0.0,50.0,9.3616,0
SN_004024,LOT_012,8.9743,9.343,9.5732,9.4877,0,healthy,0.0,50.0,9.3616,0
SN_004025,LOT_012,7.8146,8.8399,8.9954,9.25,0,healthy,0.0,50.0,9.3616,0
SN_004026,LOT_012,10.0489,10.5154,10.8561,10.9497,0,healthy,0.0,50.0,9.3616,0
SN_004027,LOT_012,9.5375,10.4054,10.8483,10.8147,0,healthy,0.0,50.0,9.3616,0
SN_004028,LOT_012,6.8511,7.5076,7.9346,8.0304,0,healthy,0.0,50.0,9.3616,0
SN_004029,LOT_012,8.7181,9.5638,9.6664,9.8936,0,healthy,0.0,50.0,9.3616,0
SN_004030,LOT_012,9.5715,10.3368,10.6177,10.8994,0,healthy,0.0,50.0,9.3616,0
SN_004031,LOT_012,8.1309,8.8769,9.1991,9.2164,0,healthy,0.0,50.0,9.3616,0
SN_004032,LOT_012,8.7043,9.61,10.0726,10.248,0,healthy,0.0,50.0,9.3616,0
SN_004033,LOT_012,10.4003,11.4943,11.6213,11.6064,0,healthy,0.0,50.0,9.3616,0
SN_004034,LOT_012,10.5925,11.8708,12.4598,12.408,0,healthy,0.0,50.0,9.3616,0
SN_004035,LOT_012,13.6642,14.1267,14.4178,14.6125,0,healthy,0.0,50.0,9.3616,0
SN_004036,LOT_012,9.242,,9.8471,9.7981,0,healthy,0.0,50.0,9.3616,0
SN_004037,LOT_012,10.6723,,11.2137,11.4376,0,healthy,0.0,50.0,9.3616,0
SN_004038,LOT_012,10.5631,11.6157,11.884,11.9988,0,healthy,0.0,50.0,9.3616,0
SN_004039,LOT_012,9.9652,10.7903,10.8625,10.8875,0,healthy,0.0,50.0,9.3616,0
SN_004040,LOT_012,9.0138,9.4129,9.5116,9.6924,0,healthy,0.0,50.0,9.3616,0
SN_004041,LOT_012,7.4474,8.1559,8.368,8.4638,0,healthy,0.0,50.0,9.3616,0
SN_004042,LOT_012,8.3928,8.9613,9.3927,9.6451,0,healthy,0.0,50.0,9.3616,0
SN_004043,LOT_012,,9.7466,9.9825,10.068,0,healthy,0.0,50.0,9.3616,0
SN_004044,LOT_012,11.4182,12.0648,12.2981,12.4594,0,healthy,0.0,50.0,9.3616,0
SN_004045,LOT_012,11.5761,12.233,12.54,12.8226,0,healthy,0.0,50.0,9.3616,0
SN_004046,LOT_012,9.653,10.2596,10.5495,10.5064,0,healthy,0.0,50.0,9.3616,0
SN_004047,LOT_012,10.3489,10.9059,11.2168,11.2463,0,healthy,0.0,50.0,9.3616,0
SN_004048,LOT_012,8.3923,9.5465,9.7573,9.9591,0,healthy,0.0,50.0,9.3616,0
SN_004049,LOT_012,8.5862,9.7044,9.9371,10.1573,0,healthy,0.0,50.0,9.3616,0
SN_004050,LOT_012,11.8047,12.9637,13.5233,13.8168,0,healthy,0.0,50.0,9.3616,0
SN_004051,LOT_012,27.6306,28.4892,30.5514,32.1992,1,subtle_in_spec,0.1806,50.0,9.3616,0
SN_004052,LOT_012,5.6331,5.922,6.0549,6.1668,0,healthy,0.0,50.0,9.3616,0
SN_004053,LOT_012,,11.1542,11.2818,11.2584,0,healthy,0.0,50.0,9.3616,0
SN_004054,LOT_012,8.3152,8.7702,9.0168,8.9635,0,healthy,0.0,50.0,9.3616,0
SN_004055,LOT_012,9.0238,10.326,10.6086,10.68,0,healthy,0.0,50.0,9.3616,0
SN_004056,LOT_012,9.2334,9.6733,9.8913,10.052,0,healthy,0.0,50.0,9.3616,0
SN_004057,LOT_012,9.5623,9.8223,9.888,10.171,0,healthy,0.0,50.0,9.3616,0
SN_004058,LOT_012,10.9199,11.196,11.4611,11.5894,0,healthy,0.0,50.0,9.3616,0
SN_004059,LOT_012,9.7037,10.0192,10.2335,10.2071,0,healthy,0.0,50.0,9.3616,0
SN_004060,LOT_012,10.0539,11.2916,11.753,11.9841,0,healthy,0.0,50.0,9.3616,0
SN_004061,LOT_012,10.448,11.6846,12.0031,12.2893,0,healthy,0.0,50.0,9.3616,0
SN_004062,LOT_012,10.4583,10.952,11.1614,11.2009,0,healthy,0.0,50.0,9.3616,0
SN_004063,LOT_012,9.4889,10.1436,10.294,10.2347,0,healthy,0.0,50.0,9.3616,0
SN_004064,LOT_012,9.4692,10.5403,10.8248,10.8774,0,healthy,0.0,50.0,9.3616,0
SN_004065,LOT_012,12.2567,13.6914,14.1777,14.2654,0,healthy,0.0,50.0,9.3616,0
SN_004066,LOT_012,8.0937,8.5991,9.0055,9.1104,0,healthy,0.0,50.0,9.3616,0
SN_004067,LOT_012,,8.9832,9.0963,9.1249,0,healthy,0.0,50.0,9.3616,0
SN_004068,LOT_012,9.8662,10.2507,10.3845,10.4277,0,healthy,0.0,50.0,9.3616,0
SN_004069,LOT_012,7.7466,8.4615,8.8933,8.9945,0,healthy,0.0,50.0,9.3616,0
SN_004070,LOT_012,10.5585,11.0601,11.4396,11.63,0,healthy,0.0,50.0,9.3616,0
SN_004071,LOT_012,7.8327,8.4247,8.8803,8.9415,0,healthy,0.0,50.0,9.3616,0
SN_004072,LOT_012,7.6219,8.7099,8.9283,9.0924,0,healthy,0.0,50.0,9.3616,0
SN_004073,LOT_012,9.3854,10.1677,10.3206,10.4857,0,healthy,0.0,50.0,9.3616,0
SN_004074,LOT_012,10.4633,11.1459,11.357,11.4045,0,healthy,0.0,50.0,9.3616,0
SN_004075,LOT_012,9.2105,9.6822,9.8056,10.0578,0,healthy,0.0,50.0,9.3616,0
SN_004076,LOT_012,9.4246,10.5168,10.8843,10.9718,0,healthy,0.0,50.0,9.3616,0
SN_004077,LOT_012,9.5685,9.8642,10.3475,10.2895,0,healthy,0.0,50.0,9.3616,0
SN_004078,LOT_012,9.4576,10.0661,10.3536,10.4233,0,healthy,0.0,50.0,9.3616,0
SN_004079,LOT_012,8.8623,9.6643,9.9434,10.1237,0,healthy,0.0,50.0,9.3616,0
SN_004080,LOT_012,7.8088,8.0871,8.1568,8.2246,0,healthy,0.0,50.0,9.3616,0
SN_004081,LOT_012,8.7393,9.6602,9.9517,9.9389,0,healthy,0.0,50.0,9.3616,0
SN_004082,LOT_012,8.2784,8.6241,8.8996,9.0155,0,healthy,0.0,50.0,9.3616,0
SN_004083,LOT_012,9.6256,10.7406,11.1839,11.3075,0,healthy,0.0,50.0,9.3616,0
SN_004084,LOT_012,9.1775,10.3444,10.5562,10.5843,0,healthy,0.0,50.0,9.3616,0
SN_004085,LOT_012,10.7656,12.024,12.2186,12.1991,0,healthy,0.0,50.0,9.3616,0
SN_004086,LOT_012,9.8653,10.4509,10.6024,10.972,0,healthy,0.0,50.0,9.3616,0
SN_004087,LOT_012,8.458,9.3093,9.5586,9.5084,0,healthy,0.0,50.0,9.3616,0
SN_004088,LOT_012,10.2877,11.0188,11.1351,11.2674,0,healthy,0.0,50.0,9.3616,0
SN_004089,LOT_012,9.6494,10.6656,11.1297,11.2639,0,healthy,0.0,50.0,9.3616,0
SN_004090,LOT_012,9.669,10.9554,11.1482,11.3182,0,healthy,0.0,50.0,9.3616,0
SN_004091,LOT_012,10.558,11.1192,11.4542,11.6625,0,healthy,0.0,50.0,9.3616,0
SN_004092,LOT_012,9.2443,10.4081,10.8749,10.7195,0,healthy,0.0,50.0,9.3616,0
SN_004093,LOT_012,9.363,10.392,10.6088,10.9777,0,healthy,0.0,50.0,9.3616,0
SN_004094,LOT_012,10.1067,10.6742,10.8814,10.7344,0,healthy,0.0,50.0,9.3616,0
SN_004095,LOT_012,10.8414,11.2964,11.3622,11.4852,0,healthy,0.0,50.0,9.3616,0
SN_004096,LOT_012,8.2822,9.0371,9.2327,9.2546,0,healthy,0.0,50.0,9.3616,0
SN_004097,LOT_012,9.8186,,10.7333,10.7678,0,healthy,0.0,50.0,9.3616,0
SN_004098,LOT_012,8.9624,10.0408,10.5518,10.5825,0,healthy,0.0,50.0,9.3616,0
SN_004099,LOT_012,9.7262,10.6628,10.9213,10.9541,0,healthy,0.0,50.0,9.3616,0
SN_004100,LOT_012,9.031,9.8602,10.2788,10.4038,0,healthy,0.0,50.0,9.3616,0
SN_004101,LOT_012,11.509,12.7315,13.2478,13.522,0,healthy,0.0,50.0,9.3616,0
SN_004102,LOT_012,7.4793,8.1654,8.2159,8.315,0,healthy,0.0,50.0,9.3616,0
SN_004103,LOT_012,10.0953,10.5313,10.8335,11.0803,0,healthy,0.0,50.0,9.3616,0
SN_004104,LOT_012,9.3765,10.7345,10.9886,11.2252,0,healthy,0.0,50.0,9.3616,0
SN_004105,LOT_012,8.366,8.5537,8.7792,8.8348,0,healthy,0.0,50.0,9.3616,0
SN_004106,LOT_012,8.9216,9.7366,10.0672,10.2998,0,healthy,0.0,50.0,9.3616,0
SN_004107,LOT_012,9.3627,10.4488,10.6335,10.8987,0,healthy,0.0,50.0,9.3616,0
SN_004108,LOT_012,8.6692,9.1499,9.4349,9.6449,0,healthy,0.0,50.0,9.3616,0
SN_004109,LOT_012,7.4279,8.2822,8.4511,8.6821,0,healthy,0.0,50.0,9.3616,0
SN_004110,LOT_012,9.3541,11.1546,11.9842,12.4458,1,nbti_ageing,0.0847,50.0,9.3616,0
SN_004111,LOT_012,8.7877,9.9629,10.2052,10.5366,0,healthy,0.0,50.0,9.3616,0
SN_004112,LOT_012,10.0732,11.4732,11.6812,11.9481,0,healthy,0.0,50.0,9.3616,0
SN_004113,LOT_012,11.3521,11.7216,11.921,11.9779,0,healthy,0.0,50.0,9.3616,0
SN_004114,LOT_012,8.3893,,9.2671,9.5121,0,healthy,0.0,50.0,9.3616,0
SN_004115,LOT_012,8.7404,9.5712,9.8396,9.9959,0,healthy,0.0,50.0,9.3616,0
SN_004116,LOT_012,,7.4919,7.4787,7.6039,0,healthy,0.0,50.0,9.3616,0
SN_004117,LOT_012,7.7404,8.2874,8.4831,8.4104,0,healthy,0.0,50.0,9.3616,0
SN_004118,LOT_012,9.2306,10.0493,10.044,10.1004,0,healthy,0.0,50.0,9.3616,0
SN_004119,LOT_012,8.4127,8.858,9.0586,9.0813,0,healthy,0.0,50.0,9.3616,0
SN_004120,LOT_012,9.1197,9.57,9.9943,10.0179,0,healthy,0.0,50.0,9.3616,0
SN_004121,LOT_012,8.818,,9.6173,9.7435,0,healthy,0.0,50.0,9.3616,0
SN_004122,LOT_012,10.5057,11.1056,11.2208,11.1774,0,healthy,0.0,50.0,9.3616,0
SN_004123,LOT_012,10.7971,11.8153,12.0674,12.237,0,healthy,0.0,50.0,9.3616,0
SN_004124,LOT_012,9.4401,10.5573,10.9615,10.9346,0,healthy,0.0,50.0,9.3616,0
SN_004125,LOT_012,9.927,10.7283,11.2181,11.726,0,healthy,0.0,50.0,9.3616,0
SN_004126,LOT_012,8.8663,9.3624,9.5918,9.5236,0,healthy,0.0,50.0,9.3616,0
SN_004127,LOT_012,8.1277,8.8964,9.1009,9.2182,0,healthy,0.0,50.0,9.3616,0
SN_004128,LOT_012,8.6373,9.5301,9.8221,10.2725,0,healthy,0.0,50.0,9.3616,0
SN_004129,LOT_012,11.425,12.2467,12.5075,12.5442,0,healthy,0.0,50.0,9.3616,0
SN_004130,LOT_012,8.6211,9.1041,9.321,9.3004,0,healthy,0.0,50.0,9.3616,0
SN_004131,LOT_012,7.8687,8.4262,8.4822,8.577,0,healthy,0.0,50.0,9.3616,0
SN_004132,LOT_012,8.5971,9.3906,9.6396,9.8735,0,healthy,0.0,50.0,9.3616,0
SN_004133,LOT_012,9.8031,11.0278,11.376,11.7131,0,healthy,0.0,50.0,9.3616,0
SN_004134,LOT_012,7.67,8.257,8.4557,8.4606,0,healthy,0.0,50.0,9.3616,0
SN_004135,LOT_012,9.5669,10.2298,10.273,10.4851,0,healthy,0.0,50.0,9.3616,0
SN_004136,LOT_012,8.4607,8.9446,9.0239,9.1064,0,healthy,0.0,50.0,9.3616,0
SN_004137,LOT_012,9.1111,9.7765,9.9239,9.9182,0,healthy,0.0,50.0,9.3616,0
SN_004138,LOT_012,9.4379,9.9293,10.2237,10.1284,0,healthy,0.0,50.0,9.3616,0
SN_004139,LOT_012,11.1909,11.6877,11.9719,12.2269,0,healthy,0.0,50.0,9.3616,0
SN_004140,LOT_012,10.4547,10.8322,10.8325,11.0366,0,healthy,0.0,50.0,9.3616,0
SN_004141,LOT_012,8.6803,9.5016,9.7569,9.972,0,healthy,0.0,50.0,9.3616,0
SN_004142,LOT_012,11.5013,12.6145,12.8393,13.1031,0,healthy,0.0,50.0,9.3616,0
SN_004143,LOT_012,9.2185,9.6512,9.7202,9.7869,0,healthy,0.0,50.0,9.3616,0
SN_004144,LOT_012,10.6263,11.3719,11.7453,12.0024,0,healthy,0.0,50.0,9.3616,0
SN_004145,LOT_012,9.0838,10.0991,10.3857,10.711,0,healthy,0.0,50.0,9.3616,0
SN_004146,LOT_012,,11.5168,11.8886,11.8111,0,healthy,0.0,50.0,9.3616,0
SN_004147,LOT_012,9.3479,9.8693,10.0412,10.1397,0,healthy,0.0,50.0,9.3616,0
SN_004148,LOT_012,8.7905,9.6199,9.8695,10.0495,0,healthy,0.0,50.0,9.3616,0
SN_004149,LOT_012,10.9253,11.3338,11.4408,11.3046,0,healthy,0.0,50.0,9.3616,0
SN_004150,LOT_012,10.3195,11.123,11.3603,11.3076,0,healthy,0.0,50.0,9.3616,0
SN_004151,LOT_012,8.3784,8.6634,8.8275,8.886,0,healthy,0.0,50.0,9.3616,0
SN_004152,LOT_012,9.31,10.2151,10.6842,10.9502,0,healthy,0.0,50.0,9.3616,0
SN_004153,LOT_012,9.1104,9.9773,10.5727,10.5605,0,healthy,0.0,50.0,9.3616,0
SN_004154,LOT_012,8.4177,8.8463,9.0799,9.3576,0,healthy,0.0,50.0,9.3616,0
SN_004155,LOT_012,10.8207,11.468,11.7684,11.8423,0,healthy,0.0,50.0,9.3616,0
SN_004156,LOT_012,,11.6368,12.0455,12.1137,0,healthy,0.0,50.0,9.3616,0
SN_004157,LOT_012,7.8618,8.2027,8.2571,8.3717,0,healthy,0.0,50.0,9.3616,0
SN_004158,LOT_012,9.9459,10.855,11.1373,11.322,0,healthy,0.0,50.0,9.3616,0
SN_004159,LOT_012,11.5646,12.6258,12.9992,13.5944,0,healthy,0.0,50.0,9.3616,0
SN_004160,LOT_012,10.7928,11.832,12.4171,12.542,0,healthy,0.0,50.0,9.3616,0
SN_004161,LOT_012,9.8937,10.3053,10.7748,10.9496,0,healthy,0.0,50.0,9.3616,0
SN_004162,LOT_012,6.9438,7.6609,7.8922,8.1827,0,healthy,0.0,50.0,9.3616,0
SN_004163,LOT_012,7.7524,8.2113,8.3264,8.4572,0,healthy,0.0,50.0,9.3616,0
SN_004164,LOT_012,9.3507,10.0184,10.2893,10.5567,0,healthy,0.0,50.0,9.3616,0
SN_004165,LOT_013,10.8836,11.9603,12.3598,12.5479,0,healthy,0.0,50.0,10.5454,0
SN_004166,LOT_013,10.4819,10.985,11.2618,11.2949,0,healthy,0.0,50.0,10.5454,0
SN_004167,LOT_013,10.0604,,10.5774,10.4879,0,healthy,0.0,50.0,10.5454,0
SN_004168,LOT_013,9.4673,9.8218,10.0327,10.1595,0,healthy,0.0,50.0,10.5454,0
SN_004169,LOT_013,10.1155,11.1412,11.8177,12.0858,0,healthy,0.0,50.0,10.5454,0
SN_004170,LOT_013,10.1048,10.5514,10.7002,10.6793,0,healthy,0.0,50.0,10.5454,0
SN_004171,LOT_013,9.288,9.8952,10.206,10.3224,0,healthy,0.0,50.0,10.5454,0
SN_004172,LOT_013,10.6239,11.0417,11.2647,11.4649,0,healthy,0.0,50.0,10.5454,0
SN_004173,LOT_013,11.3931,12.3774,12.7249,12.9487,0,healthy,0.0,50.0,10.5454,0
SN_004174,LOT_013,10.0896,10.7576,11.1221,11.2167,0,healthy,0.0,50.0,10.5454,0
SN_004175,LOT_013,11.2755,12.0151,12.4046,12.3946,0,healthy,0.0,50.0,10.5454,0
SN_004176,LOT_013,10.8474,11.3179,11.452,11.449,0,healthy,0.0,50.0,10.5454,0
SN_004177,LOT_013,9.7151,10.0627,10.2666,10.3821,0,healthy,0.0,50.0,10.5454,0
SN_004178,LOT_013,10.4093,11.605,11.9286,12.2905,0,healthy,0.0,50.0,10.5454,0
SN_004179,LOT_013,11.1579,,12.8798,13.3162,0,healthy,0.0,50.0,10.5454,0
SN_004180,LOT_013,10.6056,10.9316,11.1924,11.2608,0,healthy,0.0,50.0,10.5454,0
SN_004181,LOT_013,10.6428,11.4495,11.6835,11.8559,0,healthy,0.0,50.0,10.5454,0
SN_004182,LOT_013,10.4591,11.5977,11.7325,12.0149,0,healthy,0.0,50.0,10.5454,0
SN_004183,LOT_013,11.6908,12.93,13.0951,13.3564,0,healthy,0.0,50.0,10.5454,0
SN_004184,LOT_013,9.5971,10.63,11.0087,11.2353,0,healthy,0.0,50.0,10.5454,0
SN_004185,LOT_013,10.667,11.3085,11.6652,11.8622,0,healthy,0.0,50.0,10.5454,0
SN_004186,LOT_013,10.2445,11.5841,11.6626,12.2096,0,healthy,0.0,50.0,10.5454,0
SN_004187,LOT_013,9.0548,9.6506,9.8317,10.237,0,healthy,0.0,50.0,10.5454,0
SN_004188,LOT_013,10.5958,11.5402,12.0297,12.1462,0,healthy,0.0,50.0,10.5454,0
SN_004189,LOT_013,10.9827,11.9541,12.1439,12.3596,0,healthy,0.0,50.0,10.5454,0
SN_004190,LOT_013,8.313,9.0208,9.3356,9.3357,0,healthy,0.0,50.0,10.5454,0
SN_004191,LOT_013,,13.189,13.5451,13.794,0,healthy,0.0,50.0,10.5454,0
SN_004192,LOT_013,10.5673,11.2072,11.54,11.8152,0,healthy,0.0,50.0,10.5454,0
SN_004193,LOT_013,9.6467,10.7607,10.8233,10.9036,0,healthy,0.0,50.0,10.5454,0
SN_004194,LOT_013,11.3573,12.6852,13.2357,13.2272,0,healthy,0.0,50.0,10.5454,0
SN_004195,LOT_013,10.4819,11.7492,12.0926,12.4008,0,healthy,0.0,50.0,10.5454,0
SN_004196,LOT_013,9.241,10.3637,11.0008,10.9682,0,healthy,0.0,50.0,10.5454,0
SN_004197,LOT_013,10.8427,11.7727,12.0443,12.2824,0,healthy,0.0,50.0,10.5454,0
SN_004198,LOT_013,10.8145,12.4468,12.7887,12.6559,0,healthy,0.0,50.0,10.5454,0
SN_004199,LOT_013,,10.9779,11.2214,11.2255,0,healthy,0.0,50.0,10.5454,0
SN_004200,LOT_013,11.435,13.1521,13.5456,13.629,0,healthy,0.0,50.0,10.5454,0
SN_004201,LOT_013,10.3102,10.7902,11.1204,11.2776,0,healthy,0.0,50.0,10.5454,0
SN_004202,LOT_013,9.065,9.4473,9.7039,9.7038,0,healthy,0.0,50.0,10.5454,0
SN_004203,LOT_013,11.8956,12.9059,13.1963,13.2477,0,healthy,0.0,50.0,10.5454,0
SN_004204,LOT_013,10.7272,11.2232,11.6586,11.516,0,healthy,0.0,50.0,10.5454,0
SN_004205,LOT_013,10.1089,10.6621,10.8466,11.0316,0,healthy,0.0,50.0,10.5454,0
SN_004206,LOT_013,9.3642,9.9737,10.305,10.4633,0,healthy,0.0,50.0,10.5454,0
SN_004207,LOT_013,11.2867,12.3984,12.8916,13.0396,0,healthy,0.0,50.0,10.5454,0
SN_004208,LOT_013,8.8559,9.8196,10.5493,10.5306,0,healthy,0.0,50.0,10.5454,0
SN_004209,LOT_013,10.9508,,12.5357,13.1223,0,healthy,0.0,50.0,10.5454,0
SN_004210,LOT_013,,10.8059,11.2106,11.3936,0,healthy,0.0,50.0,10.5454,0
SN_004211,LOT_013,10.3592,11.3219,11.8041,11.9459,0,healthy,0.0,50.0,10.5454,0
SN_004212,LOT_013,10.5598,11.1244,11.357,11.3562,0,healthy,0.0,50.0,10.5454,0
SN_004213,LOT_013,10.9859,11.8223,12.2406,12.5259,0,healthy,0.0,50.0,10.5454,0
SN_004214,LOT_013,11.4992,12.5844,12.5826,12.8622,0,healthy,0.0,50.0,10.5454,0
SN_004215,LOT_013,11.4488,11.9326,12.315,12.2436,0,healthy,0.0,50.0,10.5454,0
SN_004216,LOT_013,10.4931,10.6416,11.0207,11.0406,0,healthy,0.0,50.0,10.5454,0
SN_004217,LOT_013,8.6376,9.3821,9.5858,9.7064,0,healthy,0.0,50.0,10.5454,0
SN_004218,LOT_013,10.9794,11.3162,11.5304,11.6884,0,healthy,0.0,50.0,10.5454,0
SN_004219,LOT_013,10.0807,10.5846,10.9146,10.8769,0,healthy,0.0,50.0,10.5454,0
SN_004220,LOT_013,10.2575,11.0946,11.7309,11.7562,0,healthy,0.0,50.0,10.5454,0
SN_004221,LOT_013,,10.6165,11.0241,11.0327,0,healthy,0.0,50.0,10.5454,0
SN_004222,LOT_013,10.2842,10.9577,11.1932,11.4844,0,healthy,0.0,50.0,10.5454,0
SN_004223,LOT_013,9.6327,10.4779,10.7516,10.8976,0,healthy,0.0,50.0,10.5454,0
SN_004224,LOT_013,11.1539,12.1184,12.4538,12.6783,0,healthy,0.0,50.0,10.5454,0
SN_004225,LOT_013,10.3991,10.7038,10.9749,11.0802,0,healthy,0.0,50.0,10.5454,0
SN_004226,LOT_013,9.3897,9.9021,10.0043,9.9436,0,healthy,0.0,50.0,10.5454,0
SN_004227,LOT_013,9.4926,,10.3053,10.5203,0,healthy,0.0,50.0,10.5454,0
SN_004228,LOT_013,,11.2063,11.5003,11.5594,0,healthy,0.0,50.0,10.5454,0
SN_004229,LOT_013,11.008,11.7392,12.0672,12.3371,0,healthy,0.0,50.0,10.5454,0
SN_004230,LOT_013,12.5118,14.2529,14.9604,15.2213,1,nbti_ageing,0.0125,50.0,10.5454,0
SN_004231,LOT_013,,9.9412,10.2593,10.3577,0,healthy,0.0,50.0,10.5454,0
SN_004232,LOT_013,10.4196,11.0878,11.3667,11.3831,0,healthy,0.0,50.0,10.5454,0
SN_004233,LOT_013,10.4708,10.7704,11.0442,10.9894,0,healthy,0.0,50.0,10.5454,0
SN_004234,LOT_013,10.3914,,11.181,11.2605,0,healthy,0.0,50.0,10.5454,0
SN_004235,LOT_013,11.2099,12.1466,12.9341,13.0138,0,healthy,0.0,50.0,10.5454,0
SN_004236,LOT_013,,11.8028,11.9529,12.3345,0,healthy,0.0,50.0,10.5454,0
SN_004237,LOT_013,8.8669,9.5296,9.7792,10.055,0,healthy,0.0,50.0,10.5454,0
SN_004238,LOT_013,,10.4674,10.5995,10.5488,0,healthy,0.0,50.0,10.5454,0
SN_004239,LOT_013,8.8605,9.8731,10.1031,10.2339,0,healthy,0.0,50.0,10.5454,0
SN_004240,LOT_013,11.9357,13.3083,13.854,14.3156,0,healthy,0.0,50.0,10.5454,0
SN_004241,LOT_013,10.0694,10.6432,10.8388,10.741,0,healthy,0.0,50.0,10.5454,0
SN_004242,LOT_013,10.243,11.4522,11.7886,11.849,0,healthy,0.0,50.0,10.5454,0
SN_004243,LOT_013,10.7371,11.6042,11.7638,11.8459,0,healthy,0.0,50.0,10.5454,0
SN_004244,LOT_013,11.1468,11.6929,11.9294,12.1485,0,healthy,0.0,50.0,10.5454,0
SN_004245,LOT_013,13.2354,14.7625,14.8232,15.1168,0,healthy,0.0,50.0,10.5454,0
SN_004246,LOT_013,8.9428,9.7123,9.9953,10.1442,0,healthy,0.0,50.0,10.5454,0
SN_004247,LOT_013,10.3081,10.8151,11.0761,11.3073,0,healthy,0.0,50.0,10.5454,0
SN_004248,LOT_013,14.2504,,14.8624,15.2491,0,healthy,0.0,50.0,10.5454,0
SN_004249,LOT_013,11.289,12.879,13.1336,13.5251,0,healthy,0.0,50.0,10.5454,0
SN_004250,LOT_013,9.7346,10.077,10.4033,10.4537,0,healthy,0.0,50.0,10.5454,0
SN_004251,LOT_013,10.5167,,12.1653,12.262,0,healthy,0.0,50.0,10.5454,0
SN_004252,LOT_013,10.594,11.5782,12.1548,12.4132,0,healthy,0.0,50.0,10.5454,0
SN_004253,LOT_013,11.1674,12.3471,12.7078,13.0158,0,healthy,0.0,50.0,10.5454,0
SN_004254,LOT_013,10.4559,11.4668,11.8962,11.8134,0,healthy,0.0,50.0,10.5454,0
SN_004255,LOT_013,11.4412,12.657,13.208,13.2556,0,healthy,0.0,50.0,10.5454,0
SN_004256,LOT_013,9.8204,10.8802,11.2056,11.4419,0,healthy,0.0,50.0,10.5454,0
SN_004257,LOT_013,11.5493,13.0575,13.4544,13.7075,0,healthy,0.0,50.0,10.5454,0
SN_004258,LOT_013,11.4236,12.6137,12.6713,12.9351,0,healthy,0.0,50.0,10.5454,0
SN_004259,LOT_013,10.4847,11.969,12.4564,12.6161,0,healthy,0.0,50.0,10.5454,0
SN_004260,LOT_013,10.7761,10.9987,11.2317,11.1884,0,healthy,0.0,50.0,10.5454,0
SN_004261,LOT_013,,12.417,12.9036,12.8946,0,healthy,0.0,50.0,10.5454,0
SN_004262,LOT_013,10.606,11.5481,11.6932,11.8595,0,healthy,0.0,50.0,10.5454,0
SN_004263,LOT_013,11.492,12.2181,12.6231,12.5537,0,healthy,0.0,50.0,10.5454,0
SN_004264,LOT_013,10.9628,11.44,11.4562,11.6016,0,healthy,0.0,50.0,10.5454,0
SN_004265,LOT_013,11.2566,13.0725,13.356,13.2781,0,healthy,0.0,50.0,10.5454,0
SN_004266,LOT_013,11.8366,12.6639,13.1929,13.4229,0,healthy,0.0,50.0,10.5454,0
SN_004267,LOT_013,10.5418,11.1858,11.5285,11.6552,0,healthy,0.0,50.0,10.5454,0
SN_004268,LOT_013,10.4167,11.3457,11.908,12.0274,0,healthy,0.0,50.0,10.5454,0
SN_004269,LOT_013,10.0505,11.078,11.3767,11.422,0,healthy,0.0,50.0,10.5454,0
SN_004270,LOT_013,11.6872,12.7129,13.1815,13.3202,0,healthy,0.0,50.0,10.5454,0
SN_004271,LOT_013,,12.8166,13.2157,13.3566,0,healthy,0.0,50.0,10.5454,0
SN_004272,LOT_013,11.2021,11.7037,11.8921,12.0019,0,healthy,0.0,50.0,10.5454,0
SN_004273,LOT_013,10.2597,10.9198,11.1378,11.4302,0,healthy,0.0,50.0,10.5454,0
SN_004274,LOT_013,11.1847,11.7977,11.7824,12.0251,0,healthy,0.0,50.0,10.5454,0
SN_004275,LOT_013,10.0938,10.668,10.8546,10.9144,0,healthy,0.0,50.0,10.5454,0
SN_004276,LOT_013,10.4449,11.4351,11.9076,12.154,0,healthy,0.0,50.0,10.5454,0
SN_004277,LOT_013,11.516,12.4157,12.5963,13.0872,0,healthy,0.0,50.0,10.5454,0
SN_004278,LOT_013,11.3966,12.2977,12.6165,12.8981,0,healthy,0.0,50.0,10.5454,0
SN_004279,LOT_013,10.333,14.61,17.4552,19.1464,1,nbti_ageing,0.4332,50.0,10.5454,0
SN_004280,LOT_013,12.4196,13.3001,13.6605,13.8243,0,healthy,0.0,50.0,10.5454,0
SN_004281,LOT_013,11.447,12.7306,12.9408,13.236,0,healthy,0.0,50.0,10.5454,0
SN_004282,LOT_013,10.8617,11.8555,12.0574,12.0832,0,healthy,0.0,50.0,10.5454,0
SN_004283,LOT_013,11.7161,12.4897,12.935,13.0202,0,healthy,0.0,50.0,10.5454,0
SN_004284,LOT_013,9.5117,10.3017,10.3652,10.568,0,healthy,0.0,50.0,10.5454,0
SN_004285,LOT_013,9.1607,10.2972,10.5795,10.9059,0,healthy,0.0,50.0,10.5454,0
SN_004286,LOT_013,9.7814,10.4977,10.7153,10.9843,0,healthy,0.0,50.0,10.5454,0
SN_004287,LOT_013,9.6009,9.8722,10.0705,10.1084,0,healthy,0.0,50.0,10.5454,0
SN_004288,LOT_013,9.1123,9.4221,9.5417,9.5756,0,healthy,0.0,50.0,10.5454,0
SN_004289,LOT_013,8.5206,8.888,9.1048,9.0234,0,healthy,0.0,50.0,10.5454,0
SN_004290,LOT_013,13.0014,14.4937,14.7702,15.1211,0,healthy,0.0,50.0,10.5454,0
SN_004291,LOT_013,10.2148,10.6233,10.717,10.6726,0,healthy,0.0,50.0,10.5454,0
SN_004292,LOT_013,11.0112,12.6249,13.0856,13.218,0,healthy,0.0,50.0,10.5454,0
SN_004293,LOT_013,9.957,11.1145,11.4673,11.5703,0,healthy,0.0,50.0,10.5454,0
SN_004294,LOT_013,9.5537,9.7521,10.0053,10.0252,0,healthy,0.0,50.0,10.5454,0
SN_004295,LOT_013,12.3641,12.5469,12.899,13.0868,0,healthy,0.0,50.0,10.5454,0
SN_004296,LOT_013,12.2298,13.4555,13.8852,13.984,0,healthy,0.0,50.0,10.5454,0
SN_004297,LOT_013,9.8012,10.7396,11.002,11.4095,0,healthy,0.0,50.0,10.5454,0
SN_004298,LOT_013,11.4603,12.5283,13.2525,13.4281,0,healthy,0.0,50.0,10.5454,0
SN_004299,LOT_013,9.4185,10.3672,10.7171,10.8409,0,healthy,0.0,50.0,10.5454,0
SN_004300,LOT_013,10.1284,10.7599,10.892,11.113,0,healthy,0.0,50.0,10.5454,0
SN_004301,LOT_013,9.7634,10.3935,10.4598,10.8294,0,healthy,0.0,50.0,10.5454,0
SN_004302,LOT_013,12.3517,13.1874,13.6184,13.61,0,healthy,0.0,50.0,10.5454,0
SN_004303,LOT_013,11.0785,11.6496,11.8808,11.9963,0,healthy,0.0,50.0,10.5454,0
SN_004304,LOT_013,9.316,10.3743,10.4788,10.7593,0,healthy,0.0,50.0,10.5454,0
SN_004305,LOT_013,,11.8408,12.2407,12.4184,0,healthy,0.0,50.0,10.5454,0
SN_004306,LOT_013,10.5134,11.2401,11.2416,11.2465,0,healthy,0.0,50.0,10.5454,0
SN_004307,LOT_013,10.7691,11.5984,12.114,12.2399,0,healthy,0.0,50.0,10.5454,0
SN_004308,LOT_013,8.7419,9.4562,9.8077,10.0824,0,healthy,0.0,50.0,10.5454,0
SN_004309,LOT_013,,11.0705,11.3231,11.463,0,healthy,0.0,50.0,10.5454,0
SN_004310,LOT_013,10.5259,11.8393,12.3532,12.3044,0,healthy,0.0,50.0,10.5454,0
SN_004311,LOT_013,12.3215,13.1012,13.7919,14.1146,0,healthy,0.0,50.0,10.5454,0
SN_004312,LOT_013,10.838,12.1058,12.6899,12.7607,0,healthy,0.0,50.0,10.5454,0
SN_004313,LOT_013,10.3987,11.0499,11.2161,11.2105,0,healthy,0.0,50.0,10.5454,0
SN_004314,LOT_013,9.281,10.2713,10.7507,10.9,0,healthy,0.0,50.0,10.5454,0
SN_004315,LOT_013,13.0106,14.2013,14.8256,14.9268,0,healthy,0.0,50.0,10.5454,0
SN_004316,LOT_013,11.3536,12.0996,12.5819,12.6174,0,healthy,0.0,50.0,10.5454,0
SN_004317,LOT_013,12.345,12.7222,12.829,12.8791,0,healthy,0.0,50.0,10.5454,0
SN_004318,LOT_013,9.7796,11.0942,11.2837,11.5184,0,healthy,0.0,50.0,10.5454,0
SN_004319,LOT_013,12.661,13.729,14.0666,14.327,0,healthy,0.0,50.0,10.5454,0
SN_004320,LOT_013,11.4465,12.0655,12.3342,12.6662,0,healthy,0.0,50.0,10.5454,0
SN_004321,LOT_013,10.2488,,11.4249,11.6735,0,healthy,0.0,50.0,10.5454,0
SN_004322,LOT_013,10.4972,14.2227,16.4359,17.6109,1,nbti_ageing,0.314,50.0,10.5454,0
SN_004323,LOT_013,10.3427,10.9799,11.2832,11.4027,0,healthy,0.0,50.0,10.5454,0
SN_004324,LOT_013,10.2997,10.8139,10.9924,11.1056,0,healthy,0.0,50.0,10.5454,0
SN_004325,LOT_013,10.9063,11.5153,11.5488,11.3707,0,healthy,0.0,50.0,10.5454,0
SN_004326,LOT_013,11.5411,12.272,12.4147,12.4186,0,healthy,0.0,50.0,10.5454,0
SN_004327,LOT_013,9.4814,10.3722,10.6776,10.8545,0,healthy,0.0,50.0,10.5454,0
SN_004328,LOT_013,,9.5658,9.8657,9.8628,0,healthy,0.0,50.0,10.5454,0
SN_004329,LOT_013,9.3866,10.4075,10.4634,10.6113,0,healthy,0.0,50.0,10.5454,0
SN_004330,LOT_013,10.8042,11.3575,11.3958,11.5049,0,healthy,0.0,50.0,10.5454,0
SN_004331,LOT_013,11.449,12.8797,13.2138,13.5117,0,healthy,0.0,50.0,10.5454,0
SN_004332,LOT_013,10.5461,11.5605,11.9221,12.2129,0,healthy,0.0,50.0,10.5454,0
SN_004333,LOT_013,10.4421,10.9971,11.0519,11.2332,0,healthy,0.0,50.0,10.5454,0
SN_004334,LOT_013,9.7686,10.5404,10.622,10.8952,0,healthy,0.0,50.0,10.5454,0
SN_004335,LOT_013,10.8518,11.7505,12.0887,12.2868,0,healthy,0.0,50.0,10.5454,0
SN_004336,LOT_013,11.2018,12.3053,12.8099,13.0848,0,healthy,0.0,50.0,10.5454,0
SN_004337,LOT_013,9.8714,11.1401,11.5568,11.8018,0,healthy,0.0,50.0,10.5454,0
SN_004338,LOT_013,11.668,12.253,12.4173,12.3981,0,healthy,0.0,50.0,10.5454,0
SN_004339,LOT_013,9.8504,10.5169,10.9006,11.006,0,healthy,0.0,50.0,10.5454,0
SN_004340,LOT_013,11.1458,12.4252,13.0099,13.1959,0,healthy,0.0,50.0,10.5454,0
SN_004341,LOT_013,10.824,11.8267,12.3776,12.5187,0,healthy,0.0,50.0,10.5454,0
SN_004342,LOT_013,11.1508,12.4463,12.5107,12.5909,0,healthy,0.0,50.0,10.5454,0
SN_004343,LOT_013,10.6929,11.8858,12.5024,12.7108,0,healthy,0.0,50.0,10.5454,0
SN_004344,LOT_013,9.5251,,9.9291,10.1807,0,healthy,0.0,50.0,10.5454,0
SN_004345,LOT_013,11.5624,12.2913,12.1375,12.5166,0,healthy,0.0,50.0,10.5454,0
SN_004346,LOT_013,10.9346,11.8779,12.4301,12.6193,0,healthy,0.0,50.0,10.5454,0
SN_004347,LOT_013,10.2436,11.5077,12.0771,12.1658,0,healthy,0.0,50.0,10.5454,0
SN_004348,LOT_013,9.1916,9.5562,9.3731,9.6141,0,healthy,0.0,50.0,10.5454,0
SN_004349,LOT_013,11.1511,12.1092,12.4459,12.6711,0,healthy,0.0,50.0,10.5454,0
SN_004350,LOT_013,11.7283,12.4756,12.6426,12.764,0,healthy,0.0,50.0,10.5454,0
SN_004351,LOT_013,12.0492,13.0334,13.2391,13.4915,0,healthy,0.0,50.0,10.5454,0
SN_004352,LOT_013,11.8277,12.8696,13.1503,13.3371,0,healthy,0.0,50.0,10.5454,0
SN_004353,LOT_013,8.7354,9.8796,10.2441,10.3321,0,healthy,0.0,50.0,10.5454,0
SN_004354,LOT_013,10.0908,10.6361,10.8661,11.0026,0,healthy,0.0,50.0,10.5454,0
SN_004355,LOT_013,9.4559,10.463,10.6762,10.9898,0,healthy,0.0,50.0,10.5454,0
SN_004356,LOT_013,9.6049,10.803,11.3788,11.6008,0,healthy,0.0,50.0,10.5454,0
SN_004357,LOT_013,8.8015,9.4668,9.6312,9.6733,0,healthy,0.0,50.0,10.5454,0
SN_004358,LOT_013,13.9343,14.8503,15.0272,15.2911,0,healthy,0.0,50.0,10.5454,0
SN_004359,LOT_013,14.1054,15.4494,15.7484,16.2019,0,healthy,0.0,50.0,10.5454,0
SN_004360,LOT_013,10.9239,11.598,12.0858,12.0481,0,healthy,0.0,50.0,10.5454,0
SN_004361,LOT_013,10.4536,10.824,11.0135,10.9387,0,healthy,0.0,50.0,10.5454,0
SN_004362,LOT_013,11.2976,12.5333,12.6258,13.1368,0,healthy,0.0,50.0,10.5454,0
SN_004363,LOT_013,9.289,10.3315,10.6771,10.6191,0,healthy,0.0,50.0,10.5454,0
SN_004364,LOT_013,10.6774,12.1596,12.6094,12.6895,0,healthy,0.0,50.0,10.5454,0
SN_004365,LOT_013,10.7313,12.2355,12.9022,12.8267,0,healthy,0.0,50.0,10.5454,0
SN_004366,LOT_013,,,12.5645,12.6202,0,healthy,0.0,50.0,10.5454,0
SN_004367,LOT_013,12.0668,12.8491,12.9202,13.0073,0,healthy,0.0,50.0,10.5454,0
SN_004368,LOT_013,9.3503,,10.4909,10.5892,0,healthy,0.0,50.0,10.5454,0
SN_004369,LOT_013,10.9209,11.9057,11.9735,12.2219,0,healthy,0.0,50.0,10.5454,0
SN_004370,LOT_013,10.207,12.2921,18.4677,25.1515,1,electromigration,0.2596,50.0,10.5454,0
SN_004371,LOT_013,,13.7133,13.8724,14.1351,0,healthy,0.0,50.0,10.5454,0
SN_004372,LOT_013,10.4454,11.7426,12.0685,12.3995,0,healthy,0.0,50.0,10.5454,0
SN_004373,LOT_013,11.2216,12.332,12.6814,12.6939,0,healthy,0.0,50.0,10.5454,0
SN_004374,LOT_013,11.0858,11.7817,12.0134,12.1097,0,healthy,0.0,50.0,10.5454,0
SN_004375,LOT_013,10.4581,10.8409,11.0891,11.2317,0,healthy,0.0,50.0,10.5454,0
SN_004376,LOT_013,12.518,13.1922,13.6779,13.7557,0,healthy,0.0,50.0,10.5454,0
SN_004377,LOT_013,12.7747,,14.6532,15.0234,0,healthy,0.0,50.0,10.5454,0
SN_004378,LOT_013,11.9477,13.2449,13.9678,14.2519,0,healthy,0.0,50.0,10.5454,0
SN_004379,LOT_013,11.0809,11.7789,11.8499,11.9371,0,healthy,0.0,50.0,10.5454,0
SN_004380,LOT_013,11.7055,13.3093,13.6023,13.7478,0,healthy,0.0,50.0,10.5454,0
SN_004381,LOT_013,11.9002,12.6948,12.9416,13.0452,0,healthy,0.0,50.0,10.5454,0
SN_004382,LOT_013,9.8256,,11.4727,11.5801,0,healthy,0.0,50.0,10.5454,0
SN_004383,LOT_013,9.7709,10.3637,10.2478,10.4195,0,healthy,0.0,50.0,10.5454,0
SN_004384,LOT_013,10.3308,11.5391,11.9129,12.103,0,healthy,0.0,50.0,10.5454,0
SN_004385,LOT_013,10.7289,11.7933,12.3251,12.3385,0,healthy,0.0,50.0,10.5454,0
SN_004386,LOT_013,10.3534,10.71,10.8941,10.9066,0,healthy,0.0,50.0,10.5454,0
SN_004387,LOT_013,9.806,10.31,10.5637,10.6488,0,healthy,0.0,50.0,10.5454,0
SN_004388,LOT_013,9.6808,10.2669,10.4131,10.5669,0,healthy,0.0,50.0,10.5454,0
SN_004389,LOT_013,9.5312,9.7683,10.1473,10.0876,0,healthy,0.0,50.0,10.5454,0
SN_004390,LOT_013,10.4657,10.7561,11.0502,11.1974,0,healthy,0.0,50.0,10.5454,0
SN_004391,LOT_013,13.8311,15.1584,15.2091,15.3335,0,healthy,0.0,50.0,10.5454,0
SN_004392,LOT_013,8.989,11.5837,12.7647,13.5389,1,nbti_ageing,0.2063,50.0,10.5454,0
SN_004393,LOT_013,10.5991,11.7425,12.2705,12.4508,0,healthy,0.0,50.0,10.5454,0
SN_004394,LOT_013,10.6545,11.7632,12.2856,12.3332,0,healthy,0.0,50.0,10.5454,0
SN_004395,LOT_013,9.2024,10.2005,10.5517,10.5407,0,healthy,0.0,50.0,10.5454,0
SN_004396,LOT_013,10.955,12.2464,12.4054,12.5068,0,healthy,0.0,50.0,10.5454,0
SN_004397,LOT_013,8.6095,9.5173,9.7827,10.1942,0,healthy,0.0,50.0,10.5454,0
SN_004398,LOT_013,11.942,13.6528,13.9686,14.1778,0,healthy,0.0,50.0,10.5454,0
SN_004399,LOT_013,8.7179,9.2576,9.4363,9.7047,0,healthy,0.0,50.0,10.5454,0
SN_004400,LOT_013,8.7845,9.7661,9.919,10.308,0,healthy,0.0,50.0,10.5454,0
SN_004401,LOT_013,9.7085,10.2386,10.4736,10.5431,0,healthy,0.0,50.0,10.5454,0
SN_004402,LOT_013,9.7721,10.8792,11.3097,11.6328,0,healthy,0.0,50.0,10.5454,0
SN_004403,LOT_013,9.3818,9.9288,10.1045,10.1439,0,healthy,0.0,50.0,10.5454,0
SN_004404,LOT_013,10.3745,11.0577,11.1885,11.5379,0,healthy,0.0,50.0,10.5454,0
SN_004405,LOT_013,11.2607,11.7447,11.9456,12.1286,0,healthy,0.0,50.0,10.5454,0
SN_004406,LOT_013,10.7664,11.5203,11.7925,11.9031,0,healthy,0.0,50.0,10.5454,0
SN_004407,LOT_013,11.0647,12.2213,12.3125,12.4836,0,healthy,0.0,50.0,10.5454,0
SN_004408,LOT_013,10.4065,11.2028,11.3626,11.465,0,healthy,0.0,50.0,10.5454,0
SN_004409,LOT_013,11.2499,12.5382,13.1831,13.3825,0,healthy,0.0,50.0,10.5454,0
SN_004410,LOT_013,,10.84,10.9905,11.2337,0,healthy,0.0,50.0,10.5454,0
SN_004411,LOT_013,9.8623,10.4161,10.4532,10.7101,0,healthy,0.0,50.0,10.5454,0
SN_004412,LOT_013,9.5325,10.1843,10.4794,10.7321,0,healthy,0.0,50.0,10.5454,0
SN_004413,LOT_013,9.8041,11.1844,11.467,11.6433,0,healthy,0.0,50.0,10.5454,0
SN_004414,LOT_013,11.7565,12.6237,13.005,13.1447,0,healthy,0.0,50.0,10.5454,0
SN_004415,LOT_013,11.5141,12.2689,12.4217,12.3624,0,healthy,0.0,50.0,10.5454,0
SN_004416,LOT_013,10.6078,11.8967,12.3969,12.7506,0,healthy,0.0,50.0,10.5454,0
SN_004417,LOT_013,10.8822,11.4432,11.742,11.7245,0,healthy,0.0,50.0,10.5454,0
SN_004418,LOT_013,9.733,10.9382,11.5692,11.5788,0,healthy,0.0,50.0,10.5454,0
SN_004419,LOT_013,9.41,10.2424,10.4284,10.7736,0,healthy,0.0,50.0,10.5454,0
SN_004420,LOT_013,11.754,12.6994,13.0463,13.4667,0,healthy,0.0,50.0,10.5454,0
SN_004421,LOT_013,10.7583,11.5495,11.9628,12.052,0,healthy,0.0,50.0,10.5454,0
SN_004422,LOT_013,11.5303,,12.1584,12.2593,0,healthy,0.0,50.0,10.5454,0
SN_004423,LOT_013,11.0329,11.6093,11.9143,12.059,0,healthy,0.0,50.0,10.5454,0
SN_004424,LOT_013,9.5248,10.209,10.3295,10.4462,0,healthy,0.0,50.0,10.5454,0
SN_004425,LOT_013,10.5032,11.0324,11.2271,11.3046,0,healthy,0.0,50.0,10.5454,0
SN_004426,LOT_013,12.3452,13.2561,13.2681,13.4846,0,healthy,0.0,50.0,10.5454,0
SN_004427,LOT_013,10.5804,11.3314,11.7569,12.0934,0,healthy,0.0,50.0,10.5454,0
SN_004428,LOT_013,9.2543,10.2097,10.5725,10.6115,0,healthy,0.0,50.0,10.5454,0
SN_004429,LOT_013,12.1774,13.331,13.6707,13.7168,0,healthy,0.0,50.0,10.5454,0
SN_004430,LOT_013,9.7459,10.6978,10.7771,10.9341,0,healthy,0.0,50.0,10.5454,0
SN_004431,LOT_013,11.6583,12.8309,13.0753,13.3286,0,healthy,0.0,50.0,10.5454,0
SN_004432,LOT_013,,11.3139,11.8667,12.0199,0,healthy,0.0,50.0,10.5454,0
SN_004433,LOT_013,9.9106,10.7233,10.876,11.1002,0,healthy,0.0,50.0,10.5454,0
SN_004434,LOT_013,10.2171,10.6425,10.7682,10.8911,0,healthy,0.0,50.0,10.5454,0
SN_004435,LOT_013,9.8499,,11.5237,11.6793,0,healthy,0.0,50.0,10.5454,0
SN_004436,LOT_013,10.7643,11.9356,12.4695,12.6977,0,healthy,0.0,50.0,10.5454,0
SN_004437,LOT_013,10.1647,10.7982,11.103,11.0715,0,healthy,0.0,50.0,10.5454,0
SN_004438,LOT_013,11.5114,12.1083,12.4114,12.6621,0,healthy,0.0,50.0,10.5454,0
SN_004439,LOT_013,9.9643,10.8071,11.1257,11.3805,0,healthy,0.0,50.0,10.5454,0
SN_004440,LOT_013,11.7561,12.6924,13.1177,12.9517,0,healthy,0.0,50.0,10.5454,0
SN_004441,LOT_013,10.1247,,11.1474,11.3774,0,healthy,0.0,50.0,10.5454,0
SN_004442,LOT_013,11.2348,,12.5082,12.6497,0,healthy,0.0,50.0,10.5454,0
SN_004443,LOT_013,10.1216,11.5784,11.9753,12.0531,0,healthy,0.0,50.0,10.5454,0
SN_004444,LOT_013,11.7021,13.2184,13.6223,13.8345,0,healthy,0.0,50.0,10.5454,0
SN_004445,LOT_013,9.3184,9.9544,10.1584,10.1753,0,healthy,0.0,50.0,10.5454,0
SN_004446,LOT_013,8.9817,9.806,9.8634,10.0261,0,healthy,0.0,50.0,10.5454,0
SN_004447,LOT_013,9.9357,10.451,10.3514,10.5628,0,healthy,0.0,50.0,10.5454,0
SN_004448,LOT_014,10.7474,11.161,11.2591,11.2584,0,healthy,0.0,50.0,10.3597,0
SN_004449,LOT_014,10.2342,11.5178,11.74,12.0752,0,healthy,0.0,50.0,10.3597,0
SN_004450,LOT_014,9.041,9.9914,10.29,10.409,0,healthy,0.0,50.0,10.3597,0
SN_004451,LOT_014,9.3035,10.4703,10.9534,11.0786,0,healthy,0.0,50.0,10.3597,0
SN_004452,LOT_014,8.0577,8.5758,8.7968,9.0387,0,healthy,0.0,50.0,10.3597,0
SN_004453,LOT_014,8.5652,9.0368,9.1971,9.1687,0,healthy,0.0,50.0,10.3597,0
SN_004454,LOT_014,10.396,10.8079,10.971,11.0905,0,healthy,0.0,50.0,10.3597,0
SN_004455,LOT_014,9.4052,,10.649,10.8983,0,healthy,0.0,50.0,10.3597,0
SN_004456,LOT_014,10.2315,11.0797,11.1849,11.2746,0,healthy,0.0,50.0,10.3597,0
SN_004457,LOT_014,10.392,11.8358,12.3731,12.4808,0,healthy,0.0,50.0,10.3597,0
SN_004458,LOT_014,10.4962,11.9161,12.0939,12.3503,0,healthy,0.0,50.0,10.3597,0
SN_004459,LOT_014,,14.8146,15.5186,15.7441,0,healthy,0.0,50.0,10.3597,0
SN_004460,LOT_014,10.5056,11.4773,11.8368,12.0803,0,healthy,0.0,50.0,10.3597,0
SN_004461,LOT_014,9.8223,10.5712,10.7518,10.7261,0,healthy,0.0,50.0,10.3597,0
SN_004462,LOT_014,9.3357,,10.8992,11.0865,0,healthy,0.0,50.0,10.3597,0
SN_004463,LOT_014,7.3377,7.8023,8.0495,8.2085,0,healthy,0.0,50.0,10.3597,0
SN_004464,LOT_014,9.9996,10.6634,11.0209,10.977,0,healthy,0.0,50.0,10.3597,0
SN_004465,LOT_014,9.6131,10.1885,10.4664,10.7181,0,healthy,0.0,50.0,10.3597,0
SN_004466,LOT_014,10.1409,11.3436,11.7565,11.8823,0,healthy,0.0,50.0,10.3597,0
SN_004467,LOT_014,,,9.5454,9.674,0,healthy,0.0,50.0,10.3597,0
SN_004468,LOT_014,8.5775,9.0725,9.1605,9.2658,0,healthy,0.0,50.0,10.3597,0
SN_004469,LOT_014,,13.0938,13.1976,13.096,0,healthy,0.0,50.0,10.3597,0
SN_004470,LOT_014,9.6382,10.3292,10.6797,10.8536,0,healthy,0.0,50.0,10.3597,0
SN_004471,LOT_014,11.9612,13.3725,13.7387,14.1593,0,healthy,0.0,50.0,10.3597,0
SN_004472,LOT_014,10.2648,11.173,11.4601,11.3327,0,healthy,0.0,50.0,10.3597,0
SN_004473,LOT_014,9.2329,10.1658,10.3452,10.4482,0,healthy,0.0,50.0,10.3597,0
SN_004474,LOT_014,10.7788,11.6256,12.0184,11.8632,0,healthy,0.0,50.0,10.3597,0
SN_004475,LOT_014,10.8027,11.3976,11.5705,11.8019,0,healthy,0.0,50.0,10.3597,0
SN_004476,LOT_014,11.0054,,11.8222,11.9906,0,healthy,0.0,50.0,10.3597,0
SN_004477,LOT_014,13.5056,14.9584,15.5579,16.2037,0,healthy,0.0,50.0,10.3597,0
SN_004478,LOT_014,11.1423,12.4688,12.7715,13.1348,0,healthy,0.0,50.0,10.3597,0
SN_004479,LOT_014,10.893,12.0823,12.4243,12.6098,0,healthy,0.0,50.0,10.3597,0
SN_004480,LOT_014,11.1476,12.3049,12.6757,12.9681,0,healthy,0.0,50.0,10.3597,0
SN_004481,LOT_014,11.5075,11.9255,12.1701,12.3266,0,healthy,0.0,50.0,10.3597,0
SN_004482,LOT_014,8.233,8.7878,8.5884,8.7348,0,healthy,0.0,50.0,10.3597,0
SN_004483,LOT_014,10.8177,11.678,11.9617,12.0776,0,healthy,0.0,50.0,10.3597,0
SN_004484,LOT_014,10.8707,11.9799,11.9045,12.2235,0,healthy,0.0,50.0,10.3597,0
SN_004485,LOT_014,11.7786,13.2258,13.4628,13.8539,0,healthy,0.0,50.0,10.3597,0
SN_004486,LOT_014,11.2869,11.9735,12.0009,12.1958,0,healthy,0.0,50.0,10.3597,0
SN_004487,LOT_014,9.3604,10.3675,10.578,10.8352,0,healthy,0.0,50.0,10.3597,0
SN_004488,LOT_014,7.911,8.3958,8.5204,8.5332,0,healthy,0.0,50.0,10.3597,0
SN_004489,LOT_014,9.1098,10.2119,10.6592,10.8745,0,healthy,0.0,50.0,10.3597,0
SN_004490,LOT_014,12.027,12.2563,12.4768,12.7549,0,healthy,0.0,50.0,10.3597,0
SN_004491,LOT_014,,10.3363,10.5602,10.6785,0,healthy,0.0,50.0,10.3597,0
SN_004492,LOT_014,11.5744,12.2684,12.4217,12.7163,0,healthy,0.0,50.0,10.3597,0
SN_004493,LOT_014,11.5915,12.6333,12.8412,12.8899,0,healthy,0.0,50.0,10.3597,0
SN_004494,LOT_014,,,10.3263,10.3142,0,healthy,0.0,50.0,10.3597,0
SN_004495,LOT_014,9.8475,,10.5654,10.5613,0,healthy,0.0,50.0,10.3597,0
SN_004496,LOT_014,9.4991,10.8329,10.8712,11.3366,0,healthy,0.0,50.0,10.3597,0
SN_004497,LOT_014,10.839,11.3436,11.6213,11.5544,0,healthy,0.0,50.0,10.3597,0
SN_004498,LOT_014,,11.4181,11.8393,12.1593,0,healthy,0.0,50.0,10.3597,0
SN_004499,LOT_014,10.3797,10.8653,11.2146,11.3036,0,healthy,0.0,50.0,10.3597,0
SN_004500,LOT_014,10.3071,11.4562,11.8455,11.9273,0,healthy,0.0,50.0,10.3597,0
SN_004501,LOT_014,10.852,11.4973,11.7817,12.1572,0,healthy,0.0,50.0,10.3597,0
SN_004502,LOT_014,10.6345,11.0992,11.1991,11.3178,0,healthy,0.0,50.0,10.3597,0
SN_004503,LOT_014,10.3421,11.5142,11.9756,12.2716,0,healthy,0.0,50.0,10.3597,0
SN_004504,LOT_014,9.1811,9.5882,9.805,9.9031,0,healthy,0.0,50.0,10.3597,0
SN_004505,LOT_014,9.3136,10.0769,10.4084,10.5975,0,healthy,0.0,50.0,10.3597,0
SN_004506,LOT_014,12.6051,12.9563,13.5057,13.3713,0,healthy,0.0,50.0,10.3597,0
SN_004507,LOT_014,9.6653,,11.0993,11.3008,0,healthy,0.0,50.0,10.3597,0
SN_004508,LOT_014,13.803,14.9809,15.3465,15.5835,0,healthy,0.0,50.0,10.3597,0
SN_004509,LOT_014,10.6822,12.2148,12.5877,12.6896,0,healthy,0.0,50.0,10.3597,0
SN_004510,LOT_014,11.359,12.4569,12.7157,12.8449,0,healthy,0.0,50.0,10.3597,0
SN_004511,LOT_014,10.2995,10.6763,10.9915,10.9015,0,healthy,0.0,50.0,10.3597,0
SN_004512,LOT_014,10.769,12.1937,12.6387,12.9201,0,healthy,0.0,50.0,10.3597,0
SN_004513,LOT_014,9.9778,10.599,10.6787,11.0722,0,healthy,0.0,50.0,10.3597,0
SN_004514,LOT_014,10.9117,11.4414,11.3961,11.5072,0,healthy,0.0,50.0,10.3597,0
SN_004515,LOT_014,8.2786,8.8753,9.2393,9.3368,0,healthy,0.0,50.0,10.3597,0
SN_004516,LOT_014,9.2871,10.069,10.489,10.8432,0,healthy,0.0,50.0,10.3597,0
SN_004517,LOT_014,9.6312,10.6539,11.2206,11.4414,0,healthy,0.0,50.0,10.3597,0
SN_004518,LOT_014,11.1717,12.2082,12.4462,12.6215,0,healthy,0.0,50.0,10.3597,0
SN_004519,LOT_014,10.8989,12.2142,12.4583,12.8408,0,healthy,0.0,50.0,10.3597,0
SN_004520,LOT_014,8.595,,9.2196,9.3931,0,healthy,0.0,50.0,10.3597,0
SN_004521,LOT_014,12.1719,12.9687,13.3947,13.5174,0,healthy,0.0,50.0,10.3597,0
SN_004522,LOT_014,9.7398,10.358,10.4075,10.2799,0,healthy,0.0,50.0,10.3597,0
SN_004523,LOT_014,11.7505,12.9779,13.5042,13.5199,0,healthy,0.0,50.0,10.3597,0
SN_004524,LOT_014,12.8962,14.4953,15.2888,15.4878,0,healthy,0.0,50.0,10.3597,0
SN_004525,LOT_014,9.0337,9.4397,9.5293,9.7031,0,healthy,0.0,50.0,10.3597,0
SN_004526,LOT_014,10.1797,11.4076,11.8344,11.8226,0,healthy,0.0,50.0,10.3597,0
SN_004527,LOT_014,8.8802,9.4312,9.67,9.7963,0,healthy,0.0,50.0,10.3597,0
SN_004528,LOT_014,10.7326,11.3204,11.4366,11.5771,0,healthy,0.0,50.0,10.3597,0
SN_004529,LOT_014,12.5954,13.4407,13.8288,13.8484,0,healthy,0.0,50.0,10.3597,0
SN_004530,LOT_014,9.8855,10.8081,11.4055,11.5878,0,healthy,0.0,50.0,10.3597,0
SN_004531,LOT_014,9.6416,10.6449,10.8473,11.0354,0,healthy,0.0,50.0,10.3597,0
SN_004532,LOT_014,9.6679,10.8511,10.9264,11.139,0,healthy,0.0,50.0,10.3597,0
SN_004533,LOT_014,10.6543,11.7979,12.337,12.694,0,healthy,0.0,50.0,10.3597,0
SN_004534,LOT_014,12.5061,13.4371,13.8401,14.0442,0,healthy,0.0,50.0,10.3597,0
SN_004535,LOT_014,11.2969,12.3291,12.6881,13.182,0,healthy,0.0,50.0,10.3597,0
SN_004536,LOT_014,9.4186,9.8418,9.9768,10.2769,0,healthy,0.0,50.0,10.3597,0
SN_004537,LOT_014,8.6241,9.1836,9.3213,9.5065,0,healthy,0.0,50.0,10.3597,0
SN_004538,LOT_014,14.0109,14.9331,15.6699,15.9192,0,healthy,0.0,50.0,10.3597,0
SN_004539,LOT_014,9.218,9.4823,9.6701,9.6508,0,healthy,0.0,50.0,10.3597,0
SN_004540,LOT_014,11.0367,12.0772,12.538,12.636,0,healthy,0.0,50.0,10.3597,0
SN_004541,LOT_014,9.2809,10.634,10.7898,11.0288,0,healthy,0.0,50.0,10.3597,0
SN_004542,LOT_014,8.4359,9.2039,9.4029,9.6425,0,healthy,0.0,50.0,10.3597,0
SN_004543,LOT_014,9.8602,10.4899,10.8564,10.7724,0,healthy,0.0,50.0,10.3597,0
SN_004544,LOT_014,10.8823,,11.4249,11.4571,0,healthy,0.0,50.0,10.3597,0
SN_004545,LOT_014,10.9099,11.4009,11.624,11.5684,0,healthy,0.0,50.0,10.3597,0
SN_004546,LOT_014,9.1106,10.0816,10.4167,10.6224,0,healthy,0.0,50.0,10.3597,0
SN_004547,LOT_014,10.0985,11.2667,11.6388,11.9967,0,healthy,0.0,50.0,10.3597,0
SN_004548,LOT_014,9.0628,9.9849,10.3651,10.6092,0,healthy,0.0,50.0,10.3597,0
SN_004549,LOT_014,9.9084,10.2611,10.625,10.6498,0,healthy,0.0,50.0,10.3597,0
SN_004550,LOT_014,10.0489,10.5392,10.753,10.9256,0,healthy,0.0,50.0,10.3597,0
SN_004551,LOT_014,13.1393,14.7402,15.1982,15.4452,0,healthy,0.0,50.0,10.3597,0
SN_004552,LOT_014,,10.3114,10.7597,10.9263,0,healthy,0.0,50.0,10.3597,0
SN_004553,LOT_014,,11.1048,11.3873,11.317,0,healthy,0.0,50.0,10.3597,0
SN_004554,LOT_014,9.3119,10.5315,10.8212,10.8886,0,healthy,0.0,50.0,10.3597,0
SN_004555,LOT_014,9.7523,10.7565,11.0569,11.2789,0,healthy,0.0,50.0,10.3597,0
SN_004556,LOT_014,12.3234,13.153,13.2633,13.6012,0,healthy,0.0,50.0,10.3597,0
SN_004557,LOT_014,12.4643,13.859,14.4663,14.631,0,healthy,0.0,50.0,10.3597,0
SN_004558,LOT_014,11.0909,12.0753,12.4571,12.5086,0,healthy,0.0,50.0,10.3597,0
SN_004559,LOT_014,11.0354,11.6234,12.125,12.3584,0,healthy,0.0,50.0,10.3597,0
SN_004560,LOT_014,11.4504,12.8342,13.2851,13.7752,0,healthy,0.0,50.0,10.3597,0
SN_004561,LOT_014,,10.2102,10.6197,10.6218,0,healthy,0.0,50.0,10.3597,0
SN_004562,LOT_014,9.6565,10.4341,10.7373,11.2161,0,healthy,0.0,50.0,10.3597,0
SN_004563,LOT_014,9.8344,11.0482,11.4282,11.5588,0,healthy,0.0,50.0,10.3597,0
SN_004564,LOT_014,9.8226,10.7115,11.024,11.2301,0,healthy,0.0,50.0,10.3597,0
SN_004565,LOT_014,,10.7727,11.1143,11.5131,0,healthy,0.0,50.0,10.3597,0
SN_004566,LOT_014,10.2562,11.1934,11.4409,11.5335,0,healthy,0.0,50.0,10.3597,0
SN_004567,LOT_014,10.7775,12.25,12.6062,12.942,0,healthy,0.0,50.0,10.3597,0
SN_004568,LOT_014,11.3594,11.8654,12.1284,12.2429,0,healthy,0.0,50.0,10.3597,0
SN_004569,LOT_014,11.7087,12.5114,12.8033,12.8184,0,healthy,0.0,50.0,10.3597,0
SN_004570,LOT_014,9.5568,10.1646,10.7266,11.06,0,healthy,0.0,50.0,10.3597,0
SN_004571,LOT_014,10.4893,11.3115,11.7003,11.7564,0,healthy,0.0,50.0,10.3597,0
SN_004572,LOT_014,12.7869,13.289,13.569,13.5748,0,healthy,0.0,50.0,10.3597,0
SN_004573,LOT_014,8.8627,,10.1756,10.361,0,healthy,0.0,50.0,10.3597,0
SN_004574,LOT_014,8.8576,9.7298,9.8953,10.1082,0,healthy,0.0,50.0,10.3597,0
SN_004575,LOT_014,8.7673,9.231,9.2578,9.2747,0,healthy,0.0,50.0,10.3597,0
SN_004576,LOT_014,8.5196,9.2633,9.4541,9.6921,0,healthy,0.0,50.0,10.3597,0
SN_004577,LOT_014,11.2942,12.5302,13.2862,13.4848,0,healthy,0.0,50.0,10.3597,0
SN_004578,LOT_014,10.9879,12.1589,12.7817,13.2446,0,healthy,0.0,50.0,10.3597,0
SN_004579,LOT_014,11.621,12.7307,12.916,12.8691,0,healthy,0.0,50.0,10.3597,0
SN_004580,LOT_014,11.2248,12.4534,13.0512,13.1871,0,healthy,0.0,50.0,10.3597,0
SN_004581,LOT_014,10.8339,11.2424,11.369,11.6119,0,healthy,0.0,50.0,10.3597,0
SN_004582,LOT_014,10.4531,11.6462,12.2372,12.5512,0,healthy,0.0,50.0,10.3597,0
SN_004583,LOT_014,10.6323,11.4251,11.6357,11.9762,0,healthy,0.0,50.0,10.3597,0
SN_004584,LOT_014,10.2644,11.3566,11.972,12.189,0,healthy,0.0,50.0,10.3597,0
SN_004585,LOT_014,9.7999,11.0429,11.5053,11.7364,0,healthy,0.0,50.0,10.3597,0
SN_004586,LOT_014,8.9799,9.8341,10.247,10.3169,0,healthy,0.0,50.0,10.3597,0
SN_004587,LOT_014,9.46,9.9615,10.1314,10.3183,0,healthy,0.0,50.0,10.3597,0
SN_004588,LOT_014,12.4147,13.5751,13.9478,13.8618,0,healthy,0.0,50.0,10.3597,0
SN_004589,LOT_014,9.463,10.5133,10.9203,11.1351,0,healthy,0.0,50.0,10.3597,0
SN_004590,LOT_014,11.1897,11.6857,11.7566,11.7318,0,healthy,0.0,50.0,10.3597,0
SN_004591,LOT_014,8.7874,9.0613,9.2251,9.3132,0,healthy,0.0,50.0,10.3597,0
SN_004592,LOT_014,11.1932,12.0453,12.4878,12.6275,0,healthy,0.0,50.0,10.3597,0
SN_004593,LOT_014,10.1535,11.016,11.6978,11.9549,0,healthy,0.0,50.0,10.3597,0
SN_004594,LOT_014,10.3764,11.6773,12.2755,12.2688,0,healthy,0.0,50.0,10.3597,0
SN_004595,LOT_014,10.8497,12.0934,12.3244,12.7787,0,healthy,0.0,50.0,10.3597,0
SN_004596,LOT_014,8.8787,9.2577,9.2806,9.471,0,healthy,0.0,50.0,10.3597,0
SN_004597,LOT_014,10.8493,11.2682,11.3331,11.2996,0,healthy,0.0,50.0,10.3597,0
SN_004598,LOT_014,13.2263,14.1596,14.3965,14.6418,0,healthy,0.0,50.0,10.3597,0
SN_004599,LOT_014,11.0702,12.0648,12.3128,12.6913,0,healthy,0.0,50.0,10.3597,0
SN_004600,LOT_014,9.5739,,10.4492,10.5718,0,healthy,0.0,50.0,10.3597,0
SN_004601,LOT_014,9.8196,10.6307,10.882,10.9105,0,healthy,0.0,50.0,10.3597,0
SN_004602,LOT_014,8.3175,8.989,9.1774,9.3604,0,healthy,0.0,50.0,10.3597,0
SN_004603,LOT_014,9.8567,10.267,10.4366,10.4653,0,healthy,0.0,50.0,10.3597,0
SN_004604,LOT_014,9.5019,10.3397,10.798,11.0908,0,healthy,0.0,50.0,10.3597,0
SN_004605,LOT_014,9.3949,,10.8031,10.9845,0,healthy,0.0,50.0,10.3597,0
SN_004606,LOT_014,10.6057,11.7641,12.2664,12.4212,0,healthy,0.0,50.0,10.3597,0
SN_004607,LOT_014,,10.1018,10.4132,10.5059,0,healthy,0.0,50.0,10.3597,0
SN_004608,LOT_014,,10.5583,10.8695,11.0025,0,healthy,0.0,50.0,10.3597,0
SN_004609,LOT_014,11.3885,12.1324,12.2513,12.3146,0,healthy,0.0,50.0,10.3597,0
SN_004610,LOT_014,11.0651,12.0767,12.4041,12.8211,0,healthy,0.0,50.0,10.3597,0
SN_004611,LOT_014,,10.8337,11.1682,11.5251,0,healthy,0.0,50.0,10.3597,0
SN_004612,LOT_014,9.9162,10.9182,11.172,11.2331,0,healthy,0.0,50.0,10.3597,0
SN_004613,LOT_014,11.2532,12.2603,12.4408,12.7823,0,healthy,0.0,50.0,10.3597,0
SN_004614,LOT_014,10.4512,10.9313,11.0714,11.227,0,healthy,0.0,50.0,10.3597,0
SN_004615,LOT_014,8.9966,10.2367,10.8285,10.784,0,healthy,0.0,50.0,10.3597,0
SN_004616,LOT_014,10.0994,11.468,11.7377,12.0784,0,healthy,0.0,50.0,10.3597,0
SN_004617,LOT_014,11.1183,12.3824,12.6284,12.8676,0,healthy,0.0,50.0,10.3597,0
SN_004618,LOT_014,9.9209,10.9107,11.4391,11.6277,0,healthy,0.0,50.0,10.3597,0
SN_004619,LOT_014,9.1143,9.6938,9.9963,10.0144,0,healthy,0.0,50.0,10.3597,0
SN_004620,LOT_014,10.485,,11.9293,12.0228,0,healthy,0.0,50.0,10.3597,0
SN_004621,LOT_014,9.862,10.6477,11.0019,11.1228,0,healthy,0.0,50.0,10.3597,0
SN_004622,LOT_014,11.0553,12.0117,12.2124,12.3705,0,healthy,0.0,50.0,10.3597,0
SN_004623,LOT_014,10.3897,10.918,11.0643,11.0539,0,healthy,0.0,50.0,10.3597,0
SN_004624,LOT_014,11.8781,12.7304,13.19,13.6495,0,healthy,0.0,50.0,10.3597,0
SN_004625,LOT_014,11.3063,12.6238,13.1322,13.3213,0,healthy,0.0,50.0,10.3597,0
SN_004626,LOT_014,12.5598,14.2096,14.9356,14.9657,0,healthy,0.0,50.0,10.3597,0
SN_004627,LOT_014,10.9686,12.0524,12.0986,12.1339,0,healthy,0.0,50.0,10.3597,0
SN_004628,LOT_014,8.5359,9.3263,9.7709,9.9959,0,healthy,0.0,50.0,10.3597,0
SN_004629,LOT_014,8.6465,9.3263,9.7469,9.9138,0,healthy,0.0,50.0,10.3597,0
SN_004630,LOT_014,8.3346,9.1128,9.2228,9.4047,0,healthy,0.0,50.0,10.3597,0
SN_004631,LOT_014,12.7603,14.1914,14.8963,14.9667,0,healthy,0.0,50.0,10.3597,0
SN_004632,LOT_014,9.0517,9.881,10.2943,10.6337,0,healthy,0.0,50.0,10.3597,0
SN_004633,LOT_014,9.7016,10.8648,11.4694,11.5415,0,healthy,0.0,50.0,10.3597,0
SN_004634,LOT_014,9.5386,10.043,10.1851,10.1342,0,healthy,0.0,50.0,10.3597,0
SN_004635,LOT_014,10.9048,11.6793,11.8434,12.2303,0,healthy,0.0,50.0,10.3597,0
SN_004636,LOT_014,9.7489,,10.7836,10.9796,0,healthy,0.0,50.0,10.3597,0
SN_004637,LOT_014,11.2061,11.7351,11.7048,11.8351,0,healthy,0.0,50.0,10.3597,0
SN_004638,LOT_014,8.1437,8.6369,8.888,8.8495,0,healthy,0.0,50.0,10.3597,0
SN_004639,LOT_014,10.1531,10.8039,11.1841,11.4999,0,healthy,0.0,50.0,10.3597,0
SN_004640,LOT_014,10.8352,11.8231,12.1435,12.3448,0,healthy,0.0,50.0,10.3597,0
SN_004641,LOT_014,10.4382,11.0619,10.9337,11.0754,0,healthy,0.0,50.0,10.3597,0
SN_004642,LOT_014,8.6114,9.5544,9.7413,9.9106,0,healthy,0.0,50.0,10.3597,0
SN_004643,LOT_014,9.2112,10.0483,10.501,10.6738,0,healthy,0.0,50.0,10.3597,0
SN_004644,LOT_014,9.1791,10.368,10.7103,11.0025,0,healthy,0.0,50.0,10.3597,0
SN_004645,LOT_014,10.4186,10.7913,10.9858,11.0055,0,healthy,0.0,50.0,10.3597,0
SN_004646,LOT_014,8.5866,9.5102,9.8678,10.2044,0,healthy,0.0,50.0,10.3597,0
SN_004647,LOT_014,8.2832,9.0931,9.5199,9.711,0,healthy,0.0,50.0,10.3597,0
SN_004648,LOT_014,11.0747,11.9325,12.54,12.3129,0,healthy,0.0,50.0,10.3597,0
SN_004649,LOT_014,9.8724,10.5421,10.8929,11.1852,0,healthy,0.0,50.0,10.3597,0
SN_004650,LOT_014,11.1467,12.0754,12.6273,12.8493,0,healthy,0.0,50.0,10.3597,0
SN_004651,LOT_014,9.5204,10.5567,10.6105,10.8854,0,healthy,0.0,50.0,10.3597,0
SN_004652,LOT_014,9.358,10.0441,10.4599,10.6423,0,healthy,0.0,50.0,10.3597,0
SN_004653,LOT_014,9.1853,10.2941,10.5685,10.703,0,healthy,0.0,50.0,10.3597,0
SN_004654,LOT_014,9.572,10.678,10.948,11.129,0,healthy,0.0,50.0,10.3597,0
SN_004655,LOT_014,9.8243,10.2885,10.6124,10.5269,0,healthy,0.0,50.0,10.3597,0
SN_004656,LOT_014,9.2964,9.8151,9.9608,10.0714,0,healthy,0.0,50.0,10.3597,0
SN_004657,LOT_014,10.7804,11.6539,11.6939,11.8324,0,healthy,0.0,50.0,10.3597,0
SN_004658,LOT_014,9.5552,10.6025,10.9568,10.9386,0,healthy,0.0,50.0,10.3597,0
SN_004659,LOT_014,10.2371,11.0925,11.4295,11.6187,0,healthy,0.0,50.0,10.3597,0
SN_004660,LOT_014,10.5465,10.9292,11.4567,11.511,0,healthy,0.0,50.0,10.3597,0
SN_004661,LOT_014,12.0768,13.1791,13.5415,13.8793,0,healthy,0.0,50.0,10.3597,0
SN_004662,LOT_014,10.3884,10.7034,11.0359,11.0448,0,healthy,0.0,50.0,10.3597,0
SN_004663,LOT_014,12.4896,13.3791,13.822,14.0735,0,healthy,0.0,50.0,10.3597,0
SN_004664,LOT_014,12.0726,13.0582,13.6835,13.7884,0,healthy,0.0,50.0,10.3597,0
SN_004665,LOT_014,9.8261,,11.3592,11.5416,0,healthy,0.0,50.0,10.3597,0
SN_004666,LOT_014,10.886,11.4529,11.601,11.6567,0,healthy,0.0,50.0,10.3597,0
SN_004667,LOT_014,10.2306,11.0874,11.5229,11.6899,0,healthy,0.0,50.0,10.3597,0
SN_004668,LOT_014,8.4604,8.8647,8.9724,9.2226,0,healthy,0.0,50.0,10.3597,0
SN_004669,LOT_014,,14.0148,14.1908,14.1381,0,healthy,0.0,50.0,10.3597,0
SN_004670,LOT_014,10.4793,10.8448,11.2283,11.27,0,healthy,0.0,50.0,10.3597,0
SN_004671,LOT_014,8.1204,8.8563,8.8369,9.1644,0,healthy,0.0,50.0,10.3597,0
SN_004672,LOT_014,9.9785,10.579,10.8087,10.8807,0,healthy,0.0,50.0,10.3597,0
SN_004673,LOT_014,11.1548,12.3594,12.8957,13.2565,0,healthy,0.0,50.0,10.3597,0
SN_004674,LOT_014,11.1169,12.3721,12.6385,12.784,0,healthy,0.0,50.0,10.3597,0
SN_004675,LOT_014,9.5976,10.5589,11.126,11.4189,0,healthy,0.0,50.0,10.3597,0
SN_004676,LOT_014,7.9801,9.1151,9.4444,9.5591,0,healthy,0.0,50.0,10.3597,0
SN_004677,LOT_014,9.356,9.9806,10.1812,10.39,0,healthy,0.0,50.0,10.3597,0
SN_004678,LOT_014,10.1955,11.164,11.5935,11.6587,0,healthy,0.0,50.0,10.3597,0
SN_004679,LOT_014,10.6787,11.5381,11.9986,12.1867,0,healthy,0.0,50.0,10.3597,0
SN_004680,LOT_014,9.3494,9.7962,10.0244,9.9043,0,healthy,0.0,50.0,10.3597,0
SN_004681,LOT_014,9.7347,10.8829,11.1265,11.3588,0,healthy,0.0,50.0,10.3597,0
SN_004682,LOT_014,12.271,13.4171,14.0298,14.5277,0,healthy,0.0,50.0,10.3597,0
SN_004683,LOT_014,10.416,11.0313,11.1902,11.3247,0,healthy,0.0,50.0,10.3597,0
SN_004684,LOT_014,10.1163,11.5316,16.141,20.9672,1,electromigration,0.104,50.0,10.3597,0
SN_004685,LOT_014,11.9608,13.2499,13.4136,13.7002,0,healthy,0.0,50.0,10.3597,0
SN_004686,LOT_014,11.4154,11.7471,11.7439,11.9824,0,healthy,0.0,50.0,10.3597,0
SN_004687,LOT_014,10.0833,10.8407,11.3428,11.5561,0,healthy,0.0,50.0,10.3597,0
SN_004688,LOT_014,11.2187,12.2637,12.6556,12.895,0,healthy,0.0,50.0,10.3597,0
SN_004689,LOT_014,11.4666,11.9926,11.9925,12.1419,0,healthy,0.0,50.0,10.3597,0
SN_004690,LOT_014,,11.6372,12.0089,12.0725,0,healthy,0.0,50.0,10.3597,0
SN_004691,LOT_014,9.6945,10.2834,10.6166,10.8394,0,healthy,0.0,50.0,10.3597,0
SN_004692,LOT_014,9.9453,11.2246,11.6518,12.0462,0,healthy,0.0,50.0,10.3597,0
SN_004693,LOT_014,11.7229,12.4638,12.7874,13.0169,0,healthy,0.0,50.0,10.3597,0
SN_004694,LOT_014,8.2992,8.8471,8.9856,9.1065,0,healthy,0.0,50.0,10.3597,0
SN_004695,LOT_014,9.7147,10.9673,11.3947,11.6008,0,healthy,0.0,50.0,10.3597,0
SN_004696,LOT_014,9.9934,10.5696,10.6745,10.8455,0,healthy,0.0,50.0,10.3597,0
SN_004697,LOT_014,9.7086,10.7106,10.7703,10.8555,0,healthy,0.0,50.0,10.3597,0
SN_004698,LOT_014,8.5459,9.068,9.2884,9.2502,0,healthy,0.0,50.0,10.3597,0
SN_004699,LOT_014,10.3469,11.0386,10.8879,10.9036,0,healthy,0.0,50.0,10.3597,0
SN_004700,LOT_014,10.0142,10.7939,10.9774,11.1331,0,healthy,0.0,50.0,10.3597,0
SN_004701,LOT_014,12.2845,13.7586,14.0717,14.1506,0,healthy,0.0,50.0,10.3597,0
SN_004702,LOT_014,9.5705,10.4466,10.6947,10.9169,0,healthy,0.0,50.0,10.3597,0
SN_004703,LOT_014,9.969,11.3326,11.6615,11.9414,0,healthy,0.0,50.0,10.3597,0
SN_004704,LOT_014,10.0067,11.0298,11.3884,11.5526,0,healthy,0.0,50.0,10.3597,0
SN_004705,LOT_014,8.527,9.553,9.8909,10.153,0,healthy,0.0,50.0,10.3597,0
SN_004706,LOT_014,,12.3536,12.7962,12.9675,0,healthy,0.0,50.0,10.3597,0
SN_004707,LOT_014,9.0786,9.4523,9.7058,9.914,0,healthy,0.0,50.0,10.3597,0
SN_004708,LOT_014,8.5083,8.9796,9.1389,8.9753,0,healthy,0.0,50.0,10.3597,0
SN_004709,LOT_014,,14.9834,15.5239,15.5571,0,healthy,0.0,50.0,10.3597,0
SN_004710,LOT_014,10.8195,11.2269,11.2298,11.4657,0,healthy,0.0,50.0,10.3597,0
SN_004711,LOT_014,9.6754,10.7979,11.3967,11.5561,0,healthy,0.0,50.0,10.3597,0
SN_004712,LOT_014,11.0594,12.0466,12.4545,12.8234,0,healthy,0.0,50.0,10.3597,0
SN_004713,LOT_014,10.098,11.1121,11.7872,12.0771,0,healthy,0.0,50.0,10.3597,0
SN_004714,LOT_014,9.4084,9.8842,10.166,10.2191,0,healthy,0.0,50.0,10.3597,0
SN_004715,LOT_014,8.6337,9.6419,9.8514,9.9181,0,healthy,0.0,50.0,10.3597,0
SN_004716,LOT_014,27.417,27.7311,29.7554,30.8191,1,subtle_in_spec,0.0586,50.0,10.3597,0
SN_004717,LOT_014,8.3073,9.1652,9.6297,9.7795,0,healthy,0.0,50.0,10.3597,0
SN_004718,LOT_014,10.2977,11.8697,12.1706,12.2828,0,healthy,0.0,50.0,10.3597,0
SN_004719,LOT_014,9.2087,10.0704,10.4899,10.7276,0,healthy,0.0,50.0,10.3597,0
SN_004720,LOT_014,11.3712,11.9752,12.1116,12.463,0,healthy,0.0,50.0,10.3597,0
SN_004721,LOT_014,7.9156,8.7504,9.1499,9.2474,0,healthy,0.0,50.0,10.3597,0
SN_004722,LOT_014,12.7232,13.7244,14.3954,14.687,0,healthy,0.0,50.0,10.3597,0
SN_004723,LOT_014,10.3098,11.1975,11.5392,11.5439,0,healthy,0.0,50.0,10.3597,0
SN_004724,LOT_014,11.7223,13.0749,13.3883,13.8351,0,healthy,0.0,50.0,10.3597,0
SN_004725,LOT_014,12.1256,13.2499,13.3688,13.5227,0,healthy,0.0,50.0,10.3597,0
SN_004726,LOT_014,9.6218,10.384,10.6004,10.6257,0,healthy,0.0,50.0,10.3597,0
SN_004727,LOT_014,10.1986,11.3774,11.862,11.8923,0,healthy,0.0,50.0,10.3597,0
SN_004728,LOT_014,,10.216,10.4873,10.6657,0,healthy,0.0,50.0,10.3597,0
SN_004729,LOT_014,12.0041,,14.1337,14.5631,0,healthy,0.0,50.0,10.3597,0
SN_004730,LOT_014,,11.1109,11.4533,11.5201,0,healthy,0.0,50.0,10.3597,0
SN_004731,LOT_014,9.0934,9.889,10.1539,10.4407,0,healthy,0.0,50.0,10.3597,0
SN_004732,LOT_014,9.9375,10.5218,10.6814,10.9927,0,healthy,0.0,50.0,10.3597,0
SN_004733,LOT_014,9.2617,10.012,10.3266,10.417,0,healthy,0.0,50.0,10.3597,0
SN_004734,LOT_014,8.8398,9.5115,9.8438,10.2429,0,healthy,0.0,50.0,10.3597,0
SN_004735,LOT_014,8.9156,9.2774,9.368,9.4785,0,healthy,0.0,50.0,10.3597,0
SN_004736,LOT_014,10.6077,11.5598,11.938,12.1853,0,healthy,0.0,50.0,10.3597,0
SN_004737,LOT_014,,11.5516,11.9412,11.9805,0,healthy,0.0,50.0,10.3597,0
SN_004738,LOT_014,10.3477,11.3878,11.6996,12.1098,0,healthy,0.0,50.0,10.3597,0
SN_004739,LOT_014,12.0771,13.0114,13.3435,13.4497,0,healthy,0.0,50.0,10.3597,0
SN_004740,LOT_014,9.1682,10.0453,10.4711,10.6844,0,healthy,0.0,50.0,10.3597,0
SN_004741,LOT_014,10.1104,,11.6254,11.7439,0,healthy,0.0,50.0,10.3597,0
SN_004742,LOT_014,11.4697,12.8854,13.2907,13.3463,0,healthy,0.0,50.0,10.3597,0
SN_004743,LOT_014,10.6783,11.1483,11.3997,11.5488,0,healthy,0.0,50.0,10.3597,0
SN_004744,LOT_014,9.437,,9.9098,9.9031,0,healthy,0.0,50.0,10.3597,0
SN_004745,LOT_014,10.8699,11.8124,12.3603,12.6443,0,healthy,0.0,50.0,10.3597,0
SN_004746,LOT_014,11.3771,11.9309,12.1663,12.3611,0,healthy,0.0,50.0,10.3597,0
SN_004747,LOT_014,9.3433,9.886,10.1206,10.3518,0,healthy,0.0,50.0,10.3597,0
SN_004748,LOT_014,13.0063,14.5296,15.0399,15.458,0,healthy,0.0,50.0,10.3597,0
SN_004749,LOT_014,10.3802,10.8494,10.9708,11.0861,0,healthy,0.0,50.0,10.3597,0
SN_004750,LOT_014,6.869,7.2519,7.3713,7.3673,0,healthy,0.0,50.0,10.3597,0
SN_004751,LOT_014,10.136,10.5602,10.6348,10.8815,0,healthy,0.0,50.0,10.3597,0
SN_004752,LOT_014,10.4288,11.6164,11.8921,12.2167,0,healthy,0.0,50.0,10.3597,0
SN_004753,LOT_014,,12.2416,12.404,12.6406,0,healthy,0.0,50.0,10.3597,0
SN_004754,LOT_014,9.0429,9.6951,10.0605,10.4995,0,healthy,0.0,50.0,10.3597,0
SN_004755,LOT_014,9.8438,11.0341,11.3088,11.4385,0,healthy,0.0,50.0,10.3597,0
SN_004756,LOT_014,11.1637,11.6335,11.752,11.591,0,healthy,0.0,50.0,10.3597,0
SN_004757,LOT_014,10.9196,11.4452,11.6837,11.7358,0,healthy,0.0,50.0,10.3597,0
SN_004758,LOT_014,8.8739,,9.9421,10.218,0,healthy,0.0,50.0,10.3597,0
SN_004759,LOT_014,11.4099,12.4186,12.4978,12.7177,0,healthy,0.0,50.0,10.3597,0
SN_004760,LOT_014,8.7234,9.2944,9.5689,9.7606,0,healthy,0.0,50.0,10.3597,0
SN_004761,LOT_014,10.2846,11.0494,11.0873,11.2722,0,healthy,0.0,50.0,10.3597,0
SN_004762,LOT_014,9.8923,10.4902,10.778,10.7057,0,healthy,0.0,50.0,10.3597,0
SN_004763,LOT_014,12.0258,12.8027,13.3456,13.7813,0,healthy,0.0,50.0,10.3597,0
SN_004764,LOT_014,12.4187,,13.7417,13.6947,0,healthy,0.0,50.0,10.3597,0
SN_004765,LOT_014,10.8715,11.4758,11.4333,11.6944,0,healthy,0.0,50.0,10.3597,0
SN_004766,LOT_014,9.5125,10.0573,10.5172,10.573,0,healthy,0.0,50.0,10.3597,0
SN_004767,LOT_014,12.3258,12.9511,13.0524,12.9316,0,healthy,0.0,50.0,10.3597,0
SN_004768,LOT_014,10.1377,11.1981,11.6397,11.6124,0,healthy,0.0,50.0,10.3597,0
SN_004769,LOT_014,7.4742,7.8374,7.9534,7.9866,0,healthy,0.0,50.0,10.3597,0
SN_004770,LOT_014,11.6381,13.1027,13.5633,13.6743,0,healthy,0.0,50.0,10.3597,0
SN_004771,LOT_014,10.6398,11.2764,11.5899,11.5918,0,healthy,0.0,50.0,10.3597,0
SN_004772,LOT_014,10.304,10.5901,10.6524,10.8994,0,healthy,0.0,50.0,10.3597,0
SN_004773,LOT_014,10.1205,11.2982,11.92,12.0232,0,healthy,0.0,50.0,10.3597,0
SN_004774,LOT_014,8.8531,9.1971,9.5669,9.4176,0,healthy,0.0,50.0,10.3597,0
SN_004775,LOT_014,11.0107,12.0322,12.5032,12.7326,0,healthy,0.0,50.0,10.3597,0
SN_004776,LOT_014,9.6667,10.6379,11.0959,11.3558,0,healthy,0.0,50.0,10.3597,0
SN_004777,LOT_014,8.6878,9.6653,10.0764,10.1636,0,healthy,0.0,50.0,10.3597,0
SN_004778,LOT_014,10.0323,10.6122,10.764,10.8439,0,healthy,0.0,50.0,10.3597,0
SN_004779,LOT_014,,11.2597,11.7091,11.867,0,healthy,0.0,50.0,10.3597,0
SN_004780,LOT_014,,10.4961,10.7274,10.8371,0,healthy,0.0,50.0,10.3597,0
SN_004781,LOT_014,,,11.8807,11.9053,0,healthy,0.0,50.0,10.3597,0
SN_004782,LOT_014,,11.836,12.2415,12.5859,0,healthy,0.0,50.0,10.3597,0
SN_004783,LOT_014,,11.4917,11.6952,11.8329,0,healthy,0.0,50.0,10.3597,0
SN_004784,LOT_014,9.6915,10.9,11.2651,11.3735,0,healthy,0.0,50.0,10.3597,0
SN_004785,LOT_014,9.4865,10.8144,11.0755,11.1358,0,healthy,0.0,50.0,10.3597,0
SN_004786,LOT_014,11.0221,11.7723,12.37,12.6212,0,healthy,0.0,50.0,10.3597,0
SN_004787,LOT_014,11.5479,12.3171,12.8301,12.8138,0,healthy,0.0,50.0,10.3597,0
SN_004788,LOT_014,8.6424,9.644,9.8707,10.0887,0,healthy,0.0,50.0,10.3597,0
SN_004789,LOT_014,10.636,11.6016,12.2566,12.4953,0,healthy,0.0,50.0,10.3597,0
SN_004790,LOT_015,13.5206,14.4501,14.8923,15.0008,0,healthy,0.0,50.0,13.7062,0
SN_004791,LOT_015,12.2141,13.7963,14.1428,14.4987,0,healthy,0.0,50.0,13.7062,0
SN_004792,LOT_015,15.9187,17.0357,17.2215,17.376,0,healthy,0.0,50.0,13.7062,0
SN_004793,LOT_015,13.492,14.0927,14.1855,14.3969,0,healthy,0.0,50.0,13.7062,0
SN_004794,LOT_015,16.2112,17.9906,18.788,19.1112,0,healthy,0.0,50.0,13.7062,0
SN_004795,LOT_015,13.7171,14.9002,15.5517,15.4698,0,healthy,0.0,50.0,13.7062,0
SN_004796,LOT_015,11.9955,13.1685,13.7079,13.9835,0,healthy,0.0,50.0,13.7062,0
SN_004797,LOT_015,14.0558,14.7353,14.844,15.2957,0,healthy,0.0,50.0,13.7062,0
SN_004798,LOT_015,13.3642,13.8816,14.2988,14.1371,0,healthy,0.0,50.0,13.7062,0
SN_004799,LOT_015,,,15.3274,15.6066,0,healthy,0.0,50.0,13.7062,0
SN_004800,LOT_015,15.0821,16.4223,16.8171,17.467,0,healthy,0.0,50.0,13.7062,0
SN_004801,LOT_015,15.129,15.6945,16.2469,16.4993,0,healthy,0.0,50.0,13.7062,0
SN_004802,LOT_015,17.876,18.539,18.5917,19.1579,0,healthy,0.0,50.0,13.7062,0
SN_004803,LOT_015,13.6389,15.2046,15.4162,15.8434,0,healthy,0.0,50.0,13.7062,0
SN_004804,LOT_015,12.5453,13.8091,14.2693,14.7063,0,healthy,0.0,50.0,13.7062,0
SN_004805,LOT_015,13.378,15.0213,15.6191,16.1949,0,healthy,0.0,50.0,13.7062,0
SN_004806,LOT_015,14.6203,15.4837,15.9959,15.8817,0,healthy,0.0,50.0,13.7062,0
SN_004807,LOT_015,12.8552,14.4174,14.695,14.9893,0,healthy,0.0,50.0,13.7062,0
SN_004808,LOT_015,14.2055,15.7219,16.1694,16.4818,0,healthy,0.0,50.0,13.7062,0
SN_004809,LOT_015,13.533,14.529,14.6732,15.0343,0,healthy,0.0,50.0,13.7062,0
SN_004810,LOT_015,12.0921,12.9106,13.1474,13.3289,0,healthy,0.0,50.0,13.7062,0
SN_004811,LOT_015,12.7,,14.8244,14.9403,0,healthy,0.0,50.0,13.7062,0
SN_004812,LOT_015,,14.3669,14.7563,15.0841,0,healthy,0.0,50.0,13.7062,0
SN_004813,LOT_015,14.1934,15.3858,15.727,15.8613,0,healthy,0.0,50.0,13.7062,0
SN_004814,LOT_015,13.7828,,15.49,15.778,0,healthy,0.0,50.0,13.7062,0
SN_004815,LOT_015,12.7232,13.9159,14.2018,14.6242,0,healthy,0.0,50.0,13.7062,0
SN_004816,LOT_015,,13.4127,13.6103,13.9311,0,healthy,0.0,50.0,13.7062,0
SN_004817,LOT_015,15.0673,16.6227,16.9548,17.228,0,healthy,0.0,50.0,13.7062,0
SN_004818,LOT_015,12.0656,12.5876,12.9506,12.8153,0,healthy,0.0,50.0,13.7062,0
SN_004819,LOT_015,13.4797,14.7037,14.894,14.8255,0,healthy,0.0,50.0,13.7062,0
SN_004820,LOT_015,13.1023,14.8193,15.4931,15.6939,0,healthy,0.0,50.0,13.7062,0
SN_004821,LOT_015,16.143,17.6404,18.4274,18.8008,0,healthy,0.0,50.0,13.7062,0
SN_004822,LOT_015,12.5068,13.2418,13.5643,13.6262,0,healthy,0.0,50.0,13.7062,0
SN_004823,LOT_015,14.6329,,15.8008,15.9337,0,healthy,0.0,50.0,13.7062,0
SN_004824,LOT_015,14.7212,,16.6751,16.9959,0,healthy,0.0,50.0,13.7062,0
SN_004825,LOT_015,13.9611,15.8714,16.4804,16.8222,0,healthy,0.0,50.0,13.7062,0
SN_004826,LOT_015,14.0889,15.2768,15.6648,15.7807,0,healthy,0.0,50.0,13.7062,0
SN_004827,LOT_015,13.7171,14.8016,15.3094,15.3214,0,healthy,0.0,50.0,13.7062,0
SN_004828,LOT_015,14.8812,15.4135,15.8592,15.8998,0,healthy,0.0,50.0,13.7062,0
SN_004829,LOT_015,14.4467,14.7423,15.0784,15.2693,0,healthy,0.0,50.0,13.7062,0
SN_004830,LOT_015,11.9661,13.3363,13.7101,13.8646,0,healthy,0.0,50.0,13.7062,0
SN_004831,LOT_015,13.0869,13.9921,14.3827,14.5031,0,healthy,0.0,50.0,13.7062,0
SN_004832,LOT_015,14.4322,,16.4472,16.9076,0,healthy,0.0,50.0,13.7062,0
SN_004833,LOT_015,13.5581,14.5344,15.0608,15.1748,0,healthy,0.0,50.0,13.7062,0
SN_004834,LOT_015,12.7099,13.0741,13.2248,13.3568,0,healthy,0.0,50.0,13.7062,0
SN_004835,LOT_015,13.0531,14.0032,14.6315,14.9433,0,healthy,0.0,50.0,13.7062,0
SN_004836,LOT_015,14.745,16.9271,17.2216,17.6932,0,healthy,0.0,50.0,13.7062,0
SN_004837,LOT_015,12.901,,14.7003,14.7843,0,healthy,0.0,50.0,13.7062,0
SN_004838,LOT_015,15.7209,17.7088,18.4359,19.0855,0,healthy,0.0,50.0,13.7062,0
SN_004839,LOT_015,14.9383,,16.7204,16.7946,0,healthy,0.0,50.0,13.7062,0
SN_004840,LOT_015,12.9062,13.8513,14.1948,14.2376,0,healthy,0.0,50.0,13.7062,0
SN_004841,LOT_015,13.9042,14.5274,14.693,14.6827,0,healthy,0.0,50.0,13.7062,0
SN_004842,LOT_015,13.3773,,14.8246,14.8183,0,healthy,0.0,50.0,13.7062,0
SN_004843,LOT_015,14.2926,15.1888,15.3888,15.6535,0,healthy,0.0,50.0,13.7062,0
SN_004844,LOT_015,13.6121,14.4651,14.4538,14.7179,0,healthy,0.0,50.0,13.7062,0
SN_004845,LOT_015,13.7747,15.5952,15.931,16.4431,0,healthy,0.0,50.0,13.7062,0
SN_004846,LOT_015,14.5734,15.8564,16.3001,16.8012,0,healthy,0.0,50.0,13.7062,0
SN_004847,LOT_015,14.8863,15.7454,16.1446,16.172,0,healthy,0.0,50.0,13.7062,0
SN_004848,LOT_015,14.1281,15.3748,15.707,16.1378,0,healthy,0.0,50.0,13.7062,0
SN_004849,LOT_015,11.4017,12.3485,12.8464,12.8403,0,healthy,0.0,50.0,13.7062,0
SN_004850,LOT_015,13.2949,14.3422,14.5437,14.4931,0,healthy,0.0,50.0,13.7062,0
SN_004851,LOT_015,14.4621,15.4648,15.5814,16.0075,0,healthy,0.0,50.0,13.7062,0
SN_004852,LOT_015,12.9063,14.3057,14.5517,14.9661,0,healthy,0.0,50.0,13.7062,0
SN_004853,LOT_015,16.1354,16.8226,17.2023,17.568,0,healthy,0.0,50.0,13.7062,0
SN_004854,LOT_015,,14.7815,15.296,15.6505,0,healthy,0.0,50.0,13.7062,0
SN_004855,LOT_015,,14.6416,15.327,15.5568,0,healthy,0.0,50.0,13.7062,0
SN_004856,LOT_015,12.7495,13.1549,13.3666,13.4341,0,healthy,0.0,50.0,13.7062,0
SN_004857,LOT_015,15.1583,16.7602,17.5368,18.0989,0,healthy,0.0,50.0,13.7062,0
SN_004858,LOT_015,11.7857,12.3592,12.7018,12.9965,0,healthy,0.0,50.0,13.7062,0
SN_004859,LOT_015,14.324,15.7153,16.6232,17.0493,0,healthy,0.0,50.0,13.7062,0
SN_004860,LOT_015,,15.1353,15.2953,15.4999,0,healthy,0.0,50.0,13.7062,0
SN_004861,LOT_015,12.8017,14.0631,14.9758,15.3205,0,healthy,0.0,50.0,13.7062,0
SN_004862,LOT_015,16.0695,17.6749,18.3374,18.607,0,healthy,0.0,50.0,13.7062,0
SN_004863,LOT_015,12.0755,12.1513,16.2492,25.8211,1,tddb_dielectric,0.2117,50.0,13.7062,0
SN_004864,LOT_015,15.689,16.6874,17.2076,17.2733,0,healthy,0.0,50.0,13.7062,0
SN_004865,LOT_015,12.2913,13.2803,13.4231,13.7068,0,healthy,0.0,50.0,13.7062,0
SN_004866,LOT_015,15.1987,16.7022,16.8159,17.1794,0,healthy,0.0,50.0,13.7062,0
SN_004867,LOT_015,12.9313,14.0164,14.3105,14.5118,0,healthy,0.0,50.0,13.7062,0
SN_004868,LOT_015,,12.4839,12.7568,12.8892,0,healthy,0.0,50.0,13.7062,0
SN_004869,LOT_015,14.2218,15.3899,15.6829,16.0188,0,healthy,0.0,50.0,13.7062,0
SN_004870,LOT_015,14.2659,15.5673,16.0613,16.3096,0,healthy,0.0,50.0,13.7062,0
SN_004871,LOT_015,14.5089,16.2922,16.7447,17.0021,0,healthy,0.0,50.0,13.7062,0
SN_004872,LOT_015,13.843,15.1036,15.406,15.9676,0,healthy,0.0,50.0,13.7062,0
SN_004873,LOT_015,13.5603,14.095,14.6525,14.4606,0,healthy,0.0,50.0,13.7062,0
SN_004874,LOT_015,13.3183,14.8223,15.4107,15.8407,0,healthy,0.0,50.0,13.7062,0
SN_004875,LOT_015,12.8978,14.4139,14.881,15.2182,0,healthy,0.0,50.0,13.7062,0
SN_004876,LOT_015,13.81,14.9592,15.4384,15.5381,0,healthy,0.0,50.0,13.7062,0
SN_004877,LOT_015,14.4861,15.8628,16.5352,16.9432,0,healthy,0.0,50.0,13.7062,0
SN_004878,LOT_015,14.1091,15.1921,15.6663,15.7597,0,healthy,0.0,50.0,13.7062,0
SN_004879,LOT_015,15.9443,17.6604,18.5995,18.7686,0,healthy,0.0,50.0,13.7062,0
SN_004880,LOT_015,13.6046,14.7994,15.0813,15.1558,0,healthy,0.0,50.0,13.7062,0
SN_004881,LOT_015,13.7627,15.4488,16.0291,15.9723,0,healthy,0.0,50.0,13.7062,0
SN_004882,LOT_015,13.7541,15.0597,15.501,15.5481,0,healthy,0.0,50.0,13.7062,0
SN_004883,LOT_015,15.9818,17.2304,17.5163,17.8452,0,healthy,0.0,50.0,13.7062,0
SN_004884,LOT_015,11.7298,12.4615,12.4759,12.8482,0,healthy,0.0,50.0,13.7062,0
SN_004885,LOT_015,,14.6001,15.1158,15.5469,0,healthy,0.0,50.0,13.7062,0
SN_004886,LOT_015,14.599,15.495,15.5306,15.7916,0,healthy,0.0,50.0,13.7062,0
SN_004887,LOT_015,13.2002,14.3342,14.6721,15.019,0,healthy,0.0,50.0,13.7062,0
SN_004888,LOT_015,14.1323,15.0327,15.2517,15.4028,0,healthy,0.0,50.0,13.7062,0
SN_004889,LOT_015,13.4506,14.0429,14.3516,14.4626,0,healthy,0.0,50.0,13.7062,0
SN_004890,LOT_015,11.9149,12.5349,12.7953,12.8365,0,healthy,0.0,50.0,13.7062,0
SN_004891,LOT_015,11.4723,12.4633,12.6517,12.6765,0,healthy,0.0,50.0,13.7062,0
SN_004892,LOT_015,13.7655,14.1355,14.5726,14.6292,0,healthy,0.0,50.0,13.7062,0
SN_004893,LOT_015,,15.2259,15.8981,16.1661,0,healthy,0.0,50.0,13.7062,0
SN_004894,LOT_015,,15.5363,16.3947,16.9514,0,healthy,0.0,50.0,13.7062,0
SN_004895,LOT_015,16.3019,17.2692,17.7115,17.7917,0,healthy,0.0,50.0,13.7062,0
SN_004896,LOT_015,14.97,16.5437,17.193,16.9278,0,healthy,0.0,50.0,13.7062,0
SN_004897,LOT_015,14.5843,16.0163,16.9924,17.3681,0,healthy,0.0,50.0,13.7062,0
SN_004898,LOT_015,15.1987,17.1141,17.5562,17.4899,0,healthy,0.0,50.0,13.7062,0
SN_004899,LOT_015,13.905,15.433,16.0123,16.5114,0,healthy,0.0,50.0,13.7062,0
SN_004900,LOT_015,16.8041,18.118,19.0517,19.1812,0,healthy,0.0,50.0,13.7062,0
SN_004901,LOT_015,,13.9537,14.0126,13.9528,0,healthy,0.0,50.0,13.7062,0
SN_004902,LOT_015,13.5425,14.9915,15.2558,15.1479,0,healthy,0.0,50.0,13.7062,0
SN_004903,LOT_015,14.6202,15.8568,16.4759,16.6823,0,healthy,0.0,50.0,13.7062,0
SN_004904,LOT_015,12.8763,14.0104,14.8638,15.1586,0,healthy,0.0,50.0,13.7062,0
SN_004905,LOT_015,14.4975,16.1756,16.6933,17.2979,0,healthy,0.0,50.0,13.7062,0
SN_004906,LOT_015,,14.0868,14.3355,14.6066,0,healthy,0.0,50.0,13.7062,0
SN_004907,LOT_015,14.3008,16.366,16.7326,16.9198,0,healthy,0.0,50.0,13.7062,0
SN_004908,LOT_015,15.9457,16.7232,16.8308,17.1116,0,healthy,0.0,50.0,13.7062,0
SN_004909,LOT_015,13.9156,15.5712,16.0477,16.6063,0,healthy,0.0,50.0,13.7062,0
SN_004910,LOT_015,14.9537,15.631,15.7086,16.01,0,healthy,0.0,50.0,13.7062,0
SN_004911,LOT_015,14.8405,,17.2927,17.6012,0,healthy,0.0,50.0,13.7062,0
SN_004912,LOT_015,14.4325,15.8285,16.6433,17.087,0,healthy,0.0,50.0,13.7062,0
SN_004913,LOT_015,14.3392,14.7713,15.0628,15.0134,0,healthy,0.0,50.0,13.7062,0
SN_004914,LOT_015,44.0,44.8766,49.2451,53.5022,1,subtle_in_spec,0.2846,50.0,13.7062,0
SN_004915,LOT_015,11.9472,12.7588,12.8689,13.1014,0,healthy,0.0,50.0,13.7062,0
SN_004916,LOT_015,14.0426,15.9046,16.4514,16.7133,0,healthy,0.0,50.0,13.7062,0
SN_004917,LOT_015,13.5119,15.2445,15.5321,15.7723,0,healthy,0.0,50.0,13.7062,0
SN_004918,LOT_015,14.3279,15.7743,16.3944,16.2623,0,healthy,0.0,50.0,13.7062,0
SN_004919,LOT_015,13.4945,14.1591,14.4534,14.4352,0,healthy,0.0,50.0,13.7062,0
SN_004920,LOT_015,,17.0622,17.8916,17.9704,0,healthy,0.0,50.0,13.7062,0
SN_004921,LOT_015,14.4834,15.3075,15.7078,15.845,0,healthy,0.0,50.0,13.7062,0
SN_004922,LOT_015,13.385,14.4993,14.8532,14.9237,0,healthy,0.0,50.0,13.7062,0
SN_004923,LOT_015,15.1072,16.2959,16.6474,16.9031,0,healthy,0.0,50.0,13.7062,0
SN_004924,LOT_015,15.4896,17.3486,17.7355,17.8793,0,healthy,0.0,50.0,13.7062,0
SN_004925,LOT_015,15.272,15.9909,16.1059,16.2897,0,healthy,0.0,50.0,13.7062,0
SN_004926,LOT_015,13.3602,14.3557,14.7062,14.5357,0,healthy,0.0,50.0,13.7062,0
SN_004927,LOT_015,14.7492,16.0185,16.5427,17.0098,0,healthy,0.0,50.0,13.7062,0
SN_004928,LOT_015,13.7306,14.3264,14.3936,14.6395,0,healthy,0.0,50.0,13.7062,0
SN_004929,LOT_015,12.6101,13.6668,13.9678,14.0702,0,healthy,0.0,50.0,13.7062,0
SN_004930,LOT_015,15.7373,17.6296,18.5826,18.8889,0,healthy,0.0,50.0,13.7062,0
SN_004931,LOT_015,12.2193,13.4117,14.2912,14.2804,0,healthy,0.0,50.0,13.7062,0
SN_004932,LOT_015,14.6393,15.7901,16.3209,16.5589,0,healthy,0.0,50.0,13.7062,0
SN_004933,LOT_015,15.3739,16.7617,17.2395,17.5313,0,healthy,0.0,50.0,13.7062,0
SN_004934,LOT_015,13.6226,14.2661,14.4134,14.5631,0,healthy,0.0,50.0,13.7062,0
SN_004935,LOT_015,13.0077,13.6677,13.6739,14.0271,0,healthy,0.0,50.0,13.7062,0
SN_004936,LOT_015,12.3997,13.1527,13.4649,13.6043,0,healthy,0.0,50.0,13.7062,0
SN_004937,LOT_015,14.2362,15.0813,15.8926,15.9238,0,healthy,0.0,50.0,13.7062,0
SN_004938,LOT_015,15.7919,17.447,18.1679,18.424,0,healthy,0.0,50.0,13.7062,0
SN_004939,LOT_015,12.6034,13.7652,14.05,14.3349,0,healthy,0.0,50.0,13.7062,0
SN_004940,LOT_015,13.9371,15.003,15.7295,15.9,0,healthy,0.0,50.0,13.7062,0
SN_004941,LOT_015,13.6056,14.9375,15.5099,15.8512,0,healthy,0.0,50.0,13.7062,0
SN_004942,LOT_015,14.6871,15.9247,16.4549,16.8361,0,healthy,0.0,50.0,13.7062,0
SN_004943,LOT_015,14.6581,16.4945,16.6786,16.9303,0,healthy,0.0,50.0,13.7062,0
SN_004944,LOT_015,14.1151,14.9006,15.3395,15.4489,0,healthy,0.0,50.0,13.7062,0
SN_004945,LOT_015,13.9361,14.7409,14.9539,15.0748,0,healthy,0.0,50.0,13.7062,0
SN_004946,LOT_015,15.0448,17.2404,17.575,17.9754,0,healthy,0.0,50.0,13.7062,0
SN_004947,LOT_015,13.7839,14.3464,14.3667,14.4805,0,healthy,0.0,50.0,13.7062,0
SN_004948,LOT_015,13.038,14.1686,14.3825,14.8001,0,healthy,0.0,50.0,13.7062,0
SN_004949,LOT_015,14.3399,15.5343,15.9012,16.1647,0,healthy,0.0,50.0,13.7062,0
SN_004950,LOT_015,14.2977,15.3969,15.9945,16.2677,0,healthy,0.0,50.0,13.7062,0
SN_004951,LOT_015,14.9469,15.5595,15.7132,16.3234,0,healthy,0.0,50.0,13.7062,0
SN_004952,LOT_015,13.7853,14.2973,14.5448,14.629,0,healthy,0.0,50.0,13.7062,0
SN_004953,LOT_015,12.7379,13.8971,13.9891,14.3515,0,healthy,0.0,50.0,13.7062,0
SN_004954,LOT_015,13.7347,15.7027,16.0597,16.422,0,healthy,0.0,50.0,13.7062,0
SN_004955,LOT_015,12.4295,12.8958,13.0552,13.2232,0,healthy,0.0,50.0,13.7062,0
SN_004956,LOT_015,,15.9196,16.1629,16.0666,0,healthy,0.0,50.0,13.7062,0
SN_004957,LOT_015,14.035,15.0189,15.5109,15.5012,0,healthy,0.0,50.0,13.7062,0
SN_004958,LOT_015,14.6451,15.0832,15.3665,15.3431,0,healthy,0.0,50.0,13.7062,0
SN_004959,LOT_015,14.1381,16.019,16.439,16.84,0,healthy,0.0,50.0,13.7062,0
SN_004960,LOT_015,15.1506,16.1966,16.7031,17.0536,0,healthy,0.0,50.0,13.7062,0
SN_004961,LOT_015,14.2672,15.2219,15.3964,15.4994,0,healthy,0.0,50.0,13.7062,0
SN_004962,LOT_015,11.8596,12.7995,13.1966,13.2966,0,healthy,0.0,50.0,13.7062,0
SN_004963,LOT_015,12.5605,13.999,14.4184,14.5413,0,healthy,0.0,50.0,13.7062,0
SN_004964,LOT_015,15.1784,16.3781,16.7756,16.9402,0,healthy,0.0,50.0,13.7062,0
SN_004965,LOT_015,14.6682,16.2044,16.6741,16.9686,0,healthy,0.0,50.0,13.7062,0
SN_004966,LOT_015,14.7181,15.4666,15.5164,15.6669,0,healthy,0.0,50.0,13.7062,0
SN_004967,LOT_015,12.9396,14.5038,14.7384,14.8411,0,healthy,0.0,50.0,13.7062,0
SN_004968,LOT_015,14.8026,16.3012,16.8971,17.2542,0,healthy,0.0,50.0,13.7062,0
SN_004969,LOT_015,,15.9044,16.3626,16.6768,0,healthy,0.0,50.0,13.7062,0
SN_004970,LOT_015,12.3953,13.9742,14.5209,14.7121,0,healthy,0.0,50.0,13.7062,0
SN_004971,LOT_015,12.9252,14.3649,14.3852,14.6178,0,healthy,0.0,50.0,13.7062,0
SN_004972,LOT_015,12.1873,12.5375,13.0737,12.9009,0,healthy,0.0,50.0,13.7062,0
SN_004973,LOT_015,11.4557,12.3024,12.7963,13.1328,0,healthy,0.0,50.0,13.7062,0
SN_004974,LOT_015,13.4369,15.124,15.8078,15.7933,0,healthy,0.0,50.0,13.7062,0
SN_004975,LOT_015,13.8013,14.2428,14.523,14.5536,0,healthy,0.0,50.0,13.7062,0
SN_004976,LOT_015,12.8812,13.9315,13.9926,14.1025,0,healthy,0.0,50.0,13.7062,0
SN_004977,LOT_015,14.1079,,16.6029,16.7776,0,healthy,0.0,50.0,13.7062,0
SN_004978,LOT_015,15.2149,17.2096,17.6107,17.8915,0,healthy,0.0,50.0,13.7062,0
SN_004979,LOT_015,14.7388,15.8965,16.7087,16.8551,0,healthy,0.0,50.0,13.7062,0
SN_004980,LOT_015,14.5226,15.9106,15.9285,16.2434,0,healthy,0.0,50.0,13.7062,0
SN_004981,LOT_015,15.9109,17.7818,18.6017,18.9247,0,healthy,0.0,50.0,13.7062,0
SN_004982,LOT_015,12.7718,13.2185,13.5954,13.4868,0,healthy,0.0,50.0,13.7062,0
SN_004983,LOT_015,13.1151,14.8385,15.3293,15.7259,0,healthy,0.0,50.0,13.7062,0
SN_004984,LOT_015,14.2751,14.6512,15.0587,15.1347,0,healthy,0.0,50.0,13.7062,0
SN_004985,LOT_015,12.4097,13.6519,14.1724,14.3731,0,healthy,0.0,50.0,13.7062,0
SN_004986,LOT_015,11.9952,12.5913,12.867,12.9367,0,healthy,0.0,50.0,13.7062,0
SN_004987,LOT_015,12.5765,14.1965,14.5078,14.8425,0,healthy,0.0,50.0,13.7062,0
SN_004988,LOT_015,,14.8034,15.2222,15.485,0,healthy,0.0,50.0,13.7062,0
SN_004989,LOT_015,12.2501,13.1247,13.5749,13.5775,0,healthy,0.0,50.0,13.7062,0
SN_004990,LOT_015,13.5322,15.0894,15.6612,15.7519,0,healthy,0.0,50.0,13.7062,0
SN_004991,LOT_015,12.0164,13.309,13.8373,14.0832,0,healthy,0.0,50.0,13.7062,0
SN_004992,LOT_015,,14.2476,14.6557,14.8346,0,healthy,0.0,50.0,13.7062,0
SN_004993,LOT_015,12.6011,14.0308,14.5064,14.8535,0,healthy,0.0,50.0,13.7062,0
SN_004994,LOT_015,13.3249,14.4905,14.5964,14.551,0,healthy,0.0,50.0,13.7062,0
SN_004995,LOT_015,13.2382,,13.9044,14.075,0,healthy,0.0,50.0,13.7062,0
SN_004996,LOT_015,12.2695,,13.9344,14.1073,0,healthy,0.0,50.0,13.7062,0
SN_004997,LOT_015,15.5204,16.314,16.7553,16.9695,0,healthy,0.0,50.0,13.7062,0
SN_004998,LOT_015,13.7122,14.3321,14.6784,14.703,0,healthy,0.0,50.0,13.7062,0
SN_004999,LOT_015,14.3968,15.9333,16.5797,16.8338,0,healthy,0.0,50.0,13.7062,0
SN_005000,LOT_015,15.5831,17.4107,17.6638,18.1318,0,healthy,0.0,50.0,13.7062,0
SN_005001,LOT_015,14.8488,15.4542,15.6788,15.5807,0,healthy,0.0,50.0,13.7062,0
SN_005002,LOT_015,14.8373,16.8883,17.2608,17.5585,0,healthy,0.0,50.0,13.7062,0
SN_005003,LOT_015,13.5524,14.8538,14.9986,15.2437,0,healthy,0.0,50.0,13.7062,0
SN_005004,LOT_015,14.9756,16.8615,17.3872,17.5376,0,healthy,0.0,50.0,13.7062,0
SN_005005,LOT_015,11.0028,12.2138,12.6539,13.0844,0,healthy,0.0,50.0,13.7062,0
SN_005006,LOT_015,12.7052,14.387,14.9564,15.1564,0,healthy,0.0,50.0,13.7062,0
SN_005007,LOT_015,13.8142,14.3586,14.8485,14.9061,0,healthy,0.0,50.0,13.7062,0
SN_005008,LOT_015,13.4584,14.6649,15.3736,15.5187,0,healthy,0.0,50.0,13.7062,0
SN_005009,LOT_015,12.939,14.0538,14.8546,15.0102,0,healthy,0.0,50.0,13.7062,0
SN_005010,LOT_015,14.0867,15.547,16.1847,16.2668,0,healthy,0.0,50.0,13.7062,0
SN_005011,LOT_015,12.6824,14.0706,14.1425,14.4611,0,healthy,0.0,50.0,13.7062,0
SN_005012,LOT_015,12.6693,13.9484,14.2918,14.4279,0,healthy,0.0,50.0,13.7062,0
SN_005013,LOT_015,12.58,13.5254,13.6504,13.5686,0,healthy,0.0,50.0,13.7062,0
SN_005014,LOT_015,15.2108,16.3799,16.9441,17.0348,0,healthy,0.0,50.0,13.7062,0
SN_005015,LOT_015,14.5883,15.2951,15.7328,15.7634,0,healthy,0.0,50.0,13.7062,0
SN_005016,LOT_015,14.3317,,15.1506,15.1098,0,healthy,0.0,50.0,13.7062,0
SN_005017,LOT_015,,14.3167,14.6722,14.9018,0,healthy,0.0,50.0,13.7062,0
SN_005018,LOT_015,14.1698,15.1941,15.4381,15.6167,0,healthy,0.0,50.0,13.7062,0
SN_005019,LOT_015,14.2273,15.9482,16.2831,16.7105,0,healthy,0.0,50.0,13.7062,0
SN_005020,LOT_015,14.0962,15.1786,16.1181,16.1662,0,healthy,0.0,50.0,13.7062,0
SN_005021,LOT_015,15.1865,16.1563,16.5861,17.0859,0,healthy,0.0,50.0,13.7062,0
SN_005022,LOT_015,14.6415,15.9132,16.2431,16.3311,0,healthy,0.0,50.0,13.7062,0
SN_005023,LOT_015,13.1797,14.8644,15.5878,15.5993,0,healthy,0.0,50.0,13.7062,0
SN_005024,LOT_015,14.7447,16.0065,16.2783,16.2755,0,healthy,0.0,50.0,13.7062,0
SN_005025,LOT_015,14.331,14.8622,15.0352,15.4633,0,healthy,0.0,50.0,13.7062,0
SN_005026,LOT_015,13.6044,14.5482,14.8532,14.9303,0,healthy,0.0,50.0,13.7062,0
SN_005027,LOT_015,12.1682,13.2707,13.6593,13.7771,0,healthy,0.0,50.0,13.7062,0
SN_005028,LOT_015,14.7952,16.1529,16.7418,16.8592,0,healthy,0.0,50.0,13.7062,0
SN_005029,LOT_015,14.5322,15.7218,16.2303,16.6153,0,healthy,0.0,50.0,13.7062,0
SN_005030,LOT_015,16.9522,18.6066,19.1164,19.4142,0,healthy,0.0,50.0,13.7062,0
SN_005031,LOT_015,17.5172,18.1237,18.3833,19.1821,0,healthy,0.0,50.0,13.7062,0
SN_005032,LOT_015,15.6366,17.0637,17.7633,18.3759,0,healthy,0.0,50.0,13.7062,0
SN_005033,LOT_015,16.0764,18.1643,18.4545,18.6127,0,healthy,0.0,50.0,13.7062,0
SN_005034,LOT_015,13.1937,,14.3231,14.4819,0,healthy,0.0,50.0,13.7062,0
SN_005035,LOT_015,16.6406,18.5448,19.0069,19.2452,0,healthy,0.0,50.0,13.7062,0
SN_005036,LOT_015,,14.7483,15.3423,15.5194,0,healthy,0.0,50.0,13.7062,0
SN_005037,LOT_015,14.9323,16.6115,17.0532,17.0371,0,healthy,0.0,50.0,13.7062,0
SN_005038,LOT_015,12.1179,13.5771,13.7735,14.082,0,healthy,0.0,50.0,13.7062,0
SN_005039,LOT_015,14.717,15.8017,16.4525,16.5983,0,healthy,0.0,50.0,13.7062,0
SN_005040,LOT_015,12.4329,13.6042,13.7728,14.0174,0,healthy,0.0,50.0,13.7062,0
SN_005041,LOT_015,13.8683,15.2203,15.8143,16.203,0,healthy,0.0,50.0,13.7062,0
SN_005042,LOT_015,12.5234,13.7526,13.9847,14.1053,0,healthy,0.0,50.0,13.7062,0
SN_005043,LOT_015,13.0891,14.4542,14.5965,14.8869,0,healthy,0.0,50.0,13.7062,0
SN_005044,LOT_015,,12.445,12.7504,12.8312,0,healthy,0.0,50.0,13.7062,0
SN_005045,LOT_015,12.336,13.2285,13.7629,13.9637,0,healthy,0.0,50.0,13.7062,0
SN_005046,LOT_015,16.2604,16.8239,17.1522,17.2156,0,healthy,0.0,50.0,13.7062,0
SN_005047,LOT_015,13.2011,,14.8283,15.1657,0,healthy,0.0,50.0,13.7062,0
SN_005048,LOT_015,13.9786,15.517,15.812,15.7245,0,healthy,0.0,50.0,13.7062,0
SN_005049,LOT_015,,13.7013,13.9178,13.8638,0,healthy,0.0,50.0,13.7062,0
SN_005050,LOT_015,13.6962,14.7834,15.2504,15.5615,0,healthy,0.0,50.0,13.7062,0
SN_005051,LOT_015,12.5214,13.4714,13.8492,14.1575,0,healthy,0.0,50.0,13.7062,0
SN_005052,LOT_015,14.3953,15.5797,16.0312,16.266,0,healthy,0.0,50.0,13.7062,0
SN_005053,LOT_015,14.7971,15.9092,16.6515,16.819,0,healthy,0.0,50.0,13.7062,0
SN_005054,LOT_015,12.8902,13.5933,13.7316,13.5617,0,healthy,0.0,50.0,13.7062,0
SN_005055,LOT_015,15.6787,16.9922,17.7749,18.4348,0,healthy,0.0,50.0,13.7062,0
SN_005056,LOT_015,14.3749,16.1798,16.828,17.1396,0,healthy,0.0,50.0,13.7062,0
SN_005057,LOT_015,14.1055,15.7528,16.4682,16.8043,0,healthy,0.0,50.0,13.7062,0
SN_005058,LOT_015,15.0958,,17.4079,17.4451,0,healthy,0.0,50.0,13.7062,0
SN_005059,LOT_015,16.7428,17.6085,17.6851,17.8002,0,healthy,0.0,50.0,13.7062,0
SN_005060,LOT_015,12.0806,12.9285,12.9484,13.0515,0,healthy,0.0,50.0,13.7062,0
SN_005061,LOT_015,14.9219,15.5774,15.5133,15.9073,0,healthy,0.0,50.0,13.7062,0
SN_005062,LOT_015,15.4623,17.6538,18.1789,18.3154,0,healthy,0.0,50.0,13.7062,0
SN_005063,LOT_015,13.8806,14.6841,14.8152,15.2323,0,healthy,0.0,50.0,13.7062,0
SN_005064,LOT_015,13.4155,14.3063,14.4392,14.3787,0,healthy,0.0,50.0,13.7062,0
SN_005065,LOT_015,12.8452,13.4767,13.7626,13.6053,0,healthy,0.0,50.0,13.7062,0
SN_005066,LOT_015,,14.6215,15.0252,15.098,0,healthy,0.0,50.0,13.7062,0
SN_005067,LOT_015,14.5414,15.0588,15.7222,15.6067,0,healthy,0.0,50.0,13.7062,0
SN_005068,LOT_015,12.4028,12.8977,12.9818,13.1469,0,healthy,0.0,50.0,13.7062,0
SN_005069,LOT_015,,13.7503,14.2309,14.1637,0,healthy,0.0,50.0,13.7062,0
SN_005070,LOT_015,11.7531,12.196,12.3227,12.4736,0,healthy,0.0,50.0,13.7062,0
SN_005071,LOT_015,12.1153,13.533,13.9421,14.1408,0,healthy,0.0,50.0,13.7062,0
SN_005072,LOT_015,15.4655,16.2177,16.4829,16.7217,0,healthy,0.0,50.0,13.7062,0
SN_005073,LOT_015,14.9675,15.6392,15.8979,16.0551,0,healthy,0.0,50.0,13.7062,0
SN_005074,LOT_015,11.9636,12.8053,13.0974,13.0862,0,healthy,0.0,50.0,13.7062,0
SN_005075,LOT_015,14.8161,15.8824,16.2086,16.677,0,healthy,0.0,50.0,13.7062,0
SN_005076,LOT_015,12.8229,14.1675,14.8272,14.9936,0,healthy,0.0,50.0,13.7062,0
SN_005077,LOT_015,14.3248,15.7327,16.2455,16.497,0,healthy,0.0,50.0,13.7062,0
SN_005078,LOT_015,12.9666,14.06,14.4426,14.5812,0,healthy,0.0,50.0,13.7062,0
SN_005079,LOT_015,13.3728,13.9645,14.2091,14.6894,0,healthy,0.0,50.0,13.7062,0
SN_005080,LOT_015,15.0103,16.6908,17.1805,17.4639,0,healthy,0.0,50.0,13.7062,0
SN_005081,LOT_015,11.9701,13.3498,13.7009,14.0036,0,healthy,0.0,50.0,13.7062,0
SN_005082,LOT_015,13.4334,13.9914,14.3947,14.5185,0,healthy,0.0,50.0,13.7062,0
SN_005083,LOT_015,14.4244,14.8159,14.9615,15.2683,0,healthy,0.0,50.0,13.7062,0
SN_005084,LOT_015,15.4116,17.2638,17.9194,18.2039,0,healthy,0.0,50.0,13.7062,0
SN_005085,LOT_016,7.8685,8.1221,8.2249,8.3169,0,healthy,0.0,50.0,8.9654,0
SN_005086,LOT_016,8.9906,9.694,9.8918,10.0625,0,healthy,0.0,50.0,8.9654,0
SN_005087,LOT_016,9.6829,10.3719,10.9343,11.1505,0,healthy,0.0,50.0,8.9654,0
SN_005088,LOT_016,,9.8619,10.2494,10.263,0,healthy,0.0,50.0,8.9654,0
SN_005089,LOT_016,9.9894,10.916,11.2845,11.5019,0,healthy,0.0,50.0,8.9654,0
SN_005090,LOT_016,9.0975,9.9693,10.0829,10.2511,0,healthy,0.0,50.0,8.9654,0
SN_005091,LOT_016,9.2407,10.2116,10.4288,10.559,0,healthy,0.0,50.0,8.9654,0
SN_005092,LOT_016,10.3915,10.8069,11.0295,11.0736,0,healthy,0.0,50.0,8.9654,0
SN_005093,LOT_016,9.0403,9.9279,10.2737,10.3437,0,healthy,0.0,50.0,8.9654,0
SN_005094,LOT_016,,9.1728,9.5582,9.5151,0,healthy,0.0,50.0,8.9654,0
SN_005095,LOT_016,8.5095,9.0545,9.2153,9.3074,0,healthy,0.0,50.0,8.9654,0
SN_005096,LOT_016,8.6277,9.6439,9.9776,10.1985,0,healthy,0.0,50.0,8.9654,0
SN_005097,LOT_016,,10.014,10.0739,10.3898,0,healthy,0.0,50.0,8.9654,0
SN_005098,LOT_016,10.063,10.5483,10.961,10.8583,0,healthy,0.0,50.0,8.9654,0
SN_005099,LOT_016,,9.825,10.1921,10.4021,0,healthy,0.0,50.0,8.9654,0
SN_005100,LOT_016,8.7721,9.0717,9.0839,9.2971,0,healthy,0.0,50.0,8.9654,0
SN_005101,LOT_016,9.2868,9.7996,9.9861,9.9208,0,healthy,0.0,50.0,8.9654,0
SN_005102,LOT_016,9.6523,9.9579,10.0599,10.0025,0,healthy,0.0,50.0,8.9654,0
SN_005103,LOT_016,9.3721,9.8419,10.1681,10.1275,0,healthy,0.0,50.0,8.9654,0
SN_005104,LOT_016,8.4858,9.3001,9.7294,10.136,0,healthy,0.0,50.0,8.9654,0
SN_005105,LOT_016,9.5468,10.4494,10.6744,10.7551,0,healthy,0.0,50.0,8.9654,0
SN_005106,LOT_016,10.1542,10.9352,11.453,11.6027,0,healthy,0.0,50.0,8.9654,0
SN_005107,LOT_016,8.3201,8.9588,9.1717,9.2256,0,healthy,0.0,50.0,8.9654,0
SN_005108,LOT_016,9.1874,10.0994,10.4226,10.8542,0,healthy,0.0,50.0,8.9654,0
SN_005109,LOT_016,9.0143,9.5852,9.7237,9.6751,0,healthy,0.0,50.0,8.9654,0
SN_005110,LOT_016,8.4983,9.1811,9.5069,9.7879,0,healthy,0.0,50.0,8.9654,0
SN_005111,LOT_016,,9.9983,10.3076,10.5004,0,healthy,0.0,50.0,8.9654,0
SN_005112,LOT_016,8.9352,9.4731,9.891,10.1103,0,healthy,0.0,50.0,8.9654,0
SN_005113,LOT_016,8.8167,9.9039,10.1692,10.308,0,healthy,0.0,50.0,8.9654,0
SN_005114,LOT_016,8.6065,9.0846,9.3668,9.3919,0,healthy,0.0,50.0,8.9654,0
SN_005115,LOT_016,9.4615,,10.209,10.4025,0,healthy,0.0,50.0,8.9654,0
SN_005116,LOT_016,10.6757,12.0836,12.3927,12.7032,0,healthy,0.0,50.0,8.9654,0
SN_005117,LOT_016,8.5355,9.3942,9.7025,9.9502,0,healthy,0.0,50.0,8.9654,0
SN_005118,LOT_016,8.448,9.3668,9.6349,9.749,0,healthy,0.0,50.0,8.9654,0
SN_005119,LOT_016,8.5992,9.1848,9.1059,9.2232,0,healthy,0.0,50.0,8.9654,0
SN_005120,LOT_016,8.759,9.4059,9.7406,9.7549,0,healthy,0.0,50.0,8.9654,0
SN_005121,LOT_016,11.1005,12.1022,12.4669,12.5492,0,healthy,0.0,50.0,8.9654,0
SN_005122,LOT_016,8.1704,9.0504,9.4308,9.5904,0,healthy,0.0,50.0,8.9654,0
SN_005123,LOT_016,9.1249,9.413,9.5787,9.7988,0,healthy,0.0,50.0,8.9654,0
SN_005124,LOT_016,8.5115,9.3812,9.5802,9.7152,0,healthy,0.0,50.0,8.9654,0
SN_005125,LOT_016,9.1129,10.0169,10.4434,10.678,0,healthy,0.0,50.0,8.9654,0
SN_005126,LOT_016,,11.7161,12.1977,12.2417,0,healthy,0.0,50.0,8.9654,0
SN_005127,LOT_016,9.3386,10.3302,10.8323,11.0703,0,healthy,0.0,50.0,8.9654,0
SN_005128,LOT_016,8.6104,9.2419,9.7278,9.8097,0,healthy,0.0,50.0,8.9654,0
SN_005129,LOT_016,9.0953,10.0881,10.6183,10.8586,0,healthy,0.0,50.0,8.9654,0
SN_005130,LOT_016,9.2629,9.7213,9.6613,9.8128,0,healthy,0.0,50.0,8.9654,0
SN_005131,LOT_016,9.9765,10.5516,10.8144,10.6616,0,healthy,0.0,50.0,8.9654,0
SN_005132,LOT_016,9.1972,9.8524,10.0598,9.9601,0,healthy,0.0,50.0,8.9654,0
SN_005133,LOT_016,10.2275,11.2316,11.6064,11.7757,0,healthy,0.0,50.0,8.9654,0
SN_005134,LOT_016,28.7658,30.0342,32.0808,35.3177,1,subtle_in_spec,0.2834,50.0,8.9654,0
SN_005135,LOT_016,9.299,10.1803,10.6635,10.9036,0,healthy,0.0,50.0,8.9654,0
SN_005136,LOT_016,9.1905,10.2242,10.5784,11.0921,0,healthy,0.0,50.0,8.9654,0
SN_005137,LOT_016,8.7843,9.6634,10.0681,10.2555,0,healthy,0.0,50.0,8.9654,0
SN_005138,LOT_016,8.2872,9.0672,9.1677,9.3146,0,healthy,0.0,50.0,8.9654,0
SN_005139,LOT_016,9.1039,9.9778,10.2222,10.4903,0,healthy,0.0,50.0,8.9654,0
SN_005140,LOT_016,9.9106,10.8844,11.3585,11.5211,0,healthy,0.0,50.0,8.9654,0
SN_005141,LOT_016,8.8907,9.4592,9.697,9.7479,0,healthy,0.0,50.0,8.9654,0
SN_005142,LOT_016,8.7652,,9.3609,9.4016,0,healthy,0.0,50.0,8.9654,0
SN_005143,LOT_016,8.9488,9.8512,10.2711,10.5433,0,healthy,0.0,50.0,8.9654,0
SN_005144,LOT_016,8.4863,9.3454,9.4456,9.5845,0,healthy,0.0,50.0,8.9654,0
SN_005145,LOT_016,9.2095,9.8801,10.1373,10.2721,0,healthy,0.0,50.0,8.9654,0
SN_005146,LOT_016,8.8311,9.2192,9.4202,9.3594,0,healthy,0.0,50.0,8.9654,0
SN_005147,LOT_016,8.5179,8.948,9.1848,9.3683,0,healthy,0.0,50.0,8.9654,0
SN_005148,LOT_016,10.6639,11.7661,12.0581,12.2516,0,healthy,0.0,50.0,8.9654,0
SN_005149,LOT_016,10.3454,11.5687,11.8816,12.1162,0,healthy,0.0,50.0,8.9654,0
SN_005150,LOT_016,9.5181,10.3024,10.5821,10.7755,0,healthy,0.0,50.0,8.9654,0
SN_005151,LOT_016,10.0998,10.5584,10.6695,10.6607,0,healthy,0.0,50.0,8.9654,0
SN_005152,LOT_016,8.7154,8.9773,9.2215,9.2107,0,healthy,0.0,50.0,8.9654,0
SN_005153,LOT_016,9.6056,10.5796,10.9724,11.0506,0,healthy,0.0,50.0,8.9654,0
SN_005154,LOT_016,8.7388,9.3183,9.7298,9.7176,0,healthy,0.0,50.0,8.9654,0
SN_005155,LOT_016,7.6677,8.4967,8.8042,9.0085,0,healthy,0.0,50.0,8.9654,0
SN_005156,LOT_016,10.2169,10.7502,10.9839,11.1516,0,healthy,0.0,50.0,8.9654,0
SN_005157,LOT_016,9.5177,10.2082,10.5438,10.7126,0,healthy,0.0,50.0,8.9654,0
SN_005158,LOT_016,9.6026,10.3869,10.7141,10.8417,0,healthy,0.0,50.0,8.9654,0
SN_005159,LOT_016,8.8725,10.0733,10.3083,10.347,0,healthy,0.0,50.0,8.9654,0
SN_005160,LOT_016,9.2672,9.6483,9.8288,9.8256,0,healthy,0.0,50.0,8.9654,0
SN_005161,LOT_016,9.0702,10.0433,10.4001,10.6424,0,healthy,0.0,50.0,8.9654,0
SN_005162,LOT_016,9.3811,10.4272,10.9023,11.0351,0,healthy,0.0,50.0,8.9654,0
SN_005163,LOT_016,9.0267,9.6214,9.7866,10.0127,0,healthy,0.0,50.0,8.9654,0
SN_005164,LOT_016,8.778,9.601,10.0369,10.2577,0,healthy,0.0,50.0,8.9654,0
SN_005165,LOT_016,8.5698,9.2884,9.6023,9.7571,0,healthy,0.0,50.0,8.9654,0
SN_005166,LOT_016,10.3467,11.1658,11.3296,11.5558,0,healthy,0.0,50.0,8.9654,0
SN_005167,LOT_016,8.4036,8.7441,8.9263,8.9665,0,healthy,0.0,50.0,8.9654,0
SN_005168,LOT_016,8.5067,10.0141,10.5524,10.9083,1,nbti_ageing,0.0563,50.0,8.9654,0
SN_005169,LOT_016,9.1813,10.0774,10.7232,10.8501,0,healthy,0.0,50.0,8.9654,0
SN_005170,LOT_016,9.7959,10.8207,11.354,11.6755,0,healthy,0.0,50.0,8.9654,0
SN_005171,LOT_016,8.9922,,10.3461,10.5179,0,healthy,0.0,50.0,8.9654,0
SN_005172,LOT_016,8.4447,9.086,9.3224,9.3056,0,healthy,0.0,50.0,8.9654,0
SN_005173,LOT_016,8.5689,9.0664,9.3698,9.5886,0,healthy,0.0,50.0,8.9654,0
SN_005174,LOT_016,9.2654,10.5648,10.8062,10.7376,0,healthy,0.0,50.0,8.9654,0
SN_005175,LOT_016,9.3823,9.9793,10.2329,10.3654,0,healthy,0.0,50.0,8.9654,0
SN_005176,LOT_016,9.3264,,10.2282,10.3043,0,healthy,0.0,50.0,8.9654,0
SN_005177,LOT_016,9.2225,9.9573,9.9907,10.0109,0,healthy,0.0,50.0,8.9654,0
SN_005178,LOT_016,8.8878,9.4721,9.4916,9.7619,0,healthy,0.0,50.0,8.9654,0
SN_005179,LOT_016,9.4255,10.1695,10.5161,10.6818,0,healthy,0.0,50.0,8.9654,0
SN_005180,LOT_016,,9.5992,10.0589,10.1574,0,healthy,0.0,50.0,8.9654,0
SN_005181,LOT_016,8.7213,9.3024,9.6467,9.8005,0,healthy,0.0,50.0,8.9654,0
SN_005182,LOT_016,8.5184,9.4489,9.8304,9.8388,0,healthy,0.0,50.0,8.9654,0
SN_005183,LOT_016,7.452,8.2769,8.5793,8.6884,0,healthy,0.0,50.0,8.9654,0
SN_005184,LOT_016,8.4893,9.0855,9.2798,9.6204,0,healthy,0.0,50.0,8.9654,0
SN_005185,LOT_016,8.7083,9.431,9.4372,9.6419,0,healthy,0.0,50.0,8.9654,0
SN_005186,LOT_016,8.6198,,9.3927,9.3532,0,healthy,0.0,50.0,8.9654,0
SN_005187,LOT_016,10.5003,10.9854,11.3683,11.4487,0,healthy,0.0,50.0,8.9654,0
SN_005188,LOT_016,9.6433,10.7352,11.0862,11.081,0,healthy,0.0,50.0,8.9654,0
SN_005189,LOT_016,9.2783,10.1987,10.6151,11.0844,0,healthy,0.0,50.0,8.9654,0
SN_005190,LOT_016,7.3072,8.1516,8.4082,8.5366,0,healthy,0.0,50.0,8.9654,0
SN_005191,LOT_016,9.945,10.4681,10.7016,10.8541,0,healthy,0.0,50.0,8.9654,0
SN_005192,LOT_016,7.9822,8.7325,8.9844,9.174,0,healthy,0.0,50.0,8.9654,0
SN_005193,LOT_016,9.9217,11.0168,11.4526,11.7493,0,healthy,0.0,50.0,8.9654,0
SN_005194,LOT_016,9.9448,11.0312,11.6167,11.6894,0,healthy,0.0,50.0,8.9654,0
SN_005195,LOT_016,9.2123,9.9433,10.0388,10.1295,0,healthy,0.0,50.0,8.9654,0
SN_005196,LOT_016,9.2913,9.8672,10.0561,10.0286,0,healthy,0.0,50.0,8.9654,0
SN_005197,LOT_016,8.4925,8.9403,9.1608,9.2282,0,healthy,0.0,50.0,8.9654,0
SN_005198,LOT_016,10.1325,11.339,11.807,12.0958,0,healthy,0.0,50.0,8.9654,0
SN_005199,LOT_016,,11.3666,11.6761,11.8964,0,healthy,0.0,50.0,8.9654,0
SN_005200,LOT_016,,8.448,8.6785,8.8592,0,healthy,0.0,50.0,8.9654,0
SN_005201,LOT_016,8.2759,8.75,8.9551,9.1064,0,healthy,0.0,50.0,8.9654,0
SN_005202,LOT_016,8.6596,9.7131,9.9328,10.2053,0,healthy,0.0,50.0,8.9654,0
SN_005203,LOT_016,8.9376,9.4824,9.6685,9.7705,0,healthy,0.0,50.0,8.9654,0
SN_005204,LOT_016,10.0194,10.9086,11.408,11.6106,0,healthy,0.0,50.0,8.9654,0
SN_005205,LOT_016,8.6271,9.113,9.332,9.4723,0,healthy,0.0,50.0,8.9654,0
SN_005206,LOT_016,9.4463,9.7797,9.9557,9.9429,0,healthy,0.0,50.0,8.9654,0
SN_005207,LOT_016,9.8085,10.7151,11.1636,11.3067,0,healthy,0.0,50.0,8.9654,0
SN_005208,LOT_016,10.3214,10.4522,16.218,34.9653,1,tddb_dielectric,0.6312,50.0,8.9654,0
SN_005209,LOT_016,9.7523,,10.8077,10.9717,0,healthy,0.0,50.0,8.9654,0
SN_005210,LOT_016,8.3229,,9.8034,10.0354,0,healthy,0.0,50.0,8.9654,0
SN_005211,LOT_016,9.6181,10.2224,10.7128,10.85,0,healthy,0.0,50.0,8.9654,0
SN_005212,LOT_016,9.1822,9.9613,10.4228,10.3783,0,healthy,0.0,50.0,8.9654,0
SN_005213,LOT_016,8.3634,8.8367,9.0548,9.1592,0,healthy,0.0,50.0,8.9654,0
SN_005214,LOT_016,9.1799,9.6195,9.8201,10.0161,0,healthy,0.0,50.0,8.9654,0
SN_005215,LOT_016,9.3054,9.7305,9.9854,10.133,0,healthy,0.0,50.0,8.9654,0
SN_005216,LOT_016,9.174,10.0537,10.2832,10.3517,0,healthy,0.0,50.0,8.9654,0
SN_005217,LOT_016,8.3754,8.8763,9.1895,9.2158,0,healthy,0.0,50.0,8.9654,0
SN_005218,LOT_016,8.5792,9.6239,9.9883,10.0054,0,healthy,0.0,50.0,8.9654,0
SN_005219,LOT_016,8.9401,10.0586,10.0616,10.2632,0,healthy,0.0,50.0,8.9654,0
SN_005220,LOT_016,,11.3377,11.6919,11.9407,0,healthy,0.0,50.0,8.9654,0
SN_005221,LOT_016,8.8285,9.4674,9.4857,9.6991,0,healthy,0.0,50.0,8.9654,0
SN_005222,LOT_016,9.4434,10.1427,10.647,10.6392,0,healthy,0.0,50.0,8.9654,0
SN_005223,LOT_016,10.0361,10.6128,10.8079,10.8411,0,healthy,0.0,50.0,8.9654,0
SN_005224,LOT_016,8.6395,9.4156,9.7743,9.7312,0,healthy,0.0,50.0,8.9654,0
SN_005225,LOT_016,,11.6372,11.9345,12.3261,0,healthy,0.0,50.0,8.9654,0
SN_005226,LOT_016,9.2279,10.3098,10.4316,10.6231,0,healthy,0.0,50.0,8.9654,0
SN_005227,LOT_016,9.5463,10.9933,11.1417,11.4945,0,healthy,0.0,50.0,8.9654,0
SN_005228,LOT_016,8.8439,9.3012,9.3192,9.4886,0,healthy,0.0,50.0,8.9654,0
SN_005229,LOT_016,9.2931,10.159,10.4685,10.5283,0,healthy,0.0,50.0,8.9654,0
SN_005230,LOT_016,8.8418,9.4637,9.7854,9.8486,0,healthy,0.0,50.0,8.9654,0
SN_005231,LOT_016,9.3334,10.5937,10.9505,11.0847,0,healthy,0.0,50.0,8.9654,0
SN_005232,LOT_016,,9.3232,9.6276,9.6527,0,healthy,0.0,50.0,8.9654,0
SN_005233,LOT_016,9.5039,12.1156,19.8511,27.634,1,electromigration,0.4393,50.0,8.9654,0
SN_005234,LOT_016,9.2001,9.6128,9.6704,9.8122,0,healthy,0.0,50.0,8.9654,0
SN_005235,LOT_016,8.4187,8.7698,8.9374,9.0352,0,healthy,0.0,50.0,8.9654,0
SN_005236,LOT_016,8.7758,9.2516,9.4073,9.444,0,healthy,0.0,50.0,8.9654,0
SN_005237,LOT_016,9.5503,9.807,9.9882,10.0713,0,healthy,0.0,50.0,8.9654,0
SN_005238,LOT_016,8.6261,8.8995,9.1739,9.3232,0,healthy,0.0,50.0,8.9654,0
SN_005239,LOT_016,,8.8491,9.3178,9.3356,0,healthy,0.0,50.0,8.9654,0
SN_005240,LOT_016,8.2308,9.3002,9.5332,9.6253,0,healthy,0.0,50.0,8.9654,0
SN_005241,LOT_016,9.5673,10.4941,10.6049,10.6578,0,healthy,0.0,50.0,8.9654,0
SN_005242,LOT_016,9.1628,9.6344,9.6965,9.7209,0,healthy,0.0,50.0,8.9654,0
SN_005243,LOT_016,9.4127,10.4174,10.8878,11.0189,0,healthy,0.0,50.0,8.9654,0
SN_005244,LOT_016,10.0506,10.6235,11.0895,10.9791,0,healthy,0.0,50.0,8.9654,0
SN_005245,LOT_016,9.1516,9.7427,9.9534,10.026,0,healthy,0.0,50.0,8.9654,0
SN_005246,LOT_016,9.9419,10.6486,10.7331,10.9584,0,healthy,0.0,50.0,8.9654,0
SN_005247,LOT_016,7.7999,8.4259,8.6191,8.7538,0,healthy,0.0,50.0,8.9654,0
SN_005248,LOT_016,8.9867,9.5743,9.7328,9.7005,0,healthy,0.0,50.0,8.9654,0
SN_005249,LOT_016,8.6909,,10.1163,10.3674,0,healthy,0.0,50.0,8.9654,0
SN_005250,LOT_016,8.5767,9.3241,9.6747,9.6381,0,healthy,0.0,50.0,8.9654,0
SN_005251,LOT_016,8.3815,8.6488,8.865,8.9322,0,healthy,0.0,50.0,8.9654,0
SN_005252,LOT_016,9.3354,,10.545,10.8128,0,healthy,0.0,50.0,8.9654,0
SN_005253,LOT_016,8.4492,9.0807,9.3789,9.4205,0,healthy,0.0,50.0,8.9654,0
SN_005254,LOT_016,8.6986,9.4213,9.7763,9.9275,0,healthy,0.0,50.0,8.9654,0
SN_005255,LOT_016,8.4196,9.315,9.5775,9.8134,0,healthy,0.0,50.0,8.9654,0
SN_005256,LOT_016,10.1268,10.7467,10.9474,11.097,0,healthy,0.0,50.0,8.9654,0
SN_005257,LOT_016,8.1489,8.3611,8.3988,8.5939,0,healthy,0.0,50.0,8.9654,0
SN_005258,LOT_016,8.9772,9.6847,9.9628,9.9968,0,healthy,0.0,50.0,8.9654,0
SN_005259,LOT_016,9.8381,10.5303,10.8826,11.2282,0,healthy,0.0,50.0,8.9654,0
SN_005260,LOT_016,9.1495,9.4417,9.4583,9.7215,0,healthy,0.0,50.0,8.9654,0
SN_005261,LOT_016,8.1057,8.6724,8.9973,9.1718,0,healthy,0.0,50.0,8.9654,0
SN_005262,LOT_016,8.1897,8.8579,9.1159,9.1469,0,healthy,0.0,50.0,8.9654,0
SN_005263,LOT_016,9.8511,10.1706,10.4522,10.5936,0,healthy,0.0,50.0,8.9654,0
SN_005264,LOT_016,7.5807,8.0587,8.4242,8.6855,0,healthy,0.0,50.0,8.9654,0
SN_005265,LOT_016,10.0557,10.5262,10.7725,10.923,0,healthy,0.0,50.0,8.9654,0
SN_005266,LOT_016,8.7407,,9.5463,9.7762,0,healthy,0.0,50.0,8.9654,0
SN_005267,LOT_016,9.0031,10.1266,10.4227,10.5718,0,healthy,0.0,50.0,8.9654,0
SN_005268,LOT_016,,8.917,9.1861,9.3413,0,healthy,0.0,50.0,8.9654,0
SN_005269,LOT_016,8.7352,9.018,9.2497,9.2051,0,healthy,0.0,50.0,8.9654,0
SN_005270,LOT_016,9.7432,10.5035,10.926,11.1371,0,healthy,0.0,50.0,8.9654,0
SN_005271,LOT_016,8.2106,8.7569,9.0024,8.9935,0,healthy,0.0,50.0,8.9654,0
SN_005272,LOT_016,9.3276,10.3423,10.4127,10.4768,0,healthy,0.0,50.0,8.9654,0
SN_005273,LOT_016,9.7478,10.6763,11.0771,11.2907,0,healthy,0.0,50.0,8.9654,0
SN_005274,LOT_016,8.1119,10.4196,17.5214,24.6374,1,electromigration,0.5002,50.0,8.9654,0
SN_005275,LOT_016,8.3804,9.3132,9.688,9.7494,0,healthy,0.0,50.0,8.9654,0
SN_005276,LOT_016,8.1363,8.7262,8.8283,9.0244,0,healthy,0.0,50.0,8.9654,0
SN_005277,LOT_016,7.9528,8.6497,8.7186,8.7148,0,healthy,0.0,50.0,8.9654,0
SN_005278,LOT_016,8.5607,9.0689,9.4602,9.591,0,healthy,0.0,50.0,8.9654,0
SN_005279,LOT_016,10.2782,11.0544,11.5394,11.7001,0,healthy,0.0,50.0,8.9654,0
SN_005280,LOT_016,8.4568,9.5366,9.7832,10.231,0,healthy,0.0,50.0,8.9654,0
SN_005281,LOT_016,9.3487,10.4816,10.9048,10.9354,0,healthy,0.0,50.0,8.9654,0
SN_005282,LOT_016,9.5138,9.8983,9.9883,10.1239,0,healthy,0.0,50.0,8.9654,0
SN_005283,LOT_016,9.101,10.3926,10.6598,10.7726,0,healthy,0.0,50.0,8.9654,0
SN_005284,LOT_016,9.6657,10.9846,11.3774,11.5656,0,healthy,0.0,50.0,8.9654,0
SN_005285,LOT_016,10.7302,11.5268,11.8872,12.0502,0,healthy,0.0,50.0,8.9654,0
SN_005286,LOT_016,8.0704,8.4535,8.6518,8.715,0,healthy,0.0,50.0,8.9654,0
SN_005287,LOT_016,10.3748,11.2972,11.6099,11.7106,0,healthy,0.0,50.0,8.9654,0
SN_005288,LOT_016,8.8527,9.8669,10.1205,10.4171,0,healthy,0.0,50.0,8.9654,0
SN_005289,LOT_016,9.08,9.5642,9.7631,10.034,0,healthy,0.0,50.0,8.9654,0
SN_005290,LOT_016,,8.7479,9.0445,9.0329,0,healthy,0.0,50.0,8.9654,0
SN_005291,LOT_016,8.3329,8.5594,8.7655,8.8209,0,healthy,0.0,50.0,8.9654,0
SN_005292,LOT_016,9.0043,10.1857,10.5722,10.5455,0,healthy,0.0,50.0,8.9654,0
SN_005293,LOT_016,9.1579,10.0358,10.2762,10.6221,0,healthy,0.0,50.0,8.9654,0
SN_005294,LOT_016,,10.1328,10.4794,10.5677,0,healthy,0.0,50.0,8.9654,0
SN_005295,LOT_016,9.1607,10.0236,10.364,10.4659,0,healthy,0.0,50.0,8.9654,0
SN_005296,LOT_016,7.8989,8.4507,8.4351,8.5542,0,healthy,0.0,50.0,8.9654,0
SN_005297,LOT_016,7.7701,8.8283,9.1635,9.2142,0,healthy,0.0,50.0,8.9654,0
SN_005298,LOT_016,7.9648,8.9257,9.2026,9.4588,0,healthy,0.0,50.0,8.9654,0
SN_005299,LOT_016,9.6247,10.5828,11.1054,11.2793,0,healthy,0.0,50.0,8.9654,0
SN_005300,LOT_016,8.3577,8.6694,8.9436,8.9747,0,healthy,0.0,50.0,8.9654,0
SN_005301,LOT_016,8.6271,9.6503,9.886,9.9876,0,healthy,0.0,50.0,8.9654,0
SN_005302,LOT_016,9.4054,9.7819,9.9179,9.8521,0,healthy,0.0,50.0,8.9654,0
SN_005303,LOT_016,8.5604,9.0049,9.4244,9.4492,0,healthy,0.0,50.0,8.9654,0
SN_005304,LOT_016,8.1204,8.8461,9.1551,9.3571,0,healthy,0.0,50.0,8.9654,0
SN_005305,LOT_016,7.9907,8.4173,8.5978,8.669,0,healthy,0.0,50.0,8.9654,0
SN_005306,LOT_016,10.0334,11.0543,11.4417,11.7515,0,healthy,0.0,50.0,8.9654,0
SN_005307,LOT_016,8.8339,9.5429,9.8132,9.8897,0,healthy,0.0,50.0,8.9654,0
SN_005308,LOT_016,8.9013,9.5985,9.7134,9.8938,0,healthy,0.0,50.0,8.9654,0
SN_005309,LOT_016,8.1798,,9.327,9.2511,0,healthy,0.0,50.0,8.9654,0
SN_005310,LOT_016,9.0719,10.0615,10.2477,10.3902,0,healthy,0.0,50.0,8.9654,0
SN_005311,LOT_016,9.8631,,10.496,10.6731,0,healthy,0.0,50.0,8.9654,0
SN_005312,LOT_016,9.0249,9.4066,9.4524,9.6512,0,healthy,0.0,50.0,8.9654,0
SN_005313,LOT_016,8.9017,,9.976,10.0366,0,healthy,0.0,50.0,8.9654,0
SN_005314,LOT_016,8.9781,9.7057,10.0521,10.2295,0,healthy,0.0,50.0,8.9654,0
SN_005315,LOT_016,10.3805,10.6926,10.87,10.8302,0,healthy,0.0,50.0,8.9654,0
SN_005316,LOT_016,8.0249,8.3156,8.3178,8.4349,0,healthy,0.0,50.0,8.9654,0
SN_005317,LOT_016,9.1827,10.5678,10.966,10.9047,0,healthy,0.0,50.0,8.9654,0
SN_005318,LOT_016,,,10.5176,10.8779,0,healthy,0.0,50.0,8.9654,0
SN_005319,LOT_016,9.6846,10.4927,10.8547,10.8611,0,healthy,0.0,50.0,8.9654,0
SN_005320,LOT_016,8.7675,9.7216,9.7257,9.7284,0,healthy,0.0,50.0,8.9654,0
SN_005321,LOT_016,9.6062,9.9971,10.3114,10.5392,0,healthy,0.0,50.0,8.9654,0
SN_005322,LOT_016,9.3411,9.8188,9.8162,9.9077,0,healthy,0.0,50.0,8.9654,0
SN_005323,LOT_016,9.8128,13.6373,16.191,17.6136,1,nbti_ageing,0.3945,50.0,8.9654,0
SN_005324,LOT_016,8.9242,,9.6408,9.8668,0,healthy,0.0,50.0,8.9654,0
SN_005325,LOT_016,8.4232,8.9061,8.9737,9.1053,0,healthy,0.0,50.0,8.9654,0
SN_005326,LOT_016,8.9314,9.9544,10.1873,10.3885,0,healthy,0.0,50.0,8.9654,0
SN_005327,LOT_016,7.162,7.7089,8.0769,8.0068,0,healthy,0.0,50.0,8.9654,0
SN_005328,LOT_016,8.6763,9.1513,9.13,9.2979,0,healthy,0.0,50.0,8.9654,0
SN_005329,LOT_016,9.107,9.6318,9.6543,9.83,0,healthy,0.0,50.0,8.9654,0
SN_005330,LOT_016,9.0346,9.461,9.5901,9.6019,0,healthy,0.0,50.0,8.9654,0
SN_005331,LOT_016,9.2253,10.3474,10.715,10.9881,0,healthy,0.0,50.0,8.9654,0
SN_005332,LOT_016,8.2372,8.5255,8.8778,9.0923,0,healthy,0.0,50.0,8.9654,0
SN_005333,LOT_016,9.9903,10.6278,10.6726,10.6433,0,healthy,0.0,50.0,8.9654,0
SN_005334,LOT_016,8.5902,9.0371,9.2665,9.262,0,healthy,0.0,50.0,8.9654,0
SN_005335,LOT_016,,9.76,10.0446,10.1011,0,healthy,0.0,50.0,8.9654,0
SN_005336,LOT_016,8.886,9.4604,9.7268,9.8378,0,healthy,0.0,50.0,8.9654,0
SN_005337,LOT_016,9.8911,10.3949,10.3201,10.4871,0,healthy,0.0,50.0,8.9654,0
SN_005338,LOT_016,9.7531,10.6772,10.9684,11.2595,0,healthy,0.0,50.0,8.9654,0
SN_005339,LOT_016,7.9475,8.1949,8.2575,8.4264,0,healthy,0.0,50.0,8.9654,0
SN_005340,LOT_016,7.7165,8.073,8.1812,8.2954,0,healthy,0.0,50.0,8.9654,0
SN_005341,LOT_016,8.8546,9.3125,9.5965,9.5202,0,healthy,0.0,50.0,8.9654,0
SN_005342,LOT_016,8.7284,9.7832,10.072,10.1338,0,healthy,0.0,50.0,8.9654,0
SN_005343,LOT_016,8.7764,9.2941,9.3728,9.3691,0,healthy,0.0,50.0,8.9654,0
SN_005344,LOT_016,8.7473,9.2014,9.623,9.7747,0,healthy,0.0,50.0,8.9654,0
SN_005345,LOT_016,8.9983,9.5103,9.6621,9.582,0,healthy,0.0,50.0,8.9654,0
SN_005346,LOT_016,8.4862,9.1879,9.3242,9.6802,0,healthy,0.0,50.0,8.9654,0
SN_005347,LOT_016,8.8818,9.4348,9.434,9.5096,0,healthy,0.0,50.0,8.9654,0
SN_005348,LOT_016,9.221,9.5465,9.7453,9.8535,0,healthy,0.0,50.0,8.9654,0
SN_005349,LOT_016,9.0868,10.2677,10.5387,10.8765,0,healthy,0.0,50.0,8.9654,0
SN_005350,LOT_016,9.2576,9.8778,10.0791,10.0244,0,healthy,0.0,50.0,8.9654,0
SN_005351,LOT_016,8.1585,8.8812,9.3262,9.2781,0,healthy,0.0,50.0,8.9654,0
SN_005352,LOT_016,11.5315,12.9298,13.2852,13.3706,0,healthy,0.0,50.0,8.9654,0
SN_005353,LOT_016,10.7004,11.629,12.0168,12.1939,0,healthy,0.0,50.0,8.9654,0
SN_005354,LOT_016,9.7665,10.5275,10.8267,10.8788,0,healthy,0.0,50.0,8.9654,0
SN_005355,LOT_016,9.6937,10.4328,10.7699,11.0023,0,healthy,0.0,50.0,8.9654,0
SN_005356,LOT_016,8.6632,9.7813,10.0038,10.3224,0,healthy,0.0,50.0,8.9654,0
SN_005357,LOT_016,9.9193,10.9718,11.5625,11.8441,0,healthy,0.0,50.0,8.9654,0
SN_005358,LOT_016,8.959,9.2805,9.2557,9.5854,0,healthy,0.0,50.0,8.9654,0
SN_005359,LOT_016,8.9615,9.5236,9.5852,9.8708,0,healthy,0.0,50.0,8.9654,0
SN_005360,LOT_016,8.7042,9.5604,9.727,9.7909,0,healthy,0.0,50.0,8.9654,0
SN_005361,LOT_016,9.2661,9.6428,9.6074,9.7081,0,healthy,0.0,50.0,8.9654,0
SN_005362,LOT_016,8.2259,8.7682,8.9746,8.9683,0,healthy,0.0,50.0,8.9654,0
SN_005363,LOT_016,8.9879,9.5752,9.621,9.6603,0,healthy,0.0,50.0,8.9654,0
SN_005364,LOT_016,8.9465,9.953,10.2512,10.4982,0,healthy,0.0,50.0,8.9654,0
SN_005365,LOT_016,8.3218,8.8016,9.129,9.2239,0,healthy,0.0,50.0,8.9654,0
SN_005366,LOT_016,7.9693,8.3376,8.463,8.5768,0,healthy,0.0,50.0,8.9654,0
SN_005367,LOT_016,9.3193,10.2776,10.6333,10.8378,0,healthy,0.0,50.0,8.9654,0
SN_005368,LOT_016,10.1451,,10.8172,10.8841,0,healthy,0.0,50.0,8.9654,0
SN_005369,LOT_016,,9.0407,9.2702,9.652,0,healthy,0.0,50.0,8.9654,0
SN_005370,LOT_016,7.8034,8.4128,8.5834,8.5603,0,healthy,0.0,50.0,8.9654,0
SN_005371,LOT_016,8.766,9.4147,9.6181,9.7691,0,healthy,0.0,50.0,8.9654,0
SN_005372,LOT_016,7.7849,8.3025,8.4564,8.4814,0,healthy,0.0,50.0,8.9654,0
SN_005373,LOT_016,8.1695,9.0134,9.4402,9.7389,0,healthy,0.0,50.0,8.9654,0
SN_005374,LOT_016,8.0448,8.8594,9.2578,9.26,0,healthy,0.0,50.0,8.9654,0
SN_005375,LOT_016,10.4687,11.1723,11.7897,11.9174,0,healthy,0.0,50.0,8.9654,0
SN_005376,LOT_016,9.162,10.0061,10.2786,10.5452,0,healthy,0.0,50.0,8.9654,0
SN_005377,LOT_016,10.9503,12.2469,12.6404,12.9114,0,healthy,0.0,50.0,8.9654,0
SN_005378,LOT_016,9.2953,9.953,10.4799,10.482,0,healthy,0.0,50.0,8.9654,0
SN_005379,LOT_016,,10.201,10.6303,10.5961,0,healthy,0.0,50.0,8.9654,0
SN_005380,LOT_016,7.7336,7.9702,8.0821,8.2274,0,healthy,0.0,50.0,8.9654,0
SN_005381,LOT_016,9.3934,9.9135,10.0941,10.2372,0,healthy,0.0,50.0,8.9654,0
SN_005382,LOT_016,9.3131,10.5007,10.8104,11.016,0,healthy,0.0,50.0,8.9654,0
SN_005383,LOT_016,9.8874,10.4348,10.7633,10.9996,0,healthy,0.0,50.0,8.9654,0
SN_005384,LOT_016,8.9837,9.2805,9.4393,9.5126,0,healthy,0.0,50.0,8.9654,0
SN_005385,LOT_016,8.8387,9.6089,9.8032,10.08,0,healthy,0.0,50.0,8.9654,0
SN_005386,LOT_016,9.1007,9.5274,9.6896,9.749,0,healthy,0.0,50.0,8.9654,0
SN_005387,LOT_016,8.1402,8.8396,9.0976,9.274,0,healthy,0.0,50.0,8.9654,0
SN_005388,LOT_016,10.0813,11.12,11.4339,11.5481,0,healthy,0.0,50.0,8.9654,0
SN_005389,LOT_016,9.4647,10.5739,10.9307,11.0715,0,healthy,0.0,50.0,8.9654,0
SN_005390,LOT_017,10.2234,11.4386,11.8994,12.1214,0,healthy,0.0,50.0,11.1717,0
SN_005391,LOT_017,10.6198,11.7706,12.1955,12.5606,0,healthy,0.0,50.0,11.1717,0
SN_005392,LOT_017,11.0123,12.4309,12.7468,13.1704,0,healthy,0.0,50.0,11.1717,0
SN_005393,LOT_017,11.3547,12.1264,12.3176,12.5812,0,healthy,0.0,50.0,11.1717,0
SN_005394,LOT_017,11.3423,11.837,12.1866,12.1289,0,healthy,0.0,50.0,11.1717,0
SN_005395,LOT_017,9.8409,10.2788,10.2836,10.5046,0,healthy,0.0,50.0,11.1717,0
SN_005396,LOT_017,13.9301,14.8759,15.3209,15.4095,0,healthy,0.0,50.0,11.1717,0
SN_005397,LOT_017,13.263,14.6667,15.0726,15.1134,0,healthy,0.0,50.0,11.1717,0
SN_005398,LOT_017,9.9486,10.1249,14.1465,23.1223,1,tddb_dielectric,0.2726,50.0,11.1717,0
SN_005399,LOT_017,11.2852,12.3053,12.6067,13.0047,0,healthy,0.0,50.0,11.1717,0
SN_005400,LOT_017,10.2433,11.2561,11.9776,12.1449,0,healthy,0.0,50.0,11.1717,0
SN_005401,LOT_017,10.9886,11.6238,11.812,12.2042,0,healthy,0.0,50.0,11.1717,0
SN_005402,LOT_017,10.7072,11.1633,11.3539,11.6416,0,healthy,0.0,50.0,11.1717,0
SN_005403,LOT_017,12.2905,13.2008,13.4451,13.631,0,healthy,0.0,50.0,11.1717,0
SN_005404,LOT_017,9.046,10.4109,10.6175,10.6817,0,healthy,0.0,50.0,11.1717,0
SN_005405,LOT_017,9.9137,11.1677,11.5412,11.6038,0,healthy,0.0,50.0,11.1717,0
SN_005406,LOT_017,11.6701,12.3823,12.5304,12.5864,0,healthy,0.0,50.0,11.1717,0
SN_005407,LOT_017,10.8351,11.5907,11.7545,12.0334,0,healthy,0.0,50.0,11.1717,0
SN_005408,LOT_017,9.8421,10.8512,11.1848,11.1531,0,healthy,0.0,50.0,11.1717,0
SN_005409,LOT_017,12.0818,12.2149,12.7074,12.7453,0,healthy,0.0,50.0,11.1717,0
SN_005410,LOT_017,12.5064,12.9781,13.1579,13.2403,0,healthy,0.0,50.0,11.1717,0
SN_005411,LOT_017,11.7985,12.3719,12.7788,12.8227,0,healthy,0.0,50.0,11.1717,0
SN_005412,LOT_017,10.75,11.737,12.191,12.4124,0,healthy,0.0,50.0,11.1717,0
SN_005413,LOT_017,14.9452,15.5748,15.9433,15.9905,0,healthy,0.0,50.0,11.1717,0
SN_005414,LOT_017,,13.4037,13.6635,13.86,0,healthy,0.0,50.0,11.1717,0
SN_005415,LOT_017,10.7987,11.9264,12.2707,12.591,0,healthy,0.0,50.0,11.1717,0
SN_005416,LOT_017,10.8942,12.0986,12.5595,12.7184,0,healthy,0.0,50.0,11.1717,0
SN_005417,LOT_017,11.1326,12.1522,12.6012,13.1323,0,healthy,0.0,50.0,11.1717,0
SN_005418,LOT_017,10.1449,10.6582,10.4818,10.5778,0,healthy,0.0,50.0,11.1717,0
SN_005419,LOT_017,,14.1983,15.044,15.2346,0,healthy,0.0,50.0,11.1717,0
SN_005420,LOT_017,11.2236,12.545,12.9333,13.0828,0,healthy,0.0,50.0,11.1717,0
SN_005421,LOT_017,11.3526,12.7661,13.3047,13.5718,0,healthy,0.0,50.0,11.1717,0
SN_005422,LOT_017,10.6602,11.158,11.3948,11.4896,0,healthy,0.0,50.0,11.1717,0
SN_005423,LOT_017,13.2649,13.879,13.8713,14.0808,0,healthy,0.0,50.0,11.1717,0
SN_005424,LOT_017,13.2912,13.7377,14.0876,14.1878,0,healthy,0.0,50.0,11.1717,0
SN_005425,LOT_017,11.4438,11.9494,12.3778,12.5103,0,healthy,0.0,50.0,11.1717,0
SN_005426,LOT_017,10.806,11.3861,11.8122,11.9569,0,healthy,0.0,50.0,11.1717,0
SN_005427,LOT_017,10.5166,11.282,11.7394,12.133,0,healthy,0.0,50.0,11.1717,0
SN_005428,LOT_017,12.559,13.5855,13.6462,13.9165,0,healthy,0.0,50.0,11.1717,0
SN_005429,LOT_017,10.6845,11.0396,11.0936,11.2147,0,healthy,0.0,50.0,11.1717,0
SN_005430,LOT_017,11.4246,12.5079,12.8387,13.144,0,healthy,0.0,50.0,11.1717,0
SN_005431,LOT_017,11.5275,12.599,12.7729,12.9025,0,healthy,0.0,50.0,11.1717,0
SN_005432,LOT_017,10.9797,12.2104,12.8107,13.1248,0,healthy,0.0,50.0,11.1717,0
SN_005433,LOT_017,10.1658,11.1958,11.4586,11.7726,0,healthy,0.0,50.0,11.1717,0
SN_005434,LOT_017,11.9475,13.0376,13.4863,13.6873,0,healthy,0.0,50.0,11.1717,0
SN_005435,LOT_017,10.4738,11.6317,12.0098,12.061,0,healthy,0.0,50.0,11.1717,0
SN_005436,LOT_017,9.5387,10.8271,10.9873,11.2769,0,healthy,0.0,50.0,11.1717,0
SN_005437,LOT_017,10.7635,12.0477,12.2445,12.5809,0,healthy,0.0,50.0,11.1717,0
SN_005438,LOT_017,9.9846,10.6888,10.9749,10.9583,0,healthy,0.0,50.0,11.1717,0
SN_005439,LOT_017,10.448,10.8567,11.0075,10.9943,0,healthy,0.0,50.0,11.1717,0
SN_005440,LOT_017,10.419,11.1385,11.2866,11.2197,0,healthy,0.0,50.0,11.1717,0
SN_005441,LOT_017,8.3917,8.9567,9.2466,9.4547,0,healthy,0.0,50.0,11.1717,0
SN_005442,LOT_017,12.7816,14.6553,14.9391,15.0699,0,healthy,0.0,50.0,11.1717,0
SN_005443,LOT_017,11.2247,12.589,13.1635,13.2326,0,healthy,0.0,50.0,11.1717,0
SN_005444,LOT_017,13.835,15.2136,15.3877,15.851,0,healthy,0.0,50.0,11.1717,0
SN_005445,LOT_017,36.4973,37.5878,41.1379,44.6884,1,subtle_in_spec,0.3068,50.0,11.1717,0
SN_005446,LOT_017,,,14.8771,15.2971,0,healthy,0.0,50.0,11.1717,0
SN_005447,LOT_017,11.878,13.1581,13.5946,13.816,0,healthy,0.0,50.0,11.1717,0
SN_005448,LOT_017,11.4109,12.3107,12.2656,12.3498,0,healthy,0.0,50.0,11.1717,0
SN_005449,LOT_017,10.3141,,11.6402,11.9658,0,healthy,0.0,50.0,11.1717,0
SN_005450,LOT_017,8.7626,9.4969,9.7984,9.9723,0,healthy,0.0,50.0,11.1717,0
SN_005451,LOT_017,10.4116,11.9331,12.3979,12.4522,0,healthy,0.0,50.0,11.1717,0
SN_005452,LOT_017,,9.2152,9.2646,9.2877,0,healthy,0.0,50.0,11.1717,0
SN_005453,LOT_017,11.094,11.6731,11.8908,12.1397,0,healthy,0.0,50.0,11.1717,0
SN_005454,LOT_017,10.8785,11.3226,11.7833,11.8779,0,healthy,0.0,50.0,11.1717,0
SN_005455,LOT_017,12.4404,14.1411,14.5445,14.7529,0,healthy,0.0,50.0,11.1717,0
SN_005456,LOT_017,11.8411,12.5999,12.8706,12.8749,0,healthy,0.0,50.0,11.1717,0
SN_005457,LOT_017,9.7491,10.8286,11.2043,11.384,0,healthy,0.0,50.0,11.1717,0
SN_005458,LOT_017,11.3518,12.1562,12.542,12.8159,0,healthy,0.0,50.0,11.1717,0
SN_005459,LOT_017,11.654,12.2608,12.4209,12.3856,0,healthy,0.0,50.0,11.1717,0
SN_005460,LOT_017,9.9637,10.8437,11.0289,11.3711,0,healthy,0.0,50.0,11.1717,0
SN_005461,LOT_017,11.5478,12.1511,12.1083,12.395,0,healthy,0.0,50.0,11.1717,0
SN_005462,LOT_017,12.3553,13.4744,13.7628,13.8139,0,healthy,0.0,50.0,11.1717,0
SN_005463,LOT_017,10.8621,11.376,11.4937,11.7018,0,healthy,0.0,50.0,11.1717,0
SN_005464,LOT_017,11.6953,12.4193,12.6685,12.6085,0,healthy,0.0,50.0,11.1717,0
SN_005465,LOT_017,,12.2788,12.7652,12.8185,0,healthy,0.0,50.0,11.1717,0
SN_005466,LOT_017,9.6977,,11.0054,11.0289,0,healthy,0.0,50.0,11.1717,0
SN_005467,LOT_017,10.7769,11.9718,12.6546,12.974,0,healthy,0.0,50.0,11.1717,0
SN_005468,LOT_017,11.4262,12.6879,13.0744,13.1877,0,healthy,0.0,50.0,11.1717,0
SN_005469,LOT_017,11.1643,12.611,13.1574,13.3131,0,healthy,0.0,50.0,11.1717,0
SN_005470,LOT_017,11.1159,,12.7009,12.9561,0,healthy,0.0,50.0,11.1717,0
SN_005471,LOT_017,,13.6907,14.1251,14.4671,0,healthy,0.0,50.0,11.1717,0
SN_005472,LOT_017,11.1174,11.9481,12.3599,12.6225,0,healthy,0.0,50.0,11.1717,0
SN_005473,LOT_017,10.0114,10.6429,10.831,10.9008,0,healthy,0.0,50.0,11.1717,0
SN_005474,LOT_017,9.8474,10.201,10.6013,10.4516,0,healthy,0.0,50.0,11.1717,0
SN_005475,LOT_017,12.3739,13.7926,14.2224,14.4463,0,healthy,0.0,50.0,11.1717,0
SN_005476,LOT_017,,12.043,12.2549,12.4825,0,healthy,0.0,50.0,11.1717,0
SN_005477,LOT_017,11.6153,12.8364,13.2743,13.5782,0,healthy,0.0,50.0,11.1717,0
SN_005478,LOT_017,13.0293,14.8123,15.0927,15.4943,0,healthy,0.0,50.0,11.1717,0
SN_005479,LOT_017,11.1219,11.8122,12.2924,12.4672,0,healthy,0.0,50.0,11.1717,0
SN_005480,LOT_017,11.5126,12.6055,13.4432,13.6857,0,healthy,0.0,50.0,11.1717,0
SN_005481,LOT_017,10.5585,11.5521,12.2919,12.3957,0,healthy,0.0,50.0,11.1717,0
SN_005482,LOT_017,10.2302,10.9678,11.2974,11.3332,0,healthy,0.0,50.0,11.1717,0
SN_005483,LOT_017,10.6711,11.7504,12.4557,12.6207,0,healthy,0.0,50.0,11.1717,0
SN_005484,LOT_017,13.3852,14.9949,15.6659,15.7776,0,healthy,0.0,50.0,11.1717,0
SN_005485,LOT_017,11.2288,,12.5076,12.5093,0,healthy,0.0,50.0,11.1717,0
SN_005486,LOT_017,11.1944,12.5052,13.0612,13.2386,0,healthy,0.0,50.0,11.1717,0
SN_005487,LOT_017,10.8597,11.9675,12.3459,12.442,0,healthy,0.0,50.0,11.1717,0
SN_005488,LOT_017,10.4064,11.9357,12.0463,12.3028,0,healthy,0.0,50.0,11.1717,0
SN_005489,LOT_017,12.6441,13.9302,14.4596,14.8359,0,healthy,0.0,50.0,11.1717,0
SN_005490,LOT_017,11.3051,12.6443,13.2803,13.3245,0,healthy,0.0,50.0,11.1717,0
SN_005491,LOT_017,11.0405,,12.6536,12.7955,0,healthy,0.0,50.0,11.1717,0
SN_005492,LOT_017,10.0682,10.6803,10.6312,10.8422,0,healthy,0.0,50.0,11.1717,0
SN_005493,LOT_017,13.2037,14.7493,15.1704,15.5374,0,healthy,0.0,50.0,11.1717,0
SN_005494,LOT_017,11.8929,12.7026,13.2017,13.5441,0,healthy,0.0,50.0,11.1717,0
SN_005495,LOT_017,10.291,,11.0852,11.224,0,healthy,0.0,50.0,11.1717,0
SN_005496,LOT_017,11.5731,12.9774,13.4057,13.4716,0,healthy,0.0,50.0,11.1717,0
SN_005497,LOT_017,12.3811,13.136,13.4311,13.4562,0,healthy,0.0,50.0,11.1717,0
SN_005498,LOT_017,11.421,12.8773,13.2458,13.422,0,healthy,0.0,50.0,11.1717,0
SN_005499,LOT_017,10.9944,12.2684,12.7293,13.1356,0,healthy,0.0,50.0,11.1717,0
SN_005500,LOT_017,12.1163,13.3669,13.4684,13.5152,0,healthy,0.0,50.0,11.1717,0
SN_005501,LOT_017,12.106,13.8836,14.2964,14.4047,0,healthy,0.0,50.0,11.1717,0
SN_005502,LOT_017,11.4457,12.4336,12.6465,12.8993,0,healthy,0.0,50.0,11.1717,0
SN_005503,LOT_017,10.8408,11.7773,12.3123,12.6061,0,healthy,0.0,50.0,11.1717,0
SN_005504,LOT_017,11.3121,12.4115,12.7466,12.7848,0,healthy,0.0,50.0,11.1717,0
SN_005505,LOT_017,10.7099,12.0626,12.3973,12.7477,0,healthy,0.0,50.0,11.1717,0
SN_005506,LOT_017,12.384,13.4343,13.6466,13.7842,0,healthy,0.0,50.0,11.1717,0
SN_005507,LOT_017,11.3176,12.0031,12.1953,12.2781,0,healthy,0.0,50.0,11.1717,0
SN_005508,LOT_017,11.0469,11.5263,11.7919,11.6361,0,healthy,0.0,50.0,11.1717,0
SN_005509,LOT_017,11.9007,,13.7731,14.1085,0,healthy,0.0,50.0,11.1717,0
SN_005510,LOT_017,11.3772,12.0237,12.3926,12.6524,0,healthy,0.0,50.0,11.1717,0
SN_005511,LOT_017,10.1493,11.3931,11.5966,11.9303,0,healthy,0.0,50.0,11.1717,0
SN_005512,LOT_017,10.1976,10.5157,10.6663,10.8546,0,healthy,0.0,50.0,11.1717,0
SN_005513,LOT_017,10.5463,11.8768,12.0771,12.1452,0,healthy,0.0,50.0,11.1717,0
SN_005514,LOT_017,11.206,12.146,12.4245,12.7302,0,healthy,0.0,50.0,11.1717,0
SN_005515,LOT_017,11.1676,12.4772,13.0172,13.2223,0,healthy,0.0,50.0,11.1717,0
SN_005516,LOT_017,,10.119,10.4731,10.6661,0,healthy,0.0,50.0,11.1717,0
SN_005517,LOT_017,13.6981,15.1439,15.7714,16.0822,0,healthy,0.0,50.0,11.1717,0
SN_005518,LOT_017,10.2421,11.039,11.4956,11.3802,0,healthy,0.0,50.0,11.1717,0
SN_005519,LOT_017,11.3638,12.4658,12.9291,13.0991,0,healthy,0.0,50.0,11.1717,0
SN_005520,LOT_017,11.3076,12.2888,12.3549,12.4892,0,healthy,0.0,50.0,11.1717,0
SN_005521,LOT_017,10.7153,11.9765,12.4635,12.8429,0,healthy,0.0,50.0,11.1717,0
SN_005522,LOT_017,8.7063,9.668,10.0227,10.1356,0,healthy,0.0,50.0,11.1717,0
SN_005523,LOT_017,14.0445,15.6944,16.3528,16.8579,0,healthy,0.0,50.0,11.1717,0
SN_005524,LOT_017,11.0068,11.8439,12.1401,12.151,0,healthy,0.0,50.0,11.1717,0
SN_005525,LOT_017,12.1229,12.7084,12.7677,12.9435,0,healthy,0.0,50.0,11.1717,0
SN_005526,LOT_017,12.3356,13.3503,13.7162,13.837,0,healthy,0.0,50.0,11.1717,0
SN_005527,LOT_017,11.4709,12.7068,13.1101,13.2344,0,healthy,0.0,50.0,11.1717,0
SN_005528,LOT_017,11.6138,13.0647,13.654,13.7963,0,healthy,0.0,50.0,11.1717,0
SN_005529,LOT_017,13.328,14.088,14.427,14.6017,0,healthy,0.0,50.0,11.1717,0
SN_005530,LOT_017,12.9036,14.2014,14.4717,14.7883,0,healthy,0.0,50.0,11.1717,0
SN_005531,LOT_017,10.748,11.6396,12.0512,12.1396,0,healthy,0.0,50.0,11.1717,0
SN_005532,LOT_017,12.909,14.1284,14.702,14.9322,0,healthy,0.0,50.0,11.1717,0
SN_005533,LOT_017,10.5364,10.9721,11.1805,11.1788,0,healthy,0.0,50.0,11.1717,0
SN_005534,LOT_017,11.7133,,12.9819,13.2427,0,healthy,0.0,50.0,11.1717,0
SN_005535,LOT_017,10.6485,12.204,12.5973,12.5626,0,healthy,0.0,50.0,11.1717,0
SN_005536,LOT_017,13.0546,14.1558,14.235,14.463,0,healthy,0.0,50.0,11.1717,0
SN_005537,LOT_017,9.7217,10.1338,10.2983,10.2291,0,healthy,0.0,50.0,11.1717,0
SN_005538,LOT_017,12.7211,13.4935,13.9018,14.1552,0,healthy,0.0,50.0,11.1717,0
SN_005539,LOT_017,11.7202,12.5242,12.7118,12.7011,0,healthy,0.0,50.0,11.1717,0
SN_005540,LOT_017,12.0999,13.237,13.9462,14.1921,0,healthy,0.0,50.0,11.1717,0
SN_005541,LOT_017,10.6248,11.5958,11.8424,12.1325,0,healthy,0.0,50.0,11.1717,0
SN_005542,LOT_017,11.9577,12.5922,13.1996,13.2433,0,healthy,0.0,50.0,11.1717,0
SN_005543,LOT_017,8.944,9.6597,10.1655,10.4475,0,healthy,0.0,50.0,11.1717,0
SN_005544,LOT_017,11.8995,12.5576,12.8405,13.2558,0,healthy,0.0,50.0,11.1717,0
SN_005545,LOT_017,11.986,13.1852,13.6126,13.6746,0,healthy,0.0,50.0,11.1717,0
SN_005546,LOT_017,10.0408,10.8571,10.8762,11.041,0,healthy,0.0,50.0,11.1717,0
SN_005547,LOT_017,9.5616,10.3059,10.3096,10.6838,0,healthy,0.0,50.0,11.1717,0
SN_005548,LOT_017,,13.4656,13.6919,13.9083,0,healthy,0.0,50.0,11.1717,0
SN_005549,LOT_017,12.6816,12.8927,13.1461,13.3546,0,healthy,0.0,50.0,11.1717,0
SN_005550,LOT_017,10.314,11.5054,11.9758,11.8666,0,healthy,0.0,50.0,11.1717,0
SN_005551,LOT_017,12.5524,13.0982,13.4013,13.4922,0,healthy,0.0,50.0,11.1717,0
SN_005552,LOT_017,12.7423,13.3555,13.7199,13.7218,0,healthy,0.0,50.0,11.1717,0
SN_005553,LOT_017,10.6449,11.2844,11.4832,11.6025,0,healthy,0.0,50.0,11.1717,0
SN_005554,LOT_017,11.5295,11.9881,12.0819,12.3711,0,healthy,0.0,50.0,11.1717,0
SN_005555,LOT_017,11.1744,11.9875,12.2148,12.3932,0,healthy,0.0,50.0,11.1717,0
SN_005556,LOT_017,10.4383,10.9992,11.3591,11.6898,0,healthy,0.0,50.0,11.1717,0
SN_005557,LOT_017,10.3457,10.6466,11.0213,11.3788,0,healthy,0.0,50.0,11.1717,0
SN_005558,LOT_017,9.6176,10.7931,11.0541,11.0888,0,healthy,0.0,50.0,11.1717,0
SN_005559,LOT_017,10.3271,10.9481,10.8986,11.1486,0,healthy,0.0,50.0,11.1717,0
SN_005560,LOT_018,15.2601,17.1058,17.6912,18.1044,0,healthy,0.0,50.0,13.2422,0
SN_005561,LOT_018,11.841,13.2316,13.5402,13.9243,0,healthy,0.0,50.0,13.2422,0
SN_005562,LOT_018,13.1042,13.5797,13.8053,13.9459,0,healthy,0.0,50.0,13.2422,0
SN_005563,LOT_018,,14.6649,14.7905,15.2237,0,healthy,0.0,50.0,13.2422,0
SN_005564,LOT_018,12.5554,13.2143,13.1911,13.3895,0,healthy,0.0,50.0,13.2422,0
SN_005565,LOT_018,14.7769,15.6792,15.8804,15.981,0,healthy,0.0,50.0,13.2422,0
SN_005566,LOT_018,,14.1325,14.7709,14.8914,0,healthy,0.0,50.0,13.2422,0
SN_005567,LOT_018,14.1898,15.636,16.4004,16.7566,0,healthy,0.0,50.0,13.2422,0
SN_005568,LOT_018,12.614,13.84,14.2234,14.5886,0,healthy,0.0,50.0,13.2422,0
SN_005569,LOT_018,14.4768,15.3873,15.8296,16.0518,0,healthy,0.0,50.0,13.2422,0
SN_005570,LOT_018,15.3893,17.3876,17.8553,17.9524,0,healthy,0.0,50.0,13.2422,0
SN_005571,LOT_018,11.4839,12.7946,13.4844,13.3735,0,healthy,0.0,50.0,13.2422,0
SN_005572,LOT_018,14.6019,15.9493,16.7424,17.0442,0,healthy,0.0,50.0,13.2422,0
SN_005573,LOT_018,12.6071,13.5515,13.9469,14.3291,0,healthy,0.0,50.0,13.2422,0
SN_005574,LOT_018,12.6576,13.5689,13.9968,14.0035,0,healthy,0.0,50.0,13.2422,0
SN_005575,LOT_018,16.7237,17.4374,17.7328,17.7229,0,healthy,0.0,50.0,13.2422,0
SN_005576,LOT_018,12.3167,14.0354,14.4348,14.7539,0,healthy,0.0,50.0,13.2422,0
SN_005577,LOT_018,13.7983,15.0994,15.5805,15.6915,0,healthy,0.0,50.0,13.2422,0
SN_005578,LOT_018,13.2835,14.5587,14.8683,14.9968,0,healthy,0.0,50.0,13.2422,0
SN_005579,LOT_018,16.2982,21.8449,24.5725,26.3753,1,nbti_ageing,0.2768,50.0,13.2422,0
SN_005580,LOT_018,11.2391,11.6148,12.0355,12.0252,0,healthy,0.0,50.0,13.2422,0
SN_005581,LOT_018,12.2072,13.6526,13.9903,14.2265,0,healthy,0.0,50.0,13.2422,0
SN_005582,LOT_018,,13.4361,13.4462,13.8376,0,healthy,0.0,50.0,13.2422,0
SN_005583,LOT_018,13.8634,14.59,14.8363,14.9498,0,healthy,0.0,50.0,13.2422,0
SN_005584,LOT_018,,14.0192,14.3087,14.5236,0,healthy,0.0,50.0,13.2422,0
SN_005585,LOT_018,12.0427,13.68,14.0041,14.2384,0,healthy,0.0,50.0,13.2422,0
SN_005586,LOT_018,12.866,14.2675,14.8861,14.9779,0,healthy,0.0,50.0,13.2422,0
SN_005587,LOT_018,14.6675,15.5158,15.7742,16.1411,0,healthy,0.0,50.0,13.2422,0
SN_005588,LOT_018,14.0092,15.4842,16.0661,16.3516,0,healthy,0.0,50.0,13.2422,0
SN_005589,LOT_018,12.8527,14.8388,15.3767,15.6313,0,healthy,0.0,50.0,13.2422,0
SN_005590,LOT_018,14.1811,15.6087,15.7759,16.2157,0,healthy,0.0,50.0,13.2422,0
SN_005591,LOT_018,13.4042,14.1604,14.3004,14.435,0,healthy,0.0,50.0,13.2422,0
SN_005592,LOT_018,14.3057,14.9588,15.3196,15.4528,0,healthy,0.0,50.0,13.2422,0
SN_005593,LOT_018,14.4225,15.3689,15.9164,16.1695,0,healthy,0.0,50.0,13.2422,0
SN_005594,LOT_018,12.7111,,14.6184,15.1771,0,healthy,0.0,50.0,13.2422,0
SN_005595,LOT_018,11.7271,12.8685,12.9844,13.311,0,healthy,0.0,50.0,13.2422,0
SN_005596,LOT_018,16.1889,18.51,19.014,19.2992,0,healthy,0.0,50.0,13.2422,0
SN_005597,LOT_018,14.625,,16.7272,17.1845,0,healthy,0.0,50.0,13.2422,0
SN_005598,LOT_018,12.7768,13.1445,13.6818,13.6917,0,healthy,0.0,50.0,13.2422,0
SN_005599,LOT_018,12.1768,13.7651,14.4405,14.5464,0,healthy,0.0,50.0,13.2422,0
SN_005600,LOT_018,14.7434,15.7205,16.5256,16.5069,0,healthy,0.0,50.0,13.2422,0
SN_005601,LOT_018,11.2366,12.5062,13.281,13.3954,0,healthy,0.0,50.0,13.2422,0
SN_005602,LOT_018,13.6998,,14.9063,14.7852,0,healthy,0.0,50.0,13.2422,0
SN_005603,LOT_018,14.201,16.0623,16.7507,16.9309,0,healthy,0.0,50.0,13.2422,0
SN_005604,LOT_018,11.8245,12.4777,12.5742,12.599,0,healthy,0.0,50.0,13.2422,0
SN_005605,LOT_018,12.5094,13.4532,13.8072,14.0313,0,healthy,0.0,50.0,13.2422,0
SN_005606,LOT_018,12.4062,13.4125,13.5632,13.9176,0,healthy,0.0,50.0,13.2422,0
SN_005607,LOT_018,13.3764,13.9461,14.1437,14.2116,0,healthy,0.0,50.0,13.2422,0
SN_005608,LOT_018,16.7722,17.3861,17.7893,17.9088,0,healthy,0.0,50.0,13.2422,0
SN_005609,LOT_018,,13.344,13.6021,13.4862,0,healthy,0.0,50.0,13.2422,0
SN_005610,LOT_018,12.8437,13.6699,14.2501,14.3317,0,healthy,0.0,50.0,13.2422,0
SN_005611,LOT_018,,14.0734,14.2416,14.4382,0,healthy,0.0,50.0,13.2422,0
SN_005612,LOT_018,13.821,,15.4781,15.3988,0,healthy,0.0,50.0,13.2422,0
SN_005613,LOT_018,14.3175,15.5324,15.7632,15.8382,0,healthy,0.0,50.0,13.2422,0
SN_005614,LOT_018,14.3057,14.9033,15.1146,15.3644,0,healthy,0.0,50.0,13.2422,0
SN_005615,LOT_018,13.2454,14.2415,14.6839,14.6059,0,healthy,0.0,50.0,13.2422,0
SN_005616,LOT_018,12.3213,,14.5861,14.9184,0,healthy,0.0,50.0,13.2422,0
SN_005617,LOT_018,13.2537,14.8439,15.4684,15.7087,0,healthy,0.0,50.0,13.2422,0
SN_005618,LOT_018,14.41,15.4237,15.6892,16.0713,0,healthy,0.0,50.0,13.2422,0
SN_005619,LOT_018,14.635,16.5716,16.7699,17.1601,0,healthy,0.0,50.0,13.2422,0
SN_005620,LOT_018,14.7097,15.7523,16.0246,16.5197,0,healthy,0.0,50.0,13.2422,0
SN_005621,LOT_018,14.0683,15.7277,16.4124,16.8714,0,healthy,0.0,50.0,13.2422,0
SN_005622,LOT_018,14.1857,14.7711,15.5727,15.4191,0,healthy,0.0,50.0,13.2422,0
SN_005623,LOT_018,12.7283,13.696,13.9449,13.9952,0,healthy,0.0,50.0,13.2422,0
SN_005624,LOT_018,13.407,13.9542,14.1176,14.2877,0,healthy,0.0,50.0,13.2422,0
SN_005625,LOT_018,13.1203,13.9818,14.3164,14.5418,0,healthy,0.0,50.0,13.2422,0
SN_005626,LOT_018,13.8654,14.2449,14.5449,14.7429,0,healthy,0.0,50.0,13.2422,0
SN_005627,LOT_018,14.4863,16.1725,16.8844,17.2361,0,healthy,0.0,50.0,13.2422,0
SN_005628,LOT_018,13.8005,15.1011,15.3343,15.4123,0,healthy,0.0,50.0,13.2422,0
SN_005629,LOT_018,13.4909,15.0045,15.3444,15.833,0,healthy,0.0,50.0,13.2422,0
SN_005630,LOT_018,13.1579,14.4768,14.8983,15.3038,0,healthy,0.0,50.0,13.2422,0
SN_005631,LOT_018,14.5942,16.266,16.9331,17.0641,0,healthy,0.0,50.0,13.2422,0
SN_005632,LOT_018,13.0339,14.0173,14.3524,14.3431,0,healthy,0.0,50.0,13.2422,0
SN_005633,LOT_018,12.6188,13.1065,13.6446,13.5638,0,healthy,0.0,50.0,13.2422,0
SN_005634,LOT_018,13.0262,14.5634,15.0604,15.2505,0,healthy,0.0,50.0,13.2422,0
SN_005635,LOT_018,13.2222,13.5473,13.8487,13.8365,0,healthy,0.0,50.0,13.2422,0
SN_005636,LOT_018,16.5887,17.6713,18.0743,18.4065,0,healthy,0.0,50.0,13.2422,0
SN_005637,LOT_018,13.7197,15.1833,15.7527,16.286,0,healthy,0.0,50.0,13.2422,0
SN_005638,LOT_018,12.2599,13.5862,14.085,14.3812,0,healthy,0.0,50.0,13.2422,0
SN_005639,LOT_018,14.6718,15.6769,16.2946,16.2748,0,healthy,0.0,50.0,13.2422,0
SN_005640,LOT_018,14.2093,14.8232,15.1192,15.3801,0,healthy,0.0,50.0,13.2422,0
SN_005641,LOT_018,13.568,14.0031,14.333,14.3985,0,healthy,0.0,50.0,13.2422,0
SN_005642,LOT_018,14.6993,15.322,15.8407,15.7654,0,healthy,0.0,50.0,13.2422,0
SN_005643,LOT_018,13.0157,14.4426,14.6721,15.1157,0,healthy,0.0,50.0,13.2422,0
SN_005644,LOT_018,14.2071,14.7325,14.9456,15.0782,0,healthy,0.0,50.0,13.2422,0
SN_005645,LOT_018,14.8146,16.8889,17.3645,17.6638,0,healthy,0.0,50.0,13.2422,0
SN_005646,LOT_018,12.8727,14.2988,14.7325,14.9984,0,healthy,0.0,50.0,13.2422,0
SN_005647,LOT_018,12.3424,13.4303,13.907,14.465,0,healthy,0.0,50.0,13.2422,0
SN_005648,LOT_018,12.9926,13.7889,13.8688,13.9586,0,healthy,0.0,50.0,13.2422,0
SN_005649,LOT_018,13.8277,14.5187,14.7749,14.8023,0,healthy,0.0,50.0,13.2422,0
SN_005650,LOT_018,13.2184,14.2327,14.2955,14.8168,0,healthy,0.0,50.0,13.2422,0
SN_005651,LOT_018,14.445,16.1645,16.7645,17.2164,0,healthy,0.0,50.0,13.2422,0
SN_005652,LOT_018,12.8663,13.3201,14.0435,14.2793,0,healthy,0.0,50.0,13.2422,0
SN_005653,LOT_018,,15.1135,15.64,15.9816,0,healthy,0.0,50.0,13.2422,0
SN_005654,LOT_018,11.6356,12.7845,13.5018,13.6151,0,healthy,0.0,50.0,13.2422,0
SN_005655,LOT_018,11.8593,12.763,12.9898,13.0626,0,healthy,0.0,50.0,13.2422,0
SN_005656,LOT_018,13.6619,15.1999,15.5676,15.7613,0,healthy,0.0,50.0,13.2422,0
SN_005657,LOT_018,12.3152,12.7686,13.1986,13.2206,0,healthy,0.0,50.0,13.2422,0
SN_005658,LOT_018,,10.7076,11.177,11.3397,0,healthy,0.0,50.0,13.2422,0
SN_005659,LOT_018,16.3221,17.4897,17.7042,17.7942,0,healthy,0.0,50.0,13.2422,0
SN_005660,LOT_018,14.9913,17.0549,17.9014,18.0979,0,healthy,0.0,50.0,13.2422,0
SN_005661,LOT_018,12.8131,14.2067,14.5737,14.7669,0,healthy,0.0,50.0,13.2422,0
SN_005662,LOT_018,14.6352,16.3962,17.0536,17.4206,0,healthy,0.0,50.0,13.2422,0
SN_005663,LOT_018,14.0762,14.7037,14.8843,14.7072,0,healthy,0.0,50.0,13.2422,0
SN_005664,LOT_018,,13.3402,13.7688,13.9949,0,healthy,0.0,50.0,13.2422,0
SN_005665,LOT_018,13.3005,,14.5633,14.6485,0,healthy,0.0,50.0,13.2422,0
SN_005666,LOT_018,15.904,16.3702,16.6011,16.8299,0,healthy,0.0,50.0,13.2422,0
SN_005667,LOT_018,,12.6135,13.0767,13.2323,0,healthy,0.0,50.0,13.2422,0
SN_005668,LOT_018,15.5157,17.567,17.8249,18.3355,0,healthy,0.0,50.0,13.2422,0
SN_005669,LOT_018,16.7586,19.2383,19.7226,20.0341,0,healthy,0.0,50.0,13.2422,0
SN_005670,LOT_018,14.1175,15.423,15.6062,16.0128,0,healthy,0.0,50.0,13.2422,0
SN_005671,LOT_018,12.9321,13.8004,14.4085,14.6083,0,healthy,0.0,50.0,13.2422,0
SN_005672,LOT_018,17.2267,18.6126,19.1887,19.2023,0,healthy,0.0,50.0,13.2422,0
SN_005673,LOT_018,13.2261,14.8436,15.1075,15.3278,0,healthy,0.0,50.0,13.2422,0
SN_005674,LOT_018,11.7709,13.078,13.5543,13.8067,0,healthy,0.0,50.0,13.2422,0
SN_005675,LOT_018,15.3412,16.1915,16.589,16.7413,0,healthy,0.0,50.0,13.2422,0
SN_005676,LOT_018,14.5113,15.708,16.3553,16.2735,0,healthy,0.0,50.0,13.2422,0
SN_005677,LOT_018,14.339,14.9035,14.832,15.2031,0,healthy,0.0,50.0,13.2422,0
SN_005678,LOT_018,13.6882,15.2911,15.9572,16.2665,0,healthy,0.0,50.0,13.2422,0
SN_005679,LOT_018,12.4167,13.2238,13.421,13.5725,0,healthy,0.0,50.0,13.2422,0
SN_005680,LOT_018,13.8337,14.9876,15.7063,16.0532,0,healthy,0.0,50.0,13.2422,0
SN_005681,LOT_018,13.2076,13.8596,14.0693,14.3513,0,healthy,0.0,50.0,13.2422,0
SN_005682,LOT_018,12.0872,13.3978,13.7213,14.0215,0,healthy,0.0,50.0,13.2422,0
SN_005683,LOT_018,14.612,14.9828,15.2169,15.2963,0,healthy,0.0,50.0,13.2422,0
SN_005684,LOT_018,16.2818,17.9563,18.507,18.9254,0,healthy,0.0,50.0,13.2422,0
SN_005685,LOT_018,14.438,15.8609,16.7135,16.8507,0,healthy,0.0,50.0,13.2422,0
SN_005686,LOT_018,13.3923,,15.3148,15.6614,0,healthy,0.0,50.0,13.2422,0
SN_005687,LOT_018,12.3403,12.9262,13.0984,13.2068,0,healthy,0.0,50.0,13.2422,0
SN_005688,LOT_018,12.4478,13.5169,13.4491,13.5743,0,healthy,0.0,50.0,13.2422,0
SN_005689,LOT_018,12.8194,13.4985,13.7833,14.0353,0,healthy,0.0,50.0,13.2422,0
SN_005690,LOT_018,11.5069,12.8503,13.3562,13.913,0,healthy,0.0,50.0,13.2422,0
SN_005691,LOT_018,15.2853,16.2695,16.5369,16.5698,0,healthy,0.0,50.0,13.2422,0
SN_005692,LOT_018,14.8013,16.829,17.1737,17.4057,0,healthy,0.0,50.0,13.2422,0
SN_005693,LOT_018,11.9793,12.7867,12.8207,13.1335,0,healthy,0.0,50.0,13.2422,0
SN_005694,LOT_018,13.2846,14.0347,13.8693,14.2666,0,healthy,0.0,50.0,13.2422,0
SN_005695,LOT_018,13.8727,15.8644,16.3924,16.6907,0,healthy,0.0,50.0,13.2422,0
SN_005696,LOT_018,12.1218,12.9258,13.5027,13.6828,0,healthy,0.0,50.0,13.2422,0
SN_005697,LOT_018,11.7965,12.5551,13.1629,13.1745,0,healthy,0.0,50.0,13.2422,0
SN_005698,LOT_018,14.2523,14.778,14.9489,15.1985,0,healthy,0.0,50.0,13.2422,0
SN_005699,LOT_018,14.6279,16.0201,16.8414,17.2933,0,healthy,0.0,50.0,13.2422,0
SN_005700,LOT_018,11.1615,12.4361,12.9502,13.3816,0,healthy,0.0,50.0,13.2422,0
SN_005701,LOT_018,,13.7578,13.9496,14.3139,0,healthy,0.0,50.0,13.2422,0
SN_005702,LOT_018,13.831,15.3227,15.4791,15.851,0,healthy,0.0,50.0,13.2422,0
SN_005703,LOT_018,12.2015,13.4504,14.0793,14.3971,0,healthy,0.0,50.0,13.2422,0
SN_005704,LOT_018,12.3223,13.3585,14.0389,14.0787,0,healthy,0.0,50.0,13.2422,0
SN_005705,LOT_018,12.9471,13.8985,14.4367,14.7068,0,healthy,0.0,50.0,13.2422,0
SN_005706,LOT_018,13.0241,13.36,13.6101,13.7837,0,healthy,0.0,50.0,13.2422,0
SN_005707,LOT_018,11.3183,11.793,12.0651,12.2082,0,healthy,0.0,50.0,13.2422,0
SN_005708,LOT_018,14.7663,15.8948,16.1023,16.4514,0,healthy,0.0,50.0,13.2422,0
SN_005709,LOT_018,13.7152,14.5353,14.79,14.6674,0,healthy,0.0,50.0,13.2422,0
SN_005710,LOT_018,11.6963,12.8463,13.2917,13.707,0,healthy,0.0,50.0,13.2422,0
SN_005711,LOT_018,14.0216,14.5353,14.6447,14.8998,0,healthy,0.0,50.0,13.2422,0
SN_005712,LOT_018,13.2462,14.7691,15.2684,15.6897,0,healthy,0.0,50.0,13.2422,0
SN_005713,LOT_018,14.0388,15.3909,15.7131,16.1484,0,healthy,0.0,50.0,13.2422,0
SN_005714,LOT_018,13.4264,14.4218,14.5747,14.6592,0,healthy,0.0,50.0,13.2422,0
SN_005715,LOT_018,15.7858,16.6175,17.473,17.7638,0,healthy,0.0,50.0,13.2422,0
SN_005716,LOT_019,7.301,7.7581,7.8657,8.0394,0,healthy,0.0,50.0,8.419,0
SN_005717,LOT_019,8.2495,9.105,9.4171,9.6438,0,healthy,0.0,50.0,8.419,0
SN_005718,LOT_019,10.4915,11.5788,11.925,12.1499,0,healthy,0.0,50.0,8.419,0
SN_005719,LOT_019,7.3643,8.0766,8.3879,8.5166,0,healthy,0.0,50.0,8.419,0
SN_005720,LOT_019,9.41,9.7968,9.8994,9.9384,0,healthy,0.0,50.0,8.419,0
SN_005721,LOT_019,,8.4058,8.5686,8.7429,0,healthy,0.0,50.0,8.419,0
SN_005722,LOT_019,6.4705,7.1822,7.4471,7.4692,0,healthy,0.0,50.0,8.419,0
SN_005723,LOT_019,7.5666,8.4681,8.693,9.0401,0,healthy,0.0,50.0,8.419,0
SN_005724,LOT_019,12.0424,13.4764,14.2265,14.5169,0,healthy,0.0,50.0,8.419,0
SN_005725,LOT_019,9.2597,10.1067,10.3934,10.7301,0,healthy,0.0,50.0,8.419,0
SN_005726,LOT_019,9.099,9.5777,9.6757,9.736,0,healthy,0.0,50.0,8.419,0
SN_005727,LOT_019,10.7777,11.928,12.1204,12.5319,0,healthy,0.0,50.0,8.419,0
SN_005728,LOT_019,8.5405,9.6763,10.1208,10.3753,0,healthy,0.0,50.0,8.419,0
SN_005729,LOT_019,7.6985,8.2554,8.3515,8.5539,0,healthy,0.0,50.0,8.419,0
SN_005730,LOT_019,8.8537,9.8679,10.2653,10.4574,0,healthy,0.0,50.0,8.419,0
SN_005731,LOT_019,8.7418,9.5937,9.9028,10.1024,0,healthy,0.0,50.0,8.419,0
SN_005732,LOT_019,8.0368,8.7693,9.0856,9.1557,0,healthy,0.0,50.0,8.419,0
SN_005733,LOT_019,7.916,8.4269,8.5078,8.5411,0,healthy,0.0,50.0,8.419,0
SN_005734,LOT_019,10.2298,11.4769,11.882,12.0842,0,healthy,0.0,50.0,8.419,0
SN_005735,LOT_019,6.5025,7.0253,7.1455,7.2423,0,healthy,0.0,50.0,8.419,0
SN_005736,LOT_019,7.0786,7.4997,7.7098,7.7463,0,healthy,0.0,50.0,8.419,0
SN_005737,LOT_019,8.196,8.8422,8.9964,9.2052,0,healthy,0.0,50.0,8.419,0
SN_005738,LOT_019,9.6559,10.0849,10.0709,10.0981,0,healthy,0.0,50.0,8.419,0
SN_005739,LOT_019,7.0692,7.3661,7.5687,7.5816,0,healthy,0.0,50.0,8.419,0
SN_005740,LOT_019,,9.4618,9.8881,10.0961,0,healthy,0.0,50.0,8.419,0
SN_005741,LOT_019,8.1555,8.9691,9.2643,9.345,0,healthy,0.0,50.0,8.419,0
SN_005742,LOT_019,7.2722,7.5802,7.5383,7.6454,0,healthy,0.0,50.0,8.419,0
SN_005743,LOT_019,9.964,10.9557,11.285,11.6276,0,healthy,0.0,50.0,8.419,0
SN_005744,LOT_019,6.8162,7.7798,8.0422,8.1537,0,healthy,0.0,50.0,8.419,0
SN_005745,LOT_019,8.6954,8.9422,8.9948,9.1785,0,healthy,0.0,50.0,8.419,0
SN_005746,LOT_019,7.8444,8.4546,8.6602,8.8076,0,healthy,0.0,50.0,8.419,0
SN_005747,LOT_019,9.0709,9.8732,10.2668,10.3766,0,healthy,0.0,50.0,8.419,0
SN_005748,LOT_019,10.7267,12.108,12.7177,12.8785,0,healthy,0.0,50.0,8.419,0
SN_005749,LOT_019,8.8958,9.7811,10.2271,10.3716,0,healthy,0.0,50.0,8.419,0
SN_005750,LOT_019,10.2322,11.5093,11.9543,12.2165,0,healthy,0.0,50.0,8.419,0
SN_005751,LOT_019,8.4682,8.7968,9.0384,9.0885,0,healthy,0.0,50.0,8.419,0
SN_005752,LOT_019,8.8251,9.8751,10.1508,10.254,0,healthy,0.0,50.0,8.419,0
SN_005753,LOT_019,10.1079,10.6093,10.7712,10.9114,0,healthy,0.0,50.0,8.419,0
SN_005754,LOT_019,8.4584,8.9503,9.1654,9.1151,0,healthy,0.0,50.0,8.419,0
SN_005755,LOT_019,10.015,10.5733,10.9329,11.2016,0,healthy,0.0,50.0,8.419,0
SN_005756,LOT_019,8.143,8.6344,8.9087,8.986,0,healthy,0.0,50.0,8.419,0
SN_005757,LOT_019,8.7951,9.0645,9.2577,9.405,0,healthy,0.0,50.0,8.419,0
SN_005758,LOT_019,7.292,7.7055,7.7227,7.7506,0,healthy,0.0,50.0,8.419,0
SN_005759,LOT_019,8.6658,9.5391,9.9454,10.1105,0,healthy,0.0,50.0,8.419,0
SN_005760,LOT_019,8.6183,9.2504,9.34,9.5251,0,healthy,0.0,50.0,8.419,0
SN_005761,LOT_019,7.4156,8.4459,8.6873,8.8129,0,healthy,0.0,50.0,8.419,0
SN_005762,LOT_019,8.5587,9.1049,9.2664,9.4589,0,healthy,0.0,50.0,8.419,0
SN_005763,LOT_019,8.916,9.7382,10.0909,10.3083,0,healthy,0.0,50.0,8.419,0
SN_005764,LOT_019,9.4333,10.2595,10.5196,10.7246,0,healthy,0.0,50.0,8.419,0
SN_005765,LOT_019,8.8228,9.2943,9.3789,9.5417,0,healthy,0.0,50.0,8.419,0
SN_005766,LOT_019,8.282,9.4631,9.8341,9.9395,0,healthy,0.0,50.0,8.419,0
SN_005767,LOT_019,7.9738,8.9896,9.0666,9.1686,0,healthy,0.0,50.0,8.419,0
SN_005768,LOT_019,8.4114,9.3445,9.8299,9.8878,0,healthy,0.0,50.0,8.419,0
SN_005769,LOT_019,6.4714,7.0267,7.1493,7.3565,0,healthy,0.0,50.0,8.419,0
SN_005770,LOT_019,7.9157,8.7487,9.1603,9.415,0,healthy,0.0,50.0,8.419,0
SN_005771,LOT_019,8.3864,8.9284,9.2306,9.3373,0,healthy,0.0,50.0,8.419,0
SN_005772,LOT_019,7.5677,8.3354,8.4329,8.6443,0,healthy,0.0,50.0,8.419,0
SN_005773,LOT_019,7.2928,7.7465,7.8119,8.0931,0,healthy,0.0,50.0,8.419,0
SN_005774,LOT_019,8.8783,,10.3529,10.3185,0,healthy,0.0,50.0,8.419,0
SN_005775,LOT_019,8.6239,9.1389,9.2432,9.2535,0,healthy,0.0,50.0,8.419,0
SN_005776,LOT_019,5.933,6.6736,6.7427,6.9376,0,healthy,0.0,50.0,8.419,0
SN_005777,LOT_019,7.4969,8.2871,8.6413,8.836,0,healthy,0.0,50.0,8.419,0
SN_005778,LOT_019,8.3649,8.7999,8.9902,9.1796,0,healthy,0.0,50.0,8.419,0
SN_005779,LOT_019,9.5843,10.0384,10.1829,10.3196,0,healthy,0.0,50.0,8.419,0
SN_005780,LOT_019,,7.8961,8.304,8.4867,0,healthy,0.0,50.0,8.419,0
SN_005781,LOT_019,,7.5646,7.7154,7.7136,0,healthy,0.0,50.0,8.419,0
SN_005782,LOT_019,8.2843,9.4702,9.5762,9.8833,0,healthy,0.0,50.0,8.419,0
SN_005783,LOT_019,12.174,13.1735,13.4007,13.768,0,healthy,0.0,50.0,8.419,0
SN_005784,LOT_019,10.8853,11.4046,11.8323,11.9091,0,healthy,0.0,50.0,8.419,0
SN_005785,LOT_019,8.8347,9.3438,9.5839,9.7509,0,healthy,0.0,50.0,8.419,0
SN_005786,LOT_019,8.3845,9.1758,9.6515,9.931,0,healthy,0.0,50.0,8.419,0
SN_005787,LOT_019,7.8831,8.6688,8.951,9.233,0,healthy,0.0,50.0,8.419,0
SN_005788,LOT_019,7.186,7.5623,7.6871,7.7856,0,healthy,0.0,50.0,8.419,0
SN_005789,LOT_019,8.7192,8.8826,9.1329,9.181,0,healthy,0.0,50.0,8.419,0
SN_005790,LOT_019,10.4554,11.3819,11.9569,12.1766,0,healthy,0.0,50.0,8.419,0
SN_005791,LOT_019,11.5732,12.5909,13.1655,13.3757,0,healthy,0.0,50.0,8.419,0
SN_005792,LOT_019,6.2408,6.5977,6.5612,6.6932,0,healthy,0.0,50.0,8.419,0
SN_005793,LOT_019,8.1774,8.6746,8.698,8.8264,0,healthy,0.0,50.0,8.419,0
SN_005794,LOT_019,,9.7068,9.849,9.9307,0,healthy,0.0,50.0,8.419,0
SN_005795,LOT_019,6.5552,6.8793,7.0803,7.1602,0,healthy,0.0,50.0,8.419,0
SN_005796,LOT_019,8.8601,9.4937,9.9076,10.2113,0,healthy,0.0,50.0,8.419,0
SN_005797,LOT_019,7.1483,7.4532,7.5507,7.6609,0,healthy,0.0,50.0,8.419,0
SN_005798,LOT_019,8.1989,,9.4737,9.7356,0,healthy,0.0,50.0,8.419,0
SN_005799,LOT_019,10.1446,10.6899,10.9675,10.9772,0,healthy,0.0,50.0,8.419,0
SN_005800,LOT_019,7.5319,8.5307,8.7978,9.073,0,healthy,0.0,50.0,8.419,0
SN_005801,LOT_019,7.6955,8.3148,8.5543,8.8144,0,healthy,0.0,50.0,8.419,0
SN_005802,LOT_019,8.2399,8.6728,8.8109,8.7263,0,healthy,0.0,50.0,8.419,0
SN_005803,LOT_019,6.7521,6.9751,7.0761,7.2185,0,healthy,0.0,50.0,8.419,0
SN_005804,LOT_019,6.5998,6.9263,7.1434,7.1411,0,healthy,0.0,50.0,8.419,0
SN_005805,LOT_019,10.7164,11.5911,11.8482,11.95,0,healthy,0.0,50.0,8.419,0
SN_005806,LOT_019,25.5143,26.3197,27.8226,29.534,1,esd_oxide,0.2653,50.0,8.419,0
SN_005807,LOT_019,9.3828,9.9052,9.9884,10.0413,0,healthy,0.0,50.0,8.419,0
SN_005808,LOT_019,7.5752,8.2875,8.5894,8.7356,0,healthy,0.0,50.0,8.419,0
SN_005809,LOT_019,9.9588,10.8702,11.1382,11.1188,0,healthy,0.0,50.0,8.419,0
SN_005810,LOT_019,8.8427,9.6691,9.9601,10.1109,0,healthy,0.0,50.0,8.419,0
SN_005811,LOT_019,,8.9032,9.2195,9.4033,0,healthy,0.0,50.0,8.419,0
SN_005812,LOT_019,8.4553,9.5027,9.8206,9.9234,0,healthy,0.0,50.0,8.419,0
SN_005813,LOT_019,10.0158,11.0254,11.4249,11.6822,0,healthy,0.0,50.0,8.419,0
SN_005814,LOT_019,7.6439,8.4231,8.716,8.8699,0,healthy,0.0,50.0,8.419,0
SN_005815,LOT_019,8.9738,10.0759,10.3752,10.5182,0,healthy,0.0,50.0,8.419,0
SN_005816,LOT_019,9.0533,9.8635,10.0936,10.3343,0,healthy,0.0,50.0,8.419,0
SN_005817,LOT_019,7.3989,7.8609,7.8046,7.8765,0,healthy,0.0,50.0,8.419,0
SN_005818,LOT_019,7.6999,8.184,8.3145,8.3699,0,healthy,0.0,50.0,8.419,0
SN_005819,LOT_019,8.2099,8.8338,9.2399,9.3399,0,healthy,0.0,50.0,8.419,0
SN_005820,LOT_019,7.7947,8.2421,8.3312,8.6211,0,healthy,0.0,50.0,8.419,0
SN_005821,LOT_019,8.496,8.784,9.0271,8.9908,0,healthy,0.0,50.0,8.419,0
SN_005822,LOT_019,8.8538,9.6481,9.6785,9.8076,0,healthy,0.0,50.0,8.419,0
SN_005823,LOT_019,10.1438,11.1017,11.4706,11.6929,0,healthy,0.0,50.0,8.419,0
SN_005824,LOT_019,9.0756,9.714,10.0946,10.2395,0,healthy,0.0,50.0,8.419,0
SN_005825,LOT_019,7.811,8.271,8.4243,8.4918,0,healthy,0.0,50.0,8.419,0
SN_005826,LOT_019,8.9548,9.4963,9.6991,9.931,0,healthy,0.0,50.0,8.419,0
SN_005827,LOT_019,9.3087,10.0547,10.1566,10.206,0,healthy,0.0,50.0,8.419,0
SN_005828,LOT_019,7.4756,7.736,7.8411,7.9262,0,healthy,0.0,50.0,8.419,0
SN_005829,LOT_019,6.1485,6.718,7.0692,7.2183,0,healthy,0.0,50.0,8.419,0
SN_005830,LOT_019,,11.8599,12.2108,12.0891,0,healthy,0.0,50.0,8.419,0
SN_005831,LOT_019,11.9031,12.2672,12.5332,12.3383,0,healthy,0.0,50.0,8.419,0
SN_005832,LOT_019,9.1634,9.5787,9.6413,9.6068,0,healthy,0.0,50.0,8.419,0
SN_005833,LOT_019,8.191,8.5945,8.8403,8.9943,0,healthy,0.0,50.0,8.419,0
SN_005834,LOT_019,7.6165,8.3371,8.4417,8.5685,0,healthy,0.0,50.0,8.419,0
SN_005835,LOT_019,6.563,7.3959,7.6989,7.809,0,healthy,0.0,50.0,8.419,0
SN_005836,LOT_019,8.5752,9.7204,9.972,10.3373,0,healthy,0.0,50.0,8.419,0
SN_005837,LOT_019,5.9229,6.468,6.7018,6.9679,0,healthy,0.0,50.0,8.419,0
SN_005838,LOT_019,7.4335,7.9182,8.1092,8.2456,0,healthy,0.0,50.0,8.419,0
SN_005839,LOT_019,8.5305,8.8567,8.9451,8.9423,0,healthy,0.0,50.0,8.419,0
SN_005840,LOT_019,7.738,10.8357,12.6995,13.6655,1,nbti_ageing,0.3789,50.0,8.419,0
SN_005841,LOT_019,,6.6593,6.8999,6.9408,0,healthy,0.0,50.0,8.419,0
SN_005842,LOT_019,6.9983,7.6501,7.8147,7.938,0,healthy,0.0,50.0,8.419,0
SN_005843,LOT_019,6.6935,7.2509,7.4239,7.5185,0,healthy,0.0,50.0,8.419,0
SN_005844,LOT_019,8.5269,,9.2562,9.5848,0,healthy,0.0,50.0,8.419,0
SN_005845,LOT_019,8.4025,9.2268,9.7191,9.9092,0,healthy,0.0,50.0,8.419,0
SN_005846,LOT_019,9.144,9.6195,10.0074,10.0678,0,healthy,0.0,50.0,8.419,0
SN_005847,LOT_019,6.8807,7.6512,7.9151,7.8978,0,healthy,0.0,50.0,8.419,0
SN_005848,LOT_019,8.5363,9.75,9.813,9.9648,0,healthy,0.0,50.0,8.419,0
SN_005849,LOT_019,9.2589,9.7514,9.872,9.862,0,healthy,0.0,50.0,8.419,0
SN_005850,LOT_019,9.5267,10.5475,10.8725,10.984,0,healthy,0.0,50.0,8.419,0
SN_005851,LOT_019,7.6675,8.0488,8.3158,8.4113,0,healthy,0.0,50.0,8.419,0
SN_005852,LOT_019,8.0956,8.5678,8.5003,8.6024,0,healthy,0.0,50.0,8.419,0
SN_005853,LOT_019,8.3512,9.3185,9.732,9.9558,0,healthy,0.0,50.0,8.419,0
SN_005854,LOT_019,10.4885,11.8597,12.4138,12.6546,0,healthy,0.0,50.0,8.419,0
SN_005855,LOT_019,7.9132,9.0007,9.2364,9.2655,0,healthy,0.0,50.0,8.419,0
SN_005856,LOT_019,7.9726,8.7632,8.7216,9.0788,0,healthy,0.0,50.0,8.419,0
SN_005857,LOT_019,10.619,11.508,12.0033,12.0035,0,healthy,0.0,50.0,8.419,0
SN_005858,LOT_019,8.1114,8.5319,8.6508,8.766,0,healthy,0.0,50.0,8.419,0
SN_005859,LOT_019,10.3405,11.4766,12.1111,12.3928,0,healthy,0.0,50.0,8.419,0
SN_005860,LOT_019,6.8237,7.2274,7.3398,7.3865,0,healthy,0.0,50.0,8.419,0
SN_005861,LOT_019,11.3189,12.1996,12.6525,12.9024,0,healthy,0.0,50.0,8.419,0
SN_005862,LOT_019,9.1473,10.2022,10.5224,10.7442,0,healthy,0.0,50.0,8.419,0
SN_005863,LOT_019,8.883,9.5534,9.8546,9.8978,0,healthy,0.0,50.0,8.419,0
SN_005864,LOT_019,7.9695,11.132,20.6975,30.4447,1,electromigration,0.8017,50.0,8.419,0
SN_005865,LOT_019,6.3717,7.1041,7.2456,7.3867,0,healthy,0.0,50.0,8.419,0
SN_005866,LOT_019,8.7693,9.5361,9.9156,10.2241,0,healthy,0.0,50.0,8.419,0
SN_005867,LOT_019,6.4189,7.0897,7.4662,7.688,0,healthy,0.0,50.0,8.419,0
SN_005868,LOT_019,8.0638,9.0069,9.4351,9.5317,0,healthy,0.0,50.0,8.419,0
SN_005869,LOT_019,7.7166,8.2242,8.3322,8.3607,0,healthy,0.0,50.0,8.419,0
SN_005870,LOT_019,11.0308,11.7892,12.5074,12.7896,0,healthy,0.0,50.0,8.419,0
SN_005871,LOT_019,8.8756,9.4511,9.7241,9.7436,0,healthy,0.0,50.0,8.419,0
SN_005872,LOT_019,9.4649,10.117,10.373,10.4771,0,healthy,0.0,50.0,8.419,0
SN_005873,LOT_019,9.2461,9.4735,9.6511,9.6896,0,healthy,0.0,50.0,8.419,0
SN_005874,LOT_019,8.5825,9.3257,9.7466,9.9044,0,healthy,0.0,50.0,8.419,0
SN_005875,LOT_019,7.1573,7.7126,8.0533,8.2412,0,healthy,0.0,50.0,8.419,0
SN_005876,LOT_019,9.5532,10.267,10.423,10.4542,0,healthy,0.0,50.0,8.419,0
SN_005877,LOT_019,7.7357,8.0909,8.2205,8.2976,0,healthy,0.0,50.0,8.419,0
SN_005878,LOT_019,5.0211,5.6061,5.7546,5.7893,0,healthy,0.0,50.0,8.419,0
SN_005879,LOT_019,7.5379,,8.3782,8.4088,0,healthy,0.0,50.0,8.419,0
SN_005880,LOT_019,7.9647,8.501,8.7371,8.9394,0,healthy,0.0,50.0,8.419,0
SN_005881,LOT_019,8.6084,8.957,9.1424,9.2269,0,healthy,0.0,50.0,8.419,0
SN_005882,LOT_019,9.2841,10.2211,10.5623,10.7785,0,healthy,0.0,50.0,8.419,0
SN_005883,LOT_019,8.1915,9.0058,9.5149,9.491,0,healthy,0.0,50.0,8.419,0
SN_005884,LOT_019,8.2302,9.0082,9.2669,9.5534,0,healthy,0.0,50.0,8.419,0
SN_005885,LOT_019,,10.2621,10.3513,10.7427,0,healthy,0.0,50.0,8.419,0
SN_005886,LOT_019,8.2735,9.0513,9.3215,9.4959,0,healthy,0.0,50.0,8.419,0
SN_005887,LOT_019,8.6201,9.8732,10.2434,10.215,0,healthy,0.0,50.0,8.419,0
SN_005888,LOT_019,7.9245,8.8467,9.1192,9.1265,0,healthy,0.0,50.0,8.419,0
SN_005889,LOT_019,8.3611,8.7938,8.9906,9.04,0,healthy,0.0,50.0,8.419,0
SN_005890,LOT_019,9.6169,10.3392,10.6151,10.7613,0,healthy,0.0,50.0,8.419,0
SN_005891,LOT_019,8.8121,9.6971,10.4481,10.6162,0,healthy,0.0,50.0,8.419,0
SN_005892,LOT_019,9.9786,11.1686,11.5105,11.6594,0,healthy,0.0,50.0,8.419,0
SN_005893,LOT_019,10.6015,,11.5694,11.6376,0,healthy,0.0,50.0,8.419,0
SN_005894,LOT_019,11.1531,12.0697,12.4306,12.5306,0,healthy,0.0,50.0,8.419,0
SN_005895,LOT_019,9.4488,9.7347,9.9564,10.1003,0,healthy,0.0,50.0,8.419,0
SN_005896,LOT_019,8.4482,9.3828,9.873,10.0519,0,healthy,0.0,50.0,8.419,0
SN_005897,LOT_019,9.8704,10.4969,11.1263,11.2527,0,healthy,0.0,50.0,8.419,0
SN_005898,LOT_019,9.0558,9.6241,9.7094,9.8439,0,healthy,0.0,50.0,8.419,0
SN_005899,LOT_019,8.8282,9.5675,9.9863,10.0712,0,healthy,0.0,50.0,8.419,0
SN_005900,LOT_019,7.7392,8.8292,9.1896,9.305,0,healthy,0.0,50.0,8.419,0
SN_005901,LOT_019,7.6277,8.2723,8.4445,8.5123,0,healthy,0.0,50.0,8.419,0
SN_005902,LOT_019,6.9057,7.3266,7.6218,7.5374,0,healthy,0.0,50.0,8.419,0
SN_005903,LOT_019,6.1003,6.4919,6.5839,6.6355,0,healthy,0.0,50.0,8.419,0
SN_005904,LOT_019,,7.0944,7.2373,7.33,0,healthy,0.0,50.0,8.419,0
SN_005905,LOT_019,,9.6611,9.9539,9.9901,0,healthy,0.0,50.0,8.419,0
SN_005906,LOT_019,8.8787,9.948,10.2051,10.4708,0,healthy,0.0,50.0,8.419,0
SN_005907,LOT_019,9.0426,9.5044,9.6503,9.7285,0,healthy,0.0,50.0,8.419,0
SN_005908,LOT_019,6.7975,7.7798,8.0069,8.1576,0,healthy,0.0,50.0,8.419,0
SN_005909,LOT_019,10.0648,10.5792,10.7943,10.8569,0,healthy,0.0,50.0,8.419,0
SN_005910,LOT_019,9.6169,10.764,11.1572,11.3123,0,healthy,0.0,50.0,8.419,0
SN_005911,LOT_019,8.5367,9.5358,9.6966,9.9161,0,healthy,0.0,50.0,8.419,0
SN_005912,LOT_019,7.5435,8.6064,8.8534,8.9792,0,healthy,0.0,50.0,8.419,0
SN_005913,LOT_019,9.3413,9.772,10.0625,9.9574,0,healthy,0.0,50.0,8.419,0
SN_005914,LOT_019,8.8626,9.5391,9.9857,10.0449,0,healthy,0.0,50.0,8.419,0
SN_005915,LOT_019,8.2219,,8.8664,9.1153,0,healthy,0.0,50.0,8.419,0
SN_005916,LOT_019,7.7159,8.2677,8.4358,8.609,0,healthy,0.0,50.0,8.419,0
SN_005917,LOT_019,8.2484,9.1933,9.3217,9.7318,0,healthy,0.0,50.0,8.419,0
SN_005918,LOT_019,8.8805,9.2393,9.5193,9.2787,0,healthy,0.0,50.0,8.419,0
SN_005919,LOT_019,9.2209,9.6351,9.6109,9.8422,0,healthy,0.0,50.0,8.419,0
SN_005920,LOT_019,9.0325,10.2529,10.574,10.6424,0,healthy,0.0,50.0,8.419,0
SN_005921,LOT_019,9.3867,9.9573,10.2874,10.3944,0,healthy,0.0,50.0,8.419,0
SN_005922,LOT_019,9.0722,9.635,9.8468,10.0031,0,healthy,0.0,50.0,8.419,0
SN_005923,LOT_019,8.6007,9.2753,9.3931,9.7436,0,healthy,0.0,50.0,8.419,0
SN_005924,LOT_019,10.9067,11.1928,11.4712,11.6823,0,healthy,0.0,50.0,8.419,0
SN_005925,LOT_019,7.497,8.5099,8.8398,8.9935,0,healthy,0.0,50.0,8.419,0
SN_005926,LOT_019,8.7177,9.318,9.4564,9.8425,0,healthy,0.0,50.0,8.419,0
SN_005927,LOT_019,,11.18,11.5549,11.6457,0,healthy,0.0,50.0,8.419,0
SN_005928,LOT_019,9.1583,9.6305,9.9271,9.9439,0,healthy,0.0,50.0,8.419,0
SN_005929,LOT_019,8.7322,9.8421,10.0447,10.2011,0,healthy,0.0,50.0,8.419,0
SN_005930,LOT_019,8.0239,8.3349,8.6094,8.6262,0,healthy,0.0,50.0,8.419,0
SN_005931,LOT_019,8.6841,9.1833,9.3688,9.3338,0,healthy,0.0,50.0,8.419,0
SN_005932,LOT_019,7.7001,7.9998,8.1186,8.281,0,healthy,0.0,50.0,8.419,0
SN_005933,LOT_019,9.7477,10.0268,10.1166,10.3868,0,healthy,0.0,50.0,8.419,0
SN_005934,LOT_019,8.1896,8.6748,8.8914,9.0161,0,healthy,0.0,50.0,8.419,0
SN_005935,LOT_019,7.5051,8.1466,8.3699,8.5103,0,healthy,0.0,50.0,8.419,0
SN_005936,LOT_019,10.2112,10.9113,11.321,11.4229,0,healthy,0.0,50.0,8.419,0
SN_005937,LOT_019,10.6488,11.5759,12.1078,12.4914,0,healthy,0.0,50.0,8.419,0
SN_005938,LOT_019,9.0978,9.87,10.2145,10.3416,0,healthy,0.0,50.0,8.419,0
SN_005939,LOT_019,8.2247,8.4295,8.5685,8.7312,0,healthy,0.0,50.0,8.419,0
SN_005940,LOT_019,8.6065,8.9614,9.0933,9.1649,0,healthy,0.0,50.0,8.419,0
SN_005941,LOT_019,7.6084,8.311,8.3661,8.5534,0,healthy,0.0,50.0,8.419,0
SN_005942,LOT_019,7.7469,8.2817,8.5667,8.6781,0,healthy,0.0,50.0,8.419,0
SN_005943,LOT_019,8.52,8.9102,9.013,9.0416,0,healthy,0.0,50.0,8.419,0
SN_005944,LOT_019,9.1021,10.2029,10.4953,10.7626,0,healthy,0.0,50.0,8.419,0
SN_005945,LOT_019,7.6149,8.0952,8.2951,8.3505,0,healthy,0.0,50.0,8.419,0
SN_005946,LOT_019,8.0977,8.5715,8.9163,8.9701,0,healthy,0.0,50.0,8.419,0
SN_005947,LOT_019,,6.2735,6.5248,6.6239,0,healthy,0.0,50.0,8.419,0
SN_005948,LOT_019,6.6413,,7.1499,7.2698,0,healthy,0.0,50.0,8.419,0
SN_005949,LOT_020,10.7784,12.1161,12.4526,12.6938,0,healthy,0.0,50.0,9.8342,0
SN_005950,LOT_020,7.9185,8.2741,8.3481,8.363,0,healthy,0.0,50.0,9.8342,0
SN_005951,LOT_020,10.9164,12.2561,12.6524,12.9047,0,healthy,0.0,50.0,9.8342,0
SN_005952,LOT_020,10.4527,10.8622,10.9369,11.0754,0,healthy,0.0,50.0,9.8342,0
SN_005953,LOT_020,9.7751,10.7323,11.3392,11.6411,0,healthy,0.0,50.0,9.8342,0
SN_005954,LOT_020,10.1647,10.6805,10.9665,10.936,0,healthy,0.0,50.0,9.8342,0
SN_005955,LOT_020,8.636,9.5403,9.7328,9.939,0,healthy,0.0,50.0,9.8342,0
SN_005956,LOT_020,10.6246,11.2078,11.495,11.683,0,healthy,0.0,50.0,9.8342,0
SN_005957,LOT_020,9.4299,9.7599,9.8947,9.948,0,healthy,0.0,50.0,9.8342,0
SN_005958,LOT_020,10.0932,11.4,11.856,12.149,0,healthy,0.0,50.0,9.8342,0
SN_005959,LOT_020,10.2985,11.045,11.0984,11.4391,0,healthy,0.0,50.0,9.8342,0
SN_005960,LOT_020,10.0274,10.4887,10.6811,10.596,0,healthy,0.0,50.0,9.8342,0
SN_005961,LOT_020,8.578,8.933,9.0613,9.0558,0,healthy,0.0,50.0,9.8342,0
SN_005962,LOT_020,9.8656,10.8444,11.2351,11.432,0,healthy,0.0,50.0,9.8342,0
SN_005963,LOT_020,10.5114,,11.0357,11.2326,0,healthy,0.0,50.0,9.8342,0
SN_005964,LOT_020,10.0358,11.3136,11.6948,11.7474,0,healthy,0.0,50.0,9.8342,0
SN_005965,LOT_020,10.2636,11.0308,11.2773,11.5323,0,healthy,0.0,50.0,9.8342,0
SN_005966,LOT_020,11.0889,11.8547,12.0203,12.1031,0,healthy,0.0,50.0,9.8342,0
SN_005967,LOT_020,9.7982,10.4216,10.7015,10.691,0,healthy,0.0,50.0,9.8342,0
SN_005968,LOT_020,10.0402,10.8739,11.273,11.4167,0,healthy,0.0,50.0,9.8342,0
SN_005969,LOT_020,10.0694,11.2247,11.524,11.7588,0,healthy,0.0,50.0,9.8342,0
SN_005970,LOT_020,9.9155,10.333,10.3028,10.4539,0,healthy,0.0,50.0,9.8342,0
SN_005971,LOT_020,10.9695,11.817,11.8774,12.1578,0,healthy,0.0,50.0,9.8342,0
SN_005972,LOT_020,11.366,,13.1855,13.6983,0,healthy,0.0,50.0,9.8342,0
SN_005973,LOT_020,8.7915,10.0493,10.4086,10.44,0,healthy,0.0,50.0,9.8342,0
SN_005974,LOT_020,8.9739,9.8295,10.17,10.2517,0,healthy,0.0,50.0,9.8342,0
SN_005975,LOT_020,10.7633,11.8448,12.1869,12.7076,0,healthy,0.0,50.0,9.8342,0
SN_005976,LOT_020,,10.3797,10.7748,10.8414,0,healthy,0.0,50.0,9.8342,0
SN_005977,LOT_020,10.3432,11.6125,11.6214,11.6524,0,healthy,0.0,50.0,9.8342,0
SN_005978,LOT_020,10.454,11.2325,11.4071,11.7524,0,healthy,0.0,50.0,9.8342,0
SN_005979,LOT_020,10.7961,11.3233,11.4466,11.4327,0,healthy,0.0,50.0,9.8342,0
SN_005980,LOT_020,7.8812,8.3045,8.4496,8.4382,0,healthy,0.0,50.0,9.8342,0
SN_005981,LOT_020,9.5469,10.0357,10.3809,10.5063,0,healthy,0.0,50.0,9.8342,0
SN_005982,LOT_020,8.3315,8.9171,9.2212,9.397,0,healthy,0.0,50.0,9.8342,0
SN_005983,LOT_020,9.0313,9.5911,9.7618,9.9082,0,healthy,0.0,50.0,9.8342,0
SN_005984,LOT_020,10.4742,11.5557,11.9147,11.9434,0,healthy,0.0,50.0,9.8342,0
SN_005985,LOT_020,9.8215,10.576,10.9383,11.2287,0,healthy,0.0,50.0,9.8342,0
SN_005986,LOT_020,10.5709,,11.2943,11.3768,0,healthy,0.0,50.0,9.8342,0
SN_005987,LOT_020,9.3613,10.3856,10.7949,10.9106,0,healthy,0.0,50.0,9.8342,0
SN_005988,LOT_020,9.2999,9.94,10.2275,10.4598,0,healthy,0.0,50.0,9.8342,0
SN_005989,LOT_020,9.9898,10.9323,11.476,11.5351,0,healthy,0.0,50.0,9.8342,0
SN_005990,LOT_020,9.4725,10.044,10.3482,10.6461,0,healthy,0.0,50.0,9.8342,0
SN_005991,LOT_020,11.0645,11.6226,11.7658,11.9669,0,healthy,0.0,50.0,9.8342,0
SN_005992,LOT_020,9.6045,10.917,11.0687,11.6112,0,healthy,0.0,50.0,9.8342,0
SN_005993,LOT_020,8.8491,9.8327,10.3569,10.5017,0,healthy,0.0,50.0,9.8342,0
SN_005994,LOT_020,10.2201,10.8588,11.2299,11.6011,0,healthy,0.0,50.0,9.8342,0
SN_005995,LOT_020,11.5327,11.9073,12.3319,12.1797,0,healthy,0.0,50.0,9.8342,0
SN_005996,LOT_020,11.1919,12.0451,12.2012,12.3787,0,healthy,0.0,50.0,9.8342,0
SN_005997,LOT_020,11.3989,11.7491,11.8856,12.1818,0,healthy,0.0,50.0,9.8342,0
SN_005998,LOT_020,12.2072,12.9824,13.0763,13.0637,0,healthy,0.0,50.0,9.8342,0
SN_005999,LOT_020,9.412,10.0712,10.1863,10.3699,0,healthy,0.0,50.0,9.8342,0
SN_006000,LOT_020,8.9511,9.3008,9.5266,9.5093,0,healthy,0.0,50.0,9.8342,0
SN_006001,LOT_020,9.8164,11.1838,11.2961,11.3488,0,healthy,0.0,50.0,9.8342,0
SN_006002,LOT_020,,11.1573,11.2412,11.3794,0,healthy,0.0,50.0,9.8342,0
SN_006003,LOT_020,10.0842,10.4608,10.7455,10.6877,0,healthy,0.0,50.0,9.8342,0
SN_006004,LOT_020,9.2674,10.3544,10.852,11.0576,0,healthy,0.0,50.0,9.8342,0
SN_006005,LOT_020,11.4844,12.3444,12.6823,13.0972,0,healthy,0.0,50.0,9.8342,0
SN_006006,LOT_020,8.8792,9.4411,9.7719,9.7132,0,healthy,0.0,50.0,9.8342,0
SN_006007,LOT_020,8.6149,8.8385,9.0743,9.0646,0,healthy,0.0,50.0,9.8342,0
SN_006008,LOT_020,11.1945,12.4631,12.8796,12.9702,0,healthy,0.0,50.0,9.8342,0
SN_006009,LOT_020,8.0539,9.0346,9.2706,9.548,0,healthy,0.0,50.0,9.8342,0
SN_006010,LOT_020,10.344,10.99,11.1213,11.1514,0,healthy,0.0,50.0,9.8342,0
SN_006011,LOT_020,11.4436,12.1562,12.3233,12.3591,0,healthy,0.0,50.0,9.8342,0
SN_006012,LOT_020,8.6073,9.4182,9.7413,9.9206,0,healthy,0.0,50.0,9.8342,0
SN_006013,LOT_020,10.4693,11.4064,11.5934,11.7614,0,healthy,0.0,50.0,9.8342,0
SN_006014,LOT_020,9.7623,10.333,10.6064,10.8482,0,healthy,0.0,50.0,9.8342,0
SN_006015,LOT_020,10.4103,11.5107,11.7957,11.8569,0,healthy,0.0,50.0,9.8342,0
SN_006016,LOT_020,12.4879,13.8862,14.4014,14.6524,0,healthy,0.0,50.0,9.8342,0
SN_006017,LOT_020,8.8489,9.5718,9.7084,9.7892,0,healthy,0.0,50.0,9.8342,0
SN_006018,LOT_020,11.8575,12.4508,12.7775,12.8094,0,healthy,0.0,50.0,9.8342,0
SN_006019,LOT_020,9.8771,10.6928,10.8699,11.0874,0,healthy,0.0,50.0,9.8342,0
SN_006020,LOT_020,8.0503,8.6157,8.9519,8.9968,0,healthy,0.0,50.0,9.8342,0
SN_006021,LOT_020,,8.6515,8.9072,8.8739,0,healthy,0.0,50.0,9.8342,0
SN_006022,LOT_020,7.9793,8.7991,9.1792,9.4187,0,healthy,0.0,50.0,9.8342,0
SN_006023,LOT_020,11.1518,12.1381,12.2701,12.6785,0,healthy,0.0,50.0,9.8342,0
SN_006024,LOT_020,9.2293,10.253,10.5967,10.863,0,healthy,0.0,50.0,9.8342,0
SN_006025,LOT_020,9.7413,10.788,11.1266,11.2499,0,healthy,0.0,50.0,9.8342,0
SN_006026,LOT_020,10.6189,11.4386,11.6654,11.8198,0,healthy,0.0,50.0,9.8342,0
SN_006027,LOT_020,8.4854,9.4063,9.7717,10.0855,0,healthy,0.0,50.0,9.8342,0
SN_006028,LOT_020,8.1308,8.6461,8.9099,8.9883,0,healthy,0.0,50.0,9.8342,0
SN_006029,LOT_020,8.9603,9.9841,10.2786,10.4456,0,healthy,0.0,50.0,9.8342,0
SN_006030,LOT_020,9.562,10.0813,10.4572,10.6072,0,healthy,0.0,50.0,9.8342,0
SN_006031,LOT_020,11.5498,12.4293,12.8814,13.0931,0,healthy,0.0,50.0,9.8342,0
SN_006032,LOT_020,,10.716,10.8058,10.9561,0,healthy,0.0,50.0,9.8342,0
SN_006033,LOT_020,11.198,12.3131,12.7415,12.9614,0,healthy,0.0,50.0,9.8342,0
SN_006034,LOT_020,8.5375,9.496,9.9481,10.0712,0,healthy,0.0,50.0,9.8342,0
SN_006035,LOT_020,8.0868,8.9526,9.2556,9.5408,0,healthy,0.0,50.0,9.8342,0
SN_006036,LOT_020,8.9471,9.4179,9.5479,9.6111,0,healthy,0.0,50.0,9.8342,0
SN_006037,LOT_020,11.6339,12.5724,13.0685,13.2774,0,healthy,0.0,50.0,9.8342,0
SN_006038,LOT_020,26.2545,27.2813,29.9116,32.1251,1,esd_oxide,0.0849,50.0,9.8342,0
SN_006039,LOT_020,10.279,11.5704,12.025,12.196,0,healthy,0.0,50.0,9.8342,0
SN_006040,LOT_020,9.2456,10.0046,10.5712,10.7111,0,healthy,0.0,50.0,9.8342,0
SN_006041,LOT_020,,10.4327,10.909,11.0922,0,healthy,0.0,50.0,9.8342,0
SN_006042,LOT_020,7.8951,8.4442,8.5691,8.6999,0,healthy,0.0,50.0,9.8342,0
SN_006043,LOT_020,9.4636,10.1357,10.3905,10.7033,0,healthy,0.0,50.0,9.8342,0
SN_006044,LOT_020,11.8102,12.719,13.2759,13.4379,0,healthy,0.0,50.0,9.8342,0
SN_006045,LOT_020,9.7509,10.4516,10.7043,10.9537,0,healthy,0.0,50.0,9.8342,0
SN_006046,LOT_020,12.8251,14.3249,14.3659,14.7508,0,healthy,0.0,50.0,9.8342,0
SN_006047,LOT_020,10.4012,11.417,11.6235,11.9054,0,healthy,0.0,50.0,9.8342,0
SN_006048,LOT_020,10.9439,,12.3711,12.3878,0,healthy,0.0,50.0,9.8342,0
SN_006049,LOT_020,11.8842,12.5885,12.8418,13.2548,0,healthy,0.0,50.0,9.8342,0
SN_006050,LOT_020,9.3998,10.2022,10.6549,10.8511,0,healthy,0.0,50.0,9.8342,0
SN_006051,LOT_020,8.073,8.3236,8.4539,8.542,0,healthy,0.0,50.0,9.8342,0
SN_006052,LOT_020,8.0245,8.2891,8.4781,8.5757,0,healthy,0.0,50.0,9.8342,0
SN_006053,LOT_020,10.36,11.51,11.8178,11.8593,0,healthy,0.0,50.0,9.8342,0
SN_006054,LOT_020,9.8714,10.6594,10.9589,10.9804,0,healthy,0.0,50.0,9.8342,0
SN_006055,LOT_020,11.2737,11.6545,11.9644,12.0416,0,healthy,0.0,50.0,9.8342,0
SN_006056,LOT_020,8.938,9.359,9.4709,9.7148,0,healthy,0.0,50.0,9.8342,0
SN_006057,LOT_020,10.8002,12.3116,12.5366,12.998,0,healthy,0.0,50.0,9.8342,0
SN_006058,LOT_020,9.8399,10.5001,10.3799,10.5192,0,healthy,0.0,50.0,9.8342,0
SN_006059,LOT_020,9.2224,10.1438,10.376,10.5204,0,healthy,0.0,50.0,9.8342,0
SN_006060,LOT_020,11.072,12.4152,12.917,13.1938,0,healthy,0.0,50.0,9.8342,0
SN_006061,LOT_020,10.6412,11.6981,12.4323,12.6025,0,healthy,0.0,50.0,9.8342,0
SN_006062,LOT_020,,11.6481,11.824,11.8314,0,healthy,0.0,50.0,9.8342,0
SN_006063,LOT_020,10.7069,11.6479,11.8583,12.3753,0,healthy,0.0,50.0,9.8342,0
SN_006064,LOT_020,,10.9245,11.1931,11.326,0,healthy,0.0,50.0,9.8342,0
SN_006065,LOT_020,,12.9069,13.4053,13.7119,0,healthy,0.0,50.0,9.8342,0
SN_006066,LOT_020,9.9088,11.0414,11.477,11.5168,0,healthy,0.0,50.0,9.8342,0
SN_006067,LOT_020,9.9039,10.621,10.885,11.1363,0,healthy,0.0,50.0,9.8342,0
SN_006068,LOT_020,9.2972,10.1327,10.4681,10.6107,0,healthy,0.0,50.0,9.8342,0
SN_006069,LOT_020,9.9873,10.8615,11.1631,11.3018,0,healthy,0.0,50.0,9.8342,0
SN_006070,LOT_020,10.1286,11.3257,11.8881,12.0205,0,healthy,0.0,50.0,9.8342,0
SN_006071,LOT_020,9.3408,9.8887,9.903,10.0376,0,healthy,0.0,50.0,9.8342,0
SN_006072,LOT_020,7.548,7.8263,7.9042,7.958,0,healthy,0.0,50.0,9.8342,0
SN_006073,LOT_020,9.6506,9.9853,10.4306,10.3012,0,healthy,0.0,50.0,9.8342,0
SN_006074,LOT_020,10.337,11.3656,11.8651,12.0627,0,healthy,0.0,50.0,9.8342,0
SN_006075,LOT_020,9.0837,9.7979,10.3081,10.4241,0,healthy,0.0,50.0,9.8342,0
SN_006076,LOT_020,10.3471,10.9626,10.8573,11.011,0,healthy,0.0,50.0,9.8342,0
SN_006077,LOT_020,10.0482,,11.8103,11.9636,0,healthy,0.0,50.0,9.8342,0
SN_006078,LOT_020,10.4095,10.7266,10.8842,10.7952,0,healthy,0.0,50.0,9.8342,0
SN_006079,LOT_020,13.1149,14.4471,14.99,15.2518,0,healthy,0.0,50.0,9.8342,0
SN_006080,LOT_020,10.7358,11.9109,12.4238,12.4841,0,healthy,0.0,50.0,9.8342,0
SN_006081,LOT_020,9.2697,10.3325,10.6126,10.8015,0,healthy,0.0,50.0,9.8342,0
SN_006082,LOT_020,9.3354,10.1651,10.5278,10.6827,0,healthy,0.0,50.0,9.8342,0
SN_006083,LOT_020,8.1261,8.5078,8.5033,8.4551,0,healthy,0.0,50.0,9.8342,0
SN_006084,LOT_020,10.2618,10.6688,10.7206,10.7475,0,healthy,0.0,50.0,9.8342,0
SN_006085,LOT_020,10.4075,10.7897,11.1457,10.993,0,healthy,0.0,50.0,9.8342,0
SN_006086,LOT_020,10.8194,11.4408,11.8779,12.1281,0,healthy,0.0,50.0,9.8342,0
SN_006087,LOT_020,8.8298,9.403,9.6229,9.7478,0,healthy,0.0,50.0,9.8342,0
SN_006088,LOT_020,,11.5652,12.0353,12.2714,0,healthy,0.0,50.0,9.8342,0
SN_006089,LOT_020,9.1243,10.107,10.3816,10.3895,0,healthy,0.0,50.0,9.8342,0
SN_006090,LOT_020,9.1291,9.5019,9.9097,9.9462,0,healthy,0.0,50.0,9.8342,0
SN_006091,LOT_020,9.084,9.9953,10.5904,10.6874,0,healthy,0.0,50.0,9.8342,0
SN_006092,LOT_020,10.6809,11.0251,11.3068,11.3186,0,healthy,0.0,50.0,9.8342,0
SN_006093,LOT_020,8.649,9.1815,9.5012,9.4862,0,healthy,0.0,50.0,9.8342,0
SN_006094,LOT_020,8.2022,8.7065,8.9946,8.9175,0,healthy,0.0,50.0,9.8342,0
SN_006095,LOT_020,7.9562,8.701,8.8751,9.0796,0,healthy,0.0,50.0,9.8342,0
SN_006096,LOT_020,9.4079,10.423,10.7641,11.1351,0,healthy,0.0,50.0,9.8342,0
SN_006097,LOT_020,9.7548,10.5399,10.65,10.8795,0,healthy,0.0,50.0,9.8342,0
SN_006098,LOT_020,10.1782,10.6857,10.8178,11.0823,0,healthy,0.0,50.0,9.8342,0
SN_006099,LOT_020,,9.5379,9.6788,9.6737,0,healthy,0.0,50.0,9.8342,0
SN_006100,LOT_020,9.7794,10.9373,11.2609,11.7096,0,healthy,0.0,50.0,9.8342,0
SN_006101,LOT_020,9.1376,9.6097,9.8468,9.9007,0,healthy,0.0,50.0,9.8342,0
SN_006102,LOT_020,12.5046,13.4723,13.9416,14.1079,0,healthy,0.0,50.0,9.8342,0
SN_006103,LOT_020,11.1348,12.1627,12.4795,12.8097,0,healthy,0.0,50.0,9.8342,0
SN_006104,LOT_020,8.9149,9.8885,10.1169,10.441,0,healthy,0.0,50.0,9.8342,0
SN_006105,LOT_020,10.4702,10.9151,11.0447,11.2468,0,healthy,0.0,50.0,9.8342,0
SN_006106,LOT_020,10.0955,10.8758,11.1784,11.4023,0,healthy,0.0,50.0,9.8342,0
SN_006107,LOT_020,9.5809,10.0269,10.1684,10.3137,0,healthy,0.0,50.0,9.8342,0
SN_006108,LOT_020,10.5739,10.9581,11.1444,11.2301,0,healthy,0.0,50.0,9.8342,0
SN_006109,LOT_020,12.465,12.7362,13.1342,12.9978,0,healthy,0.0,50.0,9.8342,0
SN_006110,LOT_020,9.3412,9.7368,9.9365,9.8848,0,healthy,0.0,50.0,9.8342,0
SN_006111,LOT_020,10.2361,10.986,11.181,11.1674,0,healthy,0.0,50.0,9.8342,0
SN_006112,LOT_020,10.1752,11.2811,11.4865,11.786,0,healthy,0.0,50.0,9.8342,0
SN_006113,LOT_020,9.4621,10.2429,10.5933,10.7344,0,healthy,0.0,50.0,9.8342,0
SN_006114,LOT_020,8.9629,9.981,10.0967,10.0209,0,healthy,0.0,50.0,9.8342,0
SN_006115,LOT_020,10.9392,,12.4791,12.5332,0,healthy,0.0,50.0,9.8342,0
SN_006116,LOT_020,10.2436,11.1045,11.7141,11.5019,0,healthy,0.0,50.0,9.8342,0
SN_006117,LOT_020,8.802,9.9975,10.2646,10.4516,0,healthy,0.0,50.0,9.8342,0
SN_006118,LOT_020,8.5214,9.1804,9.6505,9.8061,0,healthy,0.0,50.0,9.8342,0
SN_006119,LOT_020,10.1514,10.6641,10.9419,10.8052,0,healthy,0.0,50.0,9.8342,0
SN_006120,LOT_020,10.505,11.2352,11.5704,11.7938,0,healthy,0.0,50.0,9.8342,0
SN_006121,LOT_020,10.5431,11.163,11.4136,11.6881,0,healthy,0.0,50.0,9.8342,0
SN_006122,LOT_020,10.2866,10.7848,11.2414,11.3627,0,healthy,0.0,50.0,9.8342,0
SN_006123,LOT_020,7.701,8.6902,9.0559,9.1751,0,healthy,0.0,50.0,9.8342,0
SN_006124,LOT_020,10.0579,11.0585,11.4702,11.6814,0,healthy,0.0,50.0,9.8342,0
SN_006125,LOT_020,11.2542,12.2417,12.3937,12.614,0,healthy,0.0,50.0,9.8342,0
SN_006126,LOT_020,11.1846,11.9568,12.2005,12.2792,0,healthy,0.0,50.0,9.8342,0
SN_006127,LOT_020,10.1655,11.4279,11.7864,11.9625,0,healthy,0.0,50.0,9.8342,0
SN_006128,LOT_020,10.7474,11.3532,11.6257,11.7011,0,healthy,0.0,50.0,9.8342,0
SN_006129,LOT_020,8.4742,9.1363,9.7132,9.8693,0,healthy,0.0,50.0,9.8342,0
SN_006130,LOT_020,8.5095,,9.6209,9.9928,0,healthy,0.0,50.0,9.8342,0
SN_006131,LOT_020,11.9237,12.9509,13.6481,13.8115,0,healthy,0.0,50.0,9.8342,0
SN_006132,LOT_020,9.2466,9.8326,10.0472,10.2815,0,healthy,0.0,50.0,9.8342,0
SN_006133,LOT_020,11.915,12.5012,12.8061,12.8221,0,healthy,0.0,50.0,9.8342,0
SN_006134,LOT_020,8.857,9.1592,9.4736,9.4661,0,healthy,0.0,50.0,9.8342,0
SN_006135,LOT_020,9.9139,10.9571,11.4345,11.4575,0,healthy,0.0,50.0,9.8342,0
SN_006136,LOT_020,9.7349,10.4059,10.561,10.8492,0,healthy,0.0,50.0,9.8342,0
SN_006137,LOT_020,9.8397,10.9663,11.4963,11.8633,0,healthy,0.0,50.0,9.8342,0
SN_006138,LOT_020,10.3044,11.199,11.4866,11.4587,0,healthy,0.0,50.0,9.8342,0
SN_006139,LOT_020,,10.7565,10.8892,10.9552,0,healthy,0.0,50.0,9.8342,0
SN_006140,LOT_020,30.9754,32.5226,35.7476,39.6398,1,esd_oxide,0.3249,50.0,9.8342,0
SN_006141,LOT_020,10.8601,11.6085,11.7372,12.105,0,healthy,0.0,50.0,9.8342,0
SN_006142,LOT_020,9.6753,10.9804,11.1506,11.4056,0,healthy,0.0,50.0,9.8342,0
SN_006143,LOT_020,9.1952,10.0583,10.5844,10.5216,0,healthy,0.0,50.0,9.8342,0
SN_006144,LOT_020,9.7274,10.0573,10.1942,10.3136,0,healthy,0.0,50.0,9.8342,0
SN_006145,LOT_020,7.4597,8.4598,8.693,8.87,0,healthy,0.0,50.0,9.8342,0
SN_006146,LOT_020,8.8297,9.6309,9.6865,9.8207,0,healthy,0.0,50.0,9.8342,0
SN_006147,LOT_020,8.9115,9.5368,9.8937,9.9273,0,healthy,0.0,50.0,9.8342,0
SN_006148,LOT_020,8.5835,9.2598,9.6662,9.8641,0,healthy,0.0,50.0,9.8342,0
SN_006149,LOT_020,9.4022,10.3151,10.769,10.9911,0,healthy,0.0,50.0,9.8342,0
SN_006150,LOT_020,10.126,10.7173,10.7706,10.9445,0,healthy,0.0,50.0,9.8342,0
SN_006151,LOT_020,10.7596,11.0647,11.3459,11.4189,0,healthy,0.0,50.0,9.8342,0
SN_006152,LOT_020,9.4257,9.9205,10.0487,10.0664,0,healthy,0.0,50.0,9.8342,0
SN_006153,LOT_020,8.2158,8.9667,9.45,9.6023,0,healthy,0.0,50.0,9.8342,0
SN_006154,LOT_020,10.7288,12.0841,12.0936,12.4272,0,healthy,0.0,50.0,9.8342,0
SN_006155,LOT_020,9.6493,10.0542,10.5764,10.775,0,healthy,0.0,50.0,9.8342,0
SN_006156,LOT_020,10.0527,11.013,11.7644,11.9088,0,healthy,0.0,50.0,9.8342,0
SN_006157,LOT_020,11.8578,12.9834,13.3439,13.513,0,healthy,0.0,50.0,9.8342,0
SN_006158,LOT_020,10.4626,11.082,11.3243,11.4101,0,healthy,0.0,50.0,9.8342,0
SN_006159,LOT_020,9.2705,10.4577,10.8232,10.9664,0,healthy,0.0,50.0,9.8342,0
SN_006160,LOT_020,7.824,8.2986,8.6065,8.4932,0,healthy,0.0,50.0,9.8342,0
SN_006161,LOT_020,11.8545,12.5988,12.8878,13.0827,0,healthy,0.0,50.0,9.8342,0
SN_006162,LOT_020,10.0993,11.0891,11.3979,11.5523,0,healthy,0.0,50.0,9.8342,0
SN_006163,LOT_020,8.6803,,10.1808,10.4724,0,healthy,0.0,50.0,9.8342,0
SN_006164,LOT_020,8.5302,,9.061,9.1565,0,healthy,0.0,50.0,9.8342,0
SN_006165,LOT_020,10.2088,11.559,12.0014,12.1779,0,healthy,0.0,50.0,9.8342,0
SN_006166,LOT_020,9.869,10.9471,11.2036,11.4927,0,healthy,0.0,50.0,9.8342,0
SN_006167,LOT_020,12.7854,13.5656,13.6613,13.7729,0,healthy,0.0,50.0,9.8342,0
SN_006168,LOT_020,10.8627,11.4382,11.8918,12.124,0,healthy,0.0,50.0,9.8342,0
SN_006169,LOT_020,8.9876,9.4579,9.5678,9.7727,0,healthy,0.0,50.0,9.8342,0
SN_006170,LOT_020,,11.3656,11.8302,11.9823,0,healthy,0.0,50.0,9.8342,0
SN_006171,LOT_020,9.2185,9.575,9.6714,9.6427,0,healthy,0.0,50.0,9.8342,0
SN_006172,LOT_020,9.2473,10.0331,10.2475,10.2832,0,healthy,0.0,50.0,9.8342,0
SN_006173,LOT_020,9.6668,10.3139,10.3798,10.505,0,healthy,0.0,50.0,9.8342,0
SN_006174,LOT_020,10.511,11.5406,11.7887,11.9325,0,healthy,0.0,50.0,9.8342,0
SN_006175,LOT_020,9.0384,9.557,9.8843,9.8656,0,healthy,0.0,50.0,9.8342,0
SN_006176,LOT_020,11.105,11.9246,12.3503,12.3806,0,healthy,0.0,50.0,9.8342,0
SN_006177,LOT_020,9.0512,9.5714,9.8044,9.9193,0,healthy,0.0,50.0,9.8342,0
SN_006178,LOT_020,9.5608,10.8267,11.0822,11.1858,0,healthy,0.0,50.0,9.8342,0
SN_006179,LOT_020,11.4608,12.8723,13.2045,13.6265,0,healthy,0.0,50.0,9.8342,0
SN_006180,LOT_020,9.6968,10.6609,11.217,11.44,0,healthy,0.0,50.0,9.8342,0
SN_006181,LOT_020,9.4691,10.1475,10.2891,10.3049,0,healthy,0.0,50.0,9.8342,0
SN_006182,LOT_020,8.5659,9.139,9.4275,9.4515,0,healthy,0.0,50.0,9.8342,0
SN_006183,LOT_020,7.8527,8.5021,8.6692,8.6976,0,healthy,0.0,50.0,9.8342,0
SN_006184,LOT_020,9.9127,,10.8558,10.9242,0,healthy,0.0,50.0,9.8342,0
SN_006185,LOT_020,,10.5548,10.9432,10.9378,0,healthy,0.0,50.0,9.8342,0
SN_006186,LOT_020,10.5063,11.2021,11.3791,11.55,0,healthy,0.0,50.0,9.8342,0
SN_006187,LOT_020,9.0623,10.2414,10.5346,10.8043,0,healthy,0.0,50.0,9.8342,0
SN_006188,LOT_020,,12.8928,13.3659,13.6794,0,healthy,0.0,50.0,9.8342,0
SN_006189,LOT_020,10.5956,11.3713,11.3899,11.7488,0,healthy,0.0,50.0,9.8342,0
SN_006190,LOT_020,11.3983,12.0135,12.2893,12.3713,0,healthy,0.0,50.0,9.8342,0
SN_006191,LOT_020,10.8189,11.9337,12.3295,12.3138,0,healthy,0.0,50.0,9.8342,0
SN_006192,LOT_020,9.2828,9.7467,9.9292,10.0653,0,healthy,0.0,50.0,9.8342,0
SN_006193,LOT_020,10.7633,11.4113,11.4305,11.7548,0,healthy,0.0,50.0,9.8342,0
SN_006194,LOT_020,9.7814,10.2668,10.7183,11.073,0,healthy,0.0,50.0,9.8342,0
SN_006195,LOT_020,9.7397,10.0434,10.4768,10.5172,0,healthy,0.0,50.0,9.8342,0
SN_006196,LOT_020,9.8776,11.1368,11.4031,11.5048,0,healthy,0.0,50.0,9.8342,0
SN_006197,LOT_020,9.9569,,10.665,10.7652,0,healthy,0.0,50.0,9.8342,0
SN_006198,LOT_020,10.526,11.0185,10.9824,11.0212,0,healthy,0.0,50.0,9.8342,0
SN_006199,LOT_020,9.504,10.5643,10.9682,11.1948,0,healthy,0.0,50.0,9.8342,0
SN_006200,LOT_020,8.702,9.4704,9.9048,9.9701,0,healthy,0.0,50.0,9.8342,0
SN_006201,LOT_020,10.0959,10.6588,10.9101,10.9183,0,healthy,0.0,50.0,9.8342,0
SN_006202,LOT_020,7.3946,8.0699,8.3297,8.6912,0,healthy,0.0,50.0,9.8342,0
SN_006203,LOT_020,8.8296,9.8193,10.0748,10.1123,0,healthy,0.0,50.0,9.8342,0
SN_006204,LOT_020,8.374,9.401,9.9053,10.0881,0,healthy,0.0,50.0,9.8342,0
SN_006205,LOT_020,9.8474,10.5678,10.7712,11.1305,0,healthy,0.0,50.0,9.8342,0
SN_006206,LOT_020,10.4208,11.0435,11.543,11.6156,0,healthy,0.0,50.0,9.8342,0
SN_006207,LOT_020,,9.3362,9.487,9.5209,0,healthy,0.0,50.0,9.8342,0
SN_006208,LOT_020,8.2022,8.972,9.0873,9.2369,0,healthy,0.0,50.0,9.8342,0
SN_006209,LOT_020,10.062,10.5669,10.653,10.9013,0,healthy,0.0,50.0,9.8342,0
SN_006210,LOT_020,9.3241,9.7737,9.9246,9.9832,0,healthy,0.0,50.0,9.8342,0
SN_006211,LOT_020,10.2605,11.4017,11.7852,12.0875,0,healthy,0.0,50.0,9.8342,0
SN_006212,LOT_020,9.9981,11.01,11.3347,11.5614,0,healthy,0.0,50.0,9.8342,0
SN_006213,LOT_020,12.7107,13.2948,13.2301,13.6595,0,healthy,0.0,50.0,9.8342,0
SN_006214,LOT_020,9.246,9.7713,10.0949,10.1691,0,healthy,0.0,50.0,9.8342,0
SN_006215,LOT_021,13.3277,14.149,14.3652,14.3677,0,healthy,0.0,50.0,14.5973,0
SN_006216,LOT_021,15.1288,15.5504,15.9215,16.1864,0,healthy,0.0,50.0,14.5973,0
SN_006217,LOT_021,18.2383,,19.3534,19.3374,0,healthy,0.0,50.0,14.5973,0
SN_006218,LOT_021,12.1739,13.0894,13.3076,13.5346,0,healthy,0.0,50.0,14.5973,0
SN_006219,LOT_021,14.4337,16.5907,16.9691,17.2983,0,healthy,0.0,50.0,14.5973,0
SN_006220,LOT_021,15.6776,,17.2804,17.0903,0,healthy,0.0,50.0,14.5973,0
SN_006221,LOT_021,16.6659,18.0288,18.0428,18.4074,0,healthy,0.0,50.0,14.5973,0
SN_006222,LOT_021,17.9512,19.7721,20.7407,21.0877,0,healthy,0.0,50.0,14.5973,0
SN_006223,LOT_021,13.6534,15.0338,15.6043,15.8645,0,healthy,0.0,50.0,14.5973,0
SN_006224,LOT_021,15.104,,17.5078,17.5638,0,healthy,0.0,50.0,14.5973,0
SN_006225,LOT_021,14.666,16.0398,16.4685,16.7414,0,healthy,0.0,50.0,14.5973,0
SN_006226,LOT_021,16.1196,16.7965,17.0673,17.0485,0,healthy,0.0,50.0,14.5973,0
SN_006227,LOT_021,12.727,14.2112,14.7166,15.0184,0,healthy,0.0,50.0,14.5973,0
SN_006228,LOT_021,12.8369,14.3428,15.0337,15.2571,0,healthy,0.0,50.0,14.5973,0
SN_006229,LOT_021,12.2709,13.1533,13.5622,13.82,0,healthy,0.0,50.0,14.5973,0
SN_006230,LOT_021,11.7919,13.0919,13.6447,13.9921,0,healthy,0.0,50.0,14.5973,0
SN_006231,LOT_021,13.9043,15.8364,16.2835,16.6819,0,healthy,0.0,50.0,14.5973,0
SN_006232,LOT_021,11.9695,12.7488,12.7467,13.1164,0,healthy,0.0,50.0,14.5973,0
SN_006233,LOT_021,17.6157,18.631,19.0381,19.2572,0,healthy,0.0,50.0,14.5973,0
SN_006234,LOT_021,16.8095,18.9983,19.3774,19.6152,0,healthy,0.0,50.0,14.5973,0
SN_006235,LOT_021,12.9513,14.0469,14.4845,14.7956,0,healthy,0.0,50.0,14.5973,0
SN_006236,LOT_021,17.0519,19.6769,19.9912,20.4629,0,healthy,0.0,50.0,14.5973,0
SN_006237,LOT_021,12.869,,13.7491,13.8901,0,healthy,0.0,50.0,14.5973,0
SN_006238,LOT_021,13.5473,14.1691,14.5267,14.6679,0,healthy,0.0,50.0,14.5973,0
SN_006239,LOT_021,10.9815,11.5358,11.7894,11.813,0,healthy,0.0,50.0,14.5973,0
SN_006240,LOT_021,14.8727,15.4312,15.832,15.7641,0,healthy,0.0,50.0,14.5973,0
SN_006241,LOT_021,,22.4092,22.7093,22.7963,0,healthy,0.0,50.0,14.5973,0
SN_006242,LOT_021,16.5012,17.7366,18.2034,18.4545,0,healthy,0.0,50.0,14.5973,0
SN_006243,LOT_021,13.7615,14.6366,15.1768,15.5128,0,healthy,0.0,50.0,14.5973,0
SN_006244,LOT_021,12.9255,15.6859,17.019,17.7664,1,nbti_ageing,0.1146,50.0,14.5973,0
SN_006245,LOT_021,12.2648,13.3024,13.6264,13.8339,0,healthy,0.0,50.0,14.5973,0
SN_006246,LOT_021,14.7244,16.6033,17.3781,17.4162,0,healthy,0.0,50.0,14.5973,0
SN_006247,LOT_021,16.3713,18.2901,18.9616,19.7446,0,healthy,0.0,50.0,14.5973,0
SN_006248,LOT_021,14.0966,14.5489,14.7964,15.2871,0,healthy,0.0,50.0,14.5973,0
SN_006249,LOT_021,14.2134,16.096,16.5332,16.674,0,healthy,0.0,50.0,14.5973,0
SN_006250,LOT_021,14.2947,15.5639,15.852,15.9504,0,healthy,0.0,50.0,14.5973,0
SN_006251,LOT_021,12.9618,14.0245,14.5761,14.8993,0,healthy,0.0,50.0,14.5973,0
SN_006252,LOT_021,13.5314,14.0291,14.4309,14.3184,0,healthy,0.0,50.0,14.5973,0
SN_006253,LOT_021,17.7658,19.0837,19.8225,20.3952,0,healthy,0.0,50.0,14.5973,0
SN_006254,LOT_021,14.4083,15.8787,16.2605,16.619,0,healthy,0.0,50.0,14.5973,0
SN_006255,LOT_021,17.3387,18.4354,18.5828,18.9056,0,healthy,0.0,50.0,14.5973,0
SN_006256,LOT_021,19.6032,20.2706,20.5358,20.8548,0,healthy,0.0,50.0,14.5973,0
SN_006257,LOT_021,16.6316,18.4994,19.3588,19.5943,0,healthy,0.0,50.0,14.5973,0
SN_006258,LOT_021,15.2279,16.7729,17.2403,17.5691,0,healthy,0.0,50.0,14.5973,0
SN_006259,LOT_021,15.424,16.7648,17.2099,17.8226,0,healthy,0.0,50.0,14.5973,0
SN_006260,LOT_021,13.3338,14.409,14.7225,14.9786,0,healthy,0.0,50.0,14.5973,0
SN_006261,LOT_021,13.9708,14.698,14.6101,14.7405,0,healthy,0.0,50.0,14.5973,0
SN_006262,LOT_021,13.0576,13.4324,13.8236,13.8458,0,healthy,0.0,50.0,14.5973,0
SN_006263,LOT_021,16.441,,18.9473,18.7707,0,healthy,0.0,50.0,14.5973,0
SN_006264,LOT_021,18.0085,18.8242,19.3754,19.1783,0,healthy,0.0,50.0,14.5973,0
SN_006265,LOT_021,18.1291,19.6422,20.3331,20.656,0,healthy,0.0,50.0,14.5973,0
SN_006266,LOT_021,13.161,14.1912,14.3659,14.8351,0,healthy,0.0,50.0,14.5973,0
SN_006267,LOT_021,15.7509,16.7401,17.1546,17.4313,0,healthy,0.0,50.0,14.5973,0
SN_006268,LOT_021,12.5715,12.9367,13.1606,13.3661,0,healthy,0.0,50.0,14.5973,0
SN_006269,LOT_021,13.7705,15.3484,16.1291,16.4576,0,healthy,0.0,50.0,14.5973,0
SN_006270,LOT_021,14.7008,15.7195,15.9495,16.3075,0,healthy,0.0,50.0,14.5973,0
SN_006271,LOT_021,14.8771,19.079,21.3849,22.3893,1,nbti_ageing,0.2067,50.0,14.5973,0
SN_006272,LOT_021,13.0517,,14.2479,14.5141,0,healthy,0.0,50.0,14.5973,0
SN_006273,LOT_021,14.453,16.1122,16.3285,16.4712,0,healthy,0.0,50.0,14.5973,0
SN_006274,LOT_021,44.0,46.2068,54.039,61.5353,1,subtle_in_spec,0.7451,50.0,14.5973,0
SN_006275,LOT_021,13.5077,14.4518,14.6162,14.8329,0,healthy,0.0,50.0,14.5973,0
SN_006276,LOT_021,13.5529,14.2358,14.4695,14.6866,0,healthy,0.0,50.0,14.5973,0
SN_006277,LOT_021,17.0237,18.1864,18.9615,18.7965,0,healthy,0.0,50.0,14.5973,0
SN_006278,LOT_021,16.7993,17.5524,17.7798,18.1783,0,healthy,0.0,50.0,14.5973,0
SN_006279,LOT_021,14.6455,15.477,15.7346,15.795,0,healthy,0.0,50.0,14.5973,0
SN_006280,LOT_021,14.0958,15.4157,16.2699,16.3193,0,healthy,0.0,50.0,14.5973,0
SN_006281,LOT_021,13.4559,14.2696,14.4458,14.8119,0,healthy,0.0,50.0,14.5973,0
SN_006282,LOT_021,17.6383,18.3452,18.6678,18.5222,0,healthy,0.0,50.0,14.5973,0
SN_006283,LOT_021,15.6595,16.9134,17.7008,17.951,0,healthy,0.0,50.0,14.5973,0
SN_006284,LOT_021,13.0355,14.6582,15.2501,15.6411,0,healthy,0.0,50.0,14.5973,0
SN_006285,LOT_021,16.485,17.7865,17.8835,18.3621,0,healthy,0.0,50.0,14.5973,0
SN_006286,LOT_021,15.6353,16.4741,16.9426,16.6284,0,healthy,0.0,50.0,14.5973,0
SN_006287,LOT_021,15.8571,16.4335,16.9649,17.0495,0,healthy,0.0,50.0,14.5973,0
SN_006288,LOT_021,13.187,13.8404,14.184,14.0739,0,healthy,0.0,50.0,14.5973,0
SN_006289,LOT_021,13.8808,15.5909,16.1455,16.1678,0,healthy,0.0,50.0,14.5973,0
SN_006290,LOT_021,16.4093,17.2551,17.6722,17.6863,0,healthy,0.0,50.0,14.5973,0
SN_006291,LOT_021,15.3871,16.4956,16.7549,16.8562,0,healthy,0.0,50.0,14.5973,0
SN_006292,LOT_021,12.8887,14.5371,15.097,15.2746,0,healthy,0.0,50.0,14.5973,0
SN_006293,LOT_021,,16.3223,16.659,16.9914,0,healthy,0.0,50.0,14.5973,0
SN_006294,LOT_021,12.7396,13.4412,13.5943,13.8724,0,healthy,0.0,50.0,14.5973,0
SN_006295,LOT_021,14.0695,,15.2685,15.473,0,healthy,0.0,50.0,14.5973,0
SN_006296,LOT_021,14.9222,,16.0822,16.31,0,healthy,0.0,50.0,14.5973,0
SN_006297,LOT_021,10.4679,11.5534,11.8519,11.9921,0,healthy,0.0,50.0,14.5973,0
SN_006298,LOT_021,14.9096,16.415,16.8373,17.1424,0,healthy,0.0,50.0,14.5973,0
SN_006299,LOT_021,16.2293,17.0819,17.205,17.5701,0,healthy,0.0,50.0,14.5973,0
SN_006300,LOT_021,15.0084,17.2055,17.6207,17.9323,0,healthy,0.0,50.0,14.5973,0
SN_006301,LOT_021,17.3904,18.9583,19.5732,19.8144,0,healthy,0.0,50.0,14.5973,0
SN_006302,LOT_021,15.7632,17.2509,17.872,18.1198,0,healthy,0.0,50.0,14.5973,0
SN_006303,LOT_021,13.4742,13.957,14.4524,14.3419,0,healthy,0.0,50.0,14.5973,0
SN_006304,LOT_021,20.1969,22.5767,23.5141,23.6148,0,healthy,0.0,50.0,14.5973,0
SN_006305,LOT_021,14.3275,14.9106,14.9335,15.0819,0,healthy,0.0,50.0,14.5973,0
SN_006306,LOT_021,12.9587,13.809,14.1618,14.5765,0,healthy,0.0,50.0,14.5973,0
SN_006307,LOT_021,15.9144,17.0908,17.1268,17.5665,0,healthy,0.0,50.0,14.5973,0
SN_006308,LOT_021,15.243,16.9095,17.4527,17.9211,0,healthy,0.0,50.0,14.5973,0
SN_006309,LOT_021,13.1352,14.1599,14.419,14.4065,0,healthy,0.0,50.0,14.5973,0
SN_006310,LOT_021,,17.8415,18.3549,18.6729,0,healthy,0.0,50.0,14.5973,0
SN_006311,LOT_021,15.9641,17.8507,18.7959,18.8942,0,healthy,0.0,50.0,14.5973,0
SN_006312,LOT_021,14.8172,16.4077,17.1511,17.1458,0,healthy,0.0,50.0,14.5973,0
SN_006313,LOT_021,12.468,13.0352,13.483,13.627,0,healthy,0.0,50.0,14.5973,0
SN_006314,LOT_021,14.2297,15.3929,16.0585,16.0713,0,healthy,0.0,50.0,14.5973,0
SN_006315,LOT_021,14.6367,16.0887,16.2087,16.1175,0,healthy,0.0,50.0,14.5973,0
SN_006316,LOT_021,14.1948,15.903,16.3647,16.1879,0,healthy,0.0,50.0,14.5973,0
SN_006317,LOT_021,15.2841,17.0391,17.5527,17.737,0,healthy,0.0,50.0,14.5973,0
SN_006318,LOT_021,13.3328,14.5933,15.0626,15.2003,0,healthy,0.0,50.0,14.5973,0
SN_006319,LOT_021,12.0059,,13.3926,13.7814,0,healthy,0.0,50.0,14.5973,0
SN_006320,LOT_021,16.2018,16.9912,17.1755,17.6749,0,healthy,0.0,50.0,14.5973,0
SN_006321,LOT_021,14.5236,15.885,16.2181,16.5249,0,healthy,0.0,50.0,14.5973,0
SN_006322,LOT_021,12.8283,14.1385,14.5423,14.7531,0,healthy,0.0,50.0,14.5973,0
SN_006323,LOT_021,15.7764,17.4135,18.0116,18.4763,0,healthy,0.0,50.0,14.5973,0
SN_006324,LOT_021,14.5257,15.2707,15.4016,15.1433,0,healthy,0.0,50.0,14.5973,0
SN_006325,LOT_021,13.0849,14.0649,14.4109,14.5274,0,healthy,0.0,50.0,14.5973,0
SN_006326,LOT_021,11.2379,11.6813,11.8408,11.8364,0,healthy,0.0,50.0,14.5973,0
SN_006327,LOT_021,12.4712,13.6673,14.3448,14.4343,0,healthy,0.0,50.0,14.5973,0
SN_006328,LOT_021,18.64,20.6291,21.3638,21.6597,0,healthy,0.0,50.0,14.5973,0
SN_006329,LOT_021,15.4172,17.2161,17.6095,17.871,0,healthy,0.0,50.0,14.5973,0
SN_006330,LOT_021,,14.3257,14.3419,14.5983,0,healthy,0.0,50.0,14.5973,0
SN_006331,LOT_021,13.8163,15.099,15.5804,15.8771,0,healthy,0.0,50.0,14.5973,0
SN_006332,LOT_021,15.6705,17.8657,18.1397,18.2855,0,healthy,0.0,50.0,14.5973,0
SN_006333,LOT_021,12.9743,14.0778,14.3177,14.4044,0,healthy,0.0,50.0,14.5973,0
SN_006334,LOT_021,16.2949,17.5788,18.3851,18.7504,0,healthy,0.0,50.0,14.5973,0
SN_006335,LOT_021,14.3141,15.7616,16.1372,16.5081,0,healthy,0.0,50.0,14.5973,0
SN_006336,LOT_021,14.5053,15.5761,15.7169,15.9204,0,healthy,0.0,50.0,14.5973,0
SN_006337,LOT_021,19.4214,20.6794,21.1622,21.6041,0,healthy,0.0,50.0,14.5973,0
SN_006338,LOT_021,10.4106,11.4829,11.9222,12.1774,0,healthy,0.0,50.0,14.5973,0
SN_006339,LOT_021,14.4804,15.2178,15.1116,15.1641,0,healthy,0.0,50.0,14.5973,0
SN_006340,LOT_021,17.1225,,19.358,19.7382,0,healthy,0.0,50.0,14.5973,0
SN_006341,LOT_021,16.8872,17.906,18.3533,18.4021,0,healthy,0.0,50.0,14.5973,0
SN_006342,LOT_021,16.4277,17.5604,17.8338,18.1117,0,healthy,0.0,50.0,14.5973,0
SN_006343,LOT_021,16.1097,17.2891,17.2438,17.5329,0,healthy,0.0,50.0,14.5973,0
SN_006344,LOT_021,14.641,16.1585,16.4318,16.7658,0,healthy,0.0,50.0,14.5973,0
SN_006345,LOT_021,10.9017,11.4328,11.7071,11.7637,0,healthy,0.0,50.0,14.5973,0
SN_006346,LOT_021,15.3481,16.9869,17.4641,17.9737,0,healthy,0.0,50.0,14.5973,0
SN_006347,LOT_021,16.2476,17.4875,17.6855,18.0934,0,healthy,0.0,50.0,14.5973,0
SN_006348,LOT_021,16.0384,16.908,17.0162,17.1706,0,healthy,0.0,50.0,14.5973,0
SN_006349,LOT_021,10.9069,11.9512,12.1138,12.1761,0,healthy,0.0,50.0,14.5973,0
SN_006350,LOT_021,13.1341,13.7875,13.9234,14.0841,0,healthy,0.0,50.0,14.5973,0
SN_006351,LOT_021,12.9724,14.2983,14.7682,15.3446,0,healthy,0.0,50.0,14.5973,0
SN_006352,LOT_021,12.0713,12.7847,12.8045,12.9076,0,healthy,0.0,50.0,14.5973,0
SN_006353,LOT_021,,13.1208,13.3241,13.4244,0,healthy,0.0,50.0,14.5973,0
SN_006354,LOT_021,18.5516,20.2445,20.2607,20.8172,0,healthy,0.0,50.0,14.5973,0
SN_006355,LOT_021,14.1896,15.2827,15.9351,16.1133,0,healthy,0.0,50.0,14.5973,0
SN_006356,LOT_021,14.342,16.4323,16.8349,17.2637,0,healthy,0.0,50.0,14.5973,0
SN_006357,LOT_021,14.6491,15.513,15.716,15.9125,0,healthy,0.0,50.0,14.5973,0
SN_006358,LOT_021,15.2333,15.7618,16.2693,16.3701,0,healthy,0.0,50.0,14.5973,0
SN_006359,LOT_021,14.1049,15.9046,16.4513,16.6088,0,healthy,0.0,50.0,14.5973,0
SN_006360,LOT_021,17.6103,19.3841,20.4436,20.7943,0,healthy,0.0,50.0,14.5973,0
SN_006361,LOT_021,12.1186,13.0737,13.6617,13.7754,0,healthy,0.0,50.0,14.5973,0
SN_006362,LOT_021,15.4906,16.3792,16.8419,17.2024,0,healthy,0.0,50.0,14.5973,0
SN_006363,LOT_021,13.849,15.2155,15.3117,15.8532,0,healthy,0.0,50.0,14.5973,0
SN_006364,LOT_021,14.1514,15.7106,16.1349,16.1198,0,healthy,0.0,50.0,14.5973,0
SN_006365,LOT_021,,17.6118,17.8832,17.8949,0,healthy,0.0,50.0,14.5973,0
SN_006366,LOT_021,15.8859,17.1329,17.4845,17.7685,0,healthy,0.0,50.0,14.5973,0
SN_006367,LOT_021,12.6263,13.5125,13.816,13.7302,0,healthy,0.0,50.0,14.5973,0
SN_006368,LOT_021,12.4526,13.5266,14.3047,14.4106,0,healthy,0.0,50.0,14.5973,0
SN_006369,LOT_021,14.4937,14.8227,15.2164,15.362,0,healthy,0.0,50.0,14.5973,0
SN_006370,LOT_021,18.9308,20.7866,21.6768,22.3736,0,healthy,0.0,50.0,14.5973,0
SN_006371,LOT_021,17.2197,18.5997,19.3713,19.5583,0,healthy,0.0,50.0,14.5973,0
SN_006372,LOT_021,17.1705,17.4352,17.8703,18.0132,0,healthy,0.0,50.0,14.5973,0
SN_006373,LOT_021,13.6974,14.3216,14.4907,14.7164,0,healthy,0.0,50.0,14.5973,0
SN_006374,LOT_021,13.8952,14.5663,14.7841,14.8677,0,healthy,0.0,50.0,14.5973,0
SN_006375,LOT_021,12.3198,13.1008,13.413,13.1833,0,healthy,0.0,50.0,14.5973,0
SN_006376,LOT_021,18.7235,19.9154,20.5398,20.835,0,healthy,0.0,50.0,14.5973,0
SN_006377,LOT_021,19.7899,22.0001,23.0041,23.3601,0,healthy,0.0,50.0,14.5973,0
SN_006378,LOT_021,18.7118,19.6384,19.8118,20.2525,0,healthy,0.0,50.0,14.5973,0
SN_006379,LOT_021,16.9415,17.9926,18.2132,18.3089,0,healthy,0.0,50.0,14.5973,0
SN_006380,LOT_021,16.0161,16.7363,17.1692,17.2028,0,healthy,0.0,50.0,14.5973,0
SN_006381,LOT_021,12.6024,13.484,13.5223,13.4549,0,healthy,0.0,50.0,14.5973,0
SN_006382,LOT_021,16.4315,,17.7351,17.8559,0,healthy,0.0,50.0,14.5973,0
SN_006383,LOT_021,9.5712,9.9565,10.1011,10.0722,0,healthy,0.0,50.0,14.5973,0
SN_006384,LOT_021,12.9924,13.893,13.9695,14.3408,0,healthy,0.0,50.0,14.5973,0
SN_006385,LOT_021,13.9326,15.1298,15.7203,15.8723,0,healthy,0.0,50.0,14.5973,0
SN_006386,LOT_021,17.7287,19.4538,20.1352,20.0409,0,healthy,0.0,50.0,14.5973,0
SN_006387,LOT_021,14.5128,,16.1132,16.1226,0,healthy,0.0,50.0,14.5973,0
SN_006388,LOT_021,15.253,15.7204,15.8996,16.2681,0,healthy,0.0,50.0,14.5973,0
SN_006389,LOT_021,,16.1256,16.6246,16.7329,0,healthy,0.0,50.0,14.5973,0
SN_006390,LOT_021,16.7368,18.4978,19.3482,19.5219,0,healthy,0.0,50.0,14.5973,0
SN_006391,LOT_021,14.2575,15.595,15.4813,15.9291,0,healthy,0.0,50.0,14.5973,0
SN_006392,LOT_021,,17.7568,18.2106,18.8092,0,healthy,0.0,50.0,14.5973,0
SN_006393,LOT_021,16.5349,17.1214,17.6098,17.7458,0,healthy,0.0,50.0,14.5973,0
SN_006394,LOT_021,20.3288,21.7209,22.5542,22.6471,0,healthy,0.0,50.0,14.5973,0
SN_006395,LOT_021,15.1305,16.5263,17.5156,17.5023,0,healthy,0.0,50.0,14.5973,0
SN_006396,LOT_021,16.9428,17.9705,18.1698,18.4665,0,healthy,0.0,50.0,14.5973,0
SN_006397,LOT_021,16.1269,17.9916,18.7197,19.0699,0,healthy,0.0,50.0,14.5973,0
SN_006398,LOT_021,12.9387,14.0868,14.3403,14.4526,0,healthy,0.0,50.0,14.5973,0
SN_006399,LOT_021,15.8727,16.9072,17.7457,17.9099,0,healthy,0.0,50.0,14.5973,0
SN_006400,LOT_021,11.817,12.966,13.0261,13.51,0,healthy,0.0,50.0,14.5973,0
SN_006401,LOT_021,13.8722,14.5313,14.872,14.8983,0,healthy,0.0,50.0,14.5973,0
SN_006402,LOT_021,14.747,15.7969,16.5673,16.7425,0,healthy,0.0,50.0,14.5973,0
SN_006403,LOT_021,15.5103,17.0465,17.6888,17.8853,0,healthy,0.0,50.0,14.5973,0
SN_006404,LOT_021,14.2818,15.9028,16.7963,16.9191,0,healthy,0.0,50.0,14.5973,0
SN_006405,LOT_021,12.5461,13.685,13.8304,14.2553,0,healthy,0.0,50.0,14.5973,0
SN_006406,LOT_021,14.7394,15.9701,16.4302,16.6867,0,healthy,0.0,50.0,14.5973,0
SN_006407,LOT_021,15.8901,16.727,17.4001,17.345,0,healthy,0.0,50.0,14.5973,0
SN_006408,LOT_021,,14.3966,14.9154,15.3546,0,healthy,0.0,50.0,14.5973,0
SN_006409,LOT_021,12.4791,13.6131,13.9382,14.1831,0,healthy,0.0,50.0,14.5973,0
SN_006410,LOT_021,15.5843,17.4118,17.9185,18.5279,0,healthy,0.0,50.0,14.5973,0
SN_006411,LOT_021,15.9039,17.0531,17.0937,17.4584,0,healthy,0.0,50.0,14.5973,0
SN_006412,LOT_021,17.7455,19.8186,20.2789,20.4211,0,healthy,0.0,50.0,14.5973,0
SN_006413,LOT_021,14.069,14.8168,15.372,15.4189,0,healthy,0.0,50.0,14.5973,0
SN_006414,LOT_021,14.9247,15.5685,15.6401,16.0989,0,healthy,0.0,50.0,14.5973,0
SN_006415,LOT_021,13.0376,14.2318,14.8567,14.9439,0,healthy,0.0,50.0,14.5973,0
SN_006416,LOT_021,13.2805,13.9537,14.4556,14.4366,0,healthy,0.0,50.0,14.5973,0
SN_006417,LOT_021,11.7475,12.5781,13.1837,13.2517,0,healthy,0.0,50.0,14.5973,0
SN_006418,LOT_021,14.2564,14.9577,15.1179,15.2949,0,healthy,0.0,50.0,14.5973,0
SN_006419,LOT_021,13.7042,15.3483,15.5778,16.0641,0,healthy,0.0,50.0,14.5973,0
SN_006420,LOT_021,13.6685,14.2535,14.4053,14.5695,0,healthy,0.0,50.0,14.5973,0
SN_006421,LOT_021,12.7953,13.6261,14.1626,14.2919,0,healthy,0.0,50.0,14.5973,0
SN_006422,LOT_021,,15.5231,16.2024,16.5233,0,healthy,0.0,50.0,14.5973,0
SN_006423,LOT_021,13.4567,14.1073,14.2175,14.1954,0,healthy,0.0,50.0,14.5973,0
SN_006424,LOT_021,15.1853,15.9641,16.5498,16.8578,0,healthy,0.0,50.0,14.5973,0
SN_006425,LOT_021,15.2566,17.1484,17.7416,17.7032,0,healthy,0.0,50.0,14.5973,0
SN_006426,LOT_021,14.9124,16.3352,16.7351,17.1948,0,healthy,0.0,50.0,14.5973,0
SN_006427,LOT_021,12.4948,13.376,13.8922,13.9852,0,healthy,0.0,50.0,14.5973,0
SN_006428,LOT_021,13.6165,14.9197,15.1818,15.2853,0,healthy,0.0,50.0,14.5973,0
SN_006429,LOT_021,14.9804,16.8509,17.4715,17.8752,0,healthy,0.0,50.0,14.5973,0
SN_006430,LOT_021,15.975,16.6706,16.8765,16.9045,0,healthy,0.0,50.0,14.5973,0
SN_006431,LOT_021,14.5234,14.8923,15.2193,15.3183,0,healthy,0.0,50.0,14.5973,0
SN_006432,LOT_021,15.3792,16.6279,17.0444,17.2937,0,healthy,0.0,50.0,14.5973,0
SN_006433,LOT_021,11.8707,12.3211,12.5046,12.6371,0,healthy,0.0,50.0,14.5973,0
SN_006434,LOT_021,15.9572,,16.867,17.1033,0,healthy,0.0,50.0,14.5973,0
SN_006435,LOT_021,15.624,16.9613,17.2689,17.5453,0,healthy,0.0,50.0,14.5973,0
SN_006436,LOT_021,16.1614,18.5027,18.8879,19.386,0,healthy,0.0,50.0,14.5973,0
SN_006437,LOT_021,15.3333,16.7397,17.413,17.8348,0,healthy,0.0,50.0,14.5973,0
SN_006438,LOT_021,,12.9224,13.3276,13.4004,0,healthy,0.0,50.0,14.5973,0
SN_006439,LOT_021,18.1752,20.6031,21.3034,21.927,0,healthy,0.0,50.0,14.5973,0
SN_006440,LOT_021,,19.6294,20.2803,20.7939,0,healthy,0.0,50.0,14.5973,0
SN_006441,LOT_021,16.0336,,18.6527,19.049,0,healthy,0.0,50.0,14.5973,0
SN_006442,LOT_021,12.5206,12.924,13.4142,13.6143,0,healthy,0.0,50.0,14.5973,0
SN_006443,LOT_021,14.935,16.0789,16.4996,16.7485,0,healthy,0.0,50.0,14.5973,0
SN_006444,LOT_021,13.1651,14.4569,14.6552,15.2427,0,healthy,0.0,50.0,14.5973,0
SN_006445,LOT_021,12.7788,14.1398,14.9085,15.4183,0,healthy,0.0,50.0,14.5973,0
SN_006446,LOT_021,12.9889,14.5428,15.028,15.3692,0,healthy,0.0,50.0,14.5973,0
SN_006447,LOT_021,15.4011,15.8443,16.2783,16.1638,0,healthy,0.0,50.0,14.5973,0
SN_006448,LOT_021,13.3993,14.1175,14.1008,14.3004,0,healthy,0.0,50.0,14.5973,0
SN_006449,LOT_021,,14.0931,14.7073,15.0914,0,healthy,0.0,50.0,14.5973,0
SN_006450,LOT_021,18.4251,20.1581,20.7199,21.1161,0,healthy,0.0,50.0,14.5973,0
SN_006451,LOT_021,14.5403,15.744,16.2454,16.1822,0,healthy,0.0,50.0,14.5973,0
SN_006452,LOT_021,13.0074,14.1261,14.2347,14.3275,0,healthy,0.0,50.0,14.5973,0
SN_006453,LOT_021,15.0895,16.4913,17.0139,17.1992,0,healthy,0.0,50.0,14.5973,0
SN_006454,LOT_021,16.4363,17.1753,17.5729,17.4543,0,healthy,0.0,50.0,14.5973,0
SN_006455,LOT_021,13.6782,14.818,15.0997,15.4106,0,healthy,0.0,50.0,14.5973,0
SN_006456,LOT_021,15.9337,16.5031,17.1057,17.1103,0,healthy,0.0,50.0,14.5973,0
SN_006457,LOT_021,15.1577,16.6453,17.0915,17.4106,0,healthy,0.0,50.0,14.5973,0
SN_006458,LOT_021,16.4524,17.5427,17.7722,18.2566,0,healthy,0.0,50.0,14.5973,0
SN_006459,LOT_021,13.0601,13.8201,14.0561,14.3858,0,healthy,0.0,50.0,14.5973,0
SN_006460,LOT_021,11.6565,,12.4265,12.5589,0,healthy,0.0,50.0,14.5973,0
SN_006461,LOT_021,16.446,17.472,18.1818,18.2731,0,healthy,0.0,50.0,14.5973,0
SN_006462,LOT_021,13.1877,14.7147,14.7737,15.4439,0,healthy,0.0,50.0,14.5973,0
SN_006463,LOT_021,15.3795,16.1814,16.1784,16.6839,0,healthy,0.0,50.0,14.5973,0
SN_006464,LOT_021,14.9643,15.7061,16.0288,16.1066,0,healthy,0.0,50.0,14.5973,0
SN_006465,LOT_021,16.5326,18.2783,18.4204,18.9511,0,healthy,0.0,50.0,14.5973,0
SN_006466,LOT_021,20.0769,22.8092,23.337,23.5064,0,healthy,0.0,50.0,14.5973,0
SN_006467,LOT_021,16.6173,17.5902,17.8457,18.0828,0,healthy,0.0,50.0,14.5973,0
SN_006468,LOT_021,20.1346,21.3813,21.806,21.8596,0,healthy,0.0,50.0,14.5973,0
SN_006469,LOT_021,13.8522,15.186,15.519,15.7461,0,healthy,0.0,50.0,14.5973,0
SN_006470,LOT_021,15.4171,16.8686,17.3285,17.5209,0,healthy,0.0,50.0,14.5973,0
SN_006471,LOT_021,18.0346,20.6974,21.1818,21.3398,0,healthy,0.0,50.0,14.5973,0
SN_006472,LOT_021,15.2491,16.9283,17.3517,17.604,0,healthy,0.0,50.0,14.5973,0
SN_006473,LOT_021,12.7093,13.8205,14.1396,14.2199,0,healthy,0.0,50.0,14.5973,0
SN_006474,LOT_021,12.3736,13.3349,13.7033,13.9425,0,healthy,0.0,50.0,14.5973,0
SN_006475,LOT_021,14.1456,14.4059,14.7996,14.7314,0,healthy,0.0,50.0,14.5973,0
SN_006476,LOT_021,12.6018,,13.7743,13.9569,0,healthy,0.0,50.0,14.5973,0
SN_006477,LOT_021,14.6399,14.9894,15.4175,15.5052,0,healthy,0.0,50.0,14.5973,0
SN_006478,LOT_021,14.4601,16.1287,16.5528,16.7471,0,healthy,0.0,50.0,14.5973,0
SN_006479,LOT_021,14.2751,14.5852,14.8717,14.9497,0,healthy,0.0,50.0,14.5973,0
SN_006480,LOT_021,16.6604,18.1949,18.6043,18.7042,0,healthy,0.0,50.0,14.5973,0
SN_006481,LOT_021,13.3331,15.1166,15.5693,15.7912,0,healthy,0.0,50.0,14.5973,0
SN_006482,LOT_021,19.4513,21.5203,21.8754,22.4174,0,healthy,0.0,50.0,14.5973,0
SN_006483,LOT_021,16.6678,17.7564,18.4065,18.9304,0,healthy,0.0,50.0,14.5973,0
SN_006484,LOT_021,11.2255,12.4473,12.9718,13.2271,0,healthy,0.0,50.0,14.5973,0
SN_006485,LOT_021,14.9253,15.9668,15.8701,15.8868,0,healthy,0.0,50.0,14.5973,0
SN_006486,LOT_021,13.9594,14.6406,14.7234,14.8891,0,healthy,0.0,50.0,14.5973,0
SN_006487,LOT_021,12.9968,14.6646,15.0772,15.2429,0,healthy,0.0,50.0,14.5973,0
SN_006488,LOT_021,14.845,15.5407,15.9561,16.1767,0,healthy,0.0,50.0,14.5973,0
SN_006489,LOT_021,16.7946,18.6608,18.9644,19.3498,0,healthy,0.0,50.0,14.5973,0
SN_006490,LOT_021,12.6582,14.047,14.5847,14.6096,0,healthy,0.0,50.0,14.5973,0
SN_006491,LOT_021,16.0139,16.742,17.1141,17.2135,0,healthy,0.0,50.0,14.5973,0
SN_006492,LOT_021,14.6341,16.0296,16.867,17.1902,0,healthy,0.0,50.0,14.5973,0
SN_006493,LOT_021,,11.665,12.0667,12.2194,0,healthy,0.0,50.0,14.5973,0
SN_006494,LOT_021,16.034,16.731,16.955,16.9424,0,healthy,0.0,50.0,14.5973,0
SN_006495,LOT_021,13.7159,14.3457,14.6558,14.7504,0,healthy,0.0,50.0,14.5973,0
SN_006496,LOT_021,15.5802,17.0968,17.6762,18.0932,0,healthy,0.0,50.0,14.5973,0
SN_006497,LOT_021,17.0307,18.8381,19.7952,20.3617,0,healthy,0.0,50.0,14.5973,0
SN_006498,LOT_021,16.7887,17.8713,18.5246,19.0984,0,healthy,0.0,50.0,14.5973,0
SN_006499,LOT_021,14.5338,15.9152,16.4909,16.5905,0,healthy,0.0,50.0,14.5973,0
SN_006500,LOT_021,,14.3974,14.7061,14.9479,0,healthy,0.0,50.0,14.5973,0
SN_006501,LOT_021,,16.8404,17.2653,17.3845,0,healthy,0.0,50.0,14.5973,0
SN_006502,LOT_021,14.6566,15.6086,16.2294,16.0992,0,healthy,0.0,50.0,14.5973,0
SN_006503,LOT_021,,15.8308,16.1553,16.0496,0,healthy,0.0,50.0,14.5973,0
SN_006504,LOT_021,13.5561,15.0321,15.6362,15.6887,0,healthy,0.0,50.0,14.5973,0
SN_006505,LOT_021,15.6674,16.7485,17.1095,17.5582,0,healthy,0.0,50.0,14.5973,0
SN_006506,LOT_021,11.5328,,13.1427,13.2822,0,healthy,0.0,50.0,14.5973,0
SN_006507,LOT_021,14.9464,16.8066,17.3297,17.5065,0,healthy,0.0,50.0,14.5973,0
SN_006508,LOT_021,14.0188,14.7556,15.1208,15.4883,0,healthy,0.0,50.0,14.5973,0
SN_006509,LOT_021,13.0824,14.0226,14.2362,14.2518,0,healthy,0.0,50.0,14.5973,0
SN_006510,LOT_021,16.1839,17.547,17.9368,18.1224,0,healthy,0.0,50.0,14.5973,0
SN_006511,LOT_021,,13.9333,14.4981,14.641,0,healthy,0.0,50.0,14.5973,0
SN_006512,LOT_021,14.5268,16.2568,16.9677,17.0561,0,healthy,0.0,50.0,14.5973,0
SN_006513,LOT_022,10.842,11.743,12.5499,12.5468,0,healthy,0.0,50.0,11.2254,0
SN_006514,LOT_022,10.5027,11.1217,11.7132,11.6547,0,healthy,0.0,50.0,11.2254,0
SN_006515,LOT_022,11.9844,12.4798,12.5619,12.6224,0,healthy,0.0,50.0,11.2254,0
SN_006516,LOT_022,,13.5276,13.9123,14.3136,0,healthy,0.0,50.0,11.2254,0
SN_006517,LOT_022,12.6693,13.1791,13.4179,13.4534,0,healthy,0.0,50.0,11.2254,0
SN_006518,LOT_022,,10.6771,10.7998,11.0314,0,healthy,0.0,50.0,11.2254,0
SN_006519,LOT_022,10.6426,11.7968,12.3705,12.7284,0,healthy,0.0,50.0,11.2254,0
SN_006520,LOT_022,11.8312,12.6836,13.1403,13.0344,0,healthy,0.0,50.0,11.2254,0
SN_006521,LOT_022,9.1821,9.6825,9.9452,10.1664,0,healthy,0.0,50.0,11.2254,0
SN_006522,LOT_022,11.3115,12.1343,12.5691,12.6163,0,healthy,0.0,50.0,11.2254,0
SN_006523,LOT_022,15.0159,16.7206,17.4676,18.0809,0,healthy,0.0,50.0,11.2254,0
SN_006524,LOT_022,10.9657,12.1871,12.8643,12.8957,0,healthy,0.0,50.0,11.2254,0
SN_006525,LOT_022,11.778,13.0564,13.6079,13.6504,0,healthy,0.0,50.0,11.2254,0
SN_006526,LOT_022,9.8517,11.04,11.4349,11.6782,0,healthy,0.0,50.0,11.2254,0
SN_006527,LOT_022,14.2762,15.9401,16.2362,16.6057,0,healthy,0.0,50.0,11.2254,0
SN_006528,LOT_022,9.7854,10.727,11.2126,11.3941,0,healthy,0.0,50.0,11.2254,0
SN_006529,LOT_022,10.0072,11.0177,11.5154,11.6046,0,healthy,0.0,50.0,11.2254,0
SN_006530,LOT_022,11.3124,11.8236,12.297,12.4174,0,healthy,0.0,50.0,11.2254,0
SN_006531,LOT_022,10.3021,11.4917,11.5818,11.6239,0,healthy,0.0,50.0,11.2254,0
SN_006532,LOT_022,8.4828,8.9372,9.0928,9.2585,0,healthy,0.0,50.0,11.2254,0
SN_006533,LOT_022,8.9018,9.704,9.8449,10.0838,0,healthy,0.0,50.0,11.2254,0
SN_006534,LOT_022,13.2286,14.6058,14.6659,14.9371,0,healthy,0.0,50.0,11.2254,0
SN_006535,LOT_022,10.5463,11.5674,11.9965,12.2576,0,healthy,0.0,50.0,11.2254,0
SN_006536,LOT_022,12.4344,13.1305,13.7767,13.7148,0,healthy,0.0,50.0,11.2254,0
SN_006537,LOT_022,10.8559,12.2113,12.4534,12.692,0,healthy,0.0,50.0,11.2254,0
SN_006538,LOT_022,13.9418,14.2623,14.4629,14.5217,0,healthy,0.0,50.0,11.2254,0
SN_006539,LOT_022,10.5942,11.8804,12.1809,12.2551,0,healthy,0.0,50.0,11.2254,0
SN_006540,LOT_022,11.135,11.6223,12.1343,12.177,0,healthy,0.0,50.0,11.2254,0
SN_006541,LOT_022,10.1418,10.3563,10.8189,10.8307,0,healthy,0.0,50.0,11.2254,0
SN_006542,LOT_022,11.2176,12.2835,12.569,12.5625,0,healthy,0.0,50.0,11.2254,0
SN_006543,LOT_022,11.9037,12.6017,13.136,13.103,0,healthy,0.0,50.0,11.2254,0
SN_006544,LOT_022,10.3654,11.2266,11.7131,11.7309,0,healthy,0.0,50.0,11.2254,0
SN_006545,LOT_022,9.8866,10.349,10.4943,10.6888,0,healthy,0.0,50.0,11.2254,0
SN_006546,LOT_022,10.4212,10.9072,11.1317,11.3099,0,healthy,0.0,50.0,11.2254,0
SN_006547,LOT_022,11.0869,12.0581,12.3855,12.5212,0,healthy,0.0,50.0,11.2254,0
SN_006548,LOT_022,11.9193,13.1424,13.7475,14.174,0,healthy,0.0,50.0,11.2254,0
SN_006549,LOT_022,9.3907,10.0911,10.2315,10.2796,0,healthy,0.0,50.0,11.2254,0
SN_006550,LOT_022,11.1259,12.6348,13.1382,13.3637,0,healthy,0.0,50.0,11.2254,0
SN_006551,LOT_022,10.8402,11.5915,11.8332,12.0089,0,healthy,0.0,50.0,11.2254,0
SN_006552,LOT_022,11.8069,12.7228,13.2049,13.3666,0,healthy,0.0,50.0,11.2254,0
SN_006553,LOT_022,14.9681,16.2103,16.8854,17.1671,0,healthy,0.0,50.0,11.2254,0
SN_006554,LOT_022,10.0088,11.2693,11.716,11.9315,0,healthy,0.0,50.0,11.2254,0
SN_006555,LOT_022,9.9938,10.7314,10.806,11.1361,0,healthy,0.0,50.0,11.2254,0
SN_006556,LOT_022,11.2307,11.8899,12.1247,12.2934,0,healthy,0.0,50.0,11.2254,0
SN_006557,LOT_022,,13.6036,14.075,14.4305,0,healthy,0.0,50.0,11.2254,0
SN_006558,LOT_022,13.0113,13.9905,14.5708,14.9667,0,healthy,0.0,50.0,11.2254,0
SN_006559,LOT_022,9.928,10.5259,11.0639,11.143,0,healthy,0.0,50.0,11.2254,0
SN_006560,LOT_022,12.3117,13.2193,13.2688,13.6016,0,healthy,0.0,50.0,11.2254,0
SN_006561,LOT_022,11.1922,12.3763,12.8495,13.0946,0,healthy,0.0,50.0,11.2254,0
SN_006562,LOT_022,11.6872,12.7908,12.7132,12.8503,0,healthy,0.0,50.0,11.2254,0
SN_006563,LOT_022,11.0021,11.7173,12.0583,12.1937,0,healthy,0.0,50.0,11.2254,0
SN_006564,LOT_022,13.1807,,14.9096,15.1267,0,healthy,0.0,50.0,11.2254,0
SN_006565,LOT_022,11.2033,12.4778,13.1539,13.3996,0,healthy,0.0,50.0,11.2254,0
SN_006566,LOT_022,11.8338,12.4368,12.6873,12.9288,0,healthy,0.0,50.0,11.2254,0
SN_006567,LOT_022,10.6446,11.4691,11.7618,12.0504,0,healthy,0.0,50.0,11.2254,0
SN_006568,LOT_022,10.0662,10.9859,11.4288,11.5761,0,healthy,0.0,50.0,11.2254,0
SN_006569,LOT_022,12.6262,13.872,14.6298,14.9811,0,healthy,0.0,50.0,11.2254,0
SN_006570,LOT_022,11.8276,13.2075,13.7015,13.9886,0,healthy,0.0,50.0,11.2254,0
SN_006571,LOT_022,10.3888,11.1968,11.6418,11.7869,0,healthy,0.0,50.0,11.2254,0
SN_006572,LOT_022,11.4226,12.4332,12.7161,13.0754,0,healthy,0.0,50.0,11.2254,0
SN_006573,LOT_022,12.7775,13.8922,14.4239,14.4705,0,healthy,0.0,50.0,11.2254,0
SN_006574,LOT_022,11.3363,11.6612,11.9865,11.893,0,healthy,0.0,50.0,11.2254,0
SN_006575,LOT_022,9.1182,10.1192,10.6269,10.7697,0,healthy,0.0,50.0,11.2254,0
SN_006576,LOT_022,10.2331,11.286,11.6961,12.0266,0,healthy,0.0,50.0,11.2254,0
SN_006577,LOT_022,12.1539,13.1834,13.8459,13.94,0,healthy,0.0,50.0,11.2254,0
SN_006578,LOT_022,12.5118,13.7331,14.3845,14.6289,0,healthy,0.0,50.0,11.2254,0
SN_006579,LOT_022,10.9896,12.4036,12.6939,12.7848,0,healthy,0.0,50.0,11.2254,0
SN_006580,LOT_022,12.8298,13.8384,14.1675,14.4278,0,healthy,0.0,50.0,11.2254,0
SN_006581,LOT_022,10.2511,10.8758,11.2721,11.3771,0,healthy,0.0,50.0,11.2254,0
SN_006582,LOT_022,10.4382,,11.6926,12.0406,0,healthy,0.0,50.0,11.2254,0
SN_006583,LOT_022,11.2064,12.0851,12.3282,12.5036,0,healthy,0.0,50.0,11.2254,0
SN_006584,LOT_022,12.0031,12.9673,13.0258,13.0606,0,healthy,0.0,50.0,11.2254,0
SN_006585,LOT_022,12.9314,14.2226,14.9267,15.1523,0,healthy,0.0,50.0,11.2254,0
SN_006586,LOT_022,11.5158,12.7608,13.3011,13.5748,0,healthy,0.0,50.0,11.2254,0
SN_006587,LOT_022,11.9613,13.3087,13.9058,14.3137,0,healthy,0.0,50.0,11.2254,0
SN_006588,LOT_022,11.6052,12.4644,12.7287,12.9843,0,healthy,0.0,50.0,11.2254,0
SN_006589,LOT_022,10.6519,11.6775,12.2531,12.3032,0,healthy,0.0,50.0,11.2254,0
SN_006590,LOT_022,9.7885,9.9457,10.1596,10.184,0,healthy,0.0,50.0,11.2254,0
SN_006591,LOT_022,10.2622,11.2526,11.2282,11.6525,0,healthy,0.0,50.0,11.2254,0
SN_006592,LOT_022,8.7762,9.136,9.283,9.2649,0,healthy,0.0,50.0,11.2254,0
SN_006593,LOT_022,11.7768,12.5734,12.8537,12.9613,0,healthy,0.0,50.0,11.2254,0
SN_006594,LOT_022,13.4421,,14.6162,14.7244,0,healthy,0.0,50.0,11.2254,0
SN_006595,LOT_022,12.26,13.6886,14.4614,14.8332,0,healthy,0.0,50.0,11.2254,0
SN_006596,LOT_022,12.7892,,14.9205,14.9682,0,healthy,0.0,50.0,11.2254,0
SN_006597,LOT_022,11.5954,12.4296,12.7621,12.812,0,healthy,0.0,50.0,11.2254,0
SN_006598,LOT_022,9.0733,9.5968,9.6053,9.6073,0,healthy,0.0,50.0,11.2254,0
SN_006599,LOT_022,10.3506,11.551,12.0572,12.5329,0,healthy,0.0,50.0,11.2254,0
SN_006600,LOT_022,12.3889,13.7389,14.139,14.3667,0,healthy,0.0,50.0,11.2254,0
SN_006601,LOT_022,11.9299,12.8256,13.0866,13.3301,0,healthy,0.0,50.0,11.2254,0
SN_006602,LOT_022,9.6946,10.8716,11.2966,11.4539,0,healthy,0.0,50.0,11.2254,0
SN_006603,LOT_022,14.8477,15.4612,15.6322,15.8313,0,healthy,0.0,50.0,11.2254,0
SN_006604,LOT_022,9.5061,10.1156,10.5161,10.7416,0,healthy,0.0,50.0,11.2254,0
SN_006605,LOT_022,12.8565,14.1459,14.3964,14.8096,0,healthy,0.0,50.0,11.2254,0
SN_006606,LOT_022,10.6922,11.6121,11.8032,12.0332,0,healthy,0.0,50.0,11.2254,0
SN_006607,LOT_022,11.4844,12.5158,12.9348,13.1853,0,healthy,0.0,50.0,11.2254,0
SN_006608,LOT_022,12.4717,13.7492,14.3472,14.6042,0,healthy,0.0,50.0,11.2254,0
SN_006609,LOT_022,13.0645,13.5171,14.006,14.0275,0,healthy,0.0,50.0,11.2254,0
SN_006610,LOT_022,13.4394,14.2621,14.271,14.5055,0,healthy,0.0,50.0,11.2254,0
SN_006611,LOT_022,9.0464,,9.8226,9.959,0,healthy,0.0,50.0,11.2254,0
SN_006612,LOT_022,11.6467,12.2615,12.3534,12.4316,0,healthy,0.0,50.0,11.2254,0
SN_006613,LOT_022,10.5354,,12.0045,12.0402,0,healthy,0.0,50.0,11.2254,0
SN_006614,LOT_022,,17.1103,17.7335,18.2086,0,healthy,0.0,50.0,11.2254,0
SN_006615,LOT_022,10.1669,11.3055,11.7652,11.8283,0,healthy,0.0,50.0,11.2254,0
SN_006616,LOT_022,11.333,12.4908,13.1716,13.42,0,healthy,0.0,50.0,11.2254,0
SN_006617,LOT_022,10.3048,11.3347,11.3967,11.5291,0,healthy,0.0,50.0,11.2254,0
SN_006618,LOT_022,9.2315,9.7174,10.0373,10.1588,0,healthy,0.0,50.0,11.2254,0
SN_006619,LOT_022,10.7269,12.3238,12.6354,12.6446,0,healthy,0.0,50.0,11.2254,0
SN_006620,LOT_022,11.9348,,12.7088,12.7981,0,healthy,0.0,50.0,11.2254,0
SN_006621,LOT_022,12.9342,13.6856,13.8977,13.812,0,healthy,0.0,50.0,11.2254,0
SN_006622,LOT_022,11.2849,11.8866,11.9971,11.986,0,healthy,0.0,50.0,11.2254,0
SN_006623,LOT_022,11.3069,12.3395,12.5751,12.8575,0,healthy,0.0,50.0,11.2254,0
SN_006624,LOT_022,12.2044,13.5432,14.2681,14.5961,0,healthy,0.0,50.0,11.2254,0
SN_006625,LOT_022,13.2081,14.08,14.5816,14.8718,0,healthy,0.0,50.0,11.2254,0
SN_006626,LOT_022,10.6728,11.4964,11.8036,11.8996,0,healthy,0.0,50.0,11.2254,0
SN_006627,LOT_022,12.7218,14.1511,14.2741,14.5295,0,healthy,0.0,50.0,11.2254,0
SN_006628,LOT_022,11.82,12.4159,12.6586,12.6382,0,healthy,0.0,50.0,11.2254,0
SN_006629,LOT_022,12.8734,14.3525,14.6051,15.0128,0,healthy,0.0,50.0,11.2254,0
SN_006630,LOT_022,9.219,10.3928,10.5286,10.8475,0,healthy,0.0,50.0,11.2254,0
SN_006631,LOT_022,10.9657,12.2594,12.9091,13.1546,0,healthy,0.0,50.0,11.2254,0
SN_006632,LOT_022,11.9217,12.6715,12.7839,12.9478,0,healthy,0.0,50.0,11.2254,0
SN_006633,LOT_022,10.2418,10.9965,11.1516,11.2937,0,healthy,0.0,50.0,11.2254,0
SN_006634,LOT_022,12.0646,13.0078,13.5179,13.7927,0,healthy,0.0,50.0,11.2254,0
SN_006635,LOT_022,10.3156,10.7885,10.8349,10.9144,0,healthy,0.0,50.0,11.2254,0
SN_006636,LOT_022,12.7227,14.3135,14.8078,15.0141,0,healthy,0.0,50.0,11.2254,0
SN_006637,LOT_022,10.6789,11.3425,11.7469,11.8991,0,healthy,0.0,50.0,11.2254,0
SN_006638,LOT_022,12.9658,14.1228,14.1823,14.406,0,healthy,0.0,50.0,11.2254,0
SN_006639,LOT_022,12.4212,14.0619,14.5667,14.6602,0,healthy,0.0,50.0,11.2254,0
SN_006640,LOT_022,11.6371,12.1881,12.4685,12.5909,0,healthy,0.0,50.0,11.2254,0
SN_006641,LOT_022,11.1167,11.9269,12.0981,12.0049,0,healthy,0.0,50.0,11.2254,0
SN_006642,LOT_022,12.5733,,14.4489,14.8584,0,healthy,0.0,50.0,11.2254,0
SN_006643,LOT_022,9.0333,9.4417,9.5674,9.5793,0,healthy,0.0,50.0,11.2254,0
SN_006644,LOT_022,12.7722,14.3501,14.8621,15.0527,0,healthy,0.0,50.0,11.2254,0
SN_006645,LOT_022,11.5187,12.2412,12.7483,12.7622,0,healthy,0.0,50.0,11.2254,0
SN_006646,LOT_022,9.5383,10.6835,10.8952,10.9832,0,healthy,0.0,50.0,11.2254,0
SN_006647,LOT_022,11.4525,12.8251,13.1271,13.2,0,healthy,0.0,50.0,11.2254,0
SN_006648,LOT_022,11.9773,13.2877,13.5546,13.5708,0,healthy,0.0,50.0,11.2254,0
SN_006649,LOT_022,13.2208,14.3009,14.4249,14.9843,0,healthy,0.0,50.0,11.2254,0
SN_006650,LOT_022,11.6455,11.9577,12.237,12.3174,0,healthy,0.0,50.0,11.2254,0
SN_006651,LOT_022,11.2555,12.2625,12.5909,13.0374,0,healthy,0.0,50.0,11.2254,0
SN_006652,LOT_022,,12.3975,12.8075,13.1736,0,healthy,0.0,50.0,11.2254,0
SN_006653,LOT_022,,12.3451,12.3361,12.5433,0,healthy,0.0,50.0,11.2254,0
SN_006654,LOT_022,12.1714,12.7513,13.4094,13.7723,0,healthy,0.0,50.0,11.2254,0
SN_006655,LOT_022,13.0213,13.9101,14.3248,14.4059,0,healthy,0.0,50.0,11.2254,0
SN_006656,LOT_022,11.2751,11.6012,11.9166,11.8967,0,healthy,0.0,50.0,11.2254,0
SN_006657,LOT_022,10.2545,10.7542,11.0749,11.1865,0,healthy,0.0,50.0,11.2254,0
SN_006658,LOT_022,13.0793,14.4724,14.8224,15.2192,0,healthy,0.0,50.0,11.2254,0
SN_006659,LOT_022,,11.2069,11.5349,11.6511,0,healthy,0.0,50.0,11.2254,0
SN_006660,LOT_022,10.4667,11.5582,11.9954,12.2654,0,healthy,0.0,50.0,11.2254,0
SN_006661,LOT_022,10.5757,11.267,11.6318,11.6586,0,healthy,0.0,50.0,11.2254,0
SN_006662,LOT_022,9.2903,10.2006,10.4658,10.6478,0,healthy,0.0,50.0,11.2254,0
SN_006663,LOT_022,10.4256,11.5653,12.1287,12.4996,0,healthy,0.0,50.0,11.2254,0
SN_006664,LOT_022,9.9784,11.3246,11.7322,11.9738,0,healthy,0.0,50.0,11.2254,0
SN_006665,LOT_022,11.2816,12.3131,12.7021,12.9359,0,healthy,0.0,50.0,11.2254,0
SN_006666,LOT_022,9.7799,10.5471,10.8351,10.9353,0,healthy,0.0,50.0,11.2254,0
SN_006667,LOT_022,11.4899,12.0017,12.0974,12.4187,0,healthy,0.0,50.0,11.2254,0
SN_006668,LOT_022,9.9105,,10.7611,10.8303,0,healthy,0.0,50.0,11.2254,0
SN_006669,LOT_022,11.6476,12.7737,13.1204,13.0642,0,healthy,0.0,50.0,11.2254,0
SN_006670,LOT_022,,,12.04,12.1984,0,healthy,0.0,50.0,11.2254,0
SN_006671,LOT_022,14.8236,15.9463,15.9053,16.1587,0,healthy,0.0,50.0,11.2254,0
SN_006672,LOT_022,10.5569,11.7605,12.1557,12.328,0,healthy,0.0,50.0,11.2254,0
SN_006673,LOT_022,12.1075,12.7601,12.9283,12.9279,0,healthy,0.0,50.0,11.2254,0
SN_006674,LOT_022,10.4776,11.1671,11.8486,12.0736,0,healthy,0.0,50.0,11.2254,0
SN_006675,LOT_022,10.4572,11.509,12.0014,12.1775,0,healthy,0.0,50.0,11.2254,0
SN_006676,LOT_022,12.4312,13.635,14.0734,14.3173,0,healthy,0.0,50.0,11.2254,0
SN_006677,LOT_022,11.448,11.6928,12.0445,12.2084,0,healthy,0.0,50.0,11.2254,0
SN_006678,LOT_022,11.9137,13.3118,13.7382,13.7576,0,healthy,0.0,50.0,11.2254,0
SN_006679,LOT_022,11.3405,13.0202,13.4528,13.3824,0,healthy,0.0,50.0,11.2254,0
SN_006680,LOT_022,13.0139,13.9679,14.4247,14.3554,0,healthy,0.0,50.0,11.2254,0
SN_006681,LOT_022,11.5345,12.8865,13.1759,13.5263,0,healthy,0.0,50.0,11.2254,0
SN_006682,LOT_022,10.8688,11.8259,11.8052,11.9232,0,healthy,0.0,50.0,11.2254,0
SN_006683,LOT_022,10.0533,10.5242,10.648,10.89,0,healthy,0.0,50.0,11.2254,0
SN_006684,LOT_022,12.0892,13.6347,13.7966,13.9944,0,healthy,0.0,50.0,11.2254,0
SN_006685,LOT_022,11.6502,,13.4497,13.44,0,healthy,0.0,50.0,11.2254,0
SN_006686,LOT_022,11.8085,12.2296,12.5587,12.7364,0,healthy,0.0,50.0,11.2254,0
SN_006687,LOT_022,12.8877,13.7469,14.0571,14.1637,0,healthy,0.0,50.0,11.2254,0
SN_006688,LOT_022,13.3154,14.0633,14.5722,14.7621,0,healthy,0.0,50.0,11.2254,0
SN_006689,LOT_022,11.4763,12.0227,12.0563,12.0637,0,healthy,0.0,50.0,11.2254,0
SN_006690,LOT_022,10.1695,11.091,11.6268,11.7055,0,healthy,0.0,50.0,11.2254,0
SN_006691,LOT_022,10.5047,11.6503,11.7011,11.9508,0,healthy,0.0,50.0,11.2254,0
SN_006692,LOT_022,10.2306,11.4414,11.7831,12.2899,0,healthy,0.0,50.0,11.2254,0
SN_006693,LOT_022,10.9892,11.8505,12.1132,12.2673,0,healthy,0.0,50.0,11.2254,0
SN_006694,LOT_022,12.6326,13.4146,13.5275,13.6051,0,healthy,0.0,50.0,11.2254,0
SN_006695,LOT_022,11.2936,12.3598,12.6664,12.5493,0,healthy,0.0,50.0,11.2254,0
SN_006696,LOT_022,8.5039,8.7689,9.1736,9.0859,0,healthy,0.0,50.0,11.2254,0
SN_006697,LOT_022,12.0444,12.6682,13.1759,13.5111,0,healthy,0.0,50.0,11.2254,0
SN_006698,LOT_022,13.894,14.4268,14.6556,15.011,0,healthy,0.0,50.0,11.2254,0
SN_006699,LOT_022,9.7819,10.8913,11.2374,11.628,0,healthy,0.0,50.0,11.2254,0
SN_006700,LOT_022,,12.8591,13.4479,13.6164,0,healthy,0.0,50.0,11.2254,0
SN_006701,LOT_022,11.9779,13.0804,13.4826,13.6228,0,healthy,0.0,50.0,11.2254,0
SN_006702,LOT_022,,11.0853,11.3275,11.4717,0,healthy,0.0,50.0,11.2254,0
SN_006703,LOT_022,9.8839,10.7885,11.2216,11.3795,0,healthy,0.0,50.0,11.2254,0
SN_006704,LOT_022,14.366,16.1591,16.8872,17.2857,0,healthy,0.0,50.0,11.2254,0
SN_006705,LOT_022,11.0627,12.3889,12.9059,13.1719,0,healthy,0.0,50.0,11.2254,0
SN_006706,LOT_022,9.8304,10.9054,11.2191,11.342,0,healthy,0.0,50.0,11.2254,0
SN_006707,LOT_022,11.5344,12.2482,12.5601,12.5659,0,healthy,0.0,50.0,11.2254,0
SN_006708,LOT_022,10.8994,12.0495,12.5722,12.9705,0,healthy,0.0,50.0,11.2254,0
SN_006709,LOT_022,11.0361,11.4112,11.5122,11.571,0,healthy,0.0,50.0,11.2254,0
SN_006710,LOT_022,10.4613,13.7252,15.4762,16.4448,1,nbti_ageing,0.2522,50.0,11.2254,0
SN_006711,LOT_022,10.8552,12.2019,12.6775,13.0041,0,healthy,0.0,50.0,11.2254,0
SN_006712,LOT_022,12.1906,12.6844,13.0473,13.0861,0,healthy,0.0,50.0,11.2254,0
SN_006713,LOT_022,11.7393,,13.0732,13.2902,0,healthy,0.0,50.0,11.2254,0
SN_006714,LOT_022,11.5715,12.1383,12.0824,12.3512,0,healthy,0.0,50.0,11.2254,0
SN_006715,LOT_022,12.5456,14.0907,14.6355,14.876,0,healthy,0.0,50.0,11.2254,0
SN_006716,LOT_022,11.2736,11.8082,12.1801,12.1191,0,healthy,0.0,50.0,11.2254,0
SN_006717,LOT_022,10.7863,11.1809,11.2296,11.4196,0,healthy,0.0,50.0,11.2254,0
SN_006718,LOT_022,10.7784,12.1521,12.5998,12.8438,0,healthy,0.0,50.0,11.2254,0
SN_006719,LOT_022,13.2427,14.6991,15.6469,15.7706,0,healthy,0.0,50.0,11.2254,0
SN_006720,LOT_022,11.7048,12.2084,12.5757,12.6226,0,healthy,0.0,50.0,11.2254,0
SN_006721,LOT_022,13.1047,14.6966,15.302,15.4735,0,healthy,0.0,50.0,11.2254,0
SN_006722,LOT_022,12.1629,13.3329,13.6643,13.9324,0,healthy,0.0,50.0,11.2254,0
SN_006723,LOT_022,12.9977,13.9111,14.398,14.6148,0,healthy,0.0,50.0,11.2254,0
SN_006724,LOT_022,11.646,12.6921,13.19,13.5895,0,healthy,0.0,50.0,11.2254,0
SN_006725,LOT_022,12.3769,13.3964,13.4987,13.9256,0,healthy,0.0,50.0,11.2254,0
SN_006726,LOT_022,11.131,12.1981,12.2772,12.6697,0,healthy,0.0,50.0,11.2254,0
SN_006727,LOT_022,12.5854,12.948,13.3534,13.1461,0,healthy,0.0,50.0,11.2254,0
SN_006728,LOT_022,11.8422,13.0221,13.3836,13.5435,0,healthy,0.0,50.0,11.2254,0
SN_006729,LOT_022,12.9279,13.9596,14.3994,14.6681,0,healthy,0.0,50.0,11.2254,0
SN_006730,LOT_022,11.537,12.4573,12.5934,12.5992,0,healthy,0.0,50.0,11.2254,0
SN_006731,LOT_022,12.55,13.5985,13.7522,14.0511,0,healthy,0.0,50.0,11.2254,0
SN_006732,LOT_022,11.0001,12.0886,12.4009,12.6673,0,healthy,0.0,50.0,11.2254,0
SN_006733,LOT_022,9.9106,11.3585,11.6899,11.7363,0,healthy,0.0,50.0,11.2254,0
SN_006734,LOT_022,9.5332,9.928,10.1207,10.353,0,healthy,0.0,50.0,11.2254,0
SN_006735,LOT_022,10.0607,,11.0737,11.2915,0,healthy,0.0,50.0,11.2254,0
SN_006736,LOT_022,9.5371,10.858,11.0202,11.1809,0,healthy,0.0,50.0,11.2254,0
SN_006737,LOT_022,9.4411,9.9011,10.0537,10.0373,0,healthy,0.0,50.0,11.2254,0
SN_006738,LOT_022,10.4988,10.8652,11.2557,11.1631,0,healthy,0.0,50.0,11.2254,0
SN_006739,LOT_022,10.8604,11.6382,11.9569,12.0726,0,healthy,0.0,50.0,11.2254,0
SN_006740,LOT_022,11.772,,13.6786,13.7601,0,healthy,0.0,50.0,11.2254,0
SN_006741,LOT_022,10.1626,10.7283,10.917,11.1102,0,healthy,0.0,50.0,11.2254,0
SN_006742,LOT_022,9.6418,10.2202,10.3696,10.4356,0,healthy,0.0,50.0,11.2254,0
SN_006743,LOT_022,,,13.3836,13.5921,0,healthy,0.0,50.0,11.2254,0
SN_006744,LOT_022,10.9191,11.524,11.6259,11.7738,0,healthy,0.0,50.0,11.2254,0
SN_006745,LOT_022,11.4021,12.5619,13.0764,13.449,0,healthy,0.0,50.0,11.2254,0
SN_006746,LOT_022,9.5412,10.8182,11.1116,11.5748,0,healthy,0.0,50.0,11.2254,0
SN_006747,LOT_022,11.2703,12.6676,13.0377,13.035,0,healthy,0.0,50.0,11.2254,0
SN_006748,LOT_022,13.3809,,15.7717,15.9083,0,healthy,0.0,50.0,11.2254,0
SN_006749,LOT_022,9.2759,10.3787,10.5122,10.7426,0,healthy,0.0,50.0,11.2254,0
SN_006750,LOT_022,10.8013,11.8253,12.3996,12.4696,0,healthy,0.0,50.0,11.2254,0
SN_006751,LOT_022,11.226,12.0253,12.2693,12.338,0,healthy,0.0,50.0,11.2254,0
SN_006752,LOT_022,12.0331,12.263,12.4997,12.7615,0,healthy,0.0,50.0,11.2254,0
SN_006753,LOT_022,,13.0434,13.1476,13.1495,0,healthy,0.0,50.0,11.2254,0
SN_006754,LOT_022,9.7873,10.2086,10.4768,10.6684,0,healthy,0.0,50.0,11.2254,0
SN_006755,LOT_022,12.5413,13.3504,13.4582,13.5811,0,healthy,0.0,50.0,11.2254,0
SN_006756,LOT_022,13.8433,15.0671,15.6256,16.0795,0,healthy,0.0,50.0,11.2254,0
SN_006757,LOT_022,11.4241,12.5683,13.2264,13.4634,0,healthy,0.0,50.0,11.2254,0
SN_006758,LOT_022,10.7074,11.4544,11.751,12.1112,0,healthy,0.0,50.0,11.2254,0
SN_006759,LOT_022,13.0829,13.9675,14.5058,14.7033,0,healthy,0.0,50.0,11.2254,0
SN_006760,LOT_022,12.211,12.8566,13.1519,13.3936,0,healthy,0.0,50.0,11.2254,0
SN_006761,LOT_022,12.0579,13.4374,13.8172,14.0271,0,healthy,0.0,50.0,11.2254,0
SN_006762,LOT_022,13.2663,14.0953,14.2946,14.6324,0,healthy,0.0,50.0,11.2254,0
SN_006763,LOT_022,11.2767,12.192,12.8975,13.1661,0,healthy,0.0,50.0,11.2254,0
SN_006764,LOT_022,15.6013,16.6594,17.1106,17.1176,0,healthy,0.0,50.0,11.2254,0
SN_006765,LOT_022,11.2757,12.233,12.495,12.4883,0,healthy,0.0,50.0,11.2254,0
SN_006766,LOT_022,12.9307,14.5341,15.1263,15.4543,0,healthy,0.0,50.0,11.2254,0
SN_006767,LOT_022,12.2962,13.6403,14.0417,14.5115,0,healthy,0.0,50.0,11.2254,0
SN_006768,LOT_022,11.0742,12.1102,12.3503,12.4266,0,healthy,0.0,50.0,11.2254,0
SN_006769,LOT_022,11.8747,12.7451,13.1195,13.1344,0,healthy,0.0,50.0,11.2254,0
SN_006770,LOT_022,12.6477,13.1691,13.2142,13.4532,0,healthy,0.0,50.0,11.2254,0
SN_006771,LOT_022,11.0473,12.2974,12.8545,13.0631,0,healthy,0.0,50.0,11.2254,0
SN_006772,LOT_022,12.1693,13.129,13.2454,13.2812,0,healthy,0.0,50.0,11.2254,0
SN_006773,LOT_022,11.879,12.5075,12.6044,12.7526,0,healthy,0.0,50.0,11.2254,0
SN_006774,LOT_022,11.6627,13.1786,13.8201,13.8348,0,healthy,0.0,50.0,11.2254,0
SN_006775,LOT_022,,10.3004,10.6045,10.785,0,healthy,0.0,50.0,11.2254,0
SN_006776,LOT_022,15.0138,,17.225,17.3673,0,healthy,0.0,50.0,11.2254,0
SN_006777,LOT_022,10.0424,10.8551,11.2672,11.4255,0,healthy,0.0,50.0,11.2254,0
SN_006778,LOT_022,11.0616,11.986,12.5154,12.8356,0,healthy,0.0,50.0,11.2254,0
SN_006779,LOT_022,9.986,10.9102,11.1639,11.2778,0,healthy,0.0,50.0,11.2254,0
SN_006780,LOT_022,13.632,14.8187,15.3969,15.5606,0,healthy,0.0,50.0,11.2254,0
SN_006781,LOT_022,14.098,15.2542,15.8363,15.906,0,healthy,0.0,50.0,11.2254,0
SN_006782,LOT_022,12.8597,13.9489,14.3867,14.3971,0,healthy,0.0,50.0,11.2254,0
SN_006783,LOT_022,10.5883,10.8578,11.139,11.1759,0,healthy,0.0,50.0,11.2254,0
SN_006784,LOT_022,12.2249,13.6574,14.2516,14.6356,0,healthy,0.0,50.0,11.2254,0
SN_006785,LOT_022,10.7216,11.5176,12.0312,12.1429,0,healthy,0.0,50.0,11.2254,0
SN_006786,LOT_022,13.3465,13.7596,14.1108,14.1796,0,healthy,0.0,50.0,11.2254,0
SN_006787,LOT_022,10.4783,11.3656,11.4567,11.7584,0,healthy,0.0,50.0,11.2254,0
SN_006788,LOT_022,8.5351,8.9446,9.3184,9.4951,0,healthy,0.0,50.0,11.2254,0
SN_006789,LOT_022,11.174,11.8936,11.8462,11.9842,0,healthy,0.0,50.0,11.2254,0
SN_006790,LOT_022,8.2382,8.528,8.5993,8.7624,0,healthy,0.0,50.0,11.2254,0
SN_006791,LOT_022,9.8551,10.3401,10.2383,10.3304,0,healthy,0.0,50.0,11.2254,0
SN_006792,LOT_022,,12.6932,13.0464,13.2842,0,healthy,0.0,50.0,11.2254,0
SN_006793,LOT_022,10.6241,11.8125,12.3139,12.6953,0,healthy,0.0,50.0,11.2254,0
SN_006794,LOT_022,11.3846,11.8863,12.0767,12.1946,0,healthy,0.0,50.0,11.2254,0
SN_006795,LOT_022,11.9906,13.218,14.0071,13.9659,0,healthy,0.0,50.0,11.2254,0
SN_006796,LOT_022,9.0185,10.4078,10.6634,10.7745,0,healthy,0.0,50.0,11.2254,0
SN_006797,LOT_022,12.5135,13.7534,14.1272,14.2666,0,healthy,0.0,50.0,11.2254,0
SN_006798,LOT_022,10.1781,11.0359,11.3823,11.5329,0,healthy,0.0,50.0,11.2254,0
SN_006799,LOT_022,,11.1945,11.541,11.8002,0,healthy,0.0,50.0,11.2254,0
SN_006800,LOT_022,10.6396,11.8311,11.9807,12.1707,0,healthy,0.0,50.0,11.2254,0
SN_006801,LOT_022,11.8748,12.9585,13.3948,13.6453,0,healthy,0.0,50.0,11.2254,0
SN_006802,LOT_022,11.9538,13.02,13.4438,13.6849,0,healthy,0.0,50.0,11.2254,0
SN_006803,LOT_022,,13.6677,13.9547,13.9699,0,healthy,0.0,50.0,11.2254,0
SN_006804,LOT_022,13.3117,14.9087,15.0791,15.5642,0,healthy,0.0,50.0,11.2254,0
SN_006805,LOT_022,13.0695,14.7222,15.3417,15.6289,0,healthy,0.0,50.0,11.2254,0
SN_006806,LOT_022,13.0824,13.7891,13.6064,13.8059,0,healthy,0.0,50.0,11.2254,0
SN_006807,LOT_022,11.1218,12.1797,12.4785,12.742,0,healthy,0.0,50.0,11.2254,0
SN_006808,LOT_022,12.9969,13.6938,14.0234,14.0884,0,healthy,0.0,50.0,11.2254,0
SN_006809,LOT_022,11.7237,12.6178,13.1501,13.3869,0,healthy,0.0,50.0,11.2254,0
SN_006810,LOT_022,13.1359,13.9094,14.0402,14.0282,0,healthy,0.0,50.0,11.2254,0
SN_006811,LOT_022,12.4301,13.3634,13.812,14.0778,0,healthy,0.0,50.0,11.2254,0
SN_006812,LOT_022,12.5816,13.1399,13.5956,13.6133,0,healthy,0.0,50.0,11.2254,0
SN_006813,LOT_022,10.4928,11.1249,11.4346,11.5977,0,healthy,0.0,50.0,11.2254,0
SN_006814,LOT_022,10.4859,,12.1029,12.2571,0,healthy,0.0,50.0,11.2254,0
SN_006815,LOT_022,9.8388,10.6401,10.9156,11.1655,0,healthy,0.0,50.0,11.2254,0
SN_006816,LOT_022,14.0761,15.4469,15.7457,15.8996,0,healthy,0.0,50.0,11.2254,0
SN_006817,LOT_022,12.5431,14.0769,14.5218,14.806,0,healthy,0.0,50.0,11.2254,0
SN_006818,LOT_022,,13.402,14.0561,14.3255,0,healthy,0.0,50.0,11.2254,0
SN_006819,LOT_022,10.6343,11.1859,11.4438,11.3902,0,healthy,0.0,50.0,11.2254,0
SN_006820,LOT_022,10.2503,11.3182,11.8071,12.0242,0,healthy,0.0,50.0,11.2254,0
SN_006821,LOT_022,10.166,10.9135,11.1339,11.5503,0,healthy,0.0,50.0,11.2254,0
SN_006822,LOT_022,9.5235,10.5158,10.8458,11.0314,0,healthy,0.0,50.0,11.2254,0
SN_006823,LOT_022,13.1438,13.6201,14.0141,14.1007,0,healthy,0.0,50.0,11.2254,0
SN_006824,LOT_022,11.0312,12.3358,12.8008,13.1491,0,healthy,0.0,50.0,11.2254,0
SN_006825,LOT_022,10.6516,11.1923,11.3796,11.4836,0,healthy,0.0,50.0,11.2254,0
SN_006826,LOT_022,13.356,15.0025,15.1664,15.4052,0,healthy,0.0,50.0,11.2254,0
SN_006827,LOT_022,10.2469,10.997,11.4733,11.7321,0,healthy,0.0,50.0,11.2254,0
SN_006828,LOT_022,10.758,11.1088,11.258,11.3976,0,healthy,0.0,50.0,11.2254,0
SN_006829,LOT_022,11.5475,12.6304,13.24,13.5637,0,healthy,0.0,50.0,11.2254,0
SN_006830,LOT_022,9.3575,,10.2865,10.4192,0,healthy,0.0,50.0,11.2254,0
SN_006831,LOT_022,11.9456,12.5333,12.9069,13.1012,0,healthy,0.0,50.0,11.2254,0
SN_006832,LOT_022,15.1224,16.6682,17.3551,17.7882,0,healthy,0.0,50.0,11.2254,0
SN_006833,LOT_022,13.2223,13.6641,14.0559,13.9801,0,healthy,0.0,50.0,11.2254,0
SN_006834,LOT_022,9.168,10.0957,10.2707,10.4162,0,healthy,0.0,50.0,11.2254,0
SN_006835,LOT_022,10.9994,12.3693,12.72,13.0563,0,healthy,0.0,50.0,11.2254,0
SN_006836,LOT_022,11.6477,12.973,13.5196,13.7002,0,healthy,0.0,50.0,11.2254,0
SN_006837,LOT_022,11.3184,11.6813,12.0065,12.17,0,healthy,0.0,50.0,11.2254,0
SN_006838,LOT_022,12.3766,13.2162,13.5952,13.6845,0,healthy,0.0,50.0,11.2254,0
SN_006839,LOT_022,12.1757,13.1616,13.2474,13.489,0,healthy,0.0,50.0,11.2254,0
SN_006840,LOT_022,12.3725,13.714,14.3566,14.63,0,healthy,0.0,50.0,11.2254,0
SN_006841,LOT_022,13.683,15.0878,15.2935,15.316,0,healthy,0.0,50.0,11.2254,0
SN_006842,LOT_022,14.0681,14.4647,14.8987,14.9157,0,healthy,0.0,50.0,11.2254,0
SN_006843,LOT_022,12.7033,13.8836,14.4118,14.357,0,healthy,0.0,50.0,11.2254,0
SN_006844,LOT_022,,13.3137,13.3971,13.7239,0,healthy,0.0,50.0,11.2254,0
SN_006845,LOT_022,13.0318,14.0279,14.4435,14.6,0,healthy,0.0,50.0,11.2254,0
SN_006846,LOT_022,13.7224,15.2602,16.072,16.3333,0,healthy,0.0,50.0,11.2254,0
SN_006847,LOT_022,9.4305,10.6755,10.9617,11.0901,0,healthy,0.0,50.0,11.2254,0
SN_006848,LOT_023,8.408,8.6957,8.9223,9.1099,0,healthy,0.0,50.0,7.8223,0
SN_006849,LOT_023,7.1348,7.9262,8.1367,8.3945,0,healthy,0.0,50.0,7.8223,0
SN_006850,LOT_023,7.9322,8.5287,8.7867,8.8068,0,healthy,0.0,50.0,7.8223,0
SN_006851,LOT_023,,7.44,7.6794,7.7945,0,healthy,0.0,50.0,7.8223,0
SN_006852,LOT_023,9.1375,10.0629,10.3827,10.7042,0,healthy,0.0,50.0,7.8223,0
SN_006853,LOT_023,9.091,9.5074,9.5388,9.8467,0,healthy,0.0,50.0,7.8223,0
SN_006854,LOT_023,8.4138,9.4198,9.6516,9.9162,0,healthy,0.0,50.0,7.8223,0
SN_006855,LOT_023,7.9941,8.2828,8.2554,8.3693,0,healthy,0.0,50.0,7.8223,0
SN_006856,LOT_023,8.8348,9.1548,9.3008,9.4481,0,healthy,0.0,50.0,7.8223,0
SN_006857,LOT_023,8.9767,9.6566,9.7387,9.7354,0,healthy,0.0,50.0,7.8223,0
SN_006858,LOT_023,7.1592,7.4823,7.6237,7.7431,0,healthy,0.0,50.0,7.8223,0
SN_006859,LOT_023,8.9203,9.5778,10.029,10.0512,0,healthy,0.0,50.0,7.8223,0
SN_006860,LOT_023,9.2942,10.4615,10.7312,10.8293,0,healthy,0.0,50.0,7.8223,0
SN_006861,LOT_023,7.8702,8.199,8.3082,8.2437,0,healthy,0.0,50.0,7.8223,0
SN_006862,LOT_023,7.0834,,7.3769,7.4,0,healthy,0.0,50.0,7.8223,0
SN_006863,LOT_023,7.2496,8.0094,8.2543,8.3706,0,healthy,0.0,50.0,7.8223,0
SN_006864,LOT_023,7.9581,8.758,8.9161,9.0444,0,healthy,0.0,50.0,7.8223,0
SN_006865,LOT_023,6.9973,7.2354,7.3425,7.3875,0,healthy,0.0,50.0,7.8223,0
SN_006866,LOT_023,6.2831,6.9372,7.0656,7.2156,0,healthy,0.0,50.0,7.8223,0
SN_006867,LOT_023,8.2212,,8.8245,9.0284,0,healthy,0.0,50.0,7.8223,0
SN_006868,LOT_023,9.7601,10.3736,10.574,10.6902,0,healthy,0.0,50.0,7.8223,0
SN_006869,LOT_023,6.7274,7.1992,7.2825,7.3317,0,healthy,0.0,50.0,7.8223,0
SN_006870,LOT_023,9.2596,10.2068,10.538,10.5993,0,healthy,0.0,50.0,7.8223,0
SN_006871,LOT_023,6.7726,7.3108,7.3298,7.4807,0,healthy,0.0,50.0,7.8223,0
SN_006872,LOT_023,7.6461,7.911,8.157,8.1831,0,healthy,0.0,50.0,7.8223,0
SN_006873,LOT_023,7.5827,8.4401,8.6355,8.7274,0,healthy,0.0,50.0,7.8223,0
SN_006874,LOT_023,,8.0102,8.323,8.4842,0,healthy,0.0,50.0,7.8223,0
SN_006875,LOT_023,7.7187,8.6327,8.8333,9.0355,0,healthy,0.0,50.0,7.8223,0
SN_006876,LOT_023,6.7481,7.4934,7.8664,8.0102,0,healthy,0.0,50.0,7.8223,0
SN_006877,LOT_023,7.7312,8.1046,8.2745,8.269,0,healthy,0.0,50.0,7.8223,0
SN_006878,LOT_023,8.5655,9.2386,9.3963,9.6759,0,healthy,0.0,50.0,7.8223,0
SN_006879,LOT_023,7.6717,7.9319,8.2117,8.1623,0,healthy,0.0,50.0,7.8223,0
SN_006880,LOT_023,8.7721,9.6149,9.933,10.1289,0,healthy,0.0,50.0,7.8223,0
SN_006881,LOT_023,6.9633,7.2423,7.3591,7.452,0,healthy,0.0,50.0,7.8223,0
SN_006882,LOT_023,7.5732,7.9961,8.22,8.1927,0,healthy,0.0,50.0,7.8223,0
SN_006883,LOT_023,7.4501,7.9664,8.1892,8.0905,0,healthy,0.0,50.0,7.8223,0
SN_006884,LOT_023,7.0686,7.8874,8.1361,8.3649,0,healthy,0.0,50.0,7.8223,0
SN_006885,LOT_023,8.0291,8.6072,8.8291,8.9766,0,healthy,0.0,50.0,7.8223,0
SN_006886,LOT_023,8.4815,9.4921,9.9014,9.9268,0,healthy,0.0,50.0,7.8223,0
SN_006887,LOT_023,7.7953,8.4104,8.8219,8.9746,0,healthy,0.0,50.0,7.8223,0
SN_006888,LOT_023,7.9667,8.5877,8.7978,8.8671,0,healthy,0.0,50.0,7.8223,0
SN_006889,LOT_023,7.6745,8.3099,8.5756,8.8236,0,healthy,0.0,50.0,7.8223,0
SN_006890,LOT_023,9.1564,10.2723,10.7263,10.9214,0,healthy,0.0,50.0,7.8223,0
SN_006891,LOT_023,9.1324,10.1658,10.6662,10.8712,0,healthy,0.0,50.0,7.8223,0
SN_006892,LOT_023,7.5962,8.1934,8.7803,8.8728,0,healthy,0.0,50.0,7.8223,0
SN_006893,LOT_023,7.241,8.0419,8.2444,8.4042,0,healthy,0.0,50.0,7.8223,0
SN_006894,LOT_023,6.6838,6.9808,6.957,7.0207,0,healthy,0.0,50.0,7.8223,0
SN_006895,LOT_023,7.1237,7.7175,7.9113,7.889,0,healthy,0.0,50.0,7.8223,0
SN_006896,LOT_023,8.9216,9.3414,9.6077,9.612,0,healthy,0.0,50.0,7.8223,0
SN_006897,LOT_023,7.8896,,8.612,8.8193,0,healthy,0.0,50.0,7.8223,0
SN_006898,LOT_023,7.0673,7.7758,8.069,8.0517,0,healthy,0.0,50.0,7.8223,0
SN_006899,LOT_023,6.7819,7.4235,7.6296,7.9267,0,healthy,0.0,50.0,7.8223,0
SN_006900,LOT_023,7.3769,8.1179,8.5649,8.5567,0,healthy,0.0,50.0,7.8223,0
SN_006901,LOT_023,8.9321,,9.8169,9.8718,0,healthy,0.0,50.0,7.8223,0
SN_006902,LOT_023,,7.2985,7.2932,7.2778,0,healthy,0.0,50.0,7.8223,0
SN_006903,LOT_023,8.5439,9.5072,9.7764,9.9412,0,healthy,0.0,50.0,7.8223,0
SN_006904,LOT_023,7.3468,,8.1773,8.4096,0,healthy,0.0,50.0,7.8223,0
SN_006905,LOT_023,7.412,7.6532,7.8089,7.9188,0,healthy,0.0,50.0,7.8223,0
SN_006906,LOT_023,6.6678,7.044,7.1389,7.3408,0,healthy,0.0,50.0,7.8223,0
SN_006907,LOT_023,7.2646,7.4942,7.6396,7.7286,0,healthy,0.0,50.0,7.8223,0
SN_006908,LOT_023,9.0468,9.8788,10.1665,10.4103,0,healthy,0.0,50.0,7.8223,0
SN_006909,LOT_023,8.46,9.3031,9.5549,9.8137,0,healthy,0.0,50.0,7.8223,0
SN_006910,LOT_023,7.3513,8.0689,8.3837,8.4769,0,healthy,0.0,50.0,7.8223,0
SN_006911,LOT_023,,9.0897,9.437,9.4765,0,healthy,0.0,50.0,7.8223,0
SN_006912,LOT_023,9.5146,,10.1858,10.274,0,healthy,0.0,50.0,7.8223,0
SN_006913,LOT_023,8.1104,8.7757,8.8699,9.065,0,healthy,0.0,50.0,7.8223,0
SN_006914,LOT_023,7.5094,8.4312,8.595,8.72,0,healthy,0.0,50.0,7.8223,0
SN_006915,LOT_023,6.7763,7.0509,7.0907,7.2278,0,healthy,0.0,50.0,7.8223,0
SN_006916,LOT_023,7.7571,8.9475,8.9503,9.1548,0,healthy,0.0,50.0,7.8223,0
SN_006917,LOT_023,7.8965,8.9118,9.0486,9.1949,0,healthy,0.0,50.0,7.8223,0
SN_006918,LOT_023,7.7292,8.3549,8.4754,8.4819,0,healthy,0.0,50.0,7.8223,0
SN_006919,LOT_023,7.7464,8.6087,8.7656,8.7459,0,healthy,0.0,50.0,7.8223,0
SN_006920,LOT_023,6.9889,7.6368,7.9964,8.1254,0,healthy,0.0,50.0,7.8223,0
SN_006921,LOT_023,7.4387,8.0013,8.2446,8.3737,0,healthy,0.0,50.0,7.8223,0
SN_006922,LOT_023,,8.3186,8.4842,8.617,0,healthy,0.0,50.0,7.8223,0
SN_006923,LOT_023,6.8962,7.1085,7.2112,7.2444,0,healthy,0.0,50.0,7.8223,0
SN_006924,LOT_023,7.3708,7.7981,7.9467,8.2096,0,healthy,0.0,50.0,7.8223,0
SN_006925,LOT_023,6.4989,6.8993,6.9963,7.1481,0,healthy,0.0,50.0,7.8223,0
SN_006926,LOT_023,7.2151,7.5436,7.6475,7.786,0,healthy,0.0,50.0,7.8223,0
SN_006927,LOT_023,7.2679,7.6327,7.6825,7.7981,0,healthy,0.0,50.0,7.8223,0
SN_006928,LOT_023,8.3302,8.9224,9.143,9.3892,0,healthy,0.0,50.0,7.8223,0
SN_006929,LOT_023,7.2853,7.6768,8.0201,7.9891,0,healthy,0.0,50.0,7.8223,0
SN_006930,LOT_023,8.5718,,9.9284,10.2018,0,healthy,0.0,50.0,7.8223,0
SN_006931,LOT_023,8.0306,8.6763,8.7064,8.835,0,healthy,0.0,50.0,7.8223,0
SN_006932,LOT_023,7.8059,8.3392,8.6336,8.761,0,healthy,0.0,50.0,7.8223,0
SN_006933,LOT_023,6.908,7.3132,7.4723,7.5214,0,healthy,0.0,50.0,7.8223,0
SN_006934,LOT_023,7.606,7.9431,8.1134,8.2303,0,healthy,0.0,50.0,7.8223,0
SN_006935,LOT_023,9.1571,10.1846,10.4148,10.4646,0,healthy,0.0,50.0,7.8223,0
SN_006936,LOT_023,7.4328,7.8907,8.2607,8.3255,0,healthy,0.0,50.0,7.8223,0
SN_006937,LOT_023,9.5194,9.6824,10.0256,10.1281,0,healthy,0.0,50.0,7.8223,0
SN_006938,LOT_023,7.4055,7.7973,7.8835,7.9781,0,healthy,0.0,50.0,7.8223,0
SN_006939,LOT_023,9.5984,10.0373,10.3683,10.3341,0,healthy,0.0,50.0,7.8223,0
SN_006940,LOT_023,,9.1807,9.6232,9.844,0,healthy,0.0,50.0,7.8223,0
SN_006941,LOT_023,,8.7542,9.0528,9.2594,0,healthy,0.0,50.0,7.8223,0
SN_006942,LOT_023,7.785,8.0567,8.177,8.2804,0,healthy,0.0,50.0,7.8223,0
SN_006943,LOT_023,7.3515,8.0819,8.4596,8.7288,0,healthy,0.0,50.0,7.8223,0
SN_006944,LOT_023,8.3092,9.4044,9.7046,9.8874,0,healthy,0.0,50.0,7.8223,0
SN_006945,LOT_023,6.9787,7.2865,7.5101,7.4253,0,healthy,0.0,50.0,7.8223,0
SN_006946,LOT_023,8.053,8.9818,9.2817,9.4965,0,healthy,0.0,50.0,7.8223,0
SN_006947,LOT_023,7.304,7.6593,7.7696,7.6384,0,healthy,0.0,50.0,7.8223,0
SN_006948,LOT_023,6.8363,7.1227,7.0895,7.2999,0,healthy,0.0,50.0,7.8223,0
SN_006949,LOT_023,7.3637,8.1632,8.5147,8.6604,0,healthy,0.0,50.0,7.8223,0
SN_006950,LOT_023,7.3706,7.7408,7.9643,8.2382,0,healthy,0.0,50.0,7.8223,0
SN_006951,LOT_023,8.0152,8.9327,9.2685,9.4358,0,healthy,0.0,50.0,7.8223,0
SN_006952,LOT_023,7.2749,7.8474,8.1242,8.1685,0,healthy,0.0,50.0,7.8223,0
SN_006953,LOT_023,8.747,9.7555,10.0834,10.3111,0,healthy,0.0,50.0,7.8223,0
SN_006954,LOT_023,9.8864,10.6867,11.0187,11.0964,0,healthy,0.0,50.0,7.8223,0
SN_006955,LOT_023,7.5035,8.0015,8.1172,8.3204,0,healthy,0.0,50.0,7.8223,0
SN_006956,LOT_023,8.136,8.4699,8.5274,8.5457,0,healthy,0.0,50.0,7.8223,0
SN_006957,LOT_023,7.4823,7.681,8.0347,8.1621,0,healthy,0.0,50.0,7.8223,0
SN_006958,LOT_023,10.3814,10.702,10.7868,10.8922,0,healthy,0.0,50.0,7.8223,0
SN_006959,LOT_023,8.2818,9.0274,9.2111,9.5006,0,healthy,0.0,50.0,7.8223,0
SN_006960,LOT_023,7.2354,7.6711,7.8316,8.0375,0,healthy,0.0,50.0,7.8223,0
SN_006961,LOT_023,7.9797,8.9829,9.2221,9.4667,0,healthy,0.0,50.0,7.8223,0
SN_006962,LOT_023,6.8093,7.4766,7.7331,7.7918,0,healthy,0.0,50.0,7.8223,0
SN_006963,LOT_023,8.6779,9.3233,9.5266,9.5871,0,healthy,0.0,50.0,7.8223,0
SN_006964,LOT_023,8.0615,8.4931,8.7221,8.7435,0,healthy,0.0,50.0,7.8223,0
SN_006965,LOT_023,7.6222,8.2323,8.5273,8.6042,0,healthy,0.0,50.0,7.8223,0
SN_006966,LOT_023,8.0358,8.7923,9.0917,9.2003,0,healthy,0.0,50.0,7.8223,0
SN_006967,LOT_023,7.7939,8.6755,9.0123,9.1537,0,healthy,0.0,50.0,7.8223,0
SN_006968,LOT_023,8.6843,9.5015,9.9771,10.2952,0,healthy,0.0,50.0,7.8223,0
SN_006969,LOT_023,7.2677,7.6915,7.8319,7.9809,0,healthy,0.0,50.0,7.8223,0
SN_006970,LOT_023,6.2928,6.4881,6.6002,6.6556,0,healthy,0.0,50.0,7.8223,0
SN_006971,LOT_023,6.7183,7.3592,7.4457,7.5938,0,healthy,0.0,50.0,7.8223,0
SN_006972,LOT_023,7.6845,8.2736,8.3952,8.6696,0,healthy,0.0,50.0,7.8223,0
SN_006973,LOT_023,7.3335,7.6707,7.9828,8.0267,0,healthy,0.0,50.0,7.8223,0
SN_006974,LOT_023,7.1363,7.5153,7.7681,7.8023,0,healthy,0.0,50.0,7.8223,0
SN_006975,LOT_023,7.669,8.4117,8.8935,8.9081,0,healthy,0.0,50.0,7.8223,0
SN_006976,LOT_023,8.5174,9.1245,9.0568,9.4555,0,healthy,0.0,50.0,7.8223,0
SN_006977,LOT_023,7.1851,7.8419,8.0518,8.0558,0,healthy,0.0,50.0,7.8223,0
SN_006978,LOT_023,7.8141,8.0604,8.3131,8.4218,0,healthy,0.0,50.0,7.8223,0
SN_006979,LOT_023,6.7786,7.0683,7.2381,7.3844,0,healthy,0.0,50.0,7.8223,0
SN_006980,LOT_023,7.1658,7.4649,7.793,7.9008,0,healthy,0.0,50.0,7.8223,0
SN_006981,LOT_023,7.2465,7.9881,8.3929,8.4367,0,healthy,0.0,50.0,7.8223,0
SN_006982,LOT_023,,8.1939,8.4799,8.5937,0,healthy,0.0,50.0,7.8223,0
SN_006983,LOT_023,7.6692,8.7444,9.1326,9.0197,0,healthy,0.0,50.0,7.8223,0
SN_006984,LOT_023,8.1534,9.0943,9.4486,9.5867,0,healthy,0.0,50.0,7.8223,0
SN_006985,LOT_023,8.5237,9.0944,9.3679,9.4035,0,healthy,0.0,50.0,7.8223,0
SN_006986,LOT_023,9.603,10.7382,10.8518,10.9098,0,healthy,0.0,50.0,7.8223,0
SN_006987,LOT_023,8.2311,8.6953,8.8225,8.9796,0,healthy,0.0,50.0,7.8223,0
SN_006988,LOT_023,9.5551,10.4886,10.8544,11.2428,0,healthy,0.0,50.0,7.8223,0
SN_006989,LOT_023,7.2038,7.6709,7.8096,8.0277,0,healthy,0.0,50.0,7.8223,0
SN_006990,LOT_023,7.0908,7.3777,7.4357,7.493,0,healthy,0.0,50.0,7.8223,0
SN_006991,LOT_023,7.667,7.9954,8.2103,8.257,0,healthy,0.0,50.0,7.8223,0
SN_006992,LOT_023,9.3123,10.4911,11.0095,11.0955,0,healthy,0.0,50.0,7.8223,0
SN_006993,LOT_023,8.858,9.773,10.1766,10.3182,0,healthy,0.0,50.0,7.8223,0
SN_006994,LOT_023,8.0043,8.3233,8.4885,8.6373,0,healthy,0.0,50.0,7.8223,0
SN_006995,LOT_023,7.7737,8.6041,8.7279,8.8472,0,healthy,0.0,50.0,7.8223,0
SN_006996,LOT_023,,,9.8638,9.9026,0,healthy,0.0,50.0,7.8223,0
SN_006997,LOT_023,7.6871,8.3299,8.9142,9.134,0,healthy,0.0,50.0,7.8223,0
SN_006998,LOT_023,7.6234,8.2964,8.5132,8.6523,0,healthy,0.0,50.0,7.8223,0
SN_006999,LOT_023,8.0413,8.9245,9.2661,9.6002,0,healthy,0.0,50.0,7.8223,0
SN_007000,LOT_023,7.4406,7.7037,7.7327,7.8818,0,healthy,0.0,50.0,7.8223,0
SN_007001,LOT_023,8.3141,8.9953,9.1312,9.3633,0,healthy,0.0,50.0,7.8223,0
SN_007002,LOT_023,7.5089,7.9657,8.2026,8.2224,0,healthy,0.0,50.0,7.8223,0
SN_007003,LOT_023,7.4282,8.279,8.5292,8.6842,0,healthy,0.0,50.0,7.8223,0
SN_007004,LOT_023,7.251,7.9642,8.2566,8.4146,0,healthy,0.0,50.0,7.8223,0
SN_007005,LOT_023,8.2218,8.8952,9.095,9.1089,0,healthy,0.0,50.0,7.8223,0
SN_007006,LOT_023,7.3918,7.7323,7.9433,7.8202,0,healthy,0.0,50.0,7.8223,0
SN_007007,LOT_023,7.3046,8.0943,8.3515,8.5747,0,healthy,0.0,50.0,7.8223,0
SN_007008,LOT_023,7.7903,8.5485,8.7782,8.951,0,healthy,0.0,50.0,7.8223,0
SN_007009,LOT_023,6.4524,6.7298,6.8684,6.9569,0,healthy,0.0,50.0,7.8223,0
SN_007010,LOT_023,7.6935,8.0481,8.2309,8.3789,0,healthy,0.0,50.0,7.8223,0
SN_007011,LOT_023,6.253,6.9711,7.0934,7.1607,0,healthy,0.0,50.0,7.8223,0
SN_007012,LOT_023,8.3212,8.9272,9.1273,9.2193,0,healthy,0.0,50.0,7.8223,0
SN_007013,LOT_023,6.7557,7.4994,7.7964,7.8607,0,healthy,0.0,50.0,7.8223,0
SN_007014,LOT_023,9.174,10.0611,10.0375,10.5232,0,healthy,0.0,50.0,7.8223,0
SN_007015,LOT_023,,8.7348,9.3082,9.7513,1,nbti_ageing,0.0727,50.0,7.8223,0
SN_007016,LOT_023,9.3153,9.9267,9.964,10.0689,0,healthy,0.0,50.0,7.8223,0
SN_007017,LOT_023,7.4965,8.0803,8.1176,8.2802,0,healthy,0.0,50.0,7.8223,0
SN_007018,LOT_023,6.9767,7.215,7.5191,7.4518,0,healthy,0.0,50.0,7.8223,0
SN_007019,LOT_023,7.6046,8.4749,8.8718,9.1402,0,healthy,0.0,50.0,7.8223,0
SN_007020,LOT_023,8.6225,9.3219,9.479,9.6459,0,healthy,0.0,50.0,7.8223,0
SN_007021,LOT_023,7.7633,8.7139,9.0379,9.1726,0,healthy,0.0,50.0,7.8223,0
SN_007022,LOT_023,7.3854,8.2893,8.4664,8.6459,0,healthy,0.0,50.0,7.8223,0
SN_007023,LOT_023,,8.6283,9.0718,9.2165,0,healthy,0.0,50.0,7.8223,0
SN_007024,LOT_023,7.8987,8.3283,8.4585,8.6038,0,healthy,0.0,50.0,7.8223,0
SN_007025,LOT_023,7.8909,8.7516,9.2052,9.4278,0,healthy,0.0,50.0,7.8223,0
SN_007026,LOT_023,7.2575,7.9815,8.2382,8.4395,0,healthy,0.0,50.0,7.8223,0
SN_007027,LOT_023,7.4943,8.3242,8.5705,8.8095,0,healthy,0.0,50.0,7.8223,0
SN_007028,LOT_023,7.1323,7.554,7.5319,7.562,0,healthy,0.0,50.0,7.8223,0
SN_007029,LOT_023,8.8617,9.5756,9.771,9.747,0,healthy,0.0,50.0,7.8223,0
SN_007030,LOT_023,9.8748,10.1873,10.3301,10.5429,0,healthy,0.0,50.0,7.8223,0
SN_007031,LOT_023,7.1809,7.8328,8.0035,8.3205,0,healthy,0.0,50.0,7.8223,0
SN_007032,LOT_023,9.5307,10.0495,10.0118,10.0928,0,healthy,0.0,50.0,7.8223,0
SN_007033,LOT_023,7.1672,7.8807,8.0608,8.1116,0,healthy,0.0,50.0,7.8223,0
SN_007034,LOT_023,8.5361,9.1995,9.4941,9.5534,0,healthy,0.0,50.0,7.8223,0
SN_007035,LOT_023,9.0674,10.1674,10.5153,10.6793,0,healthy,0.0,50.0,7.8223,0
SN_007036,LOT_023,8.3446,8.8943,9.008,9.3905,0,healthy,0.0,50.0,7.8223,0
SN_007037,LOT_023,8.1319,9.0321,9.3184,9.5124,0,healthy,0.0,50.0,7.8223,0
SN_007038,LOT_023,6.013,6.8542,7.0649,7.2024,0,healthy,0.0,50.0,7.8223,0
SN_007039,LOT_023,8.0145,8.5405,8.6606,8.8625,0,healthy,0.0,50.0,7.8223,0
SN_007040,LOT_023,,9.4073,9.6303,9.7924,0,healthy,0.0,50.0,7.8223,0
SN_007041,LOT_023,7.9722,8.7203,9.0201,8.9229,0,healthy,0.0,50.0,7.8223,0
SN_007042,LOT_023,7.9467,8.5742,8.8972,9.021,0,healthy,0.0,50.0,7.8223,0
SN_007043,LOT_023,8.1556,8.6331,8.879,8.883,0,healthy,0.0,50.0,7.8223,0
SN_007044,LOT_023,8.2741,8.9077,9.2278,9.5216,0,healthy,0.0,50.0,7.8223,0
SN_007045,LOT_023,7.2849,7.817,8.0044,8.0073,0,healthy,0.0,50.0,7.8223,0
SN_007046,LOT_023,7.1541,7.9175,8.2259,8.2947,0,healthy,0.0,50.0,7.8223,0
SN_007047,LOT_023,7.6082,7.7796,7.9883,8.1306,0,healthy,0.0,50.0,7.8223,0
SN_007048,LOT_023,8.5299,9.7208,9.8872,10.316,0,healthy,0.0,50.0,7.8223,0
SN_007049,LOT_023,7.8601,8.6286,8.9268,9.1405,0,healthy,0.0,50.0,7.8223,0
SN_007050,LOT_023,7.6843,,8.5072,8.6136,0,healthy,0.0,50.0,7.8223,0
SN_007051,LOT_023,6.2046,6.3749,6.5914,6.7357,0,healthy,0.0,50.0,7.8223,0
SN_007052,LOT_023,8.429,8.8157,8.9629,9.0464,0,healthy,0.0,50.0,7.8223,0
SN_007053,LOT_023,7.214,7.9357,8.1882,8.2801,0,healthy,0.0,50.0,7.8223,0
SN_007054,LOT_023,7.2808,7.8375,8.1445,8.3168,0,healthy,0.0,50.0,7.8223,0
SN_007055,LOT_023,7.8888,8.2588,8.2476,8.4326,0,healthy,0.0,50.0,7.8223,0
SN_007056,LOT_023,8.4399,9.0019,9.1371,9.1608,0,healthy,0.0,50.0,7.8223,0
SN_007057,LOT_023,7.0272,7.8761,8.16,8.3075,0,healthy,0.0,50.0,7.8223,0
SN_007058,LOT_023,6.7209,7.1694,7.4255,7.628,0,healthy,0.0,50.0,7.8223,0
SN_007059,LOT_023,7.8783,8.3288,8.6341,8.5963,0,healthy,0.0,50.0,7.8223,0
SN_007060,LOT_023,7.8132,8.4496,8.5464,8.7691,0,healthy,0.0,50.0,7.8223,0
SN_007061,LOT_023,8.6339,,9.9142,9.9883,0,healthy,0.0,50.0,7.8223,0
SN_007062,LOT_023,9.8812,10.7158,10.943,11.0558,0,healthy,0.0,50.0,7.8223,0
SN_007063,LOT_023,8.4613,8.876,9.0875,9.1805,0,healthy,0.0,50.0,7.8223,0
SN_007064,LOT_023,7.7922,8.4293,8.4871,8.4689,0,healthy,0.0,50.0,7.8223,0
SN_007065,LOT_023,8.0813,8.7758,9.0804,9.3254,0,healthy,0.0,50.0,7.8223,0
SN_007066,LOT_023,8.7791,9.2272,9.573,9.6426,0,healthy,0.0,50.0,7.8223,0
SN_007067,LOT_023,6.555,7.5425,7.6448,7.8015,0,healthy,0.0,50.0,7.8223,0
SN_007068,LOT_023,6.5433,7.3452,7.5928,7.6784,0,healthy,0.0,50.0,7.8223,0
SN_007069,LOT_023,7.7543,8.7932,9.0602,9.0264,0,healthy,0.0,50.0,7.8223,0
SN_007070,LOT_023,7.2716,8.0196,8.185,8.2673,0,healthy,0.0,50.0,7.8223,0
SN_007071,LOT_023,6.3171,6.7209,6.93,6.9155,0,healthy,0.0,50.0,7.8223,0
SN_007072,LOT_023,7.7854,8.0784,8.1933,8.3267,0,healthy,0.0,50.0,7.8223,0
SN_007073,LOT_023,7.5836,8.3666,8.5798,8.6171,0,healthy,0.0,50.0,7.8223,0
SN_007074,LOT_023,7.9936,8.2738,8.4823,8.6064,0,healthy,0.0,50.0,7.8223,0
SN_007075,LOT_023,7.5199,,8.4481,8.5626,0,healthy,0.0,50.0,7.8223,0
SN_007076,LOT_023,7.4984,8.5001,8.7208,8.9213,0,healthy,0.0,50.0,7.8223,0
SN_007077,LOT_023,7.9265,8.2631,8.485,8.346,0,healthy,0.0,50.0,7.8223,0
SN_007078,LOT_023,7.3144,7.8699,8.1825,8.3716,0,healthy,0.0,50.0,7.8223,0
SN_007079,LOT_023,7.9508,8.6374,9.1634,9.2676,0,healthy,0.0,50.0,7.8223,0
SN_007080,LOT_023,7.5374,8.4957,8.8891,9.127,0,healthy,0.0,50.0,7.8223,0
SN_007081,LOT_023,8.487,9.3915,9.8029,9.8597,0,healthy,0.0,50.0,7.8223,0
SN_007082,LOT_023,8.9699,9.6795,9.8652,10.0013,0,healthy,0.0,50.0,7.8223,0
SN_007083,LOT_023,7.6612,8.2923,8.5713,8.524,0,healthy,0.0,50.0,7.8223,0
SN_007084,LOT_023,8.2206,9.1253,9.5245,9.7731,0,healthy,0.0,50.0,7.8223,0
SN_007085,LOT_023,6.9853,7.3952,7.6349,7.6877,0,healthy,0.0,50.0,7.8223,0
SN_007086,LOT_023,,8.5986,8.5694,8.7613,0,healthy,0.0,50.0,7.8223,0
SN_007087,LOT_023,7.5673,7.923,7.8761,7.8577,0,healthy,0.0,50.0,7.8223,0
SN_007088,LOT_023,6.5263,,6.9868,6.9771,0,healthy,0.0,50.0,7.8223,0
SN_007089,LOT_023,7.0171,7.2094,7.3524,7.3242,0,healthy,0.0,50.0,7.8223,0
SN_007090,LOT_023,7.7065,8.3487,8.6066,8.8366,0,healthy,0.0,50.0,7.8223,0
SN_007091,LOT_023,8.3499,8.7359,8.7547,8.8402,0,healthy,0.0,50.0,7.8223,0
SN_007092,LOT_023,7.3141,8.0498,8.0403,8.2667,0,healthy,0.0,50.0,7.8223,0
SN_007093,LOT_023,7.5283,8.6174,8.9647,9.0141,0,healthy,0.0,50.0,7.8223,0
SN_007094,LOT_023,6.6602,7.6756,7.8338,7.9542,0,healthy,0.0,50.0,7.8223,0
SN_007095,LOT_023,8.193,9.1999,9.4018,9.5669,0,healthy,0.0,50.0,7.8223,0
SN_007096,LOT_023,9.4803,10.6211,11.1165,11.2656,0,healthy,0.0,50.0,7.8223,0
SN_007097,LOT_023,,6.7176,6.7571,6.9776,0,healthy,0.0,50.0,7.8223,0
SN_007098,LOT_023,7.3744,8.0751,8.6516,8.7928,0,healthy,0.0,50.0,7.8223,0
SN_007099,LOT_023,7.9385,8.6425,9.0305,9.0831,0,healthy,0.0,50.0,7.8223,0
SN_007100,LOT_023,7.7226,8.2796,8.3509,8.5164,0,healthy,0.0,50.0,7.8223,0
SN_007101,LOT_023,8.0644,8.5278,8.7047,9.0196,0,healthy,0.0,50.0,7.8223,0
SN_007102,LOT_023,8.5169,9.6116,9.9419,10.0503,0,healthy,0.0,50.0,7.8223,0
SN_007103,LOT_023,7.0955,8.5215,12.6411,16.7275,1,electromigration,0.223,50.0,7.8223,0
SN_007104,LOT_023,7.6384,8.2411,8.6236,8.7438,0,healthy,0.0,50.0,7.8223,0
SN_007105,LOT_023,9.6888,10.5402,10.8491,11.0491,0,healthy,0.0,50.0,7.8223,0
SN_007106,LOT_023,,7.6227,7.901,7.8622,0,healthy,0.0,50.0,7.8223,0
SN_007107,LOT_023,8.2456,8.7457,8.8421,8.8818,0,healthy,0.0,50.0,7.8223,0
SN_007108,LOT_023,8.9403,9.6558,9.9324,9.9811,0,healthy,0.0,50.0,7.8223,0
SN_007109,LOT_023,8.1252,9.0667,9.2409,9.4353,0,healthy,0.0,50.0,7.8223,0
SN_007110,LOT_023,8.0943,8.9882,9.3999,9.5223,0,healthy,0.0,50.0,7.8223,0
SN_007111,LOT_023,9.8551,10.8643,11.259,11.421,0,healthy,0.0,50.0,7.8223,0
SN_007112,LOT_023,8.5125,9.5188,9.6649,9.8064,0,healthy,0.0,50.0,7.8223,0
SN_007113,LOT_023,7.556,8.2395,8.4668,8.4986,0,healthy,0.0,50.0,7.8223,0
SN_007114,LOT_023,,11.5079,12.0681,12.2037,0,healthy,0.0,50.0,7.8223,0
SN_007115,LOT_023,7.4429,7.7627,7.8431,7.8311,0,healthy,0.0,50.0,7.8223,0
SN_007116,LOT_023,7.0101,7.7384,7.96,8.0045,0,healthy,0.0,50.0,7.8223,0
SN_007117,LOT_023,7.9471,,8.6299,8.6484,0,healthy,0.0,50.0,7.8223,0
SN_007118,LOT_023,8.7602,9.925,10.1983,10.304,0,healthy,0.0,50.0,7.8223,0
SN_007119,LOT_023,8.0425,8.9722,9.1735,9.2817,0,healthy,0.0,50.0,7.8223,0
SN_007120,LOT_023,6.9306,7.5546,7.8765,7.9042,0,healthy,0.0,50.0,7.8223,0
SN_007121,LOT_023,8.2704,8.9512,9.1301,9.2438,0,healthy,0.0,50.0,7.8223,0
SN_007122,LOT_023,8.5763,8.7622,8.9826,8.9229,0,healthy,0.0,50.0,7.8223,0
SN_007123,LOT_023,7.4954,7.7444,7.9252,8.0417,0,healthy,0.0,50.0,7.8223,0
SN_007124,LOT_023,9.5048,9.9042,10.1775,10.1936,0,healthy,0.0,50.0,7.8223,0
SN_007125,LOT_023,6.4992,6.9938,7.1405,7.3306,0,healthy,0.0,50.0,7.8223,0
SN_007126,LOT_023,,8.2304,8.5012,8.7438,0,healthy,0.0,50.0,7.8223,0
SN_007127,LOT_023,7.5053,8.4882,8.8562,9.0842,0,healthy,0.0,50.0,7.8223,0
SN_007128,LOT_023,8.714,9.1792,9.4589,9.5385,0,healthy,0.0,50.0,7.8223,0
SN_007129,LOT_023,8.3575,9.1741,9.3954,9.6898,0,healthy,0.0,50.0,7.8223,0
SN_007130,LOT_023,8.1651,8.6782,8.7427,8.9574,0,healthy,0.0,50.0,7.8223,0
SN_007131,LOT_023,9.0104,9.4978,9.4968,9.5634,0,healthy,0.0,50.0,7.8223,0
SN_007132,LOT_023,8.6211,,9.5187,9.3991,0,healthy,0.0,50.0,7.8223,0
SN_007133,LOT_023,7.6506,8.4794,8.6842,8.7324,0,healthy,0.0,50.0,7.8223,0
SN_007134,LOT_023,7.8064,8.7137,9.1145,9.3266,0,healthy,0.0,50.0,7.8223,0
SN_007135,LOT_023,7.8528,8.2628,8.6047,8.7927,0,healthy,0.0,50.0,7.8223,0
SN_007136,LOT_023,6.7688,7.1091,7.1764,7.2767,0,healthy,0.0,50.0,7.8223,0
SN_007137,LOT_023,6.7112,7.1657,7.4218,7.6206,0,healthy,0.0,50.0,7.8223,0
SN_007138,LOT_023,7.7358,8.4119,8.8034,8.8645,0,healthy,0.0,50.0,7.8223,0
SN_007139,LOT_023,5.6961,5.9603,6.009,6.011,0,healthy,0.0,50.0,7.8223,0
SN_007140,LOT_023,7.345,7.813,7.9244,8.0983,0,healthy,0.0,50.0,7.8223,0
SN_007141,LOT_023,7.4359,8.2668,8.3979,8.6827,0,healthy,0.0,50.0,7.8223,0
SN_007142,LOT_023,8.2489,8.4391,8.6253,8.7145,0,healthy,0.0,50.0,7.8223,0
SN_007143,LOT_023,8.1238,8.7207,8.8236,8.9548,0,healthy,0.0,50.0,7.8223,0
SN_007144,LOT_023,10.1324,11.2276,11.7638,11.6964,0,healthy,0.0,50.0,7.8223,0
SN_007145,LOT_023,6.8659,7.215,7.2468,7.4745,0,healthy,0.0,50.0,7.8223,0
SN_007146,LOT_023,8.015,8.1825,8.4282,8.5624,0,healthy,0.0,50.0,7.8223,0
SN_007147,LOT_023,6.6702,,7.0593,7.1374,0,healthy,0.0,50.0,7.8223,0
SN_007148,LOT_023,7.349,8.0083,8.2297,8.3539,0,healthy,0.0,50.0,7.8223,0
SN_007149,LOT_023,7.8875,8.5551,8.8728,8.9255,0,healthy,0.0,50.0,7.8223,0
SN_007150,LOT_023,9.03,10.0198,10.4621,10.6145,0,healthy,0.0,50.0,7.8223,0
SN_007151,LOT_023,8.2993,9.1983,9.6406,9.9349,0,healthy,0.0,50.0,7.8223,0
SN_007152,LOT_023,6.3198,6.535,6.7054,6.867,0,healthy,0.0,50.0,7.8223,0
SN_007153,LOT_023,7.6304,8.5131,8.7078,8.8771,0,healthy,0.0,50.0,7.8223,0
SN_007154,LOT_023,7.5305,8.1721,8.4047,8.5129,0,healthy,0.0,50.0,7.8223,0
SN_007155,LOT_023,8.3651,9.0197,9.4451,9.4873,0,healthy,0.0,50.0,7.8223,0
SN_007156,LOT_023,7.7013,8.1007,8.4089,8.4623,0,healthy,0.0,50.0,7.8223,0
SN_007157,LOT_023,8.1862,8.8803,9.0278,9.1676,0,healthy,0.0,50.0,7.8223,0
SN_007158,LOT_023,7.512,8.1666,8.4515,8.4543,0,healthy,0.0,50.0,7.8223,0
SN_007159,LOT_023,,10.1785,10.9611,10.9596,1,mobile_ion,0.0873,50.0,7.8223,0
SN_007160,LOT_023,7.3065,8.0429,8.2178,8.226,0,healthy,0.0,50.0,7.8223,0
SN_007161,LOT_023,7.6663,8.1906,8.6419,8.7814,0,healthy,0.0,50.0,7.8223,0
SN_007162,LOT_024,10.5768,11.4898,11.7059,11.7788,0,healthy,0.0,50.0,9.7639,0
SN_007163,LOT_024,9.4793,10.4792,10.7398,10.9534,0,healthy,0.0,50.0,9.7639,0
SN_007164,LOT_024,,9.1534,9.285,9.3818,0,healthy,0.0,50.0,9.7639,0
SN_007165,LOT_024,9.8383,10.1248,10.4107,10.5527,0,healthy,0.0,50.0,9.7639,0
SN_007166,LOT_024,7.6182,8.2015,8.2337,8.5306,0,healthy,0.0,50.0,9.7639,0
SN_007167,LOT_024,11.6917,12.5304,12.7346,12.7216,0,healthy,0.0,50.0,9.7639,0
SN_007168,LOT_024,11.4488,12.8172,13.324,13.5297,0,healthy,0.0,50.0,9.7639,0
SN_007169,LOT_024,10.4895,11.1907,11.2863,11.59,0,healthy,0.0,50.0,9.7639,0
SN_007170,LOT_024,8.6138,9.579,9.847,10.1267,0,healthy,0.0,50.0,9.7639,0
SN_007171,LOT_024,10.0026,10.7851,10.8616,10.9758,0,healthy,0.0,50.0,9.7639,0
SN_007172,LOT_024,,14.4599,14.8885,15.3643,0,healthy,0.0,50.0,9.7639,0
SN_007173,LOT_024,9.4779,10.2259,10.7241,10.7723,0,healthy,0.0,50.0,9.7639,0
SN_007174,LOT_024,9.3356,10.1302,10.5479,10.6404,0,healthy,0.0,50.0,9.7639,0
SN_007175,LOT_024,10.5118,11.664,12.0543,12.1638,0,healthy,0.0,50.0,9.7639,0
SN_007176,LOT_024,10.6466,11.3947,11.6876,11.7953,0,healthy,0.0,50.0,9.7639,0
SN_007177,LOT_024,9.426,10.1751,10.376,10.3407,0,healthy,0.0,50.0,9.7639,0
SN_007178,LOT_024,10.7044,12.0049,12.2081,12.3456,0,healthy,0.0,50.0,9.7639,0
SN_007179,LOT_024,9.0648,9.4125,9.7858,9.8444,0,healthy,0.0,50.0,9.7639,0
SN_007180,LOT_024,8.7637,9.8378,10.3723,10.5226,0,healthy,0.0,50.0,9.7639,0
SN_007181,LOT_024,9.2961,10.0989,10.269,10.5432,0,healthy,0.0,50.0,9.7639,0
SN_007182,LOT_024,8.9844,,9.9523,9.9505,0,healthy,0.0,50.0,9.7639,0
SN_007183,LOT_024,9.591,10.4627,10.935,11.0408,0,healthy,0.0,50.0,9.7639,0
SN_007184,LOT_024,9.1296,9.9535,10.1446,10.2129,0,healthy,0.0,50.0,9.7639,0
SN_007185,LOT_024,10.7648,11.4372,11.7971,11.9005,0,healthy,0.0,50.0,9.7639,0
SN_007186,LOT_024,9.019,10.008,10.471,10.4832,0,healthy,0.0,50.0,9.7639,0
SN_007187,LOT_024,10.5608,10.9921,11.0634,11.3058,0,healthy,0.0,50.0,9.7639,0
SN_007188,LOT_024,10.3977,11.472,11.874,11.9271,0,healthy,0.0,50.0,9.7639,0
SN_007189,LOT_024,10.0847,10.5055,10.5794,10.591,0,healthy,0.0,50.0,9.7639,0
SN_007190,LOT_024,9.9979,10.8648,11.1682,11.5017,0,healthy,0.0,50.0,9.7639,0
SN_007191,LOT_024,10.6215,11.5767,11.9177,11.9462,0,healthy,0.0,50.0,9.7639,0
SN_007192,LOT_024,9.5442,10.0581,10.3568,10.5608,0,healthy,0.0,50.0,9.7639,0
SN_007193,LOT_024,10.3985,11.6008,12.2589,12.3584,0,healthy,0.0,50.0,9.7639,0
SN_007194,LOT_024,10.1404,11.1822,11.6973,12.0007,0,healthy,0.0,50.0,9.7639,0
SN_007195,LOT_024,10.0632,10.7661,11.3216,11.5322,0,healthy,0.0,50.0,9.7639,0
SN_007196,LOT_024,10.6869,11.2573,11.4139,11.5234,0,healthy,0.0,50.0,9.7639,0
SN_007197,LOT_024,10.3726,10.9642,11.1571,11.3237,0,healthy,0.0,50.0,9.7639,0
SN_007198,LOT_024,9.6124,10.7618,11.1935,11.3286,0,healthy,0.0,50.0,9.7639,0
SN_007199,LOT_024,8.6013,9.2719,9.5224,9.6373,0,healthy,0.0,50.0,9.7639,0
SN_007200,LOT_024,,12.2981,12.8179,13.2893,0,healthy,0.0,50.0,9.7639,0
SN_007201,LOT_024,11.3899,12.0525,12.2576,12.2195,0,healthy,0.0,50.0,9.7639,0
SN_007202,LOT_024,9.5281,10.6001,11.1642,11.3439,0,healthy,0.0,50.0,9.7639,0
SN_007203,LOT_024,,9.4699,9.8087,9.9314,0,healthy,0.0,50.0,9.7639,0
SN_007204,LOT_024,7.3411,7.9276,8.0798,8.23,0,healthy,0.0,50.0,9.7639,0
SN_007205,LOT_024,10.2947,11.3238,12.0111,12.2394,0,healthy,0.0,50.0,9.7639,0
SN_007206,LOT_024,11.1246,11.2548,11.5196,11.806,0,healthy,0.0,50.0,9.7639,0
SN_007207,LOT_024,10.2753,,11.8204,11.9131,0,healthy,0.0,50.0,9.7639,0
SN_007208,LOT_024,11.3311,12.5668,13.1417,13.3734,0,healthy,0.0,50.0,9.7639,0
SN_007209,LOT_024,9.9679,10.368,10.4988,10.5113,0,healthy,0.0,50.0,9.7639,0
SN_007210,LOT_024,9.2775,10.4109,10.8163,10.8724,0,healthy,0.0,50.0,9.7639,0
SN_007211,LOT_024,9.2595,9.8729,10.0854,10.2009,0,healthy,0.0,50.0,9.7639,0
SN_007212,LOT_024,10.4115,10.6219,10.9559,10.963,0,healthy,0.0,50.0,9.7639,0
SN_007213,LOT_024,,8.0268,8.1823,8.1697,0,healthy,0.0,50.0,9.7639,0
SN_007214,LOT_024,13.7433,14.0158,14.308,14.6494,0,healthy,0.0,50.0,9.7639,0
SN_007215,LOT_024,11.3768,12.8747,13.1541,13.4639,0,healthy,0.0,50.0,9.7639,0
SN_007216,LOT_024,9.4393,9.7309,9.9954,10.1402,0,healthy,0.0,50.0,9.7639,0
SN_007217,LOT_024,11.0245,11.9707,12.2901,12.2388,0,healthy,0.0,50.0,9.7639,0
SN_007218,LOT_024,9.6636,10.8829,11.0228,11.1733,0,healthy,0.0,50.0,9.7639,0
SN_007219,LOT_024,10.3266,10.6987,10.9062,10.9193,0,healthy,0.0,50.0,9.7639,0
SN_007220,LOT_024,11.0425,12.275,12.9357,12.9563,0,healthy,0.0,50.0,9.7639,0
SN_007221,LOT_024,8.1953,9.0745,9.4797,9.587,0,healthy,0.0,50.0,9.7639,0
SN_007222,LOT_024,8.6459,9.8985,10.1603,10.1458,0,healthy,0.0,50.0,9.7639,0
SN_007223,LOT_024,7.6029,8.6882,8.9359,8.9237,0,healthy,0.0,50.0,9.7639,0
SN_007224,LOT_024,9.3841,10.1389,10.5166,10.6174,0,healthy,0.0,50.0,9.7639,0
SN_007225,LOT_024,,12.363,12.473,12.6731,0,healthy,0.0,50.0,9.7639,0
SN_007226,LOT_024,11.868,12.8971,13.1505,13.3015,0,healthy,0.0,50.0,9.7639,0
SN_007227,LOT_024,8.1077,8.8223,9.0291,9.2051,0,healthy,0.0,50.0,9.7639,0
SN_007228,LOT_024,10.4803,11.7031,11.8356,12.124,0,healthy,0.0,50.0,9.7639,0
SN_007229,LOT_024,9.2516,10.5366,10.7191,10.9065,0,healthy,0.0,50.0,9.7639,0
SN_007230,LOT_024,11.7378,,12.5748,12.4808,0,healthy,0.0,50.0,9.7639,0
SN_007231,LOT_024,11.6855,,12.7872,13.0233,0,healthy,0.0,50.0,9.7639,0
SN_007232,LOT_024,10.9836,11.7568,12.2635,12.4338,0,healthy,0.0,50.0,9.7639,0
SN_007233,LOT_024,9.9092,10.5737,10.7137,10.736,0,healthy,0.0,50.0,9.7639,0
SN_007234,LOT_024,11.6059,14.3654,15.4829,16.1751,1,nbti_ageing,0.1279,50.0,9.7639,0
SN_007235,LOT_024,8.671,8.9915,9.1315,9.2634,0,healthy,0.0,50.0,9.7639,0
SN_007236,LOT_024,11.144,11.8939,12.3985,12.66,0,healthy,0.0,50.0,9.7639,0
SN_007237,LOT_024,11.2013,11.7765,12.0674,12.2843,0,healthy,0.0,50.0,9.7639,0
SN_007238,LOT_024,8.6601,9.4999,9.5402,9.7162,0,healthy,0.0,50.0,9.7639,0
SN_007239,LOT_024,9.2112,10.647,10.8995,11.1221,0,healthy,0.0,50.0,9.7639,0
SN_007240,LOT_024,11.534,,12.0035,12.1294,0,healthy,0.0,50.0,9.7639,0
SN_007241,LOT_024,9.0294,9.8662,10.0858,10.2689,0,healthy,0.0,50.0,9.7639,0
SN_007242,LOT_024,8.834,9.4956,9.7305,9.5013,0,healthy,0.0,50.0,9.7639,0
SN_007243,LOT_024,9.9927,10.482,10.6352,10.773,0,healthy,0.0,50.0,9.7639,0
SN_007244,LOT_024,10.9404,11.504,11.9617,12.0225,0,healthy,0.0,50.0,9.7639,0
SN_007245,LOT_024,10.3204,11.3519,11.6188,11.5145,0,healthy,0.0,50.0,9.7639,0
SN_007246,LOT_024,9.8658,10.4224,10.4679,10.4562,0,healthy,0.0,50.0,9.7639,0
SN_007247,LOT_024,14.3022,15.9776,16.6693,16.7387,0,healthy,0.0,50.0,9.7639,0
SN_007248,LOT_024,11.8221,12.9852,13.1366,13.4552,0,healthy,0.0,50.0,9.7639,0
SN_007249,LOT_024,8.9423,9.7364,9.8272,9.9368,0,healthy,0.0,50.0,9.7639,0
SN_007250,LOT_024,11.1179,11.6475,11.8875,12.0307,0,healthy,0.0,50.0,9.7639,0
SN_007251,LOT_024,9.3653,10.3673,10.7572,10.861,0,healthy,0.0,50.0,9.7639,0
SN_007252,LOT_024,10.5799,12.1249,12.5607,12.6777,0,healthy,0.0,50.0,9.7639,0
SN_007253,LOT_024,10.7401,11.6945,11.9439,12.0235,0,healthy,0.0,50.0,9.7639,0
SN_007254,LOT_024,8.2526,9.0462,9.2943,9.4895,0,healthy,0.0,50.0,9.7639,0
SN_007255,LOT_024,10.6703,11.7697,12.0194,12.1149,0,healthy,0.0,50.0,9.7639,0
SN_007256,LOT_024,10.9121,,12.3036,12.5567,0,healthy,0.0,50.0,9.7639,0
SN_007257,LOT_024,11.4041,13.1277,13.484,13.6012,0,healthy,0.0,50.0,9.7639,0
SN_007258,LOT_024,10.9889,11.4452,11.6031,11.6974,0,healthy,0.0,50.0,9.7639,0
SN_007259,LOT_024,11.4853,12.9044,13.322,13.5605,0,healthy,0.0,50.0,9.7639,0
SN_007260,LOT_024,9.7109,10.0809,10.4107,10.4881,0,healthy,0.0,50.0,9.7639,0
SN_007261,LOT_024,10.6762,11.3585,11.4466,11.5732,0,healthy,0.0,50.0,9.7639,0
SN_007262,LOT_024,10.5672,11.5722,12.0391,12.1228,0,healthy,0.0,50.0,9.7639,0
SN_007263,LOT_024,9.0672,,10.1435,10.2476,0,healthy,0.0,50.0,9.7639,0
SN_007264,LOT_024,7.903,8.81,9.19,9.3777,0,healthy,0.0,50.0,9.7639,0
SN_007265,LOT_024,10.7517,11.9538,12.4958,12.7501,0,healthy,0.0,50.0,9.7639,0
SN_007266,LOT_024,8.5533,9.2224,9.582,9.5769,0,healthy,0.0,50.0,9.7639,0
SN_007267,LOT_024,10.5547,11.5941,12.1026,12.1123,0,healthy,0.0,50.0,9.7639,0
SN_007268,LOT_024,7.9445,8.8492,9.0946,9.413,0,healthy,0.0,50.0,9.7639,0
SN_007269,LOT_024,9.5246,10.3041,10.6773,10.7361,0,healthy,0.0,50.0,9.7639,0
SN_007270,LOT_024,9.7688,10.4562,10.5165,10.4872,0,healthy,0.0,50.0,9.7639,0
SN_007271,LOT_024,10.3344,11.641,11.9956,12.4537,0,healthy,0.0,50.0,9.7639,0
SN_007272,LOT_024,10.9263,11.8164,12.4206,12.4558,0,healthy,0.0,50.0,9.7639,0
SN_007273,LOT_024,8.4748,9.3078,9.7224,9.9001,0,healthy,0.0,50.0,9.7639,0
SN_007274,LOT_024,10.7093,11.778,12.3019,12.7206,0,healthy,0.0,50.0,9.7639,0
SN_007275,LOT_024,9.9676,10.9395,11.4762,11.7031,0,healthy,0.0,50.0,9.7639,0
SN_007276,LOT_024,10.2282,11.6315,11.9829,12.1611,0,healthy,0.0,50.0,9.7639,0
SN_007277,LOT_024,10.4943,11.2916,11.4975,11.5748,0,healthy,0.0,50.0,9.7639,0
SN_007278,LOT_024,7.3097,7.8211,8.1815,8.3743,0,healthy,0.0,50.0,9.7639,0
SN_007279,LOT_024,8.8795,9.572,9.8035,9.7661,0,healthy,0.0,50.0,9.7639,0
SN_007280,LOT_024,10.8572,12.1582,12.6094,12.9181,0,healthy,0.0,50.0,9.7639,0
SN_007281,LOT_024,8.608,9.0371,9.0627,9.1146,0,healthy,0.0,50.0,9.7639,0
SN_007282,LOT_024,9.0064,9.741,9.8843,9.9138,0,healthy,0.0,50.0,9.7639,0
SN_007283,LOT_024,8.7217,9.3774,9.3868,9.5837,0,healthy,0.0,50.0,9.7639,0
SN_007284,LOT_024,9.4832,10.7017,11.0338,11.0954,0,healthy,0.0,50.0,9.7639,0
SN_007285,LOT_024,9.8181,10.9844,11.5305,11.5529,0,healthy,0.0,50.0,9.7639,0
SN_007286,LOT_024,8.5258,9.0166,9.2999,9.355,0,healthy,0.0,50.0,9.7639,0
SN_007287,LOT_024,8.5327,9.2797,9.6636,9.7778,0,healthy,0.0,50.0,9.7639,0
SN_007288,LOT_024,8.1222,8.9247,9.387,9.578,0,healthy,0.0,50.0,9.7639,0
SN_007289,LOT_024,11.2048,12.6726,13.2956,13.347,0,healthy,0.0,50.0,9.7639,0
SN_007290,LOT_024,7.8864,8.5812,8.626,8.6785,0,healthy,0.0,50.0,9.7639,0
SN_007291,LOT_024,8.7793,9.2432,9.3671,9.3768,0,healthy,0.0,50.0,9.7639,0
SN_007292,LOT_024,8.8031,9.938,10.3678,10.4855,0,healthy,0.0,50.0,9.7639,0
SN_007293,LOT_024,9.9666,10.5924,10.7799,10.7729,0,healthy,0.0,50.0,9.7639,0
SN_007294,LOT_024,,10.9616,11.1999,11.3374,0,healthy,0.0,50.0,9.7639,0
SN_007295,LOT_024,11.3834,12.4184,12.9064,13.2158,0,healthy,0.0,50.0,9.7639,0
SN_007296,LOT_024,8.8682,9.6612,9.9168,10.0165,0,healthy,0.0,50.0,9.7639,0
SN_007297,LOT_024,9.8045,10.8805,11.251,11.5429,0,healthy,0.0,50.0,9.7639,0
SN_007298,LOT_024,7.5086,7.8274,7.8869,7.9983,0,healthy,0.0,50.0,9.7639,0
SN_007299,LOT_024,9.4905,10.6024,10.8855,11.0614,0,healthy,0.0,50.0,9.7639,0
SN_007300,LOT_024,10.897,12.1246,12.3071,12.5465,0,healthy,0.0,50.0,9.7639,0
SN_007301,LOT_024,8.3088,9.1684,9.7482,9.9764,0,healthy,0.0,50.0,9.7639,0
SN_007302,LOT_024,8.3999,9.3423,9.5509,9.6322,0,healthy,0.0,50.0,9.7639,0
SN_007303,LOT_024,9.8893,10.9141,11.2403,11.4306,0,healthy,0.0,50.0,9.7639,0
SN_007304,LOT_024,12.3515,,13.7271,13.9106,0,healthy,0.0,50.0,9.7639,0
SN_007305,LOT_024,9.8014,11.0074,11.1543,11.2858,0,healthy,0.0,50.0,9.7639,0
SN_007306,LOT_024,13.1457,13.9262,14.0955,14.2049,0,healthy,0.0,50.0,9.7639,0
SN_007307,LOT_024,10.127,11.3406,11.7165,11.6234,0,healthy,0.0,50.0,9.7639,0
SN_007308,LOT_024,11.4484,12.8755,13.3023,13.5754,0,healthy,0.0,50.0,9.7639,0
SN_007309,LOT_024,8.1766,9.1682,9.4175,9.716,0,healthy,0.0,50.0,9.7639,0
SN_007310,LOT_024,9.152,9.853,10.0285,10.0841,0,healthy,0.0,50.0,9.7639,0
SN_007311,LOT_024,9.2406,,10.3726,10.4247,0,healthy,0.0,50.0,9.7639,0
SN_007312,LOT_024,9.012,9.3872,9.4909,9.5755,0,healthy,0.0,50.0,9.7639,0
SN_007313,LOT_024,9.6655,10.8685,11.2708,11.6653,0,healthy,0.0,50.0,9.7639,0
SN_007314,LOT_024,11.1891,11.9551,12.222,12.2513,0,healthy,0.0,50.0,9.7639,0
SN_007315,LOT_024,10.8336,11.2053,11.3733,11.5019,0,healthy,0.0,50.0,9.7639,0
SN_007316,LOT_024,10.4559,11.011,11.1803,11.2947,0,healthy,0.0,50.0,9.7639,0
SN_007317,LOT_024,8.6629,9.8086,9.9594,10.117,0,healthy,0.0,50.0,9.7639,0
SN_007318,LOT_024,9.1673,10.4275,10.848,10.9617,0,healthy,0.0,50.0,9.7639,0
SN_007319,LOT_024,10.2852,10.6797,10.9465,10.9142,0,healthy,0.0,50.0,9.7639,0
SN_007320,LOT_024,9.366,10.3919,11.0234,11.0315,0,healthy,0.0,50.0,9.7639,0
SN_007321,LOT_024,9.9958,10.7268,10.8307,11.1059,0,healthy,0.0,50.0,9.7639,0
SN_007322,LOT_024,10.8771,12.0789,12.5998,12.781,0,healthy,0.0,50.0,9.7639,0
SN_007323,LOT_024,9.695,10.5085,10.8608,11.0693,0,healthy,0.0,50.0,9.7639,0
SN_007324,LOT_024,10.272,11.1061,11.2155,11.4153,0,healthy,0.0,50.0,9.7639,0
SN_007325,LOT_024,9.1701,9.7003,9.9154,10.1941,0,healthy,0.0,50.0,9.7639,0
SN_007326,LOT_024,9.9332,11.1616,11.5924,11.6735,0,healthy,0.0,50.0,9.7639,0
SN_007327,LOT_024,7.6701,8.2076,8.4776,8.5111,0,healthy,0.0,50.0,9.7639,0
SN_007328,LOT_024,,8.9053,9.0392,9.2494,0,healthy,0.0,50.0,9.7639,0
SN_007329,LOT_024,10.0111,10.8343,11.1744,11.0953,0,healthy,0.0,50.0,9.7639,0
SN_007330,LOT_024,9.58,10.7715,10.9385,11.2151,0,healthy,0.0,50.0,9.7639,0
SN_007331,LOT_024,8.2956,8.8138,8.8882,9.118,0,healthy,0.0,50.0,9.7639,0
SN_007332,LOT_024,8.7605,9.4428,9.7963,9.9595,0,healthy,0.0,50.0,9.7639,0
SN_007333,LOT_024,9.1583,9.9388,10.1855,10.2889,0,healthy,0.0,50.0,9.7639,0
SN_007334,LOT_024,10.0672,10.9666,11.2242,11.478,0,healthy,0.0,50.0,9.7639,0
SN_007335,LOT_024,11.7158,,13.1523,13.3134,0,healthy,0.0,50.0,9.7639,0
SN_007336,LOT_024,9.3294,9.8574,10.164,10.2568,0,healthy,0.0,50.0,9.7639,0
SN_007337,LOT_024,10.6441,11.507,12.049,12.2512,0,healthy,0.0,50.0,9.7639,0
SN_007338,LOT_024,10.1138,10.712,10.9196,10.9428,0,healthy,0.0,50.0,9.7639,0
SN_007339,LOT_024,10.8105,11.5026,12.0204,12.0977,0,healthy,0.0,50.0,9.7639,0
SN_007340,LOT_024,8.8816,9.3158,9.6046,9.7618,0,healthy,0.0,50.0,9.7639,0
SN_007341,LOT_024,9.1036,9.9589,10.2811,10.6351,0,healthy,0.0,50.0,9.7639,0
SN_007342,LOT_024,10.8529,11.7082,11.7474,12.0023,0,healthy,0.0,50.0,9.7639,0
SN_007343,LOT_024,10.9811,11.6484,12.1745,12.2228,0,healthy,0.0,50.0,9.7639,0
SN_007344,LOT_024,10.427,11.278,11.4424,11.5858,0,healthy,0.0,50.0,9.7639,0
SN_007345,LOT_024,8.2009,8.5419,8.8233,9.0465,0,healthy,0.0,50.0,9.7639,0
SN_007346,LOT_024,8.4637,9.553,9.8299,10.0261,0,healthy,0.0,50.0,9.7639,0
SN_007347,LOT_024,9.4079,10.288,10.6633,10.6572,0,healthy,0.0,50.0,9.7639,0
SN_007348,LOT_024,9.096,9.7296,9.9834,10.1904,0,healthy,0.0,50.0,9.7639,0
SN_007349,LOT_024,9.5059,10.3163,10.4308,10.6543,0,healthy,0.0,50.0,9.7639,0
SN_007350,LOT_024,10.0047,11.347,11.746,11.9979,0,healthy,0.0,50.0,9.7639,0
SN_007351,LOT_024,10.0172,10.9211,11.0873,11.1841,0,healthy,0.0,50.0,9.7639,0
SN_007352,LOT_024,10.035,10.7504,11.0215,11.3,0,healthy,0.0,50.0,9.7639,0
SN_007353,LOT_024,9.5899,10.0388,10.3223,10.2805,0,healthy,0.0,50.0,9.7639,0
SN_007354,LOT_024,9.666,10.6127,10.893,11.04,0,healthy,0.0,50.0,9.7639,0
SN_007355,LOT_024,9.2998,9.8838,10.1909,10.403,0,healthy,0.0,50.0,9.7639,0
SN_007356,LOT_024,9.036,9.7046,10.1136,10.2745,0,healthy,0.0,50.0,9.7639,0
SN_007357,LOT_024,8.9102,10.0515,10.1775,10.3749,0,healthy,0.0,50.0,9.7639,0
SN_007358,LOT_024,11.4306,12.0906,12.3861,12.6073,0,healthy,0.0,50.0,9.7639,0
SN_007359,LOT_024,8.3708,9.5304,9.6784,10.087,0,healthy,0.0,50.0,9.7639,0
SN_007360,LOT_024,8.356,8.7218,8.779,8.9673,0,healthy,0.0,50.0,9.7639,0
SN_007361,LOT_024,9.3954,9.8177,10.0622,10.155,0,healthy,0.0,50.0,9.7639,0
SN_007362,LOT_024,10.1691,11.2518,11.3961,11.7163,0,healthy,0.0,50.0,9.7639,0
SN_007363,LOT_024,8.7474,9.1397,9.3294,9.2894,0,healthy,0.0,50.0,9.7639,0
SN_007364,LOT_024,11.5977,12.5488,12.9025,13.0115,0,healthy,0.0,50.0,9.7639,0
SN_007365,LOT_024,10.1163,11.3146,11.6364,12.0007,0,healthy,0.0,50.0,9.7639,0
SN_007366,LOT_024,9.3012,10.2395,10.5101,10.4223,0,healthy,0.0,50.0,9.7639,0
SN_007367,LOT_024,9.7696,10.3783,10.4523,10.7262,0,healthy,0.0,50.0,9.7639,0
SN_007368,LOT_024,10.3798,10.9566,11.2857,11.2167,0,healthy,0.0,50.0,9.7639,0
SN_007369,LOT_024,10.2181,11.5103,11.7404,12.0335,0,healthy,0.0,50.0,9.7639,0
SN_007370,LOT_024,9.4219,10.5478,10.981,11.0488,0,healthy,0.0,50.0,9.7639,0
SN_007371,LOT_024,10.503,11.4462,11.5305,11.7458,0,healthy,0.0,50.0,9.7639,0
SN_007372,LOT_024,9.3893,10.097,10.3652,10.4452,0,healthy,0.0,50.0,9.7639,0
SN_007373,LOT_024,7.6564,8.4814,8.6181,8.7266,0,healthy,0.0,50.0,9.7639,0
SN_007374,LOT_024,,8.5565,8.7832,9.0424,0,healthy,0.0,50.0,9.7639,0
SN_007375,LOT_024,10.8975,12.4223,12.6131,12.8801,0,healthy,0.0,50.0,9.7639,0
SN_007376,LOT_024,11.1118,11.9285,11.8376,12.151,0,healthy,0.0,50.0,9.7639,0
SN_007377,LOT_024,7.7782,8.2527,8.3725,8.3508,0,healthy,0.0,50.0,9.7639,0
SN_007378,LOT_024,11.2142,,12.4839,12.6589,0,healthy,0.0,50.0,9.7639,0
SN_007379,LOT_024,,9.28,9.4105,9.6587,0,healthy,0.0,50.0,9.7639,0
SN_007380,LOT_024,7.3698,7.7282,7.9249,7.9168,0,healthy,0.0,50.0,9.7639,0
SN_007381,LOT_024,9.3501,9.8125,9.8689,9.8648,0,healthy,0.0,50.0,9.7639,0
SN_007382,LOT_024,9.2574,10.3132,10.7439,10.9678,0,healthy,0.0,50.0,9.7639,0
SN_007383,LOT_024,8.9816,9.9286,10.3899,10.6611,0,healthy,0.0,50.0,9.7639,0
SN_007384,LOT_024,9.3001,9.8126,10.0485,10.111,0,healthy,0.0,50.0,9.7639,0
SN_007385,LOT_024,9.3239,10.1298,10.5339,10.81,0,healthy,0.0,50.0,9.7639,0
SN_007386,LOT_024,9.7621,10.6344,10.8771,11.0496,0,healthy,0.0,50.0,9.7639,0
SN_007387,LOT_024,8.8761,9.7838,10.3543,10.4842,0,healthy,0.0,50.0,9.7639,0
SN_007388,LOT_024,8.7241,9.3297,9.6053,9.7911,0,healthy,0.0,50.0,9.7639,0
SN_007389,LOT_024,11.2622,12.3998,12.8047,12.9579,0,healthy,0.0,50.0,9.7639,0
SN_007390,LOT_024,11.4488,12.8211,13.2583,13.6328,0,healthy,0.0,50.0,9.7639,0
SN_007391,LOT_024,9.624,10.5216,10.5801,10.7662,0,healthy,0.0,50.0,9.7639,0
SN_007392,LOT_024,11.6408,12.7924,12.9017,12.9825,0,healthy,0.0,50.0,9.7639,0
SN_007393,LOT_024,9.74,10.1747,10.2863,10.2766,0,healthy,0.0,50.0,9.7639,0
SN_007394,LOT_024,11.1175,11.7391,11.7612,12.074,0,healthy,0.0,50.0,9.7639,0
SN_007395,LOT_024,,,10.9482,11.066,0,healthy,0.0,50.0,9.7639,0
SN_007396,LOT_024,10.9121,,11.6958,11.7356,0,healthy,0.0,50.0,9.7639,0
SN_007397,LOT_024,8.8648,9.8155,10.0201,10.1954,0,healthy,0.0,50.0,9.7639,0
SN_007398,LOT_024,8.8807,,9.3536,9.3966,0,healthy,0.0,50.0,9.7639,0
SN_007399,LOT_024,9.2607,10.0698,10.435,10.5117,0,healthy,0.0,50.0,9.7639,0
SN_007400,LOT_024,11.4189,12.1063,12.3034,12.3494,0,healthy,0.0,50.0,9.7639,0
SN_007401,LOT_024,9.2289,10.0182,10.1864,10.1903,0,healthy,0.0,50.0,9.7639,0
SN_007402,LOT_024,10.6416,11.5098,11.7729,11.7968,0,healthy,0.0,50.0,9.7639,0
SN_007403,LOT_024,9.0856,10.1894,10.4929,10.6853,0,healthy,0.0,50.0,9.7639,0
SN_007404,LOT_024,8.239,,9.3943,9.6849,0,healthy,0.0,50.0,9.7639,0
SN_007405,LOT_024,10.1876,10.5754,10.632,10.7112,0,healthy,0.0,50.0,9.7639,0
SN_007406,LOT_024,8.7954,9.4188,9.5285,9.7549,0,healthy,0.0,50.0,9.7639,0
SN_007407,LOT_024,8.9885,9.628,10.1422,10.2406,0,healthy,0.0,50.0,9.7639,0
SN_007408,LOT_024,9.5528,10.0545,10.4453,10.493,0,healthy,0.0,50.0,9.7639,0
SN_007409,LOT_024,10.5421,11.2533,11.6266,11.7133,0,healthy,0.0,50.0,9.7639,0
SN_007410,LOT_024,11.966,12.6444,12.7925,13.0968,0,healthy,0.0,50.0,9.7639,0
SN_007411,LOT_024,,13.5041,14.0339,14.2318,0,healthy,0.0,50.0,9.7639,0
SN_007412,LOT_024,8.6964,9.3081,9.5843,9.7326,0,healthy,0.0,50.0,9.7639,0
SN_007413,LOT_024,9.9892,11.1061,11.3848,11.6145,0,healthy,0.0,50.0,9.7639,0
SN_007414,LOT_024,12.0257,13.2901,13.6967,13.7182,0,healthy,0.0,50.0,9.7639,0
SN_007415,LOT_024,11.62,12.4097,12.753,12.9026,0,healthy,0.0,50.0,9.7639,0
SN_007416,LOT_024,11.0542,12.0277,12.134,12.505,0,healthy,0.0,50.0,9.7639,0
SN_007417,LOT_024,10.066,10.4865,10.8513,11.0856,0,healthy,0.0,50.0,9.7639,0
SN_007418,LOT_024,10.6854,11.0289,10.9934,11.2691,0,healthy,0.0,50.0,9.7639,0
SN_007419,LOT_024,9.7985,10.3469,10.6487,10.6461,0,healthy,0.0,50.0,9.7639,0
SN_007420,LOT_024,11.8561,12.9511,13.6782,13.5272,0,healthy,0.0,50.0,9.7639,0
SN_007421,LOT_024,,10.9925,11.3281,11.4034,0,healthy,0.0,50.0,9.7639,0
SN_007422,LOT_024,9.1015,9.6111,9.8442,9.9615,0,healthy,0.0,50.0,9.7639,0
SN_007423,LOT_024,8.6326,8.9867,9.2728,9.2893,0,healthy,0.0,50.0,9.7639,0
SN_007424,LOT_024,10.2845,10.7067,10.818,10.7601,0,healthy,0.0,50.0,9.7639,0
SN_007425,LOT_024,12.8376,14.3084,14.9827,14.688,0,healthy,0.0,50.0,9.7639,0
SN_007426,LOT_024,8.9826,9.3942,9.459,9.5409,0,healthy,0.0,50.0,9.7639,0
SN_007427,LOT_024,11.3911,,12.8428,13.0509,0,healthy,0.0,50.0,9.7639,0
SN_007428,LOT_024,8.8562,9.8224,10.3504,10.4679,0,healthy,0.0,50.0,9.7639,0
SN_007429,LOT_024,10.1474,10.7915,11.0509,11.1998,0,healthy,0.0,50.0,9.7639,0
SN_007430,LOT_024,10.7145,11.5769,11.7321,12.0425,0,healthy,0.0,50.0,9.7639,0
SN_007431,LOT_024,11.7262,12.6528,12.9527,13.3086,0,healthy,0.0,50.0,9.7639,0
SN_007432,LOT_024,10.3723,11.5166,12.0236,12.376,0,healthy,0.0,50.0,9.7639,0
SN_007433,LOT_024,10.9001,11.6209,11.854,11.9889,0,healthy,0.0,50.0,9.7639,0
SN_007434,LOT_024,10.0944,10.5812,10.6527,10.7514,0,healthy,0.0,50.0,9.7639,0
SN_007435,LOT_024,10.8293,11.9625,12.2033,12.5681,0,healthy,0.0,50.0,9.7639,0
SN_007436,LOT_024,9.3824,10.1548,10.4725,10.6054,0,healthy,0.0,50.0,9.7639,0
SN_007437,LOT_024,11.7566,13.2201,13.4685,13.8674,0,healthy,0.0,50.0,9.7639,0
SN_007438,LOT_024,9.3457,10.229,10.2829,10.356,0,healthy,0.0,50.0,9.7639,0
SN_007439,LOT_024,10.0619,11.0638,11.1902,11.4997,0,healthy,0.0,50.0,9.7639,0
SN_007440,LOT_024,10.5975,11.8424,12.2977,12.6327,0,healthy,0.0,50.0,9.7639,0
SN_007441,LOT_024,9.7753,10.6425,10.8021,11.1926,0,healthy,0.0,50.0,9.7639,0
SN_007442,LOT_024,10.5465,11.7113,11.9523,11.9799,0,healthy,0.0,50.0,9.7639,0
SN_007443,LOT_024,8.9501,9.2385,9.4398,9.562,0,healthy,0.0,50.0,9.7639,0
SN_007444,LOT_024,10.4963,11.371,11.6721,12.1548,0,healthy,0.0,50.0,9.7639,0
SN_007445,LOT_024,10.7415,12.1434,12.6327,12.8207,0,healthy,0.0,50.0,9.7639,0
SN_007446,LOT_024,11.753,,13.7987,14.0403,0,healthy,0.0,50.0,9.7639,0
SN_007447,LOT_024,10.9866,,12.0916,12.2764,0,healthy,0.0,50.0,9.7639,0
SN_007448,LOT_024,7.7547,8.0914,8.332,8.3276,0,healthy,0.0,50.0,9.7639,0
SN_007449,LOT_024,8.6239,9.0831,9.2076,9.2764,0,healthy,0.0,50.0,9.7639,0
SN_007450,LOT_024,9.951,,11.583,11.7047,0,healthy,0.0,50.0,9.7639,0
SN_007451,LOT_024,8.7975,9.2188,9.3925,9.3939,0,healthy,0.0,50.0,9.7639,0
SN_007452,LOT_024,9.6573,10.8995,11.2405,11.455,0,healthy,0.0,50.0,9.7639,0
SN_007453,LOT_024,9.8272,10.046,10.3616,10.3676,0,healthy,0.0,50.0,9.7639,0
SN_007454,LOT_024,10.2905,11.2417,11.5162,11.7784,0,healthy,0.0,50.0,9.7639,0
SN_007455,LOT_024,10.449,11.0681,11.3512,11.4888,0,healthy,0.0,50.0,9.7639,0
SN_007456,LOT_024,11.3731,12.065,12.4433,12.8365,0,healthy,0.0,50.0,9.7639,0
SN_007457,LOT_024,9.2566,10.3087,10.8071,11.0722,0,healthy,0.0,50.0,9.7639,0
SN_007458,LOT_024,10.5469,11.8625,12.2848,12.2395,0,healthy,0.0,50.0,9.7639,0
SN_007459,LOT_024,8.3872,9.1806,9.2438,9.2633,0,healthy,0.0,50.0,9.7639,0
SN_007460,LOT_024,,11.0744,11.5621,11.8936,0,healthy,0.0,50.0,9.7639,0
SN_007461,LOT_024,9.2541,9.8022,9.9022,10.1768,0,healthy,0.0,50.0,9.7639,0
SN_007462,LOT_024,9.7999,10.7427,11.1936,11.4945,0,healthy,0.0,50.0,9.7639,0
SN_007463,LOT_024,11.4385,11.9672,12.0447,12.1682,0,healthy,0.0,50.0,9.7639,0
SN_007464,LOT_024,9.5864,10.2753,10.4304,10.3331,0,healthy,0.0,50.0,9.7639,0
SN_007465,LOT_024,12.9501,13.9558,14.2314,14.5735,0,healthy,0.0,50.0,9.7639,0
SN_007466,LOT_024,9.0063,9.9754,10.2775,10.5686,0,healthy,0.0,50.0,9.7639,0
SN_007467,LOT_024,10.9928,12.1634,12.6465,12.9429,0,healthy,0.0,50.0,9.7639,0
SN_007468,LOT_024,8.509,8.8267,9.0968,9.0873,0,healthy,0.0,50.0,9.7639,0
SN_007469,LOT_024,11.2386,12.0828,12.1753,12.227,0,healthy,0.0,50.0,9.7639,0
SN_007470,LOT_024,10.4352,,11.7704,12.0092,0,healthy,0.0,50.0,9.7639,0
SN_007471,LOT_024,9.0329,9.3153,9.5728,9.608,0,healthy,0.0,50.0,9.7639,0
SN_007472,LOT_024,11.7006,12.302,12.3424,12.6861,0,healthy,0.0,50.0,9.7639,0
SN_007473,LOT_024,11.409,12.6675,13.3568,13.6958,0,healthy,0.0,50.0,9.7639,0
SN_007474,LOT_024,10.7913,11.4902,11.8074,11.8496,0,healthy,0.0,50.0,9.7639,0
SN_007475,LOT_024,8.613,9.3661,9.4858,9.8035,0,healthy,0.0,50.0,9.7639,0
SN_007476,LOT_024,9.3462,10.4263,10.8066,11.083,0,healthy,0.0,50.0,9.7639,0
SN_007477,LOT_024,12.93,13.7017,13.6829,14.0101,0,healthy,0.0,50.0,9.7639,0
SN_007478,LOT_024,9.6427,10.2467,10.519,10.5571,0,healthy,0.0,50.0,9.7639,0
SN_007479,LOT_024,8.4667,8.8837,9.0192,9.2644,0,healthy,0.0,50.0,9.7639,0
SN_007480,LOT_024,8.7815,9.5283,9.9692,10.038,0,healthy,0.0,50.0,9.7639,0
SN_007481,LOT_024,11.4385,12.1177,12.2388,12.3703,0,healthy,0.0,50.0,9.7639,0
SN_007482,LOT_024,9.7171,10.4763,10.8945,11.0996,0,healthy,0.0,50.0,9.7639,0
SN_007483,LOT_024,11.1586,11.9929,12.4652,12.4347,0,healthy,0.0,50.0,9.7639,0
SN_007484,LOT_024,9.208,9.8783,10.2119,10.3245,0,healthy,0.0,50.0,9.7639,0
SN_007485,LOT_024,9.0493,14.2323,18.5245,21.15,1,nbti_ageing,0.761,50.0,9.7639,0
SN_007486,LOT_024,10.0371,10.8984,11.0816,11.3615,0,healthy,0.0,50.0,9.7639,0
SN_007487,LOT_024,7.5603,7.8682,7.9727,7.8515,0,healthy,0.0,50.0,9.7639,0
SN_007488,LOT_024,9.5477,10.1992,10.5122,10.5129,0,healthy,0.0,50.0,9.7639,0
SN_007489,LOT_024,11.4238,11.7042,11.9212,12.1294,0,healthy,0.0,50.0,9.7639,0
SN_007490,LOT_024,9.642,10.3309,10.5052,10.5839,0,healthy,0.0,50.0,9.7639,0
SN_007491,LOT_024,9.4445,10.7196,11.1068,11.2812,0,healthy,0.0,50.0,9.7639,0
SN_007492,LOT_024,9.1223,,10.3373,10.405,0,healthy,0.0,50.0,9.7639,0
SN_007493,LOT_024,13.1133,14.3289,14.8715,15.1342,0,healthy,0.0,50.0,9.7639,0
SN_007494,LOT_024,10.1849,11.1819,11.7376,11.9004,0,healthy,0.0,50.0,9.7639,0
SN_007495,LOT_024,11.3789,12.8082,13.4811,13.4269,0,healthy,0.0,50.0,9.7639,0
SN_007496,LOT_024,8.7581,10.0138,10.2778,10.4512,0,healthy,0.0,50.0,9.7639,0
SN_007497,LOT_024,10.21,11.441,11.6528,11.858,0,healthy,0.0,50.0,9.7639,0
SN_007498,LOT_024,9.1099,10.094,10.5883,10.7038,0,healthy,0.0,50.0,9.7639,0
SN_007499,LOT_024,9.6903,11.6583,17.6518,23.8492,1,electromigration,0.2594,50.0,9.7639,0
SN_007500,LOT_024,13.7646,15.5785,16.0671,16.1706,0,healthy,0.0,50.0,9.7639,0
SN_007501,LOT_024,8.7573,9.5351,9.8212,9.7137,0,healthy,0.0,50.0,9.7639,0
SN_007502,LOT_024,11.8207,13.1129,13.2426,13.5012,0,healthy,0.0,50.0,9.7639,0
SN_007503,LOT_024,10.1599,,11.2773,11.1912,0,healthy,0.0,50.0,9.7639,0
SN_007504,LOT_024,11.7238,13.119,13.6587,14.0731,0,healthy,0.0,50.0,9.7639,0
SN_007505,LOT_024,9.9259,11.2121,11.7485,11.6797,0,healthy,0.0,50.0,9.7639,0
SN_007506,LOT_024,9.4944,9.9345,10.1601,10.3944,0,healthy,0.0,50.0,9.7639,0
SN_007507,LOT_024,10.2685,11.1711,11.0897,11.2772,0,healthy,0.0,50.0,9.7639,0
SN_007508,LOT_024,12.6427,13.2962,13.4221,13.4195,0,healthy,0.0,50.0,9.7639,0
SN_007509,LOT_024,7.9678,8.8613,9.1941,9.2738,0,healthy,0.0,50.0,9.7639,0
SN_007510,LOT_024,9.4646,10.8305,11.152,11.2647,0,healthy,0.0,50.0,9.7639,0
SN_007511,LOT_024,10.1427,10.6911,10.7481,10.8282,0,healthy,0.0,50.0,9.7639,0
SN_007512,LOT_024,10.7976,11.3841,11.4861,11.5043,0,healthy,0.0,50.0,9.7639,0
SN_007513,LOT_024,7.632,8.2185,8.5428,8.6178,0,healthy,0.0,50.0,9.7639,0
SN_007514,LOT_024,9.4733,9.9386,10.043,10.2866,0,healthy,0.0,50.0,9.7639,0
SN_007515,LOT_024,10.7786,11.808,12.2419,12.4898,0,healthy,0.0,50.0,9.7639,0
SN_007516,LOT_024,8.9147,9.3039,9.6814,9.7882,0,healthy,0.0,50.0,9.7639,0
SN_007517,LOT_024,9.7489,10.6165,10.7582,10.7655,0,healthy,0.0,50.0,9.7639,0
SN_007518,LOT_025,10.6732,10.9742,11.2003,11.4247,0,healthy,0.0,50.0,9.4514,0
SN_007519,LOT_025,10.3921,10.9753,11.477,11.6064,0,healthy,0.0,50.0,9.4514,0
SN_007520,LOT_025,9.146,9.5826,9.5779,9.6575,0,healthy,0.0,50.0,9.4514,0
SN_007521,LOT_025,8.5967,,8.9954,9.2847,0,healthy,0.0,50.0,9.4514,0
SN_007522,LOT_025,9.1646,9.8275,10.0644,10.232,0,healthy,0.0,50.0,9.4514,0
SN_007523,LOT_025,10.22,11.0739,11.1955,11.5083,0,healthy,0.0,50.0,9.4514,0
SN_007524,LOT_025,30.0606,,34.6686,38.8461,1,esd_oxide,0.3403,50.0,9.4514,0
SN_007525,LOT_025,7.7754,8.0684,8.0926,8.276,0,healthy,0.0,50.0,9.4514,0
SN_007526,LOT_025,7.8374,8.2416,8.3198,8.2653,0,healthy,0.0,50.0,9.4514,0
SN_007527,LOT_025,9.3862,10.0677,10.6266,10.7036,0,healthy,0.0,50.0,9.4514,0
SN_007528,LOT_025,10.2371,10.8154,11.1118,11.2298,0,healthy,0.0,50.0,9.4514,0
SN_007529,LOT_025,9.6349,10.2344,10.3788,10.5441,0,healthy,0.0,50.0,9.4514,0
SN_007530,LOT_025,9.2382,9.7704,9.6793,9.7652,0,healthy,0.0,50.0,9.4514,0
SN_007531,LOT_025,8.1967,9.0221,9.1917,9.2667,0,healthy,0.0,50.0,9.4514,0
SN_007532,LOT_025,10.3466,11.3618,11.7855,12.1775,0,healthy,0.0,50.0,9.4514,0
SN_007533,LOT_025,8.4989,9.4981,9.591,9.763,0,healthy,0.0,50.0,9.4514,0
SN_007534,LOT_025,7.7488,8.1919,8.3726,8.3878,0,healthy,0.0,50.0,9.4514,0
SN_007535,LOT_025,9.086,10.2784,10.6521,10.7828,0,healthy,0.0,50.0,9.4514,0
SN_007536,LOT_025,25.3603,26.4353,28.36,30.0724,1,esd_oxide,0.0916,50.0,9.4514,0
SN_007537,LOT_025,8.9443,,9.755,9.932,0,healthy,0.0,50.0,9.4514,0
SN_007538,LOT_025,9.0259,10.0957,10.3324,10.5311,0,healthy,0.0,50.0,9.4514,0
SN_007539,LOT_025,9.555,10.5867,10.7745,11.003,0,healthy,0.0,50.0,9.4514,0
SN_007540,LOT_025,10.6703,14.7696,17.3779,18.7866,1,nbti_ageing,0.3784,50.0,9.4514,0
SN_007541,LOT_025,9.7405,10.7575,11.1576,11.3737,0,healthy,0.0,50.0,9.4514,0
SN_007542,LOT_025,8.9563,,10.4576,10.7005,0,healthy,0.0,50.0,9.4514,0
SN_007543,LOT_025,10.1166,10.6741,10.801,10.8593,0,healthy,0.0,50.0,9.4514,0
SN_007544,LOT_025,9.963,11.1014,11.4718,11.5379,0,healthy,0.0,50.0,9.4514,0
SN_007545,LOT_025,10.5291,11.2698,11.5774,11.6724,0,healthy,0.0,50.0,9.4514,0
SN_007546,LOT_025,10.5973,10.9933,11.1995,11.3169,0,healthy,0.0,50.0,9.4514,0
SN_007547,LOT_025,9.5099,9.8041,10.0341,10.0329,0,healthy,0.0,50.0,9.4514,0
SN_007548,LOT_025,9.1458,9.7596,10.1246,10.1954,0,healthy,0.0,50.0,9.4514,0
SN_007549,LOT_025,8.7957,9.5679,9.5425,9.6112,0,healthy,0.0,50.0,9.4514,0
SN_007550,LOT_025,9.1876,10.2816,10.7111,10.8394,0,healthy,0.0,50.0,9.4514,0
SN_007551,LOT_025,8.3562,11.3895,13.2812,14.3795,1,nbti_ageing,0.3362,50.0,9.4514,0
SN_007552,LOT_025,9.2243,10.0343,10.5723,10.6622,0,healthy,0.0,50.0,9.4514,0
SN_007553,LOT_025,10.6942,11.945,12.0132,12.2634,0,healthy,0.0,50.0,9.4514,0
SN_007554,LOT_025,10.4633,11.3789,11.7178,12.023,0,healthy,0.0,50.0,9.4514,0
SN_007555,LOT_025,10.0577,11.0469,11.5914,11.5876,0,healthy,0.0,50.0,9.4514,0
SN_007556,LOT_025,8.887,9.8584,10.316,10.4008,0,healthy,0.0,50.0,9.4514,0
SN_007557,LOT_025,9.9379,10.9372,11.2515,11.4526,0,healthy,0.0,50.0,9.4514,0
SN_007558,LOT_025,9.9236,10.6578,11.043,11.381,0,healthy,0.0,50.0,9.4514,0
SN_007559,LOT_025,8.8936,,10.1058,10.3821,0,healthy,0.0,50.0,9.4514,0
SN_007560,LOT_025,9.7572,10.9567,11.32,11.4349,0,healthy,0.0,50.0,9.4514,0
SN_007561,LOT_025,9.526,10.8055,11.143,11.5636,0,healthy,0.0,50.0,9.4514,0
SN_007562,LOT_025,,9.9412,10.3762,10.5971,0,healthy,0.0,50.0,9.4514,0
SN_007563,LOT_025,9.0409,9.7413,9.9411,10.1076,0,healthy,0.0,50.0,9.4514,0
SN_007564,LOT_025,9.24,10.2828,10.6681,10.7877,0,healthy,0.0,50.0,9.4514,0
SN_007565,LOT_025,8.639,9.3414,9.6516,9.6839,0,healthy,0.0,50.0,9.4514,0
SN_007566,LOT_025,9.2906,10.5458,10.7626,11.1038,0,healthy,0.0,50.0,9.4514,0
SN_007567,LOT_025,9.9476,10.609,10.7474,10.8762,0,healthy,0.0,50.0,9.4514,0
SN_007568,LOT_025,7.9119,8.4878,8.5762,8.5621,0,healthy,0.0,50.0,9.4514,0
SN_007569,LOT_025,8.9579,9.5656,9.9587,10.0737,0,healthy,0.0,50.0,9.4514,0
SN_007570,LOT_025,10.829,11.2797,11.4467,11.6108,0,healthy,0.0,50.0,9.4514,0
SN_007571,LOT_025,8.8873,9.8203,10.1806,10.1679,0,healthy,0.0,50.0,9.4514,0
SN_007572,LOT_025,,9.4838,9.5677,9.8023,0,healthy,0.0,50.0,9.4514,0
SN_007573,LOT_025,9.8778,10.6005,10.9503,10.844,0,healthy,0.0,50.0,9.4514,0
SN_007574,LOT_025,9.6361,10.639,10.8951,11.2798,0,healthy,0.0,50.0,9.4514,0
SN_007575,LOT_025,9.5946,10.1492,10.1419,10.1908,0,healthy,0.0,50.0,9.4514,0
SN_007576,LOT_025,8.7294,9.2273,9.4433,9.5672,0,healthy,0.0,50.0,9.4514,0
SN_007577,LOT_025,12.3197,13.0949,13.5559,13.4408,0,healthy,0.0,50.0,9.4514,0
SN_007578,LOT_025,9.7913,10.4639,10.6491,10.5605,0,healthy,0.0,50.0,9.4514,0
SN_007579,LOT_025,8.8097,9.9676,10.379,10.3867,0,healthy,0.0,50.0,9.4514,0
SN_007580,LOT_025,11.0038,11.7246,12.078,12.1654,0,healthy,0.0,50.0,9.4514,0
SN_007581,LOT_025,9.2564,9.6341,9.708,9.7499,0,healthy,0.0,50.0,9.4514,0
SN_007582,LOT_025,,10.5508,10.6804,10.8692,0,healthy,0.0,50.0,9.4514,0
SN_007583,LOT_025,8.8972,,9.3738,9.3998,0,healthy,0.0,50.0,9.4514,0
SN_007584,LOT_025,10.3856,11.3472,11.7048,11.8547,0,healthy,0.0,50.0,9.4514,0
SN_007585,LOT_025,9.9815,10.3433,10.7407,10.6661,0,healthy,0.0,50.0,9.4514,0
SN_007586,LOT_025,,11.3336,11.426,11.344,0,healthy,0.0,50.0,9.4514,0
SN_007587,LOT_025,8.9689,9.44,9.6078,9.7926,0,healthy,0.0,50.0,9.4514,0
SN_007588,LOT_025,9.0373,10.3323,10.5971,10.8811,0,healthy,0.0,50.0,9.4514,0
SN_007589,LOT_025,8.9811,9.4213,9.4568,9.4545,0,healthy,0.0,50.0,9.4514,0
SN_007590,LOT_025,9.8551,11.1061,11.3704,11.6834,0,healthy,0.0,50.0,9.4514,0
SN_007591,LOT_025,10.5617,11.5306,11.9096,12.058,0,healthy,0.0,50.0,9.4514,0
SN_007592,LOT_025,9.402,10.3752,10.6964,11.0761,0,healthy,0.0,50.0,9.4514,0
SN_007593,LOT_025,9.683,10.3833,10.7701,10.925,0,healthy,0.0,50.0,9.4514,0
SN_007594,LOT_025,10.2991,11.2263,11.7346,11.8261,0,healthy,0.0,50.0,9.4514,0
SN_007595,LOT_025,,10.9108,11.2233,11.5063,0,healthy,0.0,50.0,9.4514,0
SN_007596,LOT_025,11.5132,12.2703,12.6937,12.9995,0,healthy,0.0,50.0,9.4514,0
SN_007597,LOT_025,10.604,,11.5355,11.5698,0,healthy,0.0,50.0,9.4514,0
SN_007598,LOT_025,10.2261,10.9752,11.189,11.1532,0,healthy,0.0,50.0,9.4514,0
SN_007599,LOT_025,10.0313,11.2323,11.6044,11.9153,0,healthy,0.0,50.0,9.4514,0
SN_007600,LOT_025,9.6057,10.2121,10.1145,10.4493,0,healthy,0.0,50.0,9.4514,0
SN_007601,LOT_025,30.0444,30.9076,33.9011,36.2855,1,subtle_in_spec,0.2715,50.0,9.4514,0
SN_007602,LOT_025,8.091,8.7982,8.9658,8.9842,0,healthy,0.0,50.0,9.4514,0
SN_007603,LOT_025,9.7553,10.6945,10.8825,10.9976,0,healthy,0.0,50.0,9.4514,0
SN_007604,LOT_025,8.7583,9.5518,9.9625,10.0586,0,healthy,0.0,50.0,9.4514,0
SN_007605,LOT_025,11.7802,13.1742,13.6057,13.8018,0,healthy,0.0,50.0,9.4514,0
SN_007606,LOT_025,9.8274,10.2596,10.2029,10.3293,0,healthy,0.0,50.0,9.4514,0
SN_007607,LOT_025,9.7052,10.1759,10.5608,10.7252,0,healthy,0.0,50.0,9.4514,0
SN_007608,LOT_025,8.4784,8.8492,8.9665,9.0747,0,healthy,0.0,50.0,9.4514,0
SN_007609,LOT_025,9.8341,11.1316,11.3868,11.7553,0,healthy,0.0,50.0,9.4514,0
SN_007610,LOT_025,10.4745,11.978,12.3323,12.5607,0,healthy,0.0,50.0,9.4514,0
SN_007611,LOT_025,10.5068,11.6451,12.2504,12.5473,0,healthy,0.0,50.0,9.4514,0
SN_007612,LOT_025,9.9669,11.1205,11.6825,11.7918,0,healthy,0.0,50.0,9.4514,0
SN_007613,LOT_025,8.6166,9.6279,10.0733,10.4436,0,healthy,0.0,50.0,9.4514,0
SN_007614,LOT_025,8.5341,9.4,9.6304,9.8149,0,healthy,0.0,50.0,9.4514,0
SN_007615,LOT_025,10.2538,11.0251,11.5691,11.6393,0,healthy,0.0,50.0,9.4514,0
SN_007616,LOT_025,8.8546,9.801,10.299,10.5189,0,healthy,0.0,50.0,9.4514,0
SN_007617,LOT_025,10.3969,11.2544,11.5886,11.9299,0,healthy,0.0,50.0,9.4514,0
SN_007618,LOT_025,10.342,11.041,11.3593,11.3771,0,healthy,0.0,50.0,9.4514,0
SN_007619,LOT_025,9.4722,10.4632,10.8451,11.1528,0,healthy,0.0,50.0,9.4514,0
SN_007620,LOT_025,,9.4639,9.6652,9.6943,0,healthy,0.0,50.0,9.4514,0
SN_007621,LOT_025,8.2395,8.9637,9.3498,9.5519,0,healthy,0.0,50.0,9.4514,0
SN_007622,LOT_025,9.3364,10.0037,10.0917,10.2391,0,healthy,0.0,50.0,9.4514,0
SN_007623,LOT_025,10.2614,10.8664,11.0966,11.3578,0,healthy,0.0,50.0,9.4514,0
SN_007624,LOT_025,9.7814,10.8167,11.0986,11.0978,0,healthy,0.0,50.0,9.4514,0
SN_007625,LOT_025,11.4369,12.9069,13.2247,13.4677,0,healthy,0.0,50.0,9.4514,0
SN_007626,LOT_025,10.1923,11.1043,11.508,11.7583,0,healthy,0.0,50.0,9.4514,0
SN_007627,LOT_025,11.0854,12.0591,12.0105,12.2389,0,healthy,0.0,50.0,9.4514,0
SN_007628,LOT_025,8.9381,9.3524,9.5597,9.7146,0,healthy,0.0,50.0,9.4514,0
SN_007629,LOT_025,9.9134,10.2166,10.572,10.4768,0,healthy,0.0,50.0,9.4514,0
SN_007630,LOT_025,7.9162,8.6489,8.8965,9.1022,0,healthy,0.0,50.0,9.4514,0
SN_007631,LOT_025,10.04,10.4988,10.7215,10.8597,0,healthy,0.0,50.0,9.4514,0
SN_007632,LOT_025,8.1549,8.6631,9.0947,9.1762,0,healthy,0.0,50.0,9.4514,0
SN_007633,LOT_025,8.125,8.52,9.1033,9.1845,0,healthy,0.0,50.0,9.4514,0
SN_007634,LOT_025,9.4181,9.6971,9.8159,9.9988,0,healthy,0.0,50.0,9.4514,0
SN_007635,LOT_025,9.6457,10.5384,10.9847,11.0907,0,healthy,0.0,50.0,9.4514,0
SN_007636,LOT_025,10.6061,11.4695,11.9411,12.1965,0,healthy,0.0,50.0,9.4514,0
SN_007637,LOT_025,11.147,12.527,12.8487,13.0435,0,healthy,0.0,50.0,9.4514,0
SN_007638,LOT_025,11.7986,12.7599,13.0801,13.2994,0,healthy,0.0,50.0,9.4514,0
SN_007639,LOT_025,9.2311,10.0185,10.283,10.3444,0,healthy,0.0,50.0,9.4514,0
SN_007640,LOT_025,8.4679,9.336,9.8316,9.8444,0,healthy,0.0,50.0,9.4514,0
SN_007641,LOT_025,,9.8509,10.1339,10.202,0,healthy,0.0,50.0,9.4514,0
SN_007642,LOT_025,8.9052,10.0144,10.1989,10.4719,0,healthy,0.0,50.0,9.4514,0
SN_007643,LOT_025,,9.3625,9.3539,9.5067,0,healthy,0.0,50.0,9.4514,0
SN_007644,LOT_025,8.5886,9.3584,9.4656,9.5642,0,healthy,0.0,50.0,9.4514,0
SN_007645,LOT_025,8.8106,9.6178,9.8669,10.0418,0,healthy,0.0,50.0,9.4514,0
SN_007646,LOT_025,9.7642,10.7773,11.2287,11.4992,0,healthy,0.0,50.0,9.4514,0
SN_007647,LOT_025,,,10.7957,10.8208,0,healthy,0.0,50.0,9.4514,0
SN_007648,LOT_025,8.2623,9.0562,9.4803,9.5459,0,healthy,0.0,50.0,9.4514,0
SN_007649,LOT_025,10.8124,12.1819,12.6344,12.7918,0,healthy,0.0,50.0,9.4514,0
SN_007650,LOT_025,10.0137,11.1516,11.7852,12.0128,0,healthy,0.0,50.0,9.4514,0
SN_007651,LOT_025,9.8297,10.3177,10.4302,10.6184,0,healthy,0.0,50.0,9.4514,0
SN_007652,LOT_025,11.2463,11.7586,12.0618,12.1459,0,healthy,0.0,50.0,9.4514,0
SN_007653,LOT_025,8.5073,8.7906,8.8745,8.8363,0,healthy,0.0,50.0,9.4514,0
SN_007654,LOT_025,9.8958,10.4655,10.6852,10.6888,0,healthy,0.0,50.0,9.4514,0
SN_007655,LOT_025,9.9759,11.3768,11.7049,11.8752,0,healthy,0.0,50.0,9.4514,0
SN_007656,LOT_025,9.2449,10.0335,10.3419,10.4526,0,healthy,0.0,50.0,9.4514,0
SN_007657,LOT_025,8.6431,9.1644,9.3594,9.226,0,healthy,0.0,50.0,9.4514,0
SN_007658,LOT_025,10.6066,10.893,11.0235,11.1438,0,healthy,0.0,50.0,9.4514,0
SN_007659,LOT_025,8.4671,8.9416,9.1586,9.3335,0,healthy,0.0,50.0,9.4514,0
SN_007660,LOT_025,11.2257,12.4043,13.0695,13.5531,0,healthy,0.0,50.0,9.4514,0
SN_007661,LOT_025,9.4658,10.455,10.932,11.0409,0,healthy,0.0,50.0,9.4514,0
SN_007662,LOT_025,9.0693,9.5885,9.9341,10.0609,0,healthy,0.0,50.0,9.4514,0
SN_007663,LOT_025,8.9763,,10.4293,10.682,0,healthy,0.0,50.0,9.4514,0
SN_007664,LOT_025,9.2507,10.2235,10.3813,10.6078,0,healthy,0.0,50.0,9.4514,0
SN_007665,LOT_025,9.122,10.117,10.4462,10.6902,0,healthy,0.0,50.0,9.4514,0
SN_007666,LOT_025,9.8089,10.4255,10.9242,10.9246,0,healthy,0.0,50.0,9.4514,0
SN_007667,LOT_025,9.7472,10.7111,11.2341,11.3676,0,healthy,0.0,50.0,9.4514,0
SN_007668,LOT_025,8.707,9.8671,10.1707,10.4105,0,healthy,0.0,50.0,9.4514,0
SN_007669,LOT_025,10.0391,10.2153,10.5445,10.6252,0,healthy,0.0,50.0,9.4514,0
SN_007670,LOT_025,,9.5643,9.6818,9.8253,0,healthy,0.0,50.0,9.4514,0
SN_007671,LOT_025,8.5487,9.1505,9.4519,9.5297,0,healthy,0.0,50.0,9.4514,0
SN_007672,LOT_025,10.2386,,11.3506,11.5084,0,healthy,0.0,50.0,9.4514,0
SN_007673,LOT_025,8.2211,8.8519,9.0357,9.0644,0,healthy,0.0,50.0,9.4514,0
SN_007674,LOT_025,9.0276,9.4602,9.4576,9.6871,0,healthy,0.0,50.0,9.4514,0
SN_007675,LOT_025,,8.0958,8.2314,8.3264,0,healthy,0.0,50.0,9.4514,0
SN_007676,LOT_025,10.4231,11.4392,12.0874,12.0637,0,healthy,0.0,50.0,9.4514,0
SN_007677,LOT_025,8.7236,9.4615,9.6685,10.0623,0,healthy,0.0,50.0,9.4514,0
SN_007678,LOT_025,8.5219,9.2986,9.4734,9.7377,0,healthy,0.0,50.0,9.4514,0
SN_007679,LOT_025,9.1727,10.2167,10.5246,10.6906,0,healthy,0.0,50.0,9.4514,0
SN_007680,LOT_025,9.9252,10.8919,11.3327,11.3181,0,healthy,0.0,50.0,9.4514,0
SN_007681,LOT_025,10.361,11.5822,11.7988,11.9933,0,healthy,0.0,50.0,9.4514,0
SN_007682,LOT_025,11.0134,12.1157,12.7516,13.0824,0,healthy,0.0,50.0,9.4514,0
SN_007683,LOT_025,8.8178,9.5261,9.8338,9.9677,0,healthy,0.0,50.0,9.4514,0
SN_007684,LOT_025,,,10.373,10.4038,0,healthy,0.0,50.0,9.4514,0
SN_007685,LOT_025,9.0987,9.2338,9.4666,9.4716,0,healthy,0.0,50.0,9.4514,0
SN_007686,LOT_025,10.5401,11.4924,11.7224,12.0073,0,healthy,0.0,50.0,9.4514,0
SN_007687,LOT_025,10.9385,11.9134,12.2784,12.5345,0,healthy,0.0,50.0,9.4514,0
SN_007688,LOT_025,8.5773,8.925,9.0497,9.0226,0,healthy,0.0,50.0,9.4514,0
SN_007689,LOT_025,9.202,10.2671,10.565,10.7435,0,healthy,0.0,50.0,9.4514,0
SN_007690,LOT_025,11.6231,13.0821,13.3742,13.5709,0,healthy,0.0,50.0,9.4514,0
SN_007691,LOT_025,9.1608,10.0177,10.2221,10.3064,0,healthy,0.0,50.0,9.4514,0
SN_007692,LOT_025,8.158,9.3837,9.5731,9.7417,0,healthy,0.0,50.0,9.4514,0
SN_007693,LOT_025,9.5687,10.3258,10.2592,10.6048,0,healthy,0.0,50.0,9.4514,0
SN_007694,LOT_025,10.1122,10.6587,10.9327,11.0589,0,healthy,0.0,50.0,9.4514,0
SN_007695,LOT_025,9.1422,9.8972,10.1287,10.318,0,healthy,0.0,50.0,9.4514,0
SN_007696,LOT_025,9.3445,10.3203,10.6078,10.9007,0,healthy,0.0,50.0,9.4514,0
SN_007697,LOT_025,10.8053,11.239,11.4576,11.5563,0,healthy,0.0,50.0,9.4514,0
SN_007698,LOT_025,9.6096,10.3928,10.4339,10.5259,0,healthy,0.0,50.0,9.4514,0
SN_007699,LOT_025,10.0285,11.0839,11.8212,11.922,0,healthy,0.0,50.0,9.4514,0
SN_007700,LOT_025,9.0173,9.2453,9.4641,9.4879,0,healthy,0.0,50.0,9.4514,0
SN_007701,LOT_025,10.1993,11.2612,11.6611,11.8969,0,healthy,0.0,50.0,9.4514,0
SN_007702,LOT_025,8.5483,9.31,9.6213,9.8055,0,healthy,0.0,50.0,9.4514,0
SN_007703,LOT_025,9.116,9.8223,10.2016,10.4338,0,healthy,0.0,50.0,9.4514,0
SN_007704,LOT_025,9.0004,9.4967,9.7415,9.8607,0,healthy,0.0,50.0,9.4514,0
SN_007705,LOT_026,9.6341,9.9991,10.0503,10.1773,0,healthy,0.0,50.0,9.0577,0
SN_007706,LOT_026,9.9097,10.6748,11.1314,11.3329,0,healthy,0.0,50.0,9.0577,0
SN_007707,LOT_026,8.7924,9.4469,9.771,9.9738,0,healthy,0.0,50.0,9.0577,0
SN_007708,LOT_026,9.1571,9.5043,9.4822,9.6014,0,healthy,0.0,50.0,9.0577,0
SN_007709,LOT_026,7.6674,8.0633,8.0994,8.1815,0,healthy,0.0,50.0,9.0577,0
SN_007710,LOT_026,7.8107,8.7821,9.047,9.2745,0,healthy,0.0,50.0,9.0577,0
SN_007711,LOT_026,7.7837,8.7541,9.2856,9.3638,0,healthy,0.0,50.0,9.0577,0
SN_007712,LOT_026,,8.9836,9.2557,9.4168,0,healthy,0.0,50.0,9.0577,0
SN_007713,LOT_026,7.4374,8.0293,8.033,8.095,0,healthy,0.0,50.0,9.0577,0
SN_007714,LOT_026,10.8032,11.3797,11.8021,12.1439,0,healthy,0.0,50.0,9.0577,0
SN_007715,LOT_026,8.5239,9.5483,9.9601,10.2016,0,healthy,0.0,50.0,9.0577,0
SN_007716,LOT_026,8.3004,9.0767,9.4067,9.4351,0,healthy,0.0,50.0,9.0577,0
SN_007717,LOT_026,8.3419,8.5361,8.7935,8.7967,0,healthy,0.0,50.0,9.0577,0
SN_007718,LOT_026,8.0232,8.9049,8.9821,9.2393,0,healthy,0.0,50.0,9.0577,0
SN_007719,LOT_026,10.4892,11.4462,11.7852,12.0178,0,healthy,0.0,50.0,9.0577,0
SN_007720,LOT_026,9.1665,9.7697,10.1812,10.3328,0,healthy,0.0,50.0,9.0577,0
SN_007721,LOT_026,8.5478,8.807,8.9065,9.0206,0,healthy,0.0,50.0,9.0577,0
SN_007722,LOT_026,8.2268,8.8033,9.0102,8.9228,0,healthy,0.0,50.0,9.0577,0
SN_007723,LOT_026,9.1875,9.9879,10.2095,10.362,0,healthy,0.0,50.0,9.0577,0
SN_007724,LOT_026,11.2655,11.8969,12.4393,12.6168,0,healthy,0.0,50.0,9.0577,0
SN_007725,LOT_026,11.5671,12.6348,13.1065,13.4045,0,healthy,0.0,50.0,9.0577,0
SN_007726,LOT_026,10.2686,11.6719,11.902,12.0926,0,healthy,0.0,50.0,9.0577,0
SN_007727,LOT_026,8.2156,,9.0754,9.19,0,healthy,0.0,50.0,9.0577,0
SN_007728,LOT_026,9.9983,10.4972,10.5357,10.7784,0,healthy,0.0,50.0,9.0577,0
SN_007729,LOT_026,9.4067,10.2783,10.6794,11.0745,0,healthy,0.0,50.0,9.0577,0
SN_007730,LOT_026,9.6666,10.2876,10.7691,10.9973,0,healthy,0.0,50.0,9.0577,0
SN_007731,LOT_026,9.8932,11.0718,11.4445,11.817,0,healthy,0.0,50.0,9.0577,0
SN_007732,LOT_026,8.6453,9.0892,9.1393,9.2411,0,healthy,0.0,50.0,9.0577,0
SN_007733,LOT_026,8.036,8.5486,8.4869,8.7211,0,healthy,0.0,50.0,9.0577,0
SN_007734,LOT_026,9.6696,11.0147,11.3336,11.4793,0,healthy,0.0,50.0,9.0577,0
SN_007735,LOT_026,9.2333,9.8865,10.3053,10.5003,0,healthy,0.0,50.0,9.0577,0
SN_007736,LOT_026,9.8099,11.2668,11.5722,11.6957,0,healthy,0.0,50.0,9.0577,0
SN_007737,LOT_026,9.5947,9.9698,10.0757,9.9936,0,healthy,0.0,50.0,9.0577,0
SN_007738,LOT_026,6.6852,7.4012,7.6236,7.8491,0,healthy,0.0,50.0,9.0577,0
SN_007739,LOT_026,9.279,9.654,10.0053,10.1656,0,healthy,0.0,50.0,9.0577,0
SN_007740,LOT_026,9.6063,10.4772,10.9708,11.2303,0,healthy,0.0,50.0,9.0577,0
SN_007741,LOT_026,12.7218,14.2713,14.9867,15.2967,0,healthy,0.0,50.0,9.0577,0
SN_007742,LOT_026,10.28,11.6001,12.0607,12.1756,0,healthy,0.0,50.0,9.0577,0
SN_007743,LOT_026,8.4628,9.0835,9.3482,9.5157,0,healthy,0.0,50.0,9.0577,0
SN_007744,LOT_026,8.5491,9.1156,9.4307,9.5456,0,healthy,0.0,50.0,9.0577,0
SN_007745,LOT_026,10.0505,,10.3999,10.6887,0,healthy,0.0,50.0,9.0577,0
SN_007746,LOT_026,8.1319,8.8103,8.9725,9.0861,0,healthy,0.0,50.0,9.0577,0
SN_007747,LOT_026,8.7455,9.9378,10.2286,10.3737,0,healthy,0.0,50.0,9.0577,0
SN_007748,LOT_026,9.162,9.4887,9.5557,9.6053,0,healthy,0.0,50.0,9.0577,0
SN_007749,LOT_026,8.5788,9.5957,10.0163,10.2735,0,healthy,0.0,50.0,9.0577,0
SN_007750,LOT_026,9.1501,9.7533,9.8133,10.0559,0,healthy,0.0,50.0,9.0577,0
SN_007751,LOT_026,9.0945,9.7733,10.2185,10.278,0,healthy,0.0,50.0,9.0577,0
SN_007752,LOT_026,8.0062,8.9108,9.0426,9.0647,0,healthy,0.0,50.0,9.0577,0
SN_007753,LOT_026,8.8088,9.7633,10.3752,10.5553,0,healthy,0.0,50.0,9.0577,0
SN_007754,LOT_026,11.6859,12.825,13.2128,13.6082,0,healthy,0.0,50.0,9.0577,0
SN_007755,LOT_026,,12.5828,12.7972,12.8665,0,healthy,0.0,50.0,9.0577,0
SN_007756,LOT_026,10.5915,11.1379,11.5176,11.6188,0,healthy,0.0,50.0,9.0577,0
SN_007757,LOT_026,10.7737,11.9648,12.4204,12.257,0,healthy,0.0,50.0,9.0577,0
SN_007758,LOT_026,8.735,9.2064,9.5209,9.4085,0,healthy,0.0,50.0,9.0577,0
SN_007759,LOT_026,13.0447,14.3182,14.8926,15.1979,0,healthy,0.0,50.0,9.0577,0
SN_007760,LOT_026,9.8335,10.8996,11.1218,11.4072,0,healthy,0.0,50.0,9.0577,0
SN_007761,LOT_026,10.6288,11.0315,11.0663,11.3856,0,healthy,0.0,50.0,9.0577,0
SN_007762,LOT_026,8.4697,8.8191,9.001,9.0162,0,healthy,0.0,50.0,9.0577,0
SN_007763,LOT_026,9.0751,9.4164,9.555,9.6725,0,healthy,0.0,50.0,9.0577,0
SN_007764,LOT_026,9.8378,10.5601,10.8858,10.9894,0,healthy,0.0,50.0,9.0577,0
SN_007765,LOT_026,9.63,10.3286,10.8853,10.9773,0,healthy,0.0,50.0,9.0577,0
SN_007766,LOT_026,8.2711,8.6597,8.8624,8.9853,0,healthy,0.0,50.0,9.0577,0
SN_007767,LOT_026,8.3936,9.0344,9.0487,9.3685,0,healthy,0.0,50.0,9.0577,0
SN_007768,LOT_026,9.7681,10.9682,11.4912,11.6728,0,healthy,0.0,50.0,9.0577,0
SN_007769,LOT_026,12.0356,13.4257,13.8754,14.3958,0,healthy,0.0,50.0,9.0577,0
SN_007770,LOT_026,7.448,8.0726,8.2753,8.3327,0,healthy,0.0,50.0,9.0577,0
SN_007771,LOT_026,9.2661,9.9814,9.9762,10.1388,0,healthy,0.0,50.0,9.0577,0
SN_007772,LOT_026,10.3322,11.6414,12.0576,12.3343,0,healthy,0.0,50.0,9.0577,0
SN_007773,LOT_026,9.8986,10.8726,11.2588,11.6492,0,healthy,0.0,50.0,9.0577,0
SN_007774,LOT_026,9.8468,10.3505,10.6391,10.7806,0,healthy,0.0,50.0,9.0577,0
SN_007775,LOT_026,7.0479,7.9508,8.156,8.3162,0,healthy,0.0,50.0,9.0577,0
SN_007776,LOT_026,8.8956,10.0996,10.4075,10.5074,0,healthy,0.0,50.0,9.0577,0
SN_007777,LOT_026,11.6741,13.2625,13.7033,13.7208,0,healthy,0.0,50.0,9.0577,0
SN_007778,LOT_026,9.3524,9.9164,10.0437,10.1051,0,healthy,0.0,50.0,9.0577,0
SN_007779,LOT_026,10.0195,11.0542,11.2906,11.1403,0,healthy,0.0,50.0,9.0577,0
SN_007780,LOT_026,7.5722,8.3326,8.7337,8.9864,0,healthy,0.0,50.0,9.0577,0
SN_007781,LOT_026,7.4725,7.7919,7.847,8.0223,0,healthy,0.0,50.0,9.0577,0
SN_007782,LOT_026,,8.5174,8.487,8.7345,0,healthy,0.0,50.0,9.0577,0
SN_007783,LOT_026,11.1359,11.7128,11.9155,11.8636,0,healthy,0.0,50.0,9.0577,0
SN_007784,LOT_026,7.7368,8.5826,8.7196,8.8529,0,healthy,0.0,50.0,9.0577,0
SN_007785,LOT_026,9.7239,13.0092,14.7466,15.7709,1,nbti_ageing,0.2818,50.0,9.0577,0
SN_007786,LOT_026,7.0675,7.2609,7.4115,7.4273,0,healthy,0.0,50.0,9.0577,0
SN_007787,LOT_026,9.8633,10.458,10.8023,10.9723,0,healthy,0.0,50.0,9.0577,0
SN_007788,LOT_026,9.205,9.7947,10.3485,10.5798,0,healthy,0.0,50.0,9.0577,0
SN_007789,LOT_026,,9.959,9.9986,10.0706,0,healthy,0.0,50.0,9.0577,0
SN_007790,LOT_026,9.3707,10.4114,10.7816,10.8725,0,healthy,0.0,50.0,9.0577,0
SN_007791,LOT_026,9.9265,10.6539,11.1155,11.0568,0,healthy,0.0,50.0,9.0577,0
SN_007792,LOT_026,7.8084,8.1769,8.3297,8.5563,0,healthy,0.0,50.0,9.0577,0
SN_007793,LOT_026,9.0373,9.6646,9.8743,9.8603,0,healthy,0.0,50.0,9.0577,0
SN_007794,LOT_026,9.4226,9.9221,10.0012,10.1214,0,healthy,0.0,50.0,9.0577,0
SN_007795,LOT_026,8.4813,9.1444,9.532,9.6619,0,healthy,0.0,50.0,9.0577,0
SN_007796,LOT_026,10.7253,11.1931,11.344,11.454,0,healthy,0.0,50.0,9.0577,0
SN_007797,LOT_026,8.9886,9.6222,9.8339,10.0367,0,healthy,0.0,50.0,9.0577,0
SN_007798,LOT_026,6.6712,7.1835,7.3504,7.5416,0,healthy,0.0,50.0,9.0577,0
SN_007799,LOT_026,10.2278,12.6758,20.0164,27.3105,1,electromigration,0.355,50.0,9.0577,0
SN_007800,LOT_026,10.7799,11.5839,11.8525,12.0421,0,healthy,0.0,50.0,9.0577,0
SN_007801,LOT_026,8.6385,8.936,9.1007,9.3619,0,healthy,0.0,50.0,9.0577,0
SN_007802,LOT_026,9.0667,9.5797,9.5914,9.6006,0,healthy,0.0,50.0,9.0577,0
SN_007803,LOT_026,7.3932,8.2064,8.4715,8.6208,0,healthy,0.0,50.0,9.0577,0
SN_007804,LOT_026,10.7378,11.066,11.7702,11.5075,0,healthy,0.0,50.0,9.0577,0
SN_007805,LOT_026,9.3955,9.8883,9.9174,9.94,0,healthy,0.0,50.0,9.0577,0
SN_007806,LOT_026,9.9437,10.4292,10.4705,10.6128,0,healthy,0.0,50.0,9.0577,0
SN_007807,LOT_026,9.6669,10.6995,11.1039,11.1442,0,healthy,0.0,50.0,9.0577,0
SN_007808,LOT_026,9.928,,10.9567,11.0224,0,healthy,0.0,50.0,9.0577,0
SN_007809,LOT_026,7.7857,8.3454,8.7187,8.7471,0,healthy,0.0,50.0,9.0577,0
SN_007810,LOT_026,8.091,9.048,9.4517,9.6244,0,healthy,0.0,50.0,9.0577,0
SN_007811,LOT_026,9.066,9.9698,10.3878,10.3958,0,healthy,0.0,50.0,9.0577,0
SN_007812,LOT_026,9.8833,10.6638,11.1815,11.3852,0,healthy,0.0,50.0,9.0577,0
SN_007813,LOT_026,8.4779,8.905,9.1644,9.1199,0,healthy,0.0,50.0,9.0577,0
SN_007814,LOT_026,9.624,10.6693,11.2394,11.6899,0,healthy,0.0,50.0,9.0577,0
SN_007815,LOT_026,8.3839,9.3489,9.7455,9.8987,0,healthy,0.0,50.0,9.0577,0
SN_007816,LOT_026,9.2877,10.1762,10.362,10.6164,0,healthy,0.0,50.0,9.0577,0
SN_007817,LOT_026,7.4042,8.1292,8.5307,8.7184,0,healthy,0.0,50.0,9.0577,0
SN_007818,LOT_026,7.3073,7.74,7.9095,7.9349,0,healthy,0.0,50.0,9.0577,0
SN_007819,LOT_026,7.6894,8.5961,8.8225,8.8483,0,healthy,0.0,50.0,9.0577,0
SN_007820,LOT_026,9.1256,9.8141,10.1013,10.3236,0,healthy,0.0,50.0,9.0577,0
SN_007821,LOT_026,8.7523,,9.3596,9.5281,0,healthy,0.0,50.0,9.0577,0
SN_007822,LOT_026,8.5794,9.648,10.0684,10.2034,0,healthy,0.0,50.0,9.0577,0
SN_007823,LOT_026,10.1226,11.5476,11.8149,12.122,0,healthy,0.0,50.0,9.0577,0
SN_007824,LOT_026,10.8002,14.4369,14.7462,15.0696,1,mobile_ion,0.0424,50.0,9.0577,0
SN_007825,LOT_026,6.736,7.2241,7.3647,7.4434,0,healthy,0.0,50.0,9.0577,0
SN_007826,LOT_026,9.3447,9.9804,10.1053,10.3532,0,healthy,0.0,50.0,9.0577,0
SN_007827,LOT_026,11.0943,11.9009,12.4287,12.5925,0,healthy,0.0,50.0,9.0577,0
SN_007828,LOT_026,,11.6884,11.708,11.7743,0,healthy,0.0,50.0,9.0577,0
SN_007829,LOT_026,7.0629,7.8353,8.1716,8.1751,0,healthy,0.0,50.0,9.0577,0
SN_007830,LOT_026,9.6452,9.9671,10.2305,10.2043,0,healthy,0.0,50.0,9.0577,0
SN_007831,LOT_026,8.157,9.1266,9.5364,9.6413,0,healthy,0.0,50.0,9.0577,0
SN_007832,LOT_026,9.1351,9.8216,10.0975,10.1655,0,healthy,0.0,50.0,9.0577,0
SN_007833,LOT_026,9.1622,9.9109,10.4014,10.5594,0,healthy,0.0,50.0,9.0577,0
SN_007834,LOT_026,8.3674,9.032,9.1852,9.3214,0,healthy,0.0,50.0,9.0577,0
SN_007835,LOT_026,8.3595,9.0785,9.2342,9.4542,0,healthy,0.0,50.0,9.0577,0
SN_007836,LOT_026,10.0751,10.6769,11.063,11.034,0,healthy,0.0,50.0,9.0577,0
SN_007837,LOT_026,7.189,7.7448,7.7949,7.9319,0,healthy,0.0,50.0,9.0577,0
SN_007838,LOT_026,7.5931,8.3302,8.651,8.7757,0,healthy,0.0,50.0,9.0577,0
SN_007839,LOT_026,9.8097,10.3695,10.8362,10.9634,0,healthy,0.0,50.0,9.0577,0
SN_007840,LOT_026,7.1448,7.6208,8.0107,8.0648,0,healthy,0.0,50.0,9.0577,0
SN_007841,LOT_026,10.819,12.2947,12.8453,12.8911,0,healthy,0.0,50.0,9.0577,0
SN_007842,LOT_026,11.2952,12.1656,12.6344,12.8713,0,healthy,0.0,50.0,9.0577,0
SN_007843,LOT_026,8.1213,8.8636,9.2792,9.4017,0,healthy,0.0,50.0,9.0577,0
SN_007844,LOT_026,9.9617,11.0897,11.526,11.8422,0,healthy,0.0,50.0,9.0577,0
SN_007845,LOT_026,8.8518,9.9096,10.3285,10.3478,0,healthy,0.0,50.0,9.0577,0
SN_007846,LOT_026,9.7108,10.7839,11.2221,11.4184,0,healthy,0.0,50.0,9.0577,0
SN_007847,LOT_026,8.2418,8.6146,8.693,8.7077,0,healthy,0.0,50.0,9.0577,0
SN_007848,LOT_026,8.6142,9.1595,9.3354,9.4464,0,healthy,0.0,50.0,9.0577,0
SN_007849,LOT_026,9.0572,10.2394,10.3353,10.6141,0,healthy,0.0,50.0,9.0577,0
SN_007850,LOT_026,,8.0367,8.1026,8.3605,0,healthy,0.0,50.0,9.0577,0
SN_007851,LOT_026,10.5822,11.9895,12.4379,12.5202,0,healthy,0.0,50.0,9.0577,0
SN_007852,LOT_026,7.6786,8.3846,8.3297,8.475,0,healthy,0.0,50.0,9.0577,0
SN_007853,LOT_026,7.3483,8.1088,8.5339,8.5462,0,healthy,0.0,50.0,9.0577,0
SN_007854,LOT_026,9.267,10.2712,10.3023,10.5871,0,healthy,0.0,50.0,9.0577,0
SN_007855,LOT_026,8.3528,9.097,9.2803,9.4534,0,healthy,0.0,50.0,9.0577,0
SN_007856,LOT_026,8.8325,9.7636,10.2414,10.3868,0,healthy,0.0,50.0,9.0577,0
SN_007857,LOT_026,6.5684,,7.0397,7.1807,0,healthy,0.0,50.0,9.0577,0
SN_007858,LOT_026,9.5044,10.1394,10.4443,10.6437,0,healthy,0.0,50.0,9.0577,0
SN_007859,LOT_026,6.8651,7.3182,7.4636,7.5197,0,healthy,0.0,50.0,9.0577,0
SN_007860,LOT_026,12.8085,13.5148,14.0001,14.2406,0,healthy,0.0,50.0,9.0577,0
SN_007861,LOT_026,8.6988,9.0556,9.3325,9.5949,0,healthy,0.0,50.0,9.0577,0
SN_007862,LOT_026,9.6105,10.4256,10.7649,10.9523,0,healthy,0.0,50.0,9.0577,0
SN_007863,LOT_026,8.6135,9.4214,9.7326,9.7797,0,healthy,0.0,50.0,9.0577,0
SN_007864,LOT_026,8.5423,9.3231,9.6048,9.7612,0,healthy,0.0,50.0,9.0577,0
SN_007865,LOT_026,8.5644,9.2928,9.6697,9.7616,0,healthy,0.0,50.0,9.0577,0
SN_007866,LOT_026,9.0735,9.8462,10.5419,10.6238,0,healthy,0.0,50.0,9.0577,0
SN_007867,LOT_026,10.2615,10.6749,10.724,10.7701,0,healthy,0.0,50.0,9.0577,0
SN_007868,LOT_026,9.1908,9.7272,9.9492,10.3438,0,healthy,0.0,50.0,9.0577,0
SN_007869,LOT_026,9.2653,10.1066,10.4196,10.7322,0,healthy,0.0,50.0,9.0577,0
SN_007870,LOT_026,7.5282,7.9759,7.9824,8.0676,0,healthy,0.0,50.0,9.0577,0
SN_007871,LOT_026,8.5114,,8.8509,8.9535,0,healthy,0.0,50.0,9.0577,0
SN_007872,LOT_026,8.6376,9.3192,9.7442,9.7782,0,healthy,0.0,50.0,9.0577,0
SN_007873,LOT_026,11.3171,12.3172,12.4647,12.6409,0,healthy,0.0,50.0,9.0577,0
SN_007874,LOT_026,7.9673,9.038,9.2902,9.3867,0,healthy,0.0,50.0,9.0577,0
SN_007875,LOT_026,6.9282,7.2296,7.3809,7.5089,0,healthy,0.0,50.0,9.0577,0
SN_007876,LOT_026,8.0528,8.7664,8.8644,9.003,0,healthy,0.0,50.0,9.0577,0
SN_007877,LOT_026,9.267,9.7186,10.0666,10.1472,0,healthy,0.0,50.0,9.0577,0
SN_007878,LOT_026,9.0908,9.6302,9.9373,10.121,0,healthy,0.0,50.0,9.0577,0
SN_007879,LOT_026,6.8323,7.6898,7.9761,8.1657,0,healthy,0.0,50.0,9.0577,0
SN_007880,LOT_026,10.2909,10.7602,11.2536,11.3792,0,healthy,0.0,50.0,9.0577,0
SN_007881,LOT_026,6.987,7.5496,7.7493,7.8391,0,healthy,0.0,50.0,9.0577,0
SN_007882,LOT_026,10.1338,11.1608,11.4318,11.601,0,healthy,0.0,50.0,9.0577,0
SN_007883,LOT_026,8.3442,9.0422,9.3209,9.5015,0,healthy,0.0,50.0,9.0577,0
SN_007884,LOT_026,7.6156,7.9608,8.0649,8.1696,0,healthy,0.0,50.0,9.0577,0
SN_007885,LOT_026,10.2515,,11.0937,11.133,0,healthy,0.0,50.0,9.0577,0
SN_007886,LOT_026,9.1942,9.3665,12.7847,21.3459,1,tddb_dielectric,0.2728,50.0,9.0577,0
SN_007887,LOT_026,10.5586,11.3126,11.9222,12.1476,0,healthy,0.0,50.0,9.0577,0
SN_007888,LOT_026,9.6494,10.2232,10.4548,10.5457,0,healthy,0.0,50.0,9.0577,0
SN_007889,LOT_026,10.2972,11.3745,11.5264,11.6315,0,healthy,0.0,50.0,9.0577,0
SN_007890,LOT_026,8.628,9.6194,9.8937,10.0159,0,healthy,0.0,50.0,9.0577,0
SN_007891,LOT_026,8.88,9.5915,9.7058,9.9524,0,healthy,0.0,50.0,9.0577,0
SN_007892,LOT_026,,7.5837,7.9008,7.9301,0,healthy,0.0,50.0,9.0577,0
SN_007893,LOT_026,9.6108,9.8675,10.0978,10.0916,0,healthy,0.0,50.0,9.0577,0
SN_007894,LOT_026,10.0437,10.3453,10.4852,10.7341,0,healthy,0.0,50.0,9.0577,0
SN_007895,LOT_026,8.7562,9.2746,9.5585,9.5685,0,healthy,0.0,50.0,9.0577,0
SN_007896,LOT_026,8.982,9.2317,9.5703,9.5618,0,healthy,0.0,50.0,9.0577,0
SN_007897,LOT_026,10.4886,11.003,10.9803,11.2212,0,healthy,0.0,50.0,9.0577,0
SN_007898,LOT_026,7.78,8.4926,8.6634,8.8482,0,healthy,0.0,50.0,9.0577,0
SN_007899,LOT_026,9.1547,10.0712,10.4226,10.4263,0,healthy,0.0,50.0,9.0577,0
SN_007900,LOT_026,9.3881,9.807,9.9781,9.9007,0,healthy,0.0,50.0,9.0577,0
SN_007901,LOT_026,7.0956,7.6462,7.9649,8.0448,0,healthy,0.0,50.0,9.0577,0
SN_007902,LOT_026,10.7225,11.3842,11.7613,11.8262,0,healthy,0.0,50.0,9.0577,0
SN_007903,LOT_026,11.8982,13.3372,13.7108,13.7201,0,healthy,0.0,50.0,9.0577,0
SN_007904,LOT_026,8.6633,9.2856,9.67,9.7421,0,healthy,0.0,50.0,9.0577,0
SN_007905,LOT_026,10.3486,11.2495,11.3603,11.7673,0,healthy,0.0,50.0,9.0577,0
SN_007906,LOT_026,9.8607,10.4519,10.8363,10.8203,0,healthy,0.0,50.0,9.0577,0
SN_007907,LOT_026,6.7418,6.9612,7.034,7.1876,0,healthy,0.0,50.0,9.0577,0
SN_007908,LOT_026,8.1124,8.524,8.5618,8.7891,0,healthy,0.0,50.0,9.0577,0
SN_007909,LOT_026,9.4743,9.8668,10.1863,10.4686,0,healthy,0.0,50.0,9.0577,0
SN_007910,LOT_026,9.4267,10.1507,10.3486,10.383,0,healthy,0.0,50.0,9.0577,0
SN_007911,LOT_026,7.7733,8.2141,8.4114,8.4881,0,healthy,0.0,50.0,9.0577,0
SN_007912,LOT_027,12.9832,13.4182,13.6513,13.6097,0,healthy,0.0,50.0,11.216,0
SN_007913,LOT_027,12.35,12.8396,13.1015,13.0916,0,healthy,0.0,50.0,11.216,0
SN_007914,LOT_027,9.4308,10.074,10.4198,10.4939,0,healthy,0.0,50.0,11.216,0
SN_007915,LOT_027,11.0363,,11.8331,12.1547,0,healthy,0.0,50.0,11.216,0
SN_007916,LOT_027,9.9867,11.0049,11.3506,11.2659,0,healthy,0.0,50.0,11.216,0
SN_007917,LOT_027,11.7764,,13.043,13.0809,0,healthy,0.0,50.0,11.216,0
SN_007918,LOT_027,11.0888,12.366,12.9444,13.1993,0,healthy,0.0,50.0,11.216,0
SN_007919,LOT_027,10.3171,10.7732,11.1149,11.1488,0,healthy,0.0,50.0,11.216,0
SN_007920,LOT_027,12.8414,13.9809,14.3873,14.4512,0,healthy,0.0,50.0,11.216,0
SN_007921,LOT_027,13.9331,15.4782,16.2987,16.4123,0,healthy,0.0,50.0,11.216,0
SN_007922,LOT_027,11.8249,12.7954,13.0007,13.0904,0,healthy,0.0,50.0,11.216,0
SN_007923,LOT_027,,12.4144,12.7882,13.0895,0,healthy,0.0,50.0,11.216,0
SN_007924,LOT_027,12.4001,13.0815,13.3562,13.916,0,healthy,0.0,50.0,11.216,0
SN_007925,LOT_027,12.0375,,13.6078,13.9296,0,healthy,0.0,50.0,11.216,0
SN_007926,LOT_027,12.2105,13.7083,13.997,14.1006,0,healthy,0.0,50.0,11.216,0
SN_007927,LOT_027,10.8045,11.9941,12.1709,12.5107,0,healthy,0.0,50.0,11.216,0
SN_007928,LOT_027,8.3495,9.2203,9.7394,9.9745,0,healthy,0.0,50.0,11.216,0
SN_007929,LOT_027,10.6753,11.5974,11.9353,12.1922,0,healthy,0.0,50.0,11.216,0
SN_007930,LOT_027,12.2302,13.136,13.6202,13.755,0,healthy,0.0,50.0,11.216,0
SN_007931,LOT_027,10.8352,11.5263,11.716,11.8803,0,healthy,0.0,50.0,11.216,0
SN_007932,LOT_027,,10.8231,14.8854,24.8751,1,tddb_dielectric,0.2829,50.0,11.216,0
SN_007933,LOT_027,11.7534,12.1356,12.1219,12.3482,0,healthy,0.0,50.0,11.216,0
SN_007934,LOT_027,10.8912,11.8571,12.2615,12.4588,0,healthy,0.0,50.0,11.216,0
SN_007935,LOT_027,13.4455,14.695,15.1715,15.562,0,healthy,0.0,50.0,11.216,0
SN_007936,LOT_027,9.6451,10.5124,10.535,10.7532,0,healthy,0.0,50.0,11.216,0
SN_007937,LOT_027,9.84,11.2053,11.5719,11.6157,0,healthy,0.0,50.0,11.216,0
SN_007938,LOT_027,9.8458,11.1841,11.5416,11.8578,0,healthy,0.0,50.0,11.216,0
SN_007939,LOT_027,10.0204,10.8157,10.9219,11.1947,0,healthy,0.0,50.0,11.216,0
SN_007940,LOT_027,10.6269,11.7514,12.2812,12.5032,0,healthy,0.0,50.0,11.216,0
SN_007941,LOT_027,11.0465,12.6819,13.1556,13.2824,0,healthy,0.0,50.0,11.216,0
SN_007942,LOT_027,11.7423,12.6853,12.9134,13.1702,0,healthy,0.0,50.0,11.216,0
SN_007943,LOT_027,13.1013,14.7063,15.0484,15.3166,0,healthy,0.0,50.0,11.216,0
SN_007944,LOT_027,9.9453,11.0458,11.4527,11.8512,0,healthy,0.0,50.0,11.216,0
SN_007945,LOT_027,12.4907,13.0581,13.2872,13.1043,0,healthy,0.0,50.0,11.216,0
SN_007946,LOT_027,10.1769,10.7247,10.8934,11.2608,0,healthy,0.0,50.0,11.216,0
SN_007947,LOT_027,15.6637,17.069,17.4351,17.6987,0,healthy,0.0,50.0,11.216,0
SN_007948,LOT_027,11.4002,11.8152,11.9497,12.2526,0,healthy,0.0,50.0,11.216,0
SN_007949,LOT_027,13.7576,14.8271,15.1129,15.3736,0,healthy,0.0,50.0,11.216,0
SN_007950,LOT_027,11.78,12.765,13.0822,13.2109,0,healthy,0.0,50.0,11.216,0
SN_007951,LOT_027,11.4306,12.3644,12.8087,13.0528,0,healthy,0.0,50.0,11.216,0
SN_007952,LOT_027,10.3984,11.5648,12.1331,12.2676,0,healthy,0.0,50.0,11.216,0
SN_007953,LOT_027,10.8928,11.9065,12.3686,12.6552,0,healthy,0.0,50.0,11.216,0
SN_007954,LOT_027,12.4941,13.9918,14.4234,14.7107,0,healthy,0.0,50.0,11.216,0
SN_007955,LOT_027,12.7649,13.7927,14.2905,14.8521,0,healthy,0.0,50.0,11.216,0
SN_007956,LOT_027,11.5182,12.4903,12.7235,13.0467,0,healthy,0.0,50.0,11.216,0
SN_007957,LOT_027,10.1471,,10.9475,10.9858,0,healthy,0.0,50.0,11.216,0
SN_007958,LOT_027,12.5218,13.9901,14.5259,14.5022,0,healthy,0.0,50.0,11.216,0
SN_007959,LOT_027,9.1175,9.9225,10.0702,10.3404,0,healthy,0.0,50.0,11.216,0
SN_007960,LOT_027,10.1986,11.0862,11.1873,11.2522,0,healthy,0.0,50.0,11.216,0
SN_007961,LOT_027,11.4656,11.9379,12.0219,12.1875,0,healthy,0.0,50.0,11.216,0
SN_007962,LOT_027,11.0441,12.1027,12.4262,12.6519,0,healthy,0.0,50.0,11.216,0
SN_007963,LOT_027,12.0089,,13.9439,14.3542,0,healthy,0.0,50.0,11.216,0
SN_007964,LOT_027,11.2806,,12.6978,12.9206,0,healthy,0.0,50.0,11.216,0
SN_007965,LOT_027,10.2967,10.626,10.7522,10.9417,0,healthy,0.0,50.0,11.216,0
SN_007966,LOT_027,9.5777,10.6785,11.0296,11.1235,0,healthy,0.0,50.0,11.216,0
SN_007967,LOT_027,10.3399,10.9316,11.2645,11.2544,0,healthy,0.0,50.0,11.216,0
SN_007968,LOT_027,12.2677,13.2872,14.1212,14.3565,0,healthy,0.0,50.0,11.216,0
SN_007969,LOT_027,10.9312,11.9543,12.2066,12.5706,0,healthy,0.0,50.0,11.216,0
SN_007970,LOT_027,,12.614,12.826,12.9657,0,healthy,0.0,50.0,11.216,0
SN_007971,LOT_027,11.7081,12.7602,13.3849,13.3456,0,healthy,0.0,50.0,11.216,0
SN_007972,LOT_027,12.4089,14.2067,14.5813,14.893,0,healthy,0.0,50.0,11.216,0
SN_007973,LOT_027,9.6622,10.4515,10.555,10.7889,0,healthy,0.0,50.0,11.216,0
SN_007974,LOT_027,11.0795,11.513,11.8037,11.9322,0,healthy,0.0,50.0,11.216,0
SN_007975,LOT_027,13.0451,,14.6482,15.1093,0,healthy,0.0,50.0,11.216,0
SN_007976,LOT_027,10.4351,11.3488,11.7712,11.8813,0,healthy,0.0,50.0,11.216,0
SN_007977,LOT_027,11.5727,12.839,13.2816,13.7363,0,healthy,0.0,50.0,11.216,0
SN_007978,LOT_027,10.333,11.0304,11.4802,11.7283,0,healthy,0.0,50.0,11.216,0
SN_007979,LOT_027,11.2012,11.8026,12.2464,12.1851,0,healthy,0.0,50.0,11.216,0
SN_007980,LOT_027,11.1663,12.0318,12.3397,12.7057,0,healthy,0.0,50.0,11.216,0
SN_007981,LOT_027,12.0292,13.411,13.8495,14.1491,0,healthy,0.0,50.0,11.216,0
SN_007982,LOT_027,11.4699,11.9762,12.0406,12.1614,0,healthy,0.0,50.0,11.216,0
SN_007983,LOT_027,10.6974,11.6324,12.0629,12.0755,0,healthy,0.0,50.0,11.216,0
SN_007984,LOT_027,11.8415,13.0133,13.8162,14.1425,0,healthy,0.0,50.0,11.216,0
SN_007985,LOT_027,9.335,22.6771,22.8075,22.8783,1,mobile_ion,0.5638,50.0,11.216,0
SN_007986,LOT_027,10.3267,11.2797,11.3691,11.7095,0,healthy,0.0,50.0,11.216,0
SN_007987,LOT_027,13.337,14.6464,15.1691,15.5985,0,healthy,0.0,50.0,11.216,0
SN_007988,LOT_027,10.535,11.0185,11.2241,11.4334,0,healthy,0.0,50.0,11.216,0
SN_007989,LOT_027,10.647,11.63,12.0497,12.285,0,healthy,0.0,50.0,11.216,0
SN_007990,LOT_027,12.6794,12.9186,13.3008,13.3705,0,healthy,0.0,50.0,11.216,0
SN_007991,LOT_027,11.3891,12.064,12.2252,12.429,0,healthy,0.0,50.0,11.216,0
SN_007992,LOT_027,11.5712,12.0004,12.3534,12.3491,0,healthy,0.0,50.0,11.216,0
SN_007993,LOT_027,,10.7554,11.1283,11.254,0,healthy,0.0,50.0,11.216,0
SN_007994,LOT_027,12.1738,13.6059,14.2163,14.2451,0,healthy,0.0,50.0,11.216,0
SN_007995,LOT_027,9.8658,10.4269,10.5267,10.544,0,healthy,0.0,50.0,11.216,0
SN_007996,LOT_027,8.6539,9.4448,9.705,9.8621,0,healthy,0.0,50.0,11.216,0
SN_007997,LOT_027,12.9546,13.55,13.791,13.7883,0,healthy,0.0,50.0,11.216,0
SN_007998,LOT_027,13.2575,13.7454,13.8681,13.8949,0,healthy,0.0,50.0,11.216,0
SN_007999,LOT_027,11.4937,12.9142,13.3519,13.7443,0,healthy,0.0,50.0,11.216,0
SN_008000,LOT_027,10.3513,10.6624,10.9873,11.2977,0,healthy,0.0,50.0,11.216,0
SN_008001,LOT_027,7.3483,7.953,8.1874,8.3406,0,healthy,0.0,50.0,11.216,0
SN_008002,LOT_027,11.975,12.9321,13.2781,13.4101,0,healthy,0.0,50.0,11.216,0
SN_008003,LOT_027,10.4356,11.9162,12.0232,12.2878,0,healthy,0.0,50.0,11.216,0
SN_008004,LOT_027,12.6345,13.8986,14.714,14.7781,0,healthy,0.0,50.0,11.216,0
SN_008005,LOT_027,12.0116,12.583,12.7886,13.0258,0,healthy,0.0,50.0,11.216,0
SN_008006,LOT_027,12.9234,14.8816,15.1217,15.4464,0,healthy,0.0,50.0,11.216,0
SN_008007,LOT_027,10.5674,11.2869,11.7945,11.9541,0,healthy,0.0,50.0,11.216,0
SN_008008,LOT_027,10.6264,11.7639,12.0092,12.1579,0,healthy,0.0,50.0,11.216,0
SN_008009,LOT_027,10.8265,12.0395,12.4325,12.7651,0,healthy,0.0,50.0,11.216,0
SN_008010,LOT_027,,9.6606,10.0172,10.4465,0,healthy,0.0,50.0,11.216,0
SN_008011,LOT_027,12.0805,12.8881,13.4032,13.7223,0,healthy,0.0,50.0,11.216,0
SN_008012,LOT_027,12.269,13.188,13.8339,13.874,0,healthy,0.0,50.0,11.216,0
SN_008013,LOT_027,12.4637,13.6495,14.2935,14.5519,0,healthy,0.0,50.0,11.216,0
SN_008014,LOT_027,12.0619,12.7534,12.7895,12.8692,0,healthy,0.0,50.0,11.216,0
SN_008015,LOT_027,10.9058,12.0098,12.3125,12.6491,0,healthy,0.0,50.0,11.216,0
SN_008016,LOT_027,11.287,12.3846,12.5118,12.7093,0,healthy,0.0,50.0,11.216,0
SN_008017,LOT_027,15.2709,16.5203,17.2416,17.7835,0,healthy,0.0,50.0,11.216,0
SN_008018,LOT_027,,10.5135,10.8868,11.0687,0,healthy,0.0,50.0,11.216,0
SN_008019,LOT_027,9.885,10.7039,11.046,11.1584,0,healthy,0.0,50.0,11.216,0
SN_008020,LOT_027,12.6716,13.9928,14.4995,14.5075,0,healthy,0.0,50.0,11.216,0
SN_008021,LOT_027,9.3255,10.0715,10.4047,10.6257,0,healthy,0.0,50.0,11.216,0
SN_008022,LOT_027,9.9008,10.9714,11.2458,11.2779,0,healthy,0.0,50.0,11.216,0
SN_008023,LOT_027,12.1252,13.2869,13.7705,13.9394,0,healthy,0.0,50.0,11.216,0
SN_008024,LOT_027,10.2724,11.1892,11.3306,11.7258,0,healthy,0.0,50.0,11.216,0
SN_008025,LOT_027,9.5807,11.011,11.3348,11.4212,0,healthy,0.0,50.0,11.216,0
SN_008026,LOT_027,13.0795,14.9396,15.3502,15.5496,0,healthy,0.0,50.0,11.216,0
SN_008027,LOT_027,9.6274,10.355,10.625,10.7274,0,healthy,0.0,50.0,11.216,0
SN_008028,LOT_027,10.8146,11.18,11.511,11.5957,0,healthy,0.0,50.0,11.216,0
SN_008029,LOT_027,12.2859,,13.7714,14.0453,0,healthy,0.0,50.0,11.216,0
SN_008030,LOT_027,10.4766,10.8816,10.9444,11.0683,0,healthy,0.0,50.0,11.216,0
SN_008031,LOT_027,10.0621,10.8914,10.6933,11.2366,0,healthy,0.0,50.0,11.216,0
SN_008032,LOT_027,,12.4096,12.6501,13.1796,0,healthy,0.0,50.0,11.216,0
SN_008033,LOT_027,8.2853,9.3477,9.6709,9.8068,0,healthy,0.0,50.0,11.216,0
SN_008034,LOT_027,10.3447,10.7707,10.8171,10.9279,0,healthy,0.0,50.0,11.216,0
SN_008035,LOT_027,10.2264,10.8111,11.295,11.3522,0,healthy,0.0,50.0,11.216,0
SN_008036,LOT_027,11.776,12.7729,13.1478,13.3083,0,healthy,0.0,50.0,11.216,0
SN_008037,LOT_027,11.1082,12.3827,12.8345,13.243,0,healthy,0.0,50.0,11.216,0
SN_008038,LOT_027,12.4711,12.9596,13.3669,13.0574,0,healthy,0.0,50.0,11.216,0
SN_008039,LOT_027,12.1027,12.9209,13.4432,13.63,0,healthy,0.0,50.0,11.216,0
SN_008040,LOT_027,10.1059,10.8315,10.7993,11.1144,0,healthy,0.0,50.0,11.216,0
SN_008041,LOT_027,11.5975,12.7519,13.2809,13.5046,0,healthy,0.0,50.0,11.216,0
SN_008042,LOT_027,13.5473,13.8878,14.1091,14.2492,0,healthy,0.0,50.0,11.216,0
SN_008043,LOT_027,10.268,10.8589,11.2052,11.2824,0,healthy,0.0,50.0,11.216,0
SN_008044,LOT_027,11.8471,12.6819,13.2043,13.6014,0,healthy,0.0,50.0,11.216,0
SN_008045,LOT_027,11.4541,12.6923,13.2137,13.1382,0,healthy,0.0,50.0,11.216,0
SN_008046,LOT_027,11.8274,12.4352,12.7721,12.7647,0,healthy,0.0,50.0,11.216,0
SN_008047,LOT_027,9.8728,10.8181,10.9382,11.0394,0,healthy,0.0,50.0,11.216,0
SN_008048,LOT_027,11.4344,12.252,12.5677,12.7357,0,healthy,0.0,50.0,11.216,0
SN_008049,LOT_027,9.975,10.3559,10.645,10.7712,0,healthy,0.0,50.0,11.216,0
SN_008050,LOT_027,10.1564,10.893,11.093,11.2307,0,healthy,0.0,50.0,11.216,0
SN_008051,LOT_027,11.4745,12.6815,13.1415,13.2137,0,healthy,0.0,50.0,11.216,0
SN_008052,LOT_027,9.5397,11.209,11.8497,12.2098,1,nbti_ageing,0.0526,50.0,11.216,0
SN_008053,LOT_027,,13.2462,13.5935,13.6846,0,healthy,0.0,50.0,11.216,0
SN_008054,LOT_027,9.2222,10.004,10.3355,10.5335,0,healthy,0.0,50.0,11.216,0
SN_008055,LOT_027,10.5654,11.6036,11.8936,11.9819,0,healthy,0.0,50.0,11.216,0
SN_008056,LOT_027,9.9389,10.6206,10.8761,11.0538,0,healthy,0.0,50.0,11.216,0
SN_008057,LOT_027,10.8798,11.9075,12.2249,12.4771,0,healthy,0.0,50.0,11.216,0
SN_008058,LOT_027,12.1889,12.772,12.9238,12.9056,0,healthy,0.0,50.0,11.216,0
SN_008059,LOT_027,11.8719,12.4035,12.5261,12.9182,0,healthy,0.0,50.0,11.216,0
SN_008060,LOT_027,,11.7176,12.041,12.0235,0,healthy,0.0,50.0,11.216,0
SN_008061,LOT_027,13.0021,13.7871,14.1748,14.2177,0,healthy,0.0,50.0,11.216,0
SN_008062,LOT_027,9.9972,10.9618,11.2164,11.4899,0,healthy,0.0,50.0,11.216,0
SN_008063,LOT_027,11.0799,12.2481,12.8701,12.8408,0,healthy,0.0,50.0,11.216,0
SN_008064,LOT_027,9.7534,10.4479,10.6937,10.655,0,healthy,0.0,50.0,11.216,0
SN_008065,LOT_027,9.8482,10.5106,10.7856,10.9149,0,healthy,0.0,50.0,11.216,0
SN_008066,LOT_027,9.2247,10.2865,10.8391,11.0256,0,healthy,0.0,50.0,11.216,0
SN_008067,LOT_027,10.9238,11.7028,11.8729,11.945,0,healthy,0.0,50.0,11.216,0
SN_008068,LOT_027,10.6277,11.4998,12.0572,12.3893,0,healthy,0.0,50.0,11.216,0
SN_008069,LOT_027,12.6188,13.8486,14.1981,14.1256,0,healthy,0.0,50.0,11.216,0
SN_008070,LOT_027,11.0168,11.9377,12.2724,12.3994,0,healthy,0.0,50.0,11.216,0
SN_008071,LOT_027,12.1379,13.2659,13.7865,14.0133,0,healthy,0.0,50.0,11.216,0
SN_008072,LOT_027,11.2094,11.708,11.9293,12.0698,0,healthy,0.0,50.0,11.216,0
SN_008073,LOT_027,12.6756,13.9012,14.1804,14.1413,0,healthy,0.0,50.0,11.216,0
SN_008074,LOT_027,12.6527,13.5511,13.9077,14.2142,0,healthy,0.0,50.0,11.216,0
SN_008075,LOT_027,,12.3863,12.8032,13.1114,0,healthy,0.0,50.0,11.216,0
SN_008076,LOT_027,11.9895,12.3333,12.6247,12.5816,0,healthy,0.0,50.0,11.216,0
SN_008077,LOT_027,11.0384,12.0267,12.1871,12.5724,0,healthy,0.0,50.0,11.216,0
SN_008078,LOT_027,11.6593,12.8652,13.2177,13.4882,0,healthy,0.0,50.0,11.216,0
SN_008079,LOT_027,9.4403,10.2432,10.4203,10.6464,0,healthy,0.0,50.0,11.216,0
SN_008080,LOT_027,9.2599,9.6085,9.8173,9.852,0,healthy,0.0,50.0,11.216,0
SN_008081,LOT_027,10.718,11.5109,11.8807,12.0,0,healthy,0.0,50.0,11.216,0
SN_008082,LOT_027,11.4751,,12.8855,13.1892,0,healthy,0.0,50.0,11.216,0
SN_008083,LOT_027,10.3361,11.026,11.2222,11.264,0,healthy,0.0,50.0,11.216,0
SN_008084,LOT_027,14.0715,14.9172,15.1931,15.2014,0,healthy,0.0,50.0,11.216,0
SN_008085,LOT_027,11.3005,12.3492,12.5553,12.7518,0,healthy,0.0,50.0,11.216,0
SN_008086,LOT_027,10.9064,11.6579,11.8374,11.8745,0,healthy,0.0,50.0,11.216,0
SN_008087,LOT_027,10.8468,11.3711,11.7374,11.7452,0,healthy,0.0,50.0,11.216,0
SN_008088,LOT_027,10.5331,11.3457,11.7407,11.5793,0,healthy,0.0,50.0,11.216,0
SN_008089,LOT_027,11.5409,23.6347,26.1023,26.2576,1,mobile_ion,0.4632,50.0,11.216,0
SN_008090,LOT_027,9.6931,10.8817,11.4228,11.6284,0,healthy,0.0,50.0,11.216,0
SN_008091,LOT_027,12.7357,13.259,13.337,13.3734,0,healthy,0.0,50.0,11.216,0
SN_008092,LOT_027,12.2205,13.6,13.6925,14.1079,0,healthy,0.0,50.0,11.216,0
SN_008093,LOT_027,14.1543,14.8604,15.2607,15.8333,0,healthy,0.0,50.0,11.216,0
SN_008094,LOT_027,11.9174,13.2755,13.5139,13.6151,0,healthy,0.0,50.0,11.216,0
SN_008095,LOT_027,9.2694,,10.3221,10.3718,0,healthy,0.0,50.0,11.216,0
SN_008096,LOT_027,11.0932,12.2699,12.4023,13.0173,0,healthy,0.0,50.0,11.216,0
SN_008097,LOT_027,10.49,11.1918,11.3716,11.4686,0,healthy,0.0,50.0,11.216,0
SN_008098,LOT_027,9.8953,11.1719,11.6244,11.7696,0,healthy,0.0,50.0,11.216,0
SN_008099,LOT_027,15.0909,16.5624,17.2519,17.8315,0,healthy,0.0,50.0,11.216,0
SN_008100,LOT_027,10.4352,10.8243,11.0565,11.2192,0,healthy,0.0,50.0,11.216,0
SN_008101,LOT_027,9.9289,10.2377,10.5631,10.5942,0,healthy,0.0,50.0,11.216,0
SN_008102,LOT_027,,11.7344,12.142,12.2907,0,healthy,0.0,50.0,11.216,0
SN_008103,LOT_027,9.0597,9.6753,9.8479,9.9394,0,healthy,0.0,50.0,11.216,0
SN_008104,LOT_027,11.9708,13.743,14.1973,14.2922,0,healthy,0.0,50.0,11.216,0
SN_008105,LOT_027,12.1462,12.4851,12.7172,12.9553,0,healthy,0.0,50.0,11.216,0
SN_008106,LOT_027,11.3628,12.7533,13.1932,13.5664,0,healthy,0.0,50.0,11.216,0
SN_008107,LOT_027,9.4772,9.9964,10.199,10.2543,0,healthy,0.0,50.0,11.216,0
SN_008108,LOT_027,10.9526,11.5708,11.5949,11.7576,0,healthy,0.0,50.0,11.216,0
SN_008109,LOT_027,8.6289,9.5301,9.7192,9.6984,0,healthy,0.0,50.0,11.216,0
SN_008110,LOT_027,10.2772,11.4847,11.68,11.7174,0,healthy,0.0,50.0,11.216,0
SN_008111,LOT_027,,11.6014,12.0292,12.2028,0,healthy,0.0,50.0,11.216,0
SN_008112,LOT_027,11.4736,12.8569,13.5104,13.6381,0,healthy,0.0,50.0,11.216,0
SN_008113,LOT_027,7.7238,8.387,8.6786,8.739,0,healthy,0.0,50.0,11.216,0
SN_008114,LOT_027,10.6641,11.4567,11.7479,11.8424,0,healthy,0.0,50.0,11.216,0
SN_008115,LOT_027,12.2172,12.7539,12.7842,13.0159,0,healthy,0.0,50.0,11.216,0
SN_008116,LOT_027,11.1627,12.0467,12.4862,12.5265,0,healthy,0.0,50.0,11.216,0
SN_008117,LOT_027,10.1248,11.0339,11.3032,11.6643,0,healthy,0.0,50.0,11.216,0
SN_008118,LOT_027,10.8215,11.6988,11.9319,11.9784,0,healthy,0.0,50.0,11.216,0
SN_008119,LOT_027,11.6161,11.9152,12.2139,12.1596,0,healthy,0.0,50.0,11.216,0
SN_008120,LOT_027,8.4501,9.2837,9.7954,10.0298,0,healthy,0.0,50.0,11.216,0
SN_008121,LOT_027,11.0446,12.2604,12.5598,12.6886,0,healthy,0.0,50.0,11.216,0
SN_008122,LOT_027,11.1258,12.2292,12.2678,12.2882,0,healthy,0.0,50.0,11.216,0
SN_008123,LOT_027,11.4643,12.904,13.3401,13.4578,0,healthy,0.0,50.0,11.216,0
SN_008124,LOT_027,,14.0244,14.3437,14.2741,0,healthy,0.0,50.0,11.216,0
SN_008125,LOT_027,10.8118,11.4373,11.8364,12.0736,0,healthy,0.0,50.0,11.216,0
SN_008126,LOT_027,10.8593,11.2726,11.3261,11.4352,0,healthy,0.0,50.0,11.216,0
SN_008127,LOT_027,13.6266,14.872,15.3587,15.4362,0,healthy,0.0,50.0,11.216,0
SN_008128,LOT_027,10.6895,11.2503,11.7319,11.5904,0,healthy,0.0,50.0,11.216,0
SN_008129,LOT_027,12.0061,13.1974,13.7045,13.7881,0,healthy,0.0,50.0,11.216,0
SN_008130,LOT_027,13.4248,14.7067,15.2497,15.2671,0,healthy,0.0,50.0,11.216,0
SN_008131,LOT_027,12.7354,13.2168,13.5587,13.6408,0,healthy,0.0,50.0,11.216,0
SN_008132,LOT_027,8.2928,9.0499,9.4811,9.6877,0,healthy,0.0,50.0,11.216,0
SN_008133,LOT_027,11.6628,12.6913,13.1459,13.5927,0,healthy,0.0,50.0,11.216,0
SN_008134,LOT_027,13.4159,13.9476,14.355,14.5635,0,healthy,0.0,50.0,11.216,0
SN_008135,LOT_027,12.0637,12.5433,12.8323,12.9754,0,healthy,0.0,50.0,11.216,0
SN_008136,LOT_027,11.1064,11.9937,12.6675,12.9312,0,healthy,0.0,50.0,11.216,0
SN_008137,LOT_027,12.9443,13.7428,13.9112,14.0587,0,healthy,0.0,50.0,11.216,0
SN_008138,LOT_027,13.0983,13.7292,13.8991,14.1713,0,healthy,0.0,50.0,11.216,0
SN_008139,LOT_027,11.3982,12.0006,12.1578,12.2455,0,healthy,0.0,50.0,11.216,0
SN_008140,LOT_027,11.4763,12.0406,12.133,12.2535,0,healthy,0.0,50.0,11.216,0
SN_008141,LOT_027,10.5311,11.3928,11.5643,11.6763,0,healthy,0.0,50.0,11.216,0
SN_008142,LOT_027,8.9483,9.3453,9.6045,9.4806,0,healthy,0.0,50.0,11.216,0
SN_008143,LOT_027,11.214,12.0649,12.7192,12.9346,0,healthy,0.0,50.0,11.216,0
SN_008144,LOT_027,12.2908,12.8684,12.989,13.3098,0,healthy,0.0,50.0,11.216,0
SN_008145,LOT_027,10.5683,11.173,11.6383,11.6657,0,healthy,0.0,50.0,11.216,0
SN_008146,LOT_027,10.7419,11.836,12.2275,12.2211,0,healthy,0.0,50.0,11.216,0
SN_008147,LOT_027,9.5075,10.1267,10.3426,10.4464,0,healthy,0.0,50.0,11.216,0
SN_008148,LOT_027,10.8396,12.0173,12.4057,12.4962,0,healthy,0.0,50.0,11.216,0
SN_008149,LOT_027,10.3922,11.3119,11.7458,11.7812,0,healthy,0.0,50.0,11.216,0
SN_008150,LOT_027,12.5646,13.3562,13.6919,13.7487,0,healthy,0.0,50.0,11.216,0
SN_008151,LOT_027,9.9879,11.2044,11.6881,11.8285,0,healthy,0.0,50.0,11.216,0
SN_008152,LOT_027,10.4776,11.3801,11.7233,11.9447,0,healthy,0.0,50.0,11.216,0
SN_008153,LOT_027,10.5279,11.115,11.3722,11.5409,0,healthy,0.0,50.0,11.216,0
SN_008154,LOT_027,10.2408,11.5541,11.6999,11.8536,0,healthy,0.0,50.0,11.216,0
SN_008155,LOT_027,12.0721,13.6208,14.128,14.6653,0,healthy,0.0,50.0,11.216,0
SN_008156,LOT_027,12.7756,13.8885,14.9427,15.0874,0,healthy,0.0,50.0,11.216,0
SN_008157,LOT_027,12.9503,13.4303,13.5425,13.5232,0,healthy,0.0,50.0,11.216,0
SN_008158,LOT_027,14.4209,16.0292,16.8523,17.1833,0,healthy,0.0,50.0,11.216,0
SN_008159,LOT_027,10.4003,,11.1172,11.2163,0,healthy,0.0,50.0,11.216,0
SN_008160,LOT_027,14.0443,15.3481,15.6981,16.0026,0,healthy,0.0,50.0,11.216,0
SN_008161,LOT_027,10.2018,10.7352,11.2574,11.1988,0,healthy,0.0,50.0,11.216,0
SN_008162,LOT_027,10.7966,,12.352,12.7505,0,healthy,0.0,50.0,11.216,0
SN_008163,LOT_027,11.7682,12.1743,12.3369,12.4187,0,healthy,0.0,50.0,11.216,0
SN_008164,LOT_027,9.8739,10.5257,10.3846,10.6127,0,healthy,0.0,50.0,11.216,0
SN_008165,LOT_027,11.2164,12.779,13.2311,13.4155,0,healthy,0.0,50.0,11.216,0
SN_008166,LOT_027,10.9407,11.7901,12.1535,12.2026,0,healthy,0.0,50.0,11.216,0
SN_008167,LOT_027,11.1081,11.6477,12.0874,12.1615,0,healthy,0.0,50.0,11.216,0
SN_008168,LOT_027,42.0634,44.1368,49.1387,54.646,1,subtle_in_spec,0.5001,50.0,11.216,0
SN_008169,LOT_027,12.2892,13.049,13.1198,13.3662,0,healthy,0.0,50.0,11.216,0
SN_008170,LOT_027,10.6237,11.5185,11.665,11.7002,0,healthy,0.0,50.0,11.216,0
SN_008171,LOT_027,10.649,11.6011,12.1066,12.3782,0,healthy,0.0,50.0,11.216,0
SN_008172,LOT_027,11.9335,12.9612,13.3592,13.5308,0,healthy,0.0,50.0,11.216,0
SN_008173,LOT_027,13.6859,14.5937,14.5773,14.8842,0,healthy,0.0,50.0,11.216,0
SN_008174,LOT_027,11.728,12.6069,12.9255,13.2493,0,healthy,0.0,50.0,11.216,0
SN_008175,LOT_027,11.4715,12.3466,12.618,12.9524,0,healthy,0.0,50.0,11.216,0
SN_008176,LOT_027,9.7306,10.4701,10.7127,10.9198,0,healthy,0.0,50.0,11.216,0
SN_008177,LOT_027,11.6347,12.1481,12.3941,12.4872,0,healthy,0.0,50.0,11.216,0
SN_008178,LOT_027,9.6782,10.7201,11.1337,11.4181,0,healthy,0.0,50.0,11.216,0
SN_008179,LOT_027,10.8435,11.7369,12.2369,12.3601,0,healthy,0.0,50.0,11.216,0
SN_008180,LOT_027,11.9889,12.9826,13.473,13.7706,0,healthy,0.0,50.0,11.216,0
SN_008181,LOT_027,11.5117,12.714,13.0149,13.3429,0,healthy,0.0,50.0,11.216,0
SN_008182,LOT_027,12.6461,13.1411,13.2315,13.2853,0,healthy,0.0,50.0,11.216,0
SN_008183,LOT_027,10.0271,11.1079,11.4384,11.7045,0,healthy,0.0,50.0,11.216,0
SN_008184,LOT_027,9.7909,11.0125,11.0094,11.0943,0,healthy,0.0,50.0,11.216,0
SN_008185,LOT_027,12.4826,13.5309,13.7732,13.8555,0,healthy,0.0,50.0,11.216,0
SN_008186,LOT_027,10.649,11.0798,11.259,11.3478,0,healthy,0.0,50.0,11.216,0
SN_008187,LOT_027,11.2957,11.9662,12.149,12.3373,0,healthy,0.0,50.0,11.216,0
SN_008188,LOT_027,8.8607,9.5494,9.8874,10.1459,0,healthy,0.0,50.0,11.216,0
SN_008189,LOT_027,37.1266,,41.2153,44.5884,1,esd_oxide,0.4051,50.0,11.216,0
SN_008190,LOT_027,10.7412,12.0492,12.4547,12.449,0,healthy,0.0,50.0,11.216,0
SN_008191,LOT_027,10.2074,11.5487,12.0155,12.3607,0,healthy,0.0,50.0,11.216,0
SN_008192,LOT_027,10.2113,11.3826,11.4614,11.7365,0,healthy,0.0,50.0,11.216,0
SN_008193,LOT_027,10.9668,12.0075,12.4638,12.909,0,healthy,0.0,50.0,11.216,0
SN_008194,LOT_027,9.7748,10.6862,11.0891,11.13,0,healthy,0.0,50.0,11.216,0
SN_008195,LOT_027,11.6238,12.5237,12.6626,12.8654,0,healthy,0.0,50.0,11.216,0
SN_008196,LOT_027,11.2966,11.9595,12.1348,12.254,0,healthy,0.0,50.0,11.216,0
SN_008197,LOT_027,9.9141,10.6506,10.7522,11.0039,0,healthy,0.0,50.0,11.216,0
SN_008198,LOT_027,10.2001,10.5397,10.7823,10.9847,0,healthy,0.0,50.0,11.216,0
SN_008199,LOT_027,12.0903,12.665,12.8641,13.2428,0,healthy,0.0,50.0,11.216,0
SN_008200,LOT_027,,12.7456,13.1584,13.201,0,healthy,0.0,50.0,11.216,0
SN_008201,LOT_027,10.5779,11.7947,12.3405,12.4731,0,healthy,0.0,50.0,11.216,0
SN_008202,LOT_027,12.9221,13.7793,14.1733,14.2558,0,healthy,0.0,50.0,11.216,0
SN_008203,LOT_027,11.7012,12.8945,13.4463,13.8882,0,healthy,0.0,50.0,11.216,0
SN_008204,LOT_027,11.2025,12.273,12.7827,12.8642,0,healthy,0.0,50.0,11.216,0
SN_008205,LOT_027,9.3577,,10.7639,10.9374,0,healthy,0.0,50.0,11.216,0
SN_008206,LOT_027,9.9377,10.9253,11.1823,11.3098,0,healthy,0.0,50.0,11.216,0
SN_008207,LOT_027,11.8851,13.0851,13.8568,13.9317,0,healthy,0.0,50.0,11.216,0
SN_008208,LOT_027,8.7687,9.7989,10.059,10.2709,0,healthy,0.0,50.0,11.216,0
SN_008209,LOT_027,12.3158,13.1956,13.5547,13.9392,0,healthy,0.0,50.0,11.216,0
SN_008210,LOT_027,,12.9464,13.4528,13.5766,0,healthy,0.0,50.0,11.216,0
SN_008211,LOT_027,12.4685,13.013,13.3089,13.4024,0,healthy,0.0,50.0,11.216,0
SN_008212,LOT_027,8.7971,9.2972,9.4431,9.6398,0,healthy,0.0,50.0,11.216,0
SN_008213,LOT_027,10.9839,,12.7808,12.6906,0,healthy,0.0,50.0,11.216,0
SN_008214,LOT_027,13.3598,14.6334,15.2971,15.8059,0,healthy,0.0,50.0,11.216,0
SN_008215,LOT_027,11.3765,12.5692,12.8653,13.1721,0,healthy,0.0,50.0,11.216,0
SN_008216,LOT_027,10.1627,11.1685,11.5053,11.6668,0,healthy,0.0,50.0,11.216,0
SN_008217,LOT_027,11.6211,12.8806,13.4046,13.7383,0,healthy,0.0,50.0,11.216,0
SN_008218,LOT_027,11.5302,12.5952,12.8836,12.879,0,healthy,0.0,50.0,11.216,0
SN_008219,LOT_027,12.4964,13.6956,13.9095,14.1387,0,healthy,0.0,50.0,11.216,0
SN_008220,LOT_027,12.9375,14.4248,14.8791,15.0547,0,healthy,0.0,50.0,11.216,0
SN_008221,LOT_027,10.9091,12.2246,12.7696,13.0513,0,healthy,0.0,50.0,11.216,0
SN_008222,LOT_027,11.5982,12.6645,13.1987,13.362,0,healthy,0.0,50.0,11.216,0
SN_008223,LOT_027,12.3273,13.2833,13.8204,14.0225,0,healthy,0.0,50.0,11.216,0
SN_008224,LOT_027,12.8504,13.7306,14.4001,14.4546,0,healthy,0.0,50.0,11.216,0
SN_008225,LOT_027,11.2616,12.3031,12.6177,12.866,0,healthy,0.0,50.0,11.216,0
SN_008226,LOT_027,12.063,13.1577,13.4652,13.5601,0,healthy,0.0,50.0,11.216,0
SN_008227,LOT_027,11.5925,12.1732,12.3774,12.5881,0,healthy,0.0,50.0,11.216,0
SN_008228,LOT_027,11.4747,12.7075,13.4519,13.6273,0,healthy,0.0,50.0,11.216,0
SN_008229,LOT_027,8.007,8.4902,8.6379,8.8329,0,healthy,0.0,50.0,11.216,0
SN_008230,LOT_027,13.1772,14.1696,14.9413,15.1565,0,healthy,0.0,50.0,11.216,0
SN_008231,LOT_027,12.8677,14.252,14.8079,15.0904,0,healthy,0.0,50.0,11.216,0
SN_008232,LOT_028,7.72,8.4788,8.7903,8.9329,0,healthy,0.0,50.0,8.5298,0
SN_008233,LOT_028,7.7557,8.4603,8.6999,8.6778,0,healthy,0.0,50.0,8.5298,0
SN_008234,LOT_028,9.7306,10.2878,10.5617,10.4042,0,healthy,0.0,50.0,8.5298,0
SN_008235,LOT_028,7.7581,8.101,8.2871,8.3982,0,healthy,0.0,50.0,8.5298,0
SN_008236,LOT_028,7.4581,7.8984,7.9903,8.1871,0,healthy,0.0,50.0,8.5298,0
SN_008237,LOT_028,7.4081,8.0062,8.3381,8.1792,0,healthy,0.0,50.0,8.5298,0
SN_008238,LOT_028,9.4299,10.4255,10.6798,10.6225,0,healthy,0.0,50.0,8.5298,0
SN_008239,LOT_028,7.8769,8.3798,8.6042,8.7555,0,healthy,0.0,50.0,8.5298,0
SN_008240,LOT_028,9.6807,10.3231,10.914,10.959,0,healthy,0.0,50.0,8.5298,0
SN_008241,LOT_028,8.6442,9.3304,9.4865,9.7203,0,healthy,0.0,50.0,8.5298,0
SN_008242,LOT_028,8.4932,,8.9688,9.1247,0,healthy,0.0,50.0,8.5298,0
SN_008243,LOT_028,8.766,8.9742,9.2896,9.3341,0,healthy,0.0,50.0,8.5298,0
SN_008244,LOT_028,8.1594,9.0764,9.4486,9.5357,0,healthy,0.0,50.0,8.5298,0
SN_008245,LOT_028,7.9347,8.5568,8.8584,9.067,0,healthy,0.0,50.0,8.5298,0
SN_008246,LOT_028,8.2561,8.4505,8.7794,8.9038,0,healthy,0.0,50.0,8.5298,0
SN_008247,LOT_028,7.7662,,8.7284,8.9477,0,healthy,0.0,50.0,8.5298,0
SN_008248,LOT_028,9.0748,9.7504,10.0621,10.2901,0,healthy,0.0,50.0,8.5298,0
SN_008249,LOT_028,8.9871,9.3457,9.4984,9.5489,0,healthy,0.0,50.0,8.5298,0
SN_008250,LOT_028,7.8366,8.6936,8.831,8.8734,0,healthy,0.0,50.0,8.5298,0
SN_008251,LOT_028,9.9142,10.9815,11.3776,11.5046,0,healthy,0.0,50.0,8.5298,0
SN_008252,LOT_028,7.72,8.7189,8.9064,9.1106,0,healthy,0.0,50.0,8.5298,0
SN_008253,LOT_028,7.621,8.2992,8.4179,8.5506,0,healthy,0.0,50.0,8.5298,0
SN_008254,LOT_028,9.5713,10.2595,10.2688,10.4519,0,healthy,0.0,50.0,8.5298,0
SN_008255,LOT_028,9.349,9.7695,10.0144,9.9296,0,healthy,0.0,50.0,8.5298,0
SN_008256,LOT_028,8.6601,9.4387,9.707,9.8211,0,healthy,0.0,50.0,8.5298,0
SN_008257,LOT_028,7.3656,7.8197,8.0982,8.029,0,healthy,0.0,50.0,8.5298,0
SN_008258,LOT_028,8.6918,9.8166,10.2502,10.3532,0,healthy,0.0,50.0,8.5298,0
SN_008259,LOT_028,7.8052,8.8256,9.127,9.251,0,healthy,0.0,50.0,8.5298,0
SN_008260,LOT_028,8.2471,8.7827,9.0503,9.0996,0,healthy,0.0,50.0,8.5298,0
SN_008261,LOT_028,9.5487,10.4185,10.6043,10.9143,0,healthy,0.0,50.0,8.5298,0
SN_008262,LOT_028,8.7539,9.1535,9.4651,9.6238,0,healthy,0.0,50.0,8.5298,0
SN_008263,LOT_028,8.5659,9.1529,9.2703,9.3692,0,healthy,0.0,50.0,8.5298,0
SN_008264,LOT_028,10.5826,11.7596,12.4264,12.5499,0,healthy,0.0,50.0,8.5298,0
SN_008265,LOT_028,7.2425,8.0003,8.4207,8.5967,0,healthy,0.0,50.0,8.5298,0
SN_008266,LOT_028,11.1232,12.8163,13.1672,13.3665,0,healthy,0.0,50.0,8.5298,0
SN_008267,LOT_028,9.156,9.5512,9.7703,9.8957,0,healthy,0.0,50.0,8.5298,0
SN_008268,LOT_028,7.7079,7.8625,8.0723,8.1588,0,healthy,0.0,50.0,8.5298,0
SN_008269,LOT_028,8.3479,8.9736,9.0323,9.1393,0,healthy,0.0,50.0,8.5298,0
SN_008270,LOT_028,9.5292,10.0504,10.1673,10.3312,0,healthy,0.0,50.0,8.5298,0
SN_008271,LOT_028,8.7583,9.3459,9.6095,9.7795,0,healthy,0.0,50.0,8.5298,0
SN_008272,LOT_028,8.5534,9.4539,9.8649,10.0708,0,healthy,0.0,50.0,8.5298,0
SN_008273,LOT_028,10.019,10.359,10.5899,10.669,0,healthy,0.0,50.0,8.5298,0
SN_008274,LOT_028,8.6245,9.293,9.479,9.6022,0,healthy,0.0,50.0,8.5298,0
SN_008275,LOT_028,8.9695,9.4629,9.6353,9.6255,0,healthy,0.0,50.0,8.5298,0
SN_008276,LOT_028,7.9787,8.8358,9.4374,9.3578,0,healthy,0.0,50.0,8.5298,0
SN_008277,LOT_028,8.3432,9.2734,9.6035,9.9083,0,healthy,0.0,50.0,8.5298,0
SN_008278,LOT_028,9.8946,11.1227,11.3807,11.4632,0,healthy,0.0,50.0,8.5298,0
SN_008279,LOT_028,21.8577,22.6228,24.5568,26.1723,1,esd_oxide,0.0313,50.0,8.5298,0
SN_008280,LOT_028,7.903,8.555,8.7107,8.8999,0,healthy,0.0,50.0,8.5298,0
SN_008281,LOT_028,9.2994,9.7807,9.9904,10.1823,0,healthy,0.0,50.0,8.5298,0
SN_008282,LOT_028,9.2847,9.9147,10.1229,10.2559,0,healthy,0.0,50.0,8.5298,0
SN_008283,LOT_028,7.8117,8.6413,9.087,9.167,0,healthy,0.0,50.0,8.5298,0
SN_008284,LOT_028,8.0486,8.8983,9.3121,9.4322,0,healthy,0.0,50.0,8.5298,0
SN_008285,LOT_028,8.1192,8.8079,9.2195,9.3682,0,healthy,0.0,50.0,8.5298,0
SN_008286,LOT_028,8.2742,8.9762,9.2642,9.4412,0,healthy,0.0,50.0,8.5298,0
SN_008287,LOT_028,8.9101,9.8934,10.2731,10.5288,0,healthy,0.0,50.0,8.5298,0
SN_008288,LOT_028,8.1255,9.0291,9.2013,9.3779,0,healthy,0.0,50.0,8.5298,0
SN_008289,LOT_028,6.8015,7.7022,7.8519,7.9712,0,healthy,0.0,50.0,8.5298,0
SN_008290,LOT_028,7.8299,8.7666,9.1018,9.1944,0,healthy,0.0,50.0,8.5298,0
SN_008291,LOT_028,7.4097,8.3,8.612,8.7433,0,healthy,0.0,50.0,8.5298,0
SN_008292,LOT_028,7.8474,8.3629,8.6138,8.5276,0,healthy,0.0,50.0,8.5298,0
SN_008293,LOT_028,7.9181,8.6754,8.9938,9.3212,0,healthy,0.0,50.0,8.5298,0
SN_008294,LOT_028,8.4465,9.3571,9.5448,9.8524,0,healthy,0.0,50.0,8.5298,0
SN_008295,LOT_028,7.4994,8.127,8.3037,8.4942,0,healthy,0.0,50.0,8.5298,0
SN_008296,LOT_028,7.4825,8.2721,8.643,8.6261,0,healthy,0.0,50.0,8.5298,0
SN_008297,LOT_028,9.1177,9.5927,9.868,9.8858,0,healthy,0.0,50.0,8.5298,0
SN_008298,LOT_028,9.9389,11.1049,11.6207,11.8047,0,healthy,0.0,50.0,8.5298,0
SN_008299,LOT_028,7.4247,7.9104,8.0788,8.1995,0,healthy,0.0,50.0,8.5298,0
SN_008300,LOT_028,,8.951,9.2672,9.3163,0,healthy,0.0,50.0,8.5298,0
SN_008301,LOT_028,8.0269,8.9658,9.3629,9.382,0,healthy,0.0,50.0,8.5298,0
SN_008302,LOT_028,8.8992,,9.6854,9.841,0,healthy,0.0,50.0,8.5298,0
SN_008303,LOT_028,8.1267,8.8613,9.1251,9.4053,0,healthy,0.0,50.0,8.5298,0
SN_008304,LOT_028,9.3292,10.2328,10.6189,10.7526,0,healthy,0.0,50.0,8.5298,0
SN_008305,LOT_028,8.0211,8.82,9.0855,9.1702,0,healthy,0.0,50.0,8.5298,0
SN_008306,LOT_028,9.2063,9.747,9.8991,10.0624,0,healthy,0.0,50.0,8.5298,0
SN_008307,LOT_028,7.0362,7.5684,7.612,7.8484,0,healthy,0.0,50.0,8.5298,0
SN_008308,LOT_028,9.5197,10.0773,10.4545,10.4144,0,healthy,0.0,50.0,8.5298,0
SN_008309,LOT_028,7.1706,8.1557,8.3697,8.3923,0,healthy,0.0,50.0,8.5298,0
SN_008310,LOT_028,8.2516,8.5633,8.7128,8.8231,0,healthy,0.0,50.0,8.5298,0
SN_008311,LOT_028,9.3221,10.4343,10.7132,10.9953,0,healthy,0.0,50.0,8.5298,0
SN_008312,LOT_028,8.0943,8.8102,8.8888,9.0116,0,healthy,0.0,50.0,8.5298,0
SN_008313,LOT_028,8.6562,9.3047,9.5323,9.6532,0,healthy,0.0,50.0,8.5298,0
SN_008314,LOT_028,7.3808,7.9465,8.0508,8.0899,0,healthy,0.0,50.0,8.5298,0
SN_008315,LOT_028,7.9936,8.5673,8.7066,8.7918,0,healthy,0.0,50.0,8.5298,0
SN_008316,LOT_028,11.3684,12.2952,12.7401,12.6658,0,healthy,0.0,50.0,8.5298,0
SN_008317,LOT_028,8.2856,8.4974,8.5892,8.676,0,healthy,0.0,50.0,8.5298,0
SN_008318,LOT_028,7.7839,8.814,9.2401,9.3755,0,healthy,0.0,50.0,8.5298,0
SN_008319,LOT_028,8.144,8.809,9.0475,9.1346,0,healthy,0.0,50.0,8.5298,0
SN_008320,LOT_028,7.5307,7.8945,8.3198,8.3257,0,healthy,0.0,50.0,8.5298,0
SN_008321,LOT_028,7.7345,8.4202,8.8284,9.0694,0,healthy,0.0,50.0,8.5298,0
SN_008322,LOT_028,8.2777,8.9029,9.2144,9.3258,0,healthy,0.0,50.0,8.5298,0
SN_008323,LOT_028,7.7433,8.4005,8.7172,8.8189,0,healthy,0.0,50.0,8.5298,0
SN_008324,LOT_028,7.7213,8.0942,7.9948,8.1475,0,healthy,0.0,50.0,8.5298,0
SN_008325,LOT_028,7.525,8.5194,8.7911,8.7886,0,healthy,0.0,50.0,8.5298,0
SN_008326,LOT_028,8.1269,8.702,9.0416,9.1672,0,healthy,0.0,50.0,8.5298,0
SN_008327,LOT_028,8.1772,9.1018,9.6307,9.6643,0,healthy,0.0,50.0,8.5298,0
SN_008328,LOT_028,10.289,11.21,11.4819,11.8469,0,healthy,0.0,50.0,8.5298,0
SN_008329,LOT_028,7.8738,8.8024,8.9787,9.4938,0,healthy,0.0,50.0,8.5298,0
SN_008330,LOT_028,8.0016,8.4901,8.6614,8.6346,0,healthy,0.0,50.0,8.5298,0
SN_008331,LOT_028,8.2009,9.0625,9.296,9.5159,0,healthy,0.0,50.0,8.5298,0
SN_008332,LOT_028,7.7072,8.6299,9.1883,9.3249,0,healthy,0.0,50.0,8.5298,0
SN_008333,LOT_028,,10.8926,11.2331,11.3347,0,healthy,0.0,50.0,8.5298,0
SN_008334,LOT_028,9.5753,10.6512,10.8958,10.8718,0,healthy,0.0,50.0,8.5298,0
SN_008335,LOT_028,9.4571,10.2507,10.688,10.6805,0,healthy,0.0,50.0,8.5298,0
SN_008336,LOT_028,9.246,14.2478,17.7995,20.0151,1,nbti_ageing,0.6397,50.0,8.5298,0
SN_008337,LOT_028,7.9269,9.0984,9.3878,9.4693,0,healthy,0.0,50.0,8.5298,0
SN_008338,LOT_028,7.8018,8.6209,8.7211,8.8279,0,healthy,0.0,50.0,8.5298,0
SN_008339,LOT_028,8.4115,8.9289,9.1033,9.34,0,healthy,0.0,50.0,8.5298,0
SN_008340,LOT_028,9.1031,9.8287,10.0866,10.1535,0,healthy,0.0,50.0,8.5298,0
SN_008341,LOT_028,8.0748,8.5939,8.837,8.9911,0,healthy,0.0,50.0,8.5298,0
SN_008342,LOT_028,8.9545,9.8902,10.3827,10.6067,0,healthy,0.0,50.0,8.5298,0
SN_008343,LOT_028,9.6787,10.1172,10.2279,10.3885,0,healthy,0.0,50.0,8.5298,0
SN_008344,LOT_028,9.1591,10.4353,10.6349,10.8631,0,healthy,0.0,50.0,8.5298,0
SN_008345,LOT_028,,7.8695,8.1281,8.1136,0,healthy,0.0,50.0,8.5298,0
SN_008346,LOT_028,8.0298,11.1955,11.3001,11.5835,1,mobile_ion,0.0379,50.0,8.5298,0
SN_008347,LOT_028,8.1482,8.7537,9.0462,9.1073,0,healthy,0.0,50.0,8.5298,0
SN_008348,LOT_028,8.1025,8.5221,8.5528,8.568,0,healthy,0.0,50.0,8.5298,0
SN_008349,LOT_028,7.8197,8.2069,8.3839,8.4032,0,healthy,0.0,50.0,8.5298,0
SN_008350,LOT_028,7.5649,7.875,7.8804,7.966,0,healthy,0.0,50.0,8.5298,0
SN_008351,LOT_028,9.4053,9.7106,9.859,9.8077,0,healthy,0.0,50.0,8.5298,0
SN_008352,LOT_028,8.237,9.1928,9.6382,9.9008,0,healthy,0.0,50.0,8.5298,0
SN_008353,LOT_028,9.8614,10.4105,10.5015,10.5382,0,healthy,0.0,50.0,8.5298,0
SN_008354,LOT_028,10.4978,10.9613,11.2314,11.5332,0,healthy,0.0,50.0,8.5298,0
SN_008355,LOT_028,8.7231,9.7568,9.9481,10.0137,0,healthy,0.0,50.0,8.5298,0
SN_008356,LOT_028,8.7026,9.2763,9.4823,9.3835,0,healthy,0.0,50.0,8.5298,0
SN_008357,LOT_028,8.8901,9.9805,10.2842,10.2945,0,healthy,0.0,50.0,8.5298,0
SN_008358,LOT_028,10.5895,11.2321,11.5421,11.8078,0,healthy,0.0,50.0,8.5298,0
SN_008359,LOT_028,9.1308,9.7366,9.9515,10.2266,0,healthy,0.0,50.0,8.5298,0
SN_008360,LOT_028,8.1999,8.8695,9.0121,9.2302,0,healthy,0.0,50.0,8.5298,0
SN_008361,LOT_028,7.0667,7.4351,7.419,7.5422,0,healthy,0.0,50.0,8.5298,0
SN_008362,LOT_028,9.2256,9.9482,10.4055,10.3685,0,healthy,0.0,50.0,8.5298,0
SN_008363,LOT_028,8.6086,9.5124,9.9056,9.9786,0,healthy,0.0,50.0,8.5298,0
SN_008364,LOT_028,8.2069,9.3139,9.478,9.5978,0,healthy,0.0,50.0,8.5298,0
SN_008365,LOT_028,8.9143,9.5022,9.8098,9.9445,0,healthy,0.0,50.0,8.5298,0
SN_008366,LOT_028,8.6608,9.097,8.9838,9.2228,0,healthy,0.0,50.0,8.5298,0
SN_008367,LOT_028,8.9343,9.6071,9.7496,9.7783,0,healthy,0.0,50.0,8.5298,0
SN_008368,LOT_028,9.5724,10.5536,10.7394,10.6932,0,healthy,0.0,50.0,8.5298,0
SN_008369,LOT_028,6.8731,7.2974,7.4588,7.6579,0,healthy,0.0,50.0,8.5298,0
SN_008370,LOT_028,6.3682,7.1016,7.3022,7.418,0,healthy,0.0,50.0,8.5298,0
SN_008371,LOT_028,9.258,9.859,10.3602,10.4295,0,healthy,0.0,50.0,8.5298,0
SN_008372,LOT_028,8.814,9.3704,9.3956,9.4172,0,healthy,0.0,50.0,8.5298,0
SN_008373,LOT_028,8.3422,,8.9622,9.1575,0,healthy,0.0,50.0,8.5298,0
SN_008374,LOT_028,7.9766,8.5174,8.6853,8.8777,0,healthy,0.0,50.0,8.5298,0
SN_008375,LOT_028,,10.2508,10.602,10.7418,0,healthy,0.0,50.0,8.5298,0
SN_008376,LOT_028,8.4432,9.1137,9.297,9.485,0,healthy,0.0,50.0,8.5298,0
SN_008377,LOT_028,7.9344,8.2211,8.278,8.3485,0,healthy,0.0,50.0,8.5298,0
SN_008378,LOT_028,9.0934,10.0949,10.5489,10.8508,0,healthy,0.0,50.0,8.5298,0
SN_008379,LOT_028,9.0019,9.9134,10.4708,10.6332,0,healthy,0.0,50.0,8.5298,0
SN_008380,LOT_028,8.6362,8.9873,9.0974,9.4132,0,healthy,0.0,50.0,8.5298,0
SN_008381,LOT_028,8.7152,9.6356,9.8409,9.8322,0,healthy,0.0,50.0,8.5298,0
SN_008382,LOT_028,8.5282,9.1234,9.4109,9.6725,0,healthy,0.0,50.0,8.5298,0
SN_008383,LOT_028,7.7766,8.2851,8.3223,8.415,0,healthy,0.0,50.0,8.5298,0
SN_008384,LOT_028,9.4745,10.5116,10.9456,10.9754,0,healthy,0.0,50.0,8.5298,0
SN_008385,LOT_028,10.5211,11.068,11.2943,11.5919,0,healthy,0.0,50.0,8.5298,0
SN_008386,LOT_028,,8.3356,8.3813,8.5957,0,healthy,0.0,50.0,8.5298,0
SN_008387,LOT_028,32.6701,33.8537,37.6855,40.4069,1,esd_oxide,0.6651,50.0,8.5298,0
SN_008388,LOT_028,6.7003,6.9668,6.9525,6.9998,0,healthy,0.0,50.0,8.5298,0
SN_008389,LOT_028,7.163,7.9034,8.2365,8.3707,0,healthy,0.0,50.0,8.5298,0
SN_008390,LOT_028,8.2521,8.5176,8.891,8.9151,0,healthy,0.0,50.0,8.5298,0
SN_008391,LOT_028,8.6426,9.1342,9.0911,9.3233,0,healthy,0.0,50.0,8.5298,0
SN_008392,LOT_028,8.0199,8.608,9.0042,9.1335,0,healthy,0.0,50.0,8.5298,0
SN_008393,LOT_028,8.5555,9.5047,9.8067,10.0823,0,healthy,0.0,50.0,8.5298,0
SN_008394,LOT_028,7.6467,8.0033,8.0282,8.1471,0,healthy,0.0,50.0,8.5298,0
SN_008395,LOT_028,8.8888,9.3569,9.4221,9.3652,0,healthy,0.0,50.0,8.5298,0
SN_008396,LOT_028,9.2072,10.3722,10.792,10.8335,0,healthy,0.0,50.0,8.5298,0
SN_008397,LOT_028,9.6514,10.3467,10.545,10.7326,0,healthy,0.0,50.0,8.5298,0
SN_008398,LOT_028,8.0687,8.4977,8.5094,8.6834,0,healthy,0.0,50.0,8.5298,0
SN_008399,LOT_028,,8.4699,8.7127,8.7034,0,healthy,0.0,50.0,8.5298,0
SN_008400,LOT_028,8.0653,8.5108,8.701,8.7027,0,healthy,0.0,50.0,8.5298,0
SN_008401,LOT_028,7.4751,7.6753,7.7563,7.8281,0,healthy,0.0,50.0,8.5298,0
SN_008402,LOT_028,7.725,8.4384,8.7481,8.9283,0,healthy,0.0,50.0,8.5298,0
SN_008403,LOT_028,7.536,7.9763,8.0728,8.174,0,healthy,0.0,50.0,8.5298,0
SN_008404,LOT_028,10.5794,11.4104,11.8,11.909,0,healthy,0.0,50.0,8.5298,0
SN_008405,LOT_028,9.0449,9.6221,9.5946,9.9377,0,healthy,0.0,50.0,8.5298,0
SN_008406,LOT_028,7.4701,7.803,7.9407,8.0463,0,healthy,0.0,50.0,8.5298,0
SN_008407,LOT_028,7.8905,8.2259,8.3747,8.4845,0,healthy,0.0,50.0,8.5298,0
SN_008408,LOT_028,7.7151,8.1481,8.176,8.4155,0,healthy,0.0,50.0,8.5298,0
SN_008409,LOT_028,9.4698,10.3757,10.7035,11.0322,0,healthy,0.0,50.0,8.5298,0
SN_008410,LOT_028,8.6942,9.055,9.1448,9.1958,0,healthy,0.0,50.0,8.5298,0
SN_008411,LOT_028,8.4525,8.9412,9.2264,9.3791,0,healthy,0.0,50.0,8.5298,0
SN_008412,LOT_028,7.8495,8.9523,9.1404,9.3616,0,healthy,0.0,50.0,8.5298,0
SN_008413,LOT_028,10.5156,11.8223,12.4104,12.413,0,healthy,0.0,50.0,8.5298,0
SN_008414,LOT_028,8.3876,9.136,9.5468,9.5379,0,healthy,0.0,50.0,8.5298,0
SN_008415,LOT_028,7.8893,8.9959,9.0873,9.3518,0,healthy,0.0,50.0,8.5298,0
SN_008416,LOT_028,8.6924,9.2728,9.3823,9.4602,0,healthy,0.0,50.0,8.5298,0
SN_008417,LOT_028,7.7151,8.6897,8.8678,8.9035,0,healthy,0.0,50.0,8.5298,0
SN_008418,LOT_028,8.078,8.4365,8.6376,8.6747,0,healthy,0.0,50.0,8.5298,0
SN_008419,LOT_028,8.7882,9.7616,10.1942,10.2895,0,healthy,0.0,50.0,8.5298,0
SN_008420,LOT_028,8.5545,9.5051,9.9608,9.9577,0,healthy,0.0,50.0,8.5298,0
SN_008421,LOT_028,8.1931,8.7465,8.9337,8.9994,0,healthy,0.0,50.0,8.5298,0
SN_008422,LOT_028,7.544,8.0709,8.1995,8.218,0,healthy,0.0,50.0,8.5298,0
SN_008423,LOT_028,7.9837,8.5584,8.6552,8.9454,0,healthy,0.0,50.0,8.5298,0
SN_008424,LOT_028,9.2787,9.513,9.7405,9.9079,0,healthy,0.0,50.0,8.5298,0
SN_008425,LOT_028,7.1728,,7.9642,8.006,0,healthy,0.0,50.0,8.5298,0
SN_008426,LOT_028,8.2899,8.8139,8.9013,8.8773,0,healthy,0.0,50.0,8.5298,0
SN_008427,LOT_028,9.3306,10.3187,10.7076,10.8426,0,healthy,0.0,50.0,8.5298,0
SN_008428,LOT_028,9.0266,10.2166,10.4904,10.7686,0,healthy,0.0,50.0,8.5298,0
SN_008429,LOT_028,10.1688,10.7617,11.0203,11.1272,0,healthy,0.0,50.0,8.5298,0
SN_008430,LOT_028,10.3953,11.1376,11.5748,11.7123,0,healthy,0.0,50.0,8.5298,0
SN_008431,LOT_028,7.2879,,8.38,8.4713,0,healthy,0.0,50.0,8.5298,0
SN_008432,LOT_028,8.8755,9.8754,10.1543,10.224,0,healthy,0.0,50.0,8.5298,0
SN_008433,LOT_028,8.922,9.1463,9.3875,9.521,0,healthy,0.0,50.0,8.5298,0
SN_008434,LOT_028,7.4547,7.7223,7.9685,8.0456,0,healthy,0.0,50.0,8.5298,0
SN_008435,LOT_028,8.0261,9.1122,9.2338,9.4435,0,healthy,0.0,50.0,8.5298,0
SN_008436,LOT_028,10.1475,10.7837,10.8086,10.9045,0,healthy,0.0,50.0,8.5298,0
SN_008437,LOT_028,7.0577,7.56,7.7371,7.6966,0,healthy,0.0,50.0,8.5298,0
SN_008438,LOT_028,8.6206,9.324,9.4893,9.7822,0,healthy,0.0,50.0,8.5298,0
SN_008439,LOT_028,8.627,9.3158,9.6487,9.751,0,healthy,0.0,50.0,8.5298,0
SN_008440,LOT_028,8.562,9.1101,9.1273,9.3756,0,healthy,0.0,50.0,8.5298,0
SN_008441,LOT_028,8.8878,9.8619,10.3689,10.4308,0,healthy,0.0,50.0,8.5298,0
SN_008442,LOT_028,7.9653,8.6241,8.865,8.8667,0,healthy,0.0,50.0,8.5298,0
SN_008443,LOT_028,8.519,9.2078,9.384,9.433,0,healthy,0.0,50.0,8.5298,0
SN_008444,LOT_028,7.9562,8.5951,8.8569,8.9954,0,healthy,0.0,50.0,8.5298,0
SN_008445,LOT_028,8.488,13.2072,16.9108,19.1653,1,nbti_ageing,0.7128,50.0,8.5298,0
SN_008446,LOT_028,7.4352,7.9405,8.1216,8.1778,0,healthy,0.0,50.0,8.5298,0
SN_008447,LOT_028,8.4361,9.0358,9.625,9.6058,0,healthy,0.0,50.0,8.5298,0
SN_008448,LOT_028,7.8667,8.8438,9.2128,9.3835,0,healthy,0.0,50.0,8.5298,0
SN_008449,LOT_028,8.2262,9.1177,9.5627,9.6489,0,healthy,0.0,50.0,8.5298,0
SN_008450,LOT_028,8.4846,9.0975,9.3409,9.434,0,healthy,0.0,50.0,8.5298,0
SN_008451,LOT_028,7.7622,8.4599,8.5924,8.5923,0,healthy,0.0,50.0,8.5298,0
SN_008452,LOT_028,8.6866,9.0499,9.2099,9.2881,0,healthy,0.0,50.0,8.5298,0
SN_008453,LOT_028,9.8193,10.7779,11.1627,11.3473,0,healthy,0.0,50.0,8.5298,0
SN_008454,LOT_028,9.6421,10.0348,10.2634,10.3822,0,healthy,0.0,50.0,8.5298,0
SN_008455,LOT_028,7.3071,7.7041,7.9046,7.9835,0,healthy,0.0,50.0,8.5298,0
SN_008456,LOT_028,9.3276,10.3336,10.8097,10.8992,0,healthy,0.0,50.0,8.5298,0
SN_008457,LOT_028,8.8993,9.4365,9.801,9.8867,0,healthy,0.0,50.0,8.5298,0
SN_008458,LOT_028,9.0633,9.7313,9.8403,10.0303,0,healthy,0.0,50.0,8.5298,0
SN_008459,LOT_028,7.9366,,8.3791,8.4373,0,healthy,0.0,50.0,8.5298,0
SN_008460,LOT_028,11.1603,11.7661,11.7977,12.0037,0,healthy,0.0,50.0,8.5298,0
SN_008461,LOT_028,10.6499,11.1167,11.4061,11.5731,0,healthy,0.0,50.0,8.5298,0
SN_008462,LOT_029,11.0838,,12.8764,13.1202,0,healthy,0.0,50.0,10.397,0
SN_008463,LOT_029,9.8642,10.7494,11.157,11.132,0,healthy,0.0,50.0,10.397,0
SN_008464,LOT_029,8.2325,9.1772,9.4799,9.5841,0,healthy,0.0,50.0,10.397,0
SN_008465,LOT_029,8.8832,9.1843,9.4531,9.5269,0,healthy,0.0,50.0,10.397,0
SN_008466,LOT_029,,15.2249,15.8754,16.4501,0,healthy,0.0,50.0,10.397,0
SN_008467,LOT_029,10.2365,11.072,11.3907,11.6663,0,healthy,0.0,50.0,10.397,0
SN_008468,LOT_029,11.0125,11.8316,11.9575,12.1708,0,healthy,0.0,50.0,10.397,0
SN_008469,LOT_029,8.8593,9.611,9.6611,9.6643,0,healthy,0.0,50.0,10.397,0
SN_008470,LOT_029,11.9127,12.5772,12.9122,13.1225,0,healthy,0.0,50.0,10.397,0
SN_008471,LOT_029,8.3108,8.5225,8.8511,8.8182,0,healthy,0.0,50.0,10.397,0
SN_008472,LOT_029,11.2082,12.3291,12.7221,12.8782,0,healthy,0.0,50.0,10.397,0
SN_008473,LOT_029,11.796,13.107,13.3423,13.5725,0,healthy,0.0,50.0,10.397,0
SN_008474,LOT_029,8.1017,8.7718,9.0316,9.3185,0,healthy,0.0,50.0,10.397,0
SN_008475,LOT_029,9.4412,10.3304,10.7163,10.5714,0,healthy,0.0,50.0,10.397,0
SN_008476,LOT_029,12.8582,14.6642,14.9099,15.4323,0,healthy,0.0,50.0,10.397,0
SN_008477,LOT_029,10.6405,11.1263,11.391,11.4651,0,healthy,0.0,50.0,10.397,0
SN_008478,LOT_029,11.85,13.3946,13.8605,14.1066,0,healthy,0.0,50.0,10.397,0
SN_008479,LOT_029,11.4557,12.6857,13.2425,13.5793,0,healthy,0.0,50.0,10.397,0
SN_008480,LOT_029,9.6455,10.1608,10.5573,10.529,0,healthy,0.0,50.0,10.397,0
SN_008481,LOT_029,9.0373,9.9195,10.1562,10.2962,0,healthy,0.0,50.0,10.397,0
SN_008482,LOT_029,10.8126,11.9336,12.1508,12.3562,0,healthy,0.0,50.0,10.397,0
SN_008483,LOT_029,9.8282,10.5425,10.857,11.0923,0,healthy,0.0,50.0,10.397,0
SN_008484,LOT_029,11.379,12.0081,12.547,12.6458,0,healthy,0.0,50.0,10.397,0
SN_008485,LOT_029,9.6943,10.5004,10.7077,10.8195,0,healthy,0.0,50.0,10.397,0
SN_008486,LOT_029,11.0752,12.3491,12.8221,12.9712,0,healthy,0.0,50.0,10.397,0
SN_008487,LOT_029,8.6349,9.287,9.4789,9.3736,0,healthy,0.0,50.0,10.397,0
SN_008488,LOT_029,,9.5138,9.8126,9.9546,0,healthy,0.0,50.0,10.397,0
SN_008489,LOT_029,13.009,14.0519,14.5549,14.7928,0,healthy,0.0,50.0,10.397,0
SN_008490,LOT_029,10.1426,10.7886,11.0344,11.1669,0,healthy,0.0,50.0,10.397,0
SN_008491,LOT_029,9.653,10.4645,10.831,10.8917,0,healthy,0.0,50.0,10.397,0
SN_008492,LOT_029,10.7606,11.1467,11.2574,11.2639,0,healthy,0.0,50.0,10.397,0
SN_008493,LOT_029,10.0572,10.5021,10.6955,10.6992,0,healthy,0.0,50.0,10.397,0
SN_008494,LOT_029,8.314,9.0916,9.3616,9.4735,0,healthy,0.0,50.0,10.397,0
SN_008495,LOT_029,11.197,11.5666,11.7587,11.816,0,healthy,0.0,50.0,10.397,0
SN_008496,LOT_029,9.3173,10.0579,10.266,10.3577,0,healthy,0.0,50.0,10.397,0
SN_008497,LOT_029,10.8109,11.447,11.6302,11.8738,0,healthy,0.0,50.0,10.397,0
SN_008498,LOT_029,11.8008,12.9727,12.9057,13.0612,0,healthy,0.0,50.0,10.397,0
SN_008499,LOT_029,,8.0164,8.4463,8.6174,0,healthy,0.0,50.0,10.397,0
SN_008500,LOT_029,9.9956,10.4402,10.4907,10.7526,0,healthy,0.0,50.0,10.397,0
SN_008501,LOT_029,11.8091,13.2141,13.7494,14.0955,0,healthy,0.0,50.0,10.397,0
SN_008502,LOT_029,9.8501,10.3731,10.4908,10.4958,0,healthy,0.0,50.0,10.397,0
SN_008503,LOT_029,9.5412,10.4453,10.7088,11.0591,0,healthy,0.0,50.0,10.397,0
SN_008504,LOT_029,10.2401,10.8123,11.206,11.2753,0,healthy,0.0,50.0,10.397,0
SN_008505,LOT_029,10.0414,10.6409,10.8201,10.7504,0,healthy,0.0,50.0,10.397,0
SN_008506,LOT_029,8.6771,9.3521,9.6211,9.9158,0,healthy,0.0,50.0,10.397,0
SN_008507,LOT_029,11.043,12.2493,12.5954,12.7602,0,healthy,0.0,50.0,10.397,0
SN_008508,LOT_029,12.8866,14.3693,14.9222,15.3652,0,healthy,0.0,50.0,10.397,0
SN_008509,LOT_029,11.4902,12.7296,13.0387,13.2068,0,healthy,0.0,50.0,10.397,0
SN_008510,LOT_029,10.9954,12.1942,12.4577,12.787,0,healthy,0.0,50.0,10.397,0
SN_008511,LOT_029,11.6172,12.1123,12.3307,12.3975,0,healthy,0.0,50.0,10.397,0
SN_008512,LOT_029,13.9624,15.8776,16.2192,16.6485,0,healthy,0.0,50.0,10.397,0
SN_008513,LOT_029,11.8021,12.49,12.6693,12.8451,0,healthy,0.0,50.0,10.397,0
SN_008514,LOT_029,9.5853,10.1047,10.5505,10.5304,0,healthy,0.0,50.0,10.397,0
SN_008515,LOT_029,7.9948,8.8554,9.1997,9.258,0,healthy,0.0,50.0,10.397,0
SN_008516,LOT_029,9.9893,10.3181,10.5426,10.751,0,healthy,0.0,50.0,10.397,0
SN_008517,LOT_029,11.1747,12.2553,12.8571,12.9992,0,healthy,0.0,50.0,10.397,0
SN_008518,LOT_029,11.6336,12.6434,12.8797,13.3094,0,healthy,0.0,50.0,10.397,0
SN_008519,LOT_029,13.393,17.1504,29.0075,40.5261,1,electromigration,0.4915,50.0,10.397,0
SN_008520,LOT_029,14.5386,16.287,17.0957,17.4178,0,healthy,0.0,50.0,10.397,0
SN_008521,LOT_029,7.9463,9.0141,9.1282,9.2904,0,healthy,0.0,50.0,10.397,0
SN_008522,LOT_029,8.6077,9.4045,9.5384,9.6787,0,healthy,0.0,50.0,10.397,0
SN_008523,LOT_029,9.5819,10.4773,10.7732,11.077,0,healthy,0.0,50.0,10.397,0
SN_008524,LOT_029,7.3935,7.9316,8.0146,8.1242,0,healthy,0.0,50.0,10.397,0
SN_008525,LOT_029,10.3293,11.1919,11.5729,11.8045,0,healthy,0.0,50.0,10.397,0
SN_008526,LOT_029,10.333,11.1535,11.5084,11.6142,0,healthy,0.0,50.0,10.397,0
SN_008527,LOT_029,11.2219,11.8008,11.6347,11.8932,0,healthy,0.0,50.0,10.397,0
SN_008528,LOT_029,11.3473,12.2306,12.5515,12.6246,0,healthy,0.0,50.0,10.397,0
SN_008529,LOT_029,12.3458,13.7948,14.0358,14.2445,0,healthy,0.0,50.0,10.397,0
SN_008530,LOT_029,9.2055,10.3104,10.3943,10.534,0,healthy,0.0,50.0,10.397,0
SN_008531,LOT_029,10.5976,,12.1399,12.2075,0,healthy,0.0,50.0,10.397,0
SN_008532,LOT_029,11.9399,13.3212,13.6069,13.9142,0,healthy,0.0,50.0,10.397,0
SN_008533,LOT_029,12.1531,12.488,12.5971,12.8547,0,healthy,0.0,50.0,10.397,0
SN_008534,LOT_029,12.5769,12.9511,13.2437,13.2873,0,healthy,0.0,50.0,10.397,0
SN_008535,LOT_029,10.2079,11.4114,11.7387,11.9498,0,healthy,0.0,50.0,10.397,0
SN_008536,LOT_029,9.4582,10.3415,10.4789,10.7962,0,healthy,0.0,50.0,10.397,0
SN_008537,LOT_029,9.4175,10.1465,10.402,10.4748,0,healthy,0.0,50.0,10.397,0
SN_008538,LOT_029,13.5825,15.284,15.777,16.3093,0,healthy,0.0,50.0,10.397,0
SN_008539,LOT_029,11.0744,11.6156,12.0297,12.2062,0,healthy,0.0,50.0,10.397,0
SN_008540,LOT_029,,15.5131,15.8121,16.0988,0,healthy,0.0,50.0,10.397,0
SN_008541,LOT_029,11.9062,12.5392,13.052,13.4445,0,healthy,0.0,50.0,10.397,0
SN_008542,LOT_029,10.8041,12.0375,12.6659,13.1192,0,healthy,0.0,50.0,10.397,0
SN_008543,LOT_029,7.672,8.5896,8.8784,9.13,0,healthy,0.0,50.0,10.397,0
SN_008544,LOT_029,11.9806,12.68,12.6483,13.0034,0,healthy,0.0,50.0,10.397,0
SN_008545,LOT_029,11.1277,12.7057,13.0915,13.2852,0,healthy,0.0,50.0,10.397,0
SN_008546,LOT_029,9.9446,10.3065,10.4586,10.3705,0,healthy,0.0,50.0,10.397,0
SN_008547,LOT_029,9.9762,11.0956,11.6032,11.7644,0,healthy,0.0,50.0,10.397,0
SN_008548,LOT_029,9.0272,10.1485,10.3293,10.4975,0,healthy,0.0,50.0,10.397,0
SN_008549,LOT_029,9.4806,10.0691,10.3373,10.3713,0,healthy,0.0,50.0,10.397,0
SN_008550,LOT_029,9.6424,10.4644,10.6288,10.6087,0,healthy,0.0,50.0,10.397,0
SN_008551,LOT_029,8.471,8.8486,8.9284,9.1035,0,healthy,0.0,50.0,10.397,0
SN_008552,LOT_029,,,12.4617,12.6421,0,healthy,0.0,50.0,10.397,0
SN_008553,LOT_029,9.8982,16.7578,18.3746,18.3995,1,mobile_ion,0.269,50.0,10.397,0
SN_008554,LOT_029,13.2964,,15.4414,15.8446,0,healthy,0.0,50.0,10.397,0
SN_008555,LOT_029,8.6767,9.5127,9.7344,9.9414,0,healthy,0.0,50.0,10.397,0
SN_008556,LOT_029,13.1592,14.0464,14.3007,14.4922,0,healthy,0.0,50.0,10.397,0
SN_008557,LOT_029,,,10.0024,10.1074,0,healthy,0.0,50.0,10.397,0
SN_008558,LOT_029,9.3314,9.75,9.9592,9.9444,0,healthy,0.0,50.0,10.397,0
SN_008559,LOT_029,9.8996,10.5639,10.6522,10.745,0,healthy,0.0,50.0,10.397,0
SN_008560,LOT_029,9.094,10.0389,10.3225,10.5789,0,healthy,0.0,50.0,10.397,0
SN_008561,LOT_029,,12.009,12.1485,12.6121,0,healthy,0.0,50.0,10.397,0
SN_008562,LOT_029,9.5096,10.2737,10.5518,10.5019,0,healthy,0.0,50.0,10.397,0
SN_008563,LOT_029,10.7513,11.3683,11.5295,11.702,0,healthy,0.0,50.0,10.397,0
SN_008564,LOT_029,9.4632,10.1369,10.3726,10.6055,0,healthy,0.0,50.0,10.397,0
SN_008565,LOT_029,10.5815,10.8902,11.1368,11.2857,0,healthy,0.0,50.0,10.397,0
SN_008566,LOT_029,10.6181,11.3902,11.4761,11.7071,0,healthy,0.0,50.0,10.397,0
SN_008567,LOT_029,8.9905,9.3547,9.4209,9.5636,0,healthy,0.0,50.0,10.397,0
SN_008568,LOT_029,10.4072,10.7648,10.8878,10.9601,0,healthy,0.0,50.0,10.397,0
SN_008569,LOT_029,9.9458,11.0444,11.4721,11.4769,0,healthy,0.0,50.0,10.397,0
SN_008570,LOT_029,11.185,12.5522,12.6961,12.8393,0,healthy,0.0,50.0,10.397,0
SN_008571,LOT_029,9.1538,9.4981,9.6233,9.7776,0,healthy,0.0,50.0,10.397,0
SN_008572,LOT_029,11.712,12.8956,13.1387,13.1273,0,healthy,0.0,50.0,10.397,0
SN_008573,LOT_029,9.3421,9.894,10.2004,10.3332,0,healthy,0.0,50.0,10.397,0
SN_008574,LOT_029,12.7134,13.8484,14.0429,14.1571,0,healthy,0.0,50.0,10.397,0
SN_008575,LOT_029,9.9188,10.375,10.5476,10.5791,0,healthy,0.0,50.0,10.397,0
SN_008576,LOT_029,,13.2453,13.5863,13.8026,0,healthy,0.0,50.0,10.397,0
SN_008577,LOT_029,7.9787,8.8825,9.1459,9.4065,0,healthy,0.0,50.0,10.397,0
SN_008578,LOT_029,9.4401,10.0943,10.4642,10.5804,0,healthy,0.0,50.0,10.397,0
SN_008579,LOT_029,9.7968,10.9626,11.4117,11.6425,0,healthy,0.0,50.0,10.397,0
SN_008580,LOT_029,10.3395,11.6817,12.195,12.4169,0,healthy,0.0,50.0,10.397,0
SN_008581,LOT_029,9.853,10.761,11.3673,11.6176,0,healthy,0.0,50.0,10.397,0
SN_008582,LOT_029,15.0599,16.23,16.7812,16.9052,0,healthy,0.0,50.0,10.397,0
SN_008583,LOT_029,10.388,10.9545,11.0412,11.1033,0,healthy,0.0,50.0,10.397,0
SN_008584,LOT_029,9.9396,10.776,11.405,11.6225,0,healthy,0.0,50.0,10.397,0
SN_008585,LOT_029,9.1058,10.0333,10.2951,10.5098,0,healthy,0.0,50.0,10.397,0
SN_008586,LOT_029,8.7548,9.1458,9.2384,9.3336,0,healthy,0.0,50.0,10.397,0
SN_008587,LOT_029,10.9736,11.8089,12.1624,12.0593,0,healthy,0.0,50.0,10.397,0
SN_008588,LOT_029,9.5114,10.1223,10.5827,10.7792,0,healthy,0.0,50.0,10.397,0
SN_008589,LOT_029,11.4324,11.7945,11.9703,11.9833,0,healthy,0.0,50.0,10.397,0
SN_008590,LOT_029,13.7316,15.5359,15.9094,16.2178,0,healthy,0.0,50.0,10.397,0
SN_008591,LOT_029,10.9256,11.6278,11.7388,11.8315,0,healthy,0.0,50.0,10.397,0
SN_008592,LOT_029,7.6775,8.4134,8.7495,8.8551,0,healthy,0.0,50.0,10.397,0
SN_008593,LOT_029,10.4771,11.4439,11.6006,11.8856,0,healthy,0.0,50.0,10.397,0
SN_008594,LOT_029,11.522,11.9858,12.0944,12.1792,0,healthy,0.0,50.0,10.397,0
SN_008595,LOT_029,9.6021,9.9119,10.2293,10.2211,0,healthy,0.0,50.0,10.397,0
SN_008596,LOT_029,9.9055,10.9299,11.1856,11.3856,0,healthy,0.0,50.0,10.397,0
SN_008597,LOT_029,9.6494,10.1159,10.1794,10.2223,0,healthy,0.0,50.0,10.397,0
SN_008598,LOT_029,9.9838,10.729,10.8841,11.0103,0,healthy,0.0,50.0,10.397,0
SN_008599,LOT_029,11.3991,11.8169,11.8857,12.0043,0,healthy,0.0,50.0,10.397,0
SN_008600,LOT_029,10.607,11.3467,11.4041,11.6705,0,healthy,0.0,50.0,10.397,0
SN_008601,LOT_029,11.2685,12.0596,12.2249,12.0549,0,healthy,0.0,50.0,10.397,0
SN_008602,LOT_029,10.502,10.9965,11.3375,11.3274,0,healthy,0.0,50.0,10.397,0
SN_008603,LOT_029,9.9425,10.6226,11.0565,11.3271,0,healthy,0.0,50.0,10.397,0
SN_008604,LOT_029,9.0722,10.0651,10.5633,10.9907,0,healthy,0.0,50.0,10.397,0
SN_008605,LOT_029,11.9828,13.0582,13.5781,13.7912,0,healthy,0.0,50.0,10.397,0
SN_008606,LOT_029,,8.9214,9.3506,9.511,0,healthy,0.0,50.0,10.397,0
SN_008607,LOT_029,9.0723,,9.9761,10.0556,0,healthy,0.0,50.0,10.397,0
SN_008608,LOT_029,11.4647,11.8789,12.1206,12.0381,0,healthy,0.0,50.0,10.397,0
SN_008609,LOT_029,12.9189,14.0413,14.5746,14.8088,0,healthy,0.0,50.0,10.397,0
SN_008610,LOT_029,10.8452,12.0057,12.5214,12.5478,0,healthy,0.0,50.0,10.397,0
SN_008611,LOT_029,11.6457,12.4363,12.6485,12.727,0,healthy,0.0,50.0,10.397,0
SN_008612,LOT_029,9.6216,10.1817,10.5006,10.6128,0,healthy,0.0,50.0,10.397,0
SN_008613,LOT_029,11.1457,12.0653,12.5062,12.5239,0,healthy,0.0,50.0,10.397,0
SN_008614,LOT_029,9.7547,10.2794,10.6924,10.5879,0,healthy,0.0,50.0,10.397,0
SN_008615,LOT_029,11.3608,11.9673,12.1017,12.339,0,healthy,0.0,50.0,10.397,0
SN_008616,LOT_029,10.6668,11.2841,11.4569,11.6764,0,healthy,0.0,50.0,10.397,0
SN_008617,LOT_029,11.6131,12.6679,13.2702,13.5237,0,healthy,0.0,50.0,10.397,0
SN_008618,LOT_029,8.3319,8.8236,8.9357,9.0703,0,healthy,0.0,50.0,10.397,0
SN_008619,LOT_029,8.6201,9.5407,9.961,10.2001,0,healthy,0.0,50.0,10.397,0
SN_008620,LOT_029,12.2899,13.9399,14.4725,14.3997,0,healthy,0.0,50.0,10.397,0
SN_008621,LOT_029,10.0671,10.9526,11.2725,11.4732,0,healthy,0.0,50.0,10.397,0
SN_008622,LOT_029,9.497,9.8987,9.9175,10.1289,0,healthy,0.0,50.0,10.397,0
SN_008623,LOT_029,14.2488,15.1234,15.6721,15.6734,0,healthy,0.0,50.0,10.397,0
SN_008624,LOT_029,8.6514,9.393,9.8069,9.9689,0,healthy,0.0,50.0,10.397,0
SN_008625,LOT_029,9.5938,10.0935,10.192,10.1943,0,healthy,0.0,50.0,10.397,0
SN_008626,LOT_029,,11.4756,11.997,12.2324,0,healthy,0.0,50.0,10.397,0
SN_008627,LOT_029,11.8593,12.3327,12.6622,12.8223,0,healthy,0.0,50.0,10.397,0
SN_008628,LOT_029,11.4677,11.9762,12.341,12.4566,0,healthy,0.0,50.0,10.397,0
SN_008629,LOT_029,9.0183,9.8062,10.3541,10.4752,0,healthy,0.0,50.0,10.397,0
SN_008630,LOT_029,,10.9,11.2787,11.5041,0,healthy,0.0,50.0,10.397,0
SN_008631,LOT_029,8.8746,10.242,10.478,10.6306,0,healthy,0.0,50.0,10.397,0
SN_008632,LOT_029,9.989,11.1028,11.3164,11.4129,0,healthy,0.0,50.0,10.397,0
SN_008633,LOT_029,11.1572,12.6539,13.0112,13.3414,0,healthy,0.0,50.0,10.397,0
SN_008634,LOT_029,10.7439,11.6942,12.1299,12.3978,0,healthy,0.0,50.0,10.397,0
SN_008635,LOT_029,,10.2105,10.2219,10.384,0,healthy,0.0,50.0,10.397,0
SN_008636,LOT_029,8.1957,8.7008,9.1467,9.2125,0,healthy,0.0,50.0,10.397,0
SN_008637,LOT_029,8.7283,9.2039,9.2969,9.2399,0,healthy,0.0,50.0,10.397,0
SN_008638,LOT_029,11.158,12.0743,12.4495,12.4902,0,healthy,0.0,50.0,10.397,0
SN_008639,LOT_029,10.275,10.9762,11.2716,11.2386,0,healthy,0.0,50.0,10.397,0
SN_008640,LOT_029,27.4305,27.7712,29.3621,30.8627,1,subtle_in_spec,0.0553,50.0,10.397,0
SN_008641,LOT_029,10.8843,11.7466,11.8344,12.1097,0,healthy,0.0,50.0,10.397,0
SN_008642,LOT_029,10.0321,10.1392,13.0845,19.1293,1,tddb_dielectric,0.1327,50.0,10.397,0
SN_008643,LOT_029,9.8599,10.9274,11.4581,11.8204,0,healthy,0.0,50.0,10.397,0
SN_008644,LOT_029,10.7257,11.4679,11.884,11.9236,0,healthy,0.0,50.0,10.397,0
SN_008645,LOT_029,11.9121,13.025,13.3569,13.3632,0,healthy,0.0,50.0,10.397,0
SN_008646,LOT_029,11.9293,12.6999,12.9156,13.158,0,healthy,0.0,50.0,10.397,0
SN_008647,LOT_029,15.4629,16.2549,16.2751,16.299,0,healthy,0.0,50.0,10.397,0
SN_008648,LOT_029,12.364,,13.3713,13.5257,0,healthy,0.0,50.0,10.397,0
SN_008649,LOT_029,9.7254,10.0991,10.5235,10.596,0,healthy,0.0,50.0,10.397,0
SN_008650,LOT_029,11.4547,12.3129,12.7948,13.0347,0,healthy,0.0,50.0,10.397,0
SN_008651,LOT_029,10.4902,11.3308,11.5662,11.7221,0,healthy,0.0,50.0,10.397,0
SN_008652,LOT_029,11.6705,12.965,13.4582,13.7148,0,healthy,0.0,50.0,10.397,0
SN_008653,LOT_029,11.1937,12.4001,12.8309,13.0947,0,healthy,0.0,50.0,10.397,0
SN_008654,LOT_029,9.6717,10.9677,11.1467,11.3748,0,healthy,0.0,50.0,10.397,0
SN_008655,LOT_029,10.3049,10.7297,10.8985,11.041,0,healthy,0.0,50.0,10.397,0
SN_008656,LOT_029,9.9332,10.2407,10.4654,10.4021,0,healthy,0.0,50.0,10.397,0
SN_008657,LOT_029,10.5807,11.3731,11.9969,12.1831,0,healthy,0.0,50.0,10.397,0
SN_008658,LOT_029,10.2899,11.2126,11.7467,11.9224,0,healthy,0.0,50.0,10.397,0
SN_008659,LOT_029,10.9752,12.1266,12.6729,12.7754,0,healthy,0.0,50.0,10.397,0
SN_008660,LOT_029,9.8721,10.8002,11.1384,11.2734,0,healthy,0.0,50.0,10.397,0
SN_008661,LOT_029,11.7984,12.2123,12.4826,12.2893,0,healthy,0.0,50.0,10.397,0
SN_008662,LOT_029,9.6848,10.0481,10.3541,10.6084,0,healthy,0.0,50.0,10.397,0
SN_008663,LOT_029,9.9619,10.8259,11.3029,11.6362,0,healthy,0.0,50.0,10.397,0
SN_008664,LOT_029,8.8522,,9.4284,9.3677,0,healthy,0.0,50.0,10.397,0
SN_008665,LOT_029,12.9922,13.8922,13.986,13.9523,0,healthy,0.0,50.0,10.397,0
SN_008666,LOT_029,10.4165,10.9583,11.1437,11.2145,0,healthy,0.0,50.0,10.397,0
SN_008667,LOT_029,10.7268,11.3792,11.5578,11.5523,0,healthy,0.0,50.0,10.397,0
SN_008668,LOT_029,9.6691,10.4822,10.9305,11.2343,0,healthy,0.0,50.0,10.397,0
SN_008669,LOT_029,10.5257,10.8865,11.254,11.2671,0,healthy,0.0,50.0,10.397,0
SN_008670,LOT_029,8.3684,9.1091,9.5049,9.5253,0,healthy,0.0,50.0,10.397,0
SN_008671,LOT_029,8.9949,9.5173,9.6318,9.8917,0,healthy,0.0,50.0,10.397,0
SN_008672,LOT_029,10.9721,12.3659,12.6231,12.7138,0,healthy,0.0,50.0,10.397,0
SN_008673,LOT_029,8.0905,8.5527,8.7651,8.7404,0,healthy,0.0,50.0,10.397,0
SN_008674,LOT_029,10.2009,11.2833,11.793,11.9512,0,healthy,0.0,50.0,10.397,0
SN_008675,LOT_029,11.1779,12.0965,12.3098,12.4894,0,healthy,0.0,50.0,10.397,0
SN_008676,LOT_029,10.177,11.1466,11.7764,11.9351,0,healthy,0.0,50.0,10.397,0
SN_008677,LOT_029,9.0646,9.5037,9.8672,9.8528,0,healthy,0.0,50.0,10.397,0
SN_008678,LOT_029,10.5884,10.8886,11.2405,11.2173,0,healthy,0.0,50.0,10.397,0
SN_008679,LOT_029,10.3299,11.2506,11.4431,11.5167,0,healthy,0.0,50.0,10.397,0
SN_008680,LOT_029,8.7279,,9.0991,9.2245,0,healthy,0.0,50.0,10.397,0
SN_008681,LOT_029,10.7609,11.5852,11.8514,12.1037,0,healthy,0.0,50.0,10.397,0
SN_008682,LOT_029,10.7953,11.9915,12.2486,12.253,0,healthy,0.0,50.0,10.397,0
SN_008683,LOT_029,10.1941,11.2942,11.6938,11.7518,0,healthy,0.0,50.0,10.397,0
SN_008684,LOT_029,11.9087,12.9447,12.7472,12.9259,0,healthy,0.0,50.0,10.397,0
SN_008685,LOT_029,10.7937,11.0646,11.3509,11.4101,0,healthy,0.0,50.0,10.397,0
SN_008686,LOT_029,10.964,11.5814,11.8766,11.9928,0,healthy,0.0,50.0,10.397,0
SN_008687,LOT_029,10.2451,11.3253,11.7993,12.1163,0,healthy,0.0,50.0,10.397,0
SN_008688,LOT_029,11.4622,12.5659,13.1425,13.5032,0,healthy,0.0,50.0,10.397,0
SN_008689,LOT_029,10.0603,11.0918,11.3796,11.3583,0,healthy,0.0,50.0,10.397,0
SN_008690,LOT_029,11.959,12.7124,13.0346,13.1426,0,healthy,0.0,50.0,10.397,0
SN_008691,LOT_029,11.1317,12.3695,12.8641,12.8573,0,healthy,0.0,50.0,10.397,0
SN_008692,LOT_029,14.5886,15.5753,15.9953,16.2761,0,healthy,0.0,50.0,10.397,0
SN_008693,LOT_029,15.2926,15.9851,16.264,16.2415,0,healthy,0.0,50.0,10.397,0
SN_008694,LOT_029,8.9686,9.768,10.1277,10.1697,0,healthy,0.0,50.0,10.397,0
SN_008695,LOT_029,,,10.1627,10.2593,0,healthy,0.0,50.0,10.397,0
SN_008696,LOT_029,9.4595,10.1541,10.3422,10.4497,0,healthy,0.0,50.0,10.397,0
SN_008697,LOT_029,10.9335,11.3684,11.5933,11.7151,0,healthy,0.0,50.0,10.397,0
SN_008698,LOT_029,8.8456,9.6607,9.7028,9.8765,0,healthy,0.0,50.0,10.397,0
SN_008699,LOT_029,9.4618,10.1441,10.4779,10.7501,0,healthy,0.0,50.0,10.397,0
SN_008700,LOT_029,8.8148,,9.6338,9.6013,0,healthy,0.0,50.0,10.397,0
SN_008701,LOT_029,10.6691,11.9879,12.5866,12.4118,0,healthy,0.0,50.0,10.397,0
SN_008702,LOT_029,9.7137,10.4547,10.8658,10.9207,0,healthy,0.0,50.0,10.397,0
SN_008703,LOT_029,7.9274,8.5651,9.0974,9.2397,0,healthy,0.0,50.0,10.397,0
SN_008704,LOT_029,9.3147,10.0025,10.508,10.4027,0,healthy,0.0,50.0,10.397,0
SN_008705,LOT_029,9.2746,10.2673,10.616,10.7295,0,healthy,0.0,50.0,10.397,0
SN_008706,LOT_029,13.8947,14.635,14.6988,15.1868,0,healthy,0.0,50.0,10.397,0
SN_008707,LOT_029,12.2458,13.0372,13.1102,13.1403,0,healthy,0.0,50.0,10.397,0
SN_008708,LOT_029,11.048,11.5179,11.7162,11.6102,0,healthy,0.0,50.0,10.397,0
SN_008709,LOT_029,,9.3616,9.5009,9.7508,0,healthy,0.0,50.0,10.397,0
SN_008710,LOT_029,10.4092,,10.8121,10.8164,0,healthy,0.0,50.0,10.397,0
SN_008711,LOT_029,10.1107,10.9282,10.9745,11.2464,0,healthy,0.0,50.0,10.397,0
SN_008712,LOT_029,9.7886,10.7899,11.2574,11.3058,0,healthy,0.0,50.0,10.397,0
SN_008713,LOT_029,10.3221,11.2089,11.4057,11.5371,0,healthy,0.0,50.0,10.397,0
SN_008714,LOT_029,9.3662,10.373,10.564,10.6288,0,healthy,0.0,50.0,10.397,0
SN_008715,LOT_029,13.0718,15.0009,15.2913,15.617,0,healthy,0.0,50.0,10.397,0
SN_008716,LOT_029,13.1318,13.6346,14.1297,14.2561,0,healthy,0.0,50.0,10.397,0
SN_008717,LOT_029,9.1799,9.801,9.896,10.0314,0,healthy,0.0,50.0,10.397,0
SN_008718,LOT_029,10.1793,10.8086,11.4459,11.3688,0,healthy,0.0,50.0,10.397,0
SN_008719,LOT_029,7.8242,8.1922,8.1544,8.304,0,healthy,0.0,50.0,10.397,0
SN_008720,LOT_029,11.7776,12.2239,12.6881,12.7429,0,healthy,0.0,50.0,10.397,0
SN_008721,LOT_029,11.0084,11.6566,11.6043,11.9094,0,healthy,0.0,50.0,10.397,0
SN_008722,LOT_029,,13.1802,13.7097,14.1348,0,healthy,0.0,50.0,10.397,0
SN_008723,LOT_029,10.8941,11.271,11.5831,11.6495,0,healthy,0.0,50.0,10.397,0
SN_008724,LOT_029,8.8265,9.3938,9.5518,9.6725,0,healthy,0.0,50.0,10.397,0
SN_008725,LOT_029,9.9574,10.7245,11.4722,11.9946,0,healthy,0.0,50.0,10.397,0
SN_008726,LOT_029,9.4296,10.5666,11.0018,10.9005,0,healthy,0.0,50.0,10.397,0
SN_008727,LOT_029,10.1887,11.0538,11.237,11.5856,0,healthy,0.0,50.0,10.397,0
SN_008728,LOT_029,,9.7891,10.0885,10.2319,0,healthy,0.0,50.0,10.397,0
SN_008729,LOT_029,12.4008,13.6368,13.9848,14.5005,0,healthy,0.0,50.0,10.397,0
SN_008730,LOT_029,8.0257,9.1297,9.4012,9.5894,0,healthy,0.0,50.0,10.397,0
SN_008731,LOT_029,10.2359,11.1533,11.646,12.115,0,healthy,0.0,50.0,10.397,0
SN_008732,LOT_029,9.5634,10.1862,10.2269,10.3718,0,healthy,0.0,50.0,10.397,0
SN_008733,LOT_029,11.3475,11.8587,12.1028,12.3177,0,healthy,0.0,50.0,10.397,0
SN_008734,LOT_029,8.457,8.9709,8.9918,9.0208,0,healthy,0.0,50.0,10.397,0
SN_008735,LOT_029,9.5567,10.4137,11.0088,11.3153,0,healthy,0.0,50.0,10.397,0
SN_008736,LOT_029,10.9202,11.4257,11.9217,12.1249,0,healthy,0.0,50.0,10.397,0
SN_008737,LOT_029,8.9209,9.3597,9.7434,9.9752,0,healthy,0.0,50.0,10.397,0
SN_008738,LOT_029,10.7569,11.4618,11.7813,11.8481,0,healthy,0.0,50.0,10.397,0
SN_008739,LOT_029,8.1606,9.2172,9.5477,9.6717,0,healthy,0.0,50.0,10.397,0
SN_008740,LOT_029,11.2564,12.137,12.5394,12.885,0,healthy,0.0,50.0,10.397,0
SN_008741,LOT_029,,14.8218,15.1085,15.5163,0,healthy,0.0,50.0,10.397,0
SN_008742,LOT_029,11.0247,12.0853,12.5616,12.6352,0,healthy,0.0,50.0,10.397,0
SN_008743,LOT_029,12.2514,12.7099,12.9585,12.9865,0,healthy,0.0,50.0,10.397,0
SN_008744,LOT_029,11.8916,12.9036,13.5207,13.7468,0,healthy,0.0,50.0,10.397,0
SN_008745,LOT_029,8.8056,9.9454,10.3979,10.5881,0,healthy,0.0,50.0,10.397,0
SN_008746,LOT_029,9.1501,10.0296,10.4452,10.5336,0,healthy,0.0,50.0,10.397,0
SN_008747,LOT_029,9.3518,10.6292,10.8552,11.0246,0,healthy,0.0,50.0,10.397,0
SN_008748,LOT_029,11.708,12.1781,12.4273,12.4768,0,healthy,0.0,50.0,10.397,0
SN_008749,LOT_029,12.0472,13.1397,13.6625,14.0149,0,healthy,0.0,50.0,10.397,0
SN_008750,LOT_029,10.9143,11.806,12.4639,12.6194,0,healthy,0.0,50.0,10.397,0
SN_008751,LOT_029,10.6615,11.3066,11.5957,11.9173,0,healthy,0.0,50.0,10.397,0
SN_008752,LOT_029,10.1777,10.8973,11.0314,11.2098,0,healthy,0.0,50.0,10.397,0
SN_008753,LOT_029,10.7598,11.7699,12.0994,12.3462,0,healthy,0.0,50.0,10.397,0
SN_008754,LOT_029,8.369,8.7454,8.8447,9.0407,0,healthy,0.0,50.0,10.397,0
SN_008755,LOT_029,13.5674,14.2777,14.4409,14.329,0,healthy,0.0,50.0,10.397,0
SN_008756,LOT_029,9.2356,10.1767,10.3136,10.3484,0,healthy,0.0,50.0,10.397,0
SN_008757,LOT_029,9.43,10.4919,10.8285,11.0679,0,healthy,0.0,50.0,10.397,0
SN_008758,LOT_029,10.8127,11.5899,11.9248,12.2441,0,healthy,0.0,50.0,10.397,0
SN_008759,LOT_029,12.1354,12.9745,13.2606,13.4478,0,healthy,0.0,50.0,10.397,0
SN_008760,LOT_029,10.8107,11.8528,12.495,12.7579,0,healthy,0.0,50.0,10.397,0
SN_008761,LOT_029,8.5513,9.3091,9.5518,9.701,0,healthy,0.0,50.0,10.397,0
SN_008762,LOT_029,11.9934,12.3613,12.5346,12.824,0,healthy,0.0,50.0,10.397,0
SN_008763,LOT_029,11.9799,13.1853,13.6971,13.9376,0,healthy,0.0,50.0,10.397,0
SN_008764,LOT_029,12.663,13.3252,13.5103,13.8334,0,healthy,0.0,50.0,10.397,0
SN_008765,LOT_029,12.8597,14.2528,14.8016,15.1351,0,healthy,0.0,50.0,10.397,0
SN_008766,LOT_029,8.2571,,8.5628,8.6035,0,healthy,0.0,50.0,10.397,0
SN_008767,LOT_029,10.026,10.3542,10.4676,10.6045,0,healthy,0.0,50.0,10.397,0
SN_008768,LOT_029,8.0253,8.5436,8.6143,8.8065,0,healthy,0.0,50.0,10.397,0
SN_008769,LOT_029,8.9104,9.2621,9.2738,9.386,0,healthy,0.0,50.0,10.397,0
SN_008770,LOT_029,11.6957,12.3722,12.5479,12.4774,0,healthy,0.0,50.0,10.397,0
SN_008771,LOT_029,9.956,10.2642,10.5661,10.5649,0,healthy,0.0,50.0,10.397,0
SN_008772,LOT_029,9.1484,9.9016,10.2872,10.487,0,healthy,0.0,50.0,10.397,0
SN_008773,LOT_029,13.6322,14.7854,15.0226,15.3443,0,healthy,0.0,50.0,10.397,0
SN_008774,LOT_029,11.5414,11.8433,12.0317,12.1877,0,healthy,0.0,50.0,10.397,0
SN_008775,LOT_029,9.5477,10.6979,10.9266,11.0103,0,healthy,0.0,50.0,10.397,0
SN_008776,LOT_029,,9.4614,9.3952,9.6736,0,healthy,0.0,50.0,10.397,0
SN_008777,LOT_029,9.3682,,10.5817,10.6768,0,healthy,0.0,50.0,10.397,0
SN_008778,LOT_029,12.0577,13.2032,13.7651,14.0131,0,healthy,0.0,50.0,10.397,0
SN_008779,LOT_029,13.9335,14.9984,15.3372,15.572,0,healthy,0.0,50.0,10.397,0
SN_008780,LOT_029,9.7761,10.6944,11.156,11.2815,0,healthy,0.0,50.0,10.397,0
SN_008781,LOT_029,9.5321,10.3849,10.7488,10.9677,0,healthy,0.0,50.0,10.397,0
SN_008782,LOT_029,9.4895,9.9652,10.1066,10.2782,0,healthy,0.0,50.0,10.397,0
SN_008783,LOT_029,10.093,10.8375,11.3473,11.3995,0,healthy,0.0,50.0,10.397,0
SN_008784,LOT_029,,10.8348,10.8563,11.1102,0,healthy,0.0,50.0,10.397,0
SN_008785,LOT_029,9.7683,10.825,11.188,11.5379,0,healthy,0.0,50.0,10.397,0
SN_008786,LOT_029,8.8656,9.8826,10.0644,10.3005,0,healthy,0.0,50.0,10.397,0
SN_008787,LOT_029,8.2859,9.3116,9.6664,10.0245,0,healthy,0.0,50.0,10.397,0
SN_008788,LOT_029,11.8067,13.2631,13.6502,14.0075,0,healthy,0.0,50.0,10.397,0
SN_008789,LOT_029,11.0005,11.6677,12.0579,11.984,0,healthy,0.0,50.0,10.397,0
SN_008790,LOT_029,10.1238,11.3636,11.7929,12.034,0,healthy,0.0,50.0,10.397,0
SN_008791,LOT_029,12.4653,13.0824,13.4279,13.6698,0,healthy,0.0,50.0,10.397,0
SN_008792,LOT_029,8.1396,8.4879,8.7542,8.8771,0,healthy,0.0,50.0,10.397,0
SN_008793,LOT_029,9.4762,10.4045,10.7867,11.0929,0,healthy,0.0,50.0,10.397,0
SN_008794,LOT_029,10.8045,11.5498,11.681,11.7461,0,healthy,0.0,50.0,10.397,0
SN_008795,LOT_029,10.8787,11.8647,12.2267,12.3464,0,healthy,0.0,50.0,10.397,0
SN_008796,LOT_029,11.5603,11.8395,12.1146,12.2408,0,healthy,0.0,50.0,10.397,0
SN_008797,LOT_029,12.4946,12.7915,13.0004,13.3389,0,healthy,0.0,50.0,10.397,0
SN_008798,LOT_029,11.5719,12.1134,12.2851,12.301,0,healthy,0.0,50.0,10.397,0
SN_008799,LOT_029,9.2318,9.7403,10.0509,10.181,0,healthy,0.0,50.0,10.397,0
SN_008800,LOT_029,11.4452,12.5304,13.0343,13.4194,0,healthy,0.0,50.0,10.397,0
SN_008801,LOT_029,10.326,10.751,10.8162,10.8533,0,healthy,0.0,50.0,10.397,0
SN_008802,LOT_029,11.0321,12.287,12.8152,12.9827,0,healthy,0.0,50.0,10.397,0
SN_008803,LOT_029,8.6676,9.7273,10.1203,10.423,0,healthy,0.0,50.0,10.397,0
SN_008804,LOT_029,10.3441,10.835,10.8236,10.8147,0,healthy,0.0,50.0,10.397,0
SN_008805,LOT_029,9.6144,10.9339,11.2018,11.5875,0,healthy,0.0,50.0,10.397,0
SN_008806,LOT_029,10.4574,11.0533,11.6228,11.7254,0,healthy,0.0,50.0,10.397,0
SN_008807,LOT_029,10.5431,10.9879,11.2983,11.1081,0,healthy,0.0,50.0,10.397,0
SN_008808,LOT_029,8.7989,9.5185,9.7802,9.9801,0,healthy,0.0,50.0,10.397,0
SN_008809,LOT_029,38.3408,39.629,44.7618,49.5705,1,subtle_in_spec,0.4751,50.0,10.397,0
SN_008810,LOT_029,13.7212,15.2438,15.7637,16.068,0,healthy,0.0,50.0,10.397,0
SN_008811,LOT_029,10.9101,,11.453,11.4474,0,healthy,0.0,50.0,10.397,0
SN_008812,LOT_029,12.6335,14.0862,14.6072,15.1014,0,healthy,0.0,50.0,10.397,0
SN_008813,LOT_029,11.1379,12.0901,12.454,12.6607,0,healthy,0.0,50.0,10.397,0
SN_008814,LOT_029,8.8668,9.5749,9.7566,9.9862,0,healthy,0.0,50.0,10.397,0
SN_008815,LOT_029,9.3132,9.7478,9.8859,9.9585,0,healthy,0.0,50.0,10.397,0
SN_008816,LOT_029,8.984,9.5725,9.683,9.6192,0,healthy,0.0,50.0,10.397,0
SN_008817,LOT_029,8.8902,9.9077,10.2676,10.5292,0,healthy,0.0,50.0,10.397,0
SN_008818,LOT_029,10.4189,11.1615,11.6799,12.0637,0,healthy,0.0,50.0,10.397,0
SN_008819,LOT_029,8.0348,8.786,8.9045,9.0539,0,healthy,0.0,50.0,10.397,0
SN_008820,LOT_029,8.6085,9.4766,9.9514,10.0969,0,healthy,0.0,50.0,10.397,0
SN_008821,LOT_029,9.8831,,10.6941,10.7423,0,healthy,0.0,50.0,10.397,0
SN_008822,LOT_029,10.89,12.1026,12.6149,12.9421,0,healthy,0.0,50.0,10.397,0
SN_008823,LOT_029,9.0785,9.7648,9.96,10.2011,0,healthy,0.0,50.0,10.397,0
SN_008824,LOT_029,9.7647,10.8199,11.2183,11.0757,0,healthy,0.0,50.0,10.397,0
SN_008825,LOT_029,10.663,11.3631,11.5015,11.569,0,healthy,0.0,50.0,10.397,0
SN_008826,LOT_029,9.1211,,9.7642,9.7054,0,healthy,0.0,50.0,10.397,0
SN_008827,LOT_029,10.3259,11.3553,11.7339,11.8279,0,healthy,0.0,50.0,10.397,0
SN_008828,LOT_029,9.9131,11.0844,11.5925,11.8453,0,healthy,0.0,50.0,10.397,0
SN_008829,LOT_029,8.4313,8.746,8.9228,8.9283,0,healthy,0.0,50.0,10.397,0
SN_008830,LOT_029,11.4486,12.3609,13.2513,13.229,0,healthy,0.0,50.0,10.397,0
SN_008831,LOT_029,11.4797,12.422,12.5676,12.6917,0,healthy,0.0,50.0,10.397,0
SN_008832,LOT_029,9.3096,10.2423,10.7791,10.9892,0,healthy,0.0,50.0,10.397,0
SN_008833,LOT_029,11.0156,12.0824,12.8914,13.1423,0,healthy,0.0,50.0,10.397,0
SN_008834,LOT_029,8.5911,9.3227,9.7036,9.7853,0,healthy,0.0,50.0,10.397,0
SN_008835,LOT_029,12.0896,12.8634,13.3326,13.572,0,healthy,0.0,50.0,10.397,0
SN_008836,LOT_029,,9.2763,9.4067,9.7213,0,healthy,0.0,50.0,10.397,0
SN_008837,LOT_029,13.0454,13.7123,13.6698,13.9756,0,healthy,0.0,50.0,10.397,0
SN_008838,LOT_029,8.7789,9.1991,9.4299,9.3941,0,healthy,0.0,50.0,10.397,0
SN_008839,LOT_029,10.856,11.5592,11.8192,12.0602,0,healthy,0.0,50.0,10.397,0
SN_008840,LOT_029,10.3582,11.4609,11.6413,11.8428,0,healthy,0.0,50.0,10.397,0
SN_008841,LOT_029,8.3878,8.9657,9.1411,9.322,0,healthy,0.0,50.0,10.397,0
SN_008842,LOT_029,8.5294,9.5207,9.8549,10.177,0,healthy,0.0,50.0,10.397,0
SN_008843,LOT_029,,,10.8751,11.0718,0,healthy,0.0,50.0,10.397,0
SN_008844,LOT_029,11.2901,11.9967,12.1783,12.1145,0,healthy,0.0,50.0,10.397,0
SN_008845,LOT_029,8.1848,8.9325,9.1951,9.3098,0,healthy,0.0,50.0,10.397,0
SN_008846,LOT_029,8.4625,8.6929,8.7908,8.9734,0,healthy,0.0,50.0,10.397,0
SN_008847,LOT_029,11.3555,11.837,12.0644,12.1962,0,healthy,0.0,50.0,10.397,0
SN_008848,LOT_029,9.981,10.8747,11.2509,11.2907,0,healthy,0.0,50.0,10.397,0
SN_008849,LOT_030,12.8612,13.4659,13.9303,13.9869,0,healthy,0.0,50.0,10.0603,0
SN_008850,LOT_030,10.9289,11.6497,11.5413,11.7364,0,healthy,0.0,50.0,10.0603,0
SN_008851,LOT_030,10.006,11.0923,11.481,11.8762,0,healthy,0.0,50.0,10.0603,0
SN_008852,LOT_030,8.8662,9.562,9.9371,10.0369,0,healthy,0.0,50.0,10.0603,0
SN_008853,LOT_030,10.1639,11.1288,11.3047,11.4186,0,healthy,0.0,50.0,10.0603,0
SN_008854,LOT_030,8.9302,9.8933,10.2322,10.4745,0,healthy,0.0,50.0,10.0603,0
SN_008855,LOT_030,11.4984,12.2993,12.2616,12.3615,0,healthy,0.0,50.0,10.0603,0
SN_008856,LOT_030,7.7091,8.1458,8.1727,8.2432,0,healthy,0.0,50.0,10.0603,0
SN_008857,LOT_030,10.4525,11.7521,12.1618,12.318,0,healthy,0.0,50.0,10.0603,0
SN_008858,LOT_030,8.304,8.8404,9.112,9.1777,0,healthy,0.0,50.0,10.0603,0
SN_008859,LOT_030,10.1249,11.3233,11.8546,12.044,0,healthy,0.0,50.0,10.0603,0
SN_008860,LOT_030,9.798,10.6086,10.9794,11.0202,0,healthy,0.0,50.0,10.0603,0
SN_008861,LOT_030,9.0126,10.0217,10.242,10.417,0,healthy,0.0,50.0,10.0603,0
SN_008862,LOT_030,9.8383,10.3976,10.82,10.7037,0,healthy,0.0,50.0,10.0603,0
SN_008863,LOT_030,9.0754,9.7139,10.1259,10.1921,0,healthy,0.0,50.0,10.0603,0
SN_008864,LOT_030,9.6709,9.9787,10.1157,10.1036,0,healthy,0.0,50.0,10.0603,0
SN_008865,LOT_030,9.6741,10.6748,11.1843,11.2156,0,healthy,0.0,50.0,10.0603,0
SN_008866,LOT_030,11.381,12.8566,13.1033,13.1228,0,healthy,0.0,50.0,10.0603,0
SN_008867,LOT_030,8.2482,9.0087,9.2598,9.3814,0,healthy,0.0,50.0,10.0603,0
SN_008868,LOT_030,9.7052,10.7443,11.1653,11.1184,0,healthy,0.0,50.0,10.0603,0
SN_008869,LOT_030,10.9278,12.0616,12.2432,12.2641,0,healthy,0.0,50.0,10.0603,0
SN_008870,LOT_030,11.0416,11.454,12.0126,12.2496,0,healthy,0.0,50.0,10.0603,0
SN_008871,LOT_030,10.833,12.2036,12.5552,12.6879,0,healthy,0.0,50.0,10.0603,0
SN_008872,LOT_030,9.2011,9.9848,10.1981,10.3684,0,healthy,0.0,50.0,10.0603,0
SN_008873,LOT_030,10.2681,11.5023,11.8437,12.0662,0,healthy,0.0,50.0,10.0603,0
SN_008874,LOT_030,10.2798,10.875,11.265,11.4127,0,healthy,0.0,50.0,10.0603,0
SN_008875,LOT_030,10.1283,11.1005,11.4642,11.8413,0,healthy,0.0,50.0,10.0603,0
SN_008876,LOT_030,10.4539,11.4495,12.0078,12.3961,0,healthy,0.0,50.0,10.0603,0
SN_008877,LOT_030,11.5401,12.3752,12.8097,12.9874,0,healthy,0.0,50.0,10.0603,0
SN_008878,LOT_030,10.1987,10.7521,10.7597,10.9245,0,healthy,0.0,50.0,10.0603,0
SN_008879,LOT_030,9.2842,9.7195,9.8843,9.8285,0,healthy,0.0,50.0,10.0603,0
SN_008880,LOT_030,7.9549,8.1536,8.277,8.5179,0,healthy,0.0,50.0,10.0603,0
SN_008881,LOT_030,7.8521,8.6873,9.1172,9.343,0,healthy,0.0,50.0,10.0603,0
SN_008882,LOT_030,8.3218,8.8875,8.8411,9.0424,0,healthy,0.0,50.0,10.0603,0
SN_008883,LOT_030,10.8198,11.8705,12.2909,12.6038,0,healthy,0.0,50.0,10.0603,0
SN_008884,LOT_030,11.4416,13.1592,13.3384,13.5664,0,healthy,0.0,50.0,10.0603,0
SN_008885,LOT_030,8.8753,9.6978,9.8842,10.1637,0,healthy,0.0,50.0,10.0603,0
SN_008886,LOT_030,,11.8409,12.2089,12.3638,0,healthy,0.0,50.0,10.0603,0
SN_008887,LOT_030,8.8986,9.3846,9.742,9.8528,0,healthy,0.0,50.0,10.0603,0
SN_008888,LOT_030,10.6681,11.3236,11.3333,11.5803,0,healthy,0.0,50.0,10.0603,0
SN_008889,LOT_030,,11.0167,11.5989,11.6812,0,healthy,0.0,50.0,10.0603,0
SN_008890,LOT_030,9.4231,9.6948,9.8725,9.9907,0,healthy,0.0,50.0,10.0603,0
SN_008891,LOT_030,9.2988,9.8583,10.0343,10.0951,0,healthy,0.0,50.0,10.0603,0
SN_008892,LOT_030,11.2352,12.7106,13.0769,13.3305,0,healthy,0.0,50.0,10.0603,0
SN_008893,LOT_030,11.3397,,12.0191,11.8791,0,healthy,0.0,50.0,10.0603,0
SN_008894,LOT_030,11.7454,12.166,12.4126,12.518,0,healthy,0.0,50.0,10.0603,0
SN_008895,LOT_030,10.1598,10.6777,10.6731,10.9224,0,healthy,0.0,50.0,10.0603,0
SN_008896,LOT_030,10.7119,11.3233,11.4883,11.4729,0,healthy,0.0,50.0,10.0603,0
SN_008897,LOT_030,9.4944,9.9635,10.0189,10.0716,0,healthy,0.0,50.0,10.0603,0
SN_008898,LOT_030,10.3835,11.1595,11.4604,11.6131,0,healthy,0.0,50.0,10.0603,0
SN_008899,LOT_030,,10.4051,10.7109,10.7995,0,healthy,0.0,50.0,10.0603,0
SN_008900,LOT_030,9.7774,10.5627,10.4808,10.6279,0,healthy,0.0,50.0,10.0603,0
SN_008901,LOT_030,10.3536,11.1971,11.3342,11.5441,0,healthy,0.0,50.0,10.0603,0
SN_008902,LOT_030,12.8255,13.5876,13.8077,14.0173,0,healthy,0.0,50.0,10.0603,0
SN_008903,LOT_030,7.2428,7.9739,8.031,8.2667,0,healthy,0.0,50.0,10.0603,0
SN_008904,LOT_030,,10.892,11.0748,11.1693,0,healthy,0.0,50.0,10.0603,0
SN_008905,LOT_030,9.7802,10.4957,10.7737,10.921,0,healthy,0.0,50.0,10.0603,0
SN_008906,LOT_030,11.2556,,11.7983,11.9854,0,healthy,0.0,50.0,10.0603,0
SN_008907,LOT_030,12.3571,12.7714,13.0527,13.2705,0,healthy,0.0,50.0,10.0603,0
SN_008908,LOT_030,11.0175,11.6676,11.8981,12.0126,0,healthy,0.0,50.0,10.0603,0
SN_008909,LOT_030,12.3499,13.0163,13.0619,13.1125,0,healthy,0.0,50.0,10.0603,0
SN_008910,LOT_030,11.731,12.3631,12.7275,12.8427,0,healthy,0.0,50.0,10.0603,0
SN_008911,LOT_030,11.9114,12.4631,12.5465,12.7804,0,healthy,0.0,50.0,10.0603,0
SN_008912,LOT_030,9.5064,10.0291,10.1595,10.5028,0,healthy,0.0,50.0,10.0603,0
SN_008913,LOT_030,7.2659,,8.1377,8.2721,0,healthy,0.0,50.0,10.0603,0
SN_008914,LOT_030,9.4789,12.6915,14.6462,15.9238,1,nbti_ageing,0.3092,50.0,10.0603,0
SN_008915,LOT_030,9.2139,9.6067,9.6681,9.8487,0,healthy,0.0,50.0,10.0603,0
SN_008916,LOT_030,9.9323,10.9153,11.3734,11.6285,0,healthy,0.0,50.0,10.0603,0
SN_008917,LOT_030,9.6264,10.7127,11.017,11.1562,0,healthy,0.0,50.0,10.0603,0
SN_008918,LOT_030,12.1727,12.979,13.1837,13.4427,0,healthy,0.0,50.0,10.0603,0
SN_008919,LOT_030,9.9011,10.4459,10.926,11.1272,0,healthy,0.0,50.0,10.0603,0
SN_008920,LOT_030,11.9666,12.6716,12.8995,13.2179,0,healthy,0.0,50.0,10.0603,0
SN_008921,LOT_030,10.8914,11.2189,11.687,11.7766,0,healthy,0.0,50.0,10.0603,0
SN_008922,LOT_030,10.3081,10.6433,10.9385,11.0808,0,healthy,0.0,50.0,10.0603,0
SN_008923,LOT_030,10.3743,11.5717,12.141,12.4469,0,healthy,0.0,50.0,10.0603,0
SN_008924,LOT_030,9.7693,10.3156,10.5181,10.681,0,healthy,0.0,50.0,10.0603,0
SN_008925,LOT_030,10.4738,11.1935,11.6292,11.9641,0,healthy,0.0,50.0,10.0603,0
SN_008926,LOT_030,10.4916,11.5099,11.7581,11.8818,0,healthy,0.0,50.0,10.0603,0
SN_008927,LOT_030,12.1067,13.5991,14.01,14.2024,0,healthy,0.0,50.0,10.0603,0
SN_008928,LOT_030,11.0229,11.6494,11.8504,12.008,0,healthy,0.0,50.0,10.0603,0
SN_008929,LOT_030,10.1017,10.6312,10.6853,10.7216,0,healthy,0.0,50.0,10.0603,0
SN_008930,LOT_030,10.544,11.2303,11.3147,11.4243,0,healthy,0.0,50.0,10.0603,0
SN_008931,LOT_030,9.7243,10.7553,11.251,11.7216,0,healthy,0.0,50.0,10.0603,0
SN_008932,LOT_030,10.3005,11.5081,12.0299,12.2991,0,healthy,0.0,50.0,10.0603,0
SN_008933,LOT_030,8.7462,9.1001,9.2441,9.4548,0,healthy,0.0,50.0,10.0603,0
SN_008934,LOT_030,,9.2985,9.4294,9.6555,0,healthy,0.0,50.0,10.0603,0
SN_008935,LOT_030,10.0799,11.4937,11.8244,11.9274,0,healthy,0.0,50.0,10.0603,0
SN_008936,LOT_030,9.7575,10.5393,10.7488,10.8386,0,healthy,0.0,50.0,10.0603,0
SN_008937,LOT_030,12.1361,13.0745,13.041,13.3657,0,healthy,0.0,50.0,10.0603,0
SN_008938,LOT_030,12.6073,13.2057,13.8352,14.0584,0,healthy,0.0,50.0,10.0603,0
SN_008939,LOT_030,10.9598,12.1867,12.813,13.0048,0,healthy,0.0,50.0,10.0603,0
SN_008940,LOT_030,9.9296,10.939,11.3968,11.4784,0,healthy,0.0,50.0,10.0603,0
SN_008941,LOT_030,11.8148,,12.5432,12.4182,0,healthy,0.0,50.0,10.0603,0
SN_008942,LOT_030,12.7606,13.1942,13.5083,13.4544,0,healthy,0.0,50.0,10.0603,0
SN_008943,LOT_030,,11.774,11.8852,12.0482,0,healthy,0.0,50.0,10.0603,0
SN_008944,LOT_030,10.7032,11.4064,11.8763,12.0099,0,healthy,0.0,50.0,10.0603,0
SN_008945,LOT_030,14.5674,16.2379,16.7245,17.1571,0,healthy,0.0,50.0,10.0603,0
SN_008946,LOT_030,10.0515,10.4355,10.5564,10.9887,0,healthy,0.0,50.0,10.0603,0
SN_008947,LOT_030,8.7888,9.1652,9.4963,9.2933,0,healthy,0.0,50.0,10.0603,0
SN_008948,LOT_030,9.7431,10.1582,10.5273,10.5449,0,healthy,0.0,50.0,10.0603,0
SN_008949,LOT_030,9.7341,10.2747,10.4693,10.4853,0,healthy,0.0,50.0,10.0603,0
SN_008950,LOT_030,9.0818,10.0886,10.2587,10.4332,0,healthy,0.0,50.0,10.0603,0
SN_008951,LOT_030,10.7487,,11.1699,11.2895,0,healthy,0.0,50.0,10.0603,0
SN_008952,LOT_030,11.1018,11.9274,11.981,11.7775,0,healthy,0.0,50.0,10.0603,0
SN_008953,LOT_030,10.0842,10.9079,11.1273,11.359,0,healthy,0.0,50.0,10.0603,0
SN_008954,LOT_030,8.4918,9.2313,9.5795,9.7768,0,healthy,0.0,50.0,10.0603,0
SN_008955,LOT_030,12.541,13.7337,14.0961,14.3617,0,healthy,0.0,50.0,10.0603,0
SN_008956,LOT_030,10.5849,11.3046,11.4909,11.5391,0,healthy,0.0,50.0,10.0603,0
SN_008957,LOT_030,9.5182,10.4055,10.7649,10.9797,0,healthy,0.0,50.0,10.0603,0
SN_008958,LOT_030,8.7705,9.6337,10.1628,10.3629,0,healthy,0.0,50.0,10.0603,0
SN_008959,LOT_030,13.831,14.4525,14.5063,14.6004,0,healthy,0.0,50.0,10.0603,0
SN_008960,LOT_030,10.3251,11.2762,11.5953,11.6675,0,healthy,0.0,50.0,10.0603,0
SN_008961,LOT_030,12.164,13.535,14.106,14.305,0,healthy,0.0,50.0,10.0603,0
SN_008962,LOT_030,6.976,7.5253,7.8358,7.846,0,healthy,0.0,50.0,10.0603,0
SN_008963,LOT_030,10.2771,,11.9381,11.8754,0,healthy,0.0,50.0,10.0603,0
SN_008964,LOT_030,12.106,13.5495,13.7233,14.2059,0,healthy,0.0,50.0,10.0603,0
SN_008965,LOT_030,9.6228,10.5762,10.8707,11.0285,0,healthy,0.0,50.0,10.0603,0
SN_008966,LOT_030,9.5038,10.4007,10.7014,11.0025,0,healthy,0.0,50.0,10.0603,0
SN_008967,LOT_030,9.1083,,9.3474,9.6149,0,healthy,0.0,50.0,10.0603,0
SN_008968,LOT_030,11.0768,11.7371,11.9139,11.9859,0,healthy,0.0,50.0,10.0603,0
SN_008969,LOT_030,,9.8592,10.0594,10.0861,0,healthy,0.0,50.0,10.0603,0
SN_008970,LOT_030,9.0572,10.1273,10.587,10.7409,0,healthy,0.0,50.0,10.0603,0
SN_008971,LOT_030,9.6396,10.746,11.2332,11.6471,0,healthy,0.0,50.0,10.0603,0
SN_008972,LOT_030,10.2991,11.1516,11.3789,11.3174,0,healthy,0.0,50.0,10.0603,0
SN_008973,LOT_030,10.537,11.4056,11.74,11.6536,0,healthy,0.0,50.0,10.0603,0
SN_008974,LOT_030,,14.824,15.7198,15.9331,0,healthy,0.0,50.0,10.0603,0
SN_008975,LOT_030,12.0856,13.5005,13.9203,14.2921,0,healthy,0.0,50.0,10.0603,0
SN_008976,LOT_030,12.5157,13.2098,13.2147,13.2457,0,healthy,0.0,50.0,10.0603,0
SN_008977,LOT_030,13.1365,14.1052,14.3391,14.6449,0,healthy,0.0,50.0,10.0603,0
SN_008978,LOT_030,11.4092,12.8282,13.3285,13.5255,0,healthy,0.0,50.0,10.0603,0
SN_008979,LOT_030,12.6514,13.7237,13.9242,14.1598,0,healthy,0.0,50.0,10.0603,0
SN_008980,LOT_030,11.6353,12.759,13.0113,13.1881,0,healthy,0.0,50.0,10.0603,0
SN_008981,LOT_030,12.146,13.2392,13.7042,13.5437,0,healthy,0.0,50.0,10.0603,0
SN_008982,LOT_030,11.0778,11.7093,12.2847,12.1831,0,healthy,0.0,50.0,10.0603,0
SN_008983,LOT_030,10.7658,,12.3578,12.1938,0,healthy,0.0,50.0,10.0603,0
SN_008984,LOT_030,10.4145,10.9257,10.8781,10.9563,0,healthy,0.0,50.0,10.0603,0
SN_008985,LOT_030,7.8999,8.4533,8.6489,8.751,0,healthy,0.0,50.0,10.0603,0
SN_008986,LOT_030,10.5624,10.9304,11.3836,11.3009,0,healthy,0.0,50.0,10.0603,0
SN_008987,LOT_030,11.2785,12.0597,12.2057,12.3572,0,healthy,0.0,50.0,10.0603,0
SN_008988,LOT_030,,9.8561,10.2558,10.3553,0,healthy,0.0,50.0,10.0603,0
SN_008989,LOT_030,12.0743,12.5086,12.6568,12.8418,0,healthy,0.0,50.0,10.0603,0
SN_008990,LOT_030,8.4235,8.8481,9.4707,9.3576,0,healthy,0.0,50.0,10.0603,0
SN_008991,LOT_030,10.8847,11.7588,12.0021,12.1847,0,healthy,0.0,50.0,10.0603,0
SN_008992,LOT_030,8.7192,9.1833,9.1472,9.3174,0,healthy,0.0,50.0,10.0603,0
SN_008993,LOT_030,11.7988,13.043,13.6421,13.7639,0,healthy,0.0,50.0,10.0603,0
SN_008994,LOT_030,9.0942,9.7131,9.8444,9.9372,0,healthy,0.0,50.0,10.0603,0
SN_008995,LOT_030,10.065,10.7332,11.0458,10.8616,0,healthy,0.0,50.0,10.0603,0
SN_008996,LOT_030,11.2432,12.6759,13.3181,13.2697,0,healthy,0.0,50.0,10.0603,0
SN_008997,LOT_030,7.8668,8.2465,8.663,8.6446,0,healthy,0.0,50.0,10.0603,0
SN_008998,LOT_030,9.5454,10.1947,10.396,10.4341,0,healthy,0.0,50.0,10.0603,0
SN_008999,LOT_030,10.4579,10.6793,10.8883,10.9854,0,healthy,0.0,50.0,10.0603,0
SN_009000,LOT_030,9.6674,10.7399,11.0181,11.299,0,healthy,0.0,50.0,10.0603,0
SN_009001,LOT_030,12.5527,12.9316,13.4905,13.6178,0,healthy,0.0,50.0,10.0603,0
SN_009002,LOT_030,10.0308,11.2942,11.8171,12.0572,0,healthy,0.0,50.0,10.0603,0
SN_009003,LOT_030,10.1315,10.8669,11.107,11.3221,0,healthy,0.0,50.0,10.0603,0
SN_009004,LOT_030,10.1077,11.2712,11.7359,12.0095,0,healthy,0.0,50.0,10.0603,0
SN_009005,LOT_030,10.2452,10.7248,11.2202,11.35,0,healthy,0.0,50.0,10.0603,0
SN_009006,LOT_030,12.078,12.6324,12.7007,13.1212,0,healthy,0.0,50.0,10.0603,0
SN_009007,LOT_030,10.152,10.9948,11.1257,11.2418,0,healthy,0.0,50.0,10.0603,0
SN_009008,LOT_030,11.0607,11.8708,12.2315,12.6363,0,healthy,0.0,50.0,10.0603,0
SN_009009,LOT_030,10.3988,10.7176,11.0304,10.9733,0,healthy,0.0,50.0,10.0603,0
SN_009010,LOT_030,8.8991,,9.238,9.4613,0,healthy,0.0,50.0,10.0603,0
SN_009011,LOT_030,10.3978,10.6569,10.8766,10.96,0,healthy,0.0,50.0,10.0603,0
SN_009012,LOT_030,11.8079,12.4595,12.9832,13.0635,0,healthy,0.0,50.0,10.0603,0
SN_009013,LOT_030,10.6423,11.7752,12.1483,12.1863,0,healthy,0.0,50.0,10.0603,0
SN_009014,LOT_030,9.8009,11.052,11.4145,11.5154,0,healthy,0.0,50.0,10.0603,0
SN_009015,LOT_030,9.5366,10.6387,11.0156,11.3066,0,healthy,0.0,50.0,10.0603,0
SN_009016,LOT_030,10.2648,10.6493,11.0103,11.1364,0,healthy,0.0,50.0,10.0603,0
SN_009017,LOT_030,7.7081,8.4421,8.7792,8.9369,0,healthy,0.0,50.0,10.0603,0
SN_009018,LOT_030,8.8454,,9.7644,9.9148,0,healthy,0.0,50.0,10.0603,0
SN_009019,LOT_030,9.7283,9.9691,10.2553,10.5235,0,healthy,0.0,50.0,10.0603,0
SN_009020,LOT_030,9.5191,10.0314,10.167,10.3178,0,healthy,0.0,50.0,10.0603,0
SN_009021,LOT_030,10.0567,10.4756,10.5419,10.501,0,healthy,0.0,50.0,10.0603,0
SN_009022,LOT_030,14.4153,15.5572,16.186,15.9297,0,healthy,0.0,50.0,10.0603,0
SN_009023,LOT_030,8.5658,9.4781,9.7468,9.8561,0,healthy,0.0,50.0,10.0603,0
SN_009024,LOT_030,8.69,,10.1392,10.4102,0,healthy,0.0,50.0,10.0603,0
SN_009025,LOT_030,9.84,10.2494,10.3347,10.5108,0,healthy,0.0,50.0,10.0603,0
SN_009026,LOT_030,12.274,13.571,14.2056,14.4648,0,healthy,0.0,50.0,10.0603,0
SN_009027,LOT_030,9.0953,10.1001,10.7186,10.9894,0,healthy,0.0,50.0,10.0603,0
SN_009028,LOT_030,10.5148,11.4042,11.6813,11.8015,0,healthy,0.0,50.0,10.0603,0
SN_009029,LOT_030,6.525,6.7581,6.9457,6.9205,0,healthy,0.0,50.0,10.0603,0
SN_009030,LOT_030,8.8777,9.6997,9.794,9.9421,0,healthy,0.0,50.0,10.0603,0
SN_009031,LOT_030,8.9954,9.7818,10.2692,10.2791,0,healthy,0.0,50.0,10.0603,0
SN_009032,LOT_030,9.9049,10.6553,11.0518,11.2322,0,healthy,0.0,50.0,10.0603,0
SN_009033,LOT_030,8.9316,9.319,9.4218,9.4396,0,healthy,0.0,50.0,10.0603,0
SN_009034,LOT_030,9.3379,10.492,10.6702,10.9993,0,healthy,0.0,50.0,10.0603,0
SN_009035,LOT_030,9.1612,10.46,10.5387,10.8507,0,healthy,0.0,50.0,10.0603,0
SN_009036,LOT_030,9.6229,10.3044,10.4486,10.5283,0,healthy,0.0,50.0,10.0603,0
SN_009037,LOT_030,11.9456,12.7365,12.9832,13.1944,0,healthy,0.0,50.0,10.0603,0
SN_009038,LOT_030,9.9039,10.7264,11.2469,11.3742,0,healthy,0.0,50.0,10.0603,0
SN_009039,LOT_030,11.6426,12.0737,12.2549,12.168,0,healthy,0.0,50.0,10.0603,0
SN_009040,LOT_030,9.9978,11.0879,11.2267,11.3656,0,healthy,0.0,50.0,10.0603,0
SN_009041,LOT_030,9.7076,10.8494,11.1368,11.2924,0,healthy,0.0,50.0,10.0603,0
SN_009042,LOT_030,9.9786,11.1713,11.7226,11.9054,0,healthy,0.0,50.0,10.0603,0
SN_009043,LOT_030,10.6727,11.9253,12.3757,12.7046,0,healthy,0.0,50.0,10.0603,0
SN_009044,LOT_030,9.4687,10.5529,10.9626,10.767,0,healthy,0.0,50.0,10.0603,0
SN_009045,LOT_030,10.1469,10.7562,10.9205,11.1295,0,healthy,0.0,50.0,10.0603,0
SN_009046,LOT_030,9.299,9.4494,9.8725,9.7487,0,healthy,0.0,50.0,10.0603,0
SN_009047,LOT_030,9.5038,10.7064,11.1973,11.2768,0,healthy,0.0,50.0,10.0603,0
SN_009048,LOT_030,9.3475,9.8866,10.148,10.2973,0,healthy,0.0,50.0,10.0603,0
SN_009049,LOT_030,9.4336,10.3935,10.6557,10.6288,0,healthy,0.0,50.0,10.0603,0
SN_009050,LOT_030,12.199,13.6137,14.0058,14.0475,0,healthy,0.0,50.0,10.0603,0
SN_009051,LOT_030,10.4529,11.2862,11.4683,11.4846,0,healthy,0.0,50.0,10.0603,0
SN_009052,LOT_030,8.9341,9.2681,9.3949,9.4114,0,healthy,0.0,50.0,10.0603,0
SN_009053,LOT_030,10.9026,12.5927,12.7055,13.054,0,healthy,0.0,50.0,10.0603,0
SN_009054,LOT_030,9.9875,10.8998,11.1047,11.5755,0,healthy,0.0,50.0,10.0603,0
SN_009055,LOT_030,9.6673,10.2322,10.4691,10.5229,0,healthy,0.0,50.0,10.0603,0
SN_009056,LOT_030,10.961,12.0712,12.2791,12.5665,0,healthy,0.0,50.0,10.0603,0
SN_009057,LOT_030,8.6638,9.1344,9.2082,9.443,0,healthy,0.0,50.0,10.0603,0
SN_009058,LOT_030,11.3354,12.3728,12.5388,12.93,0,healthy,0.0,50.0,10.0603,0
SN_009059,LOT_030,11.3057,12.4331,12.653,12.8778,0,healthy,0.0,50.0,10.0603,0
SN_009060,LOT_030,8.7816,9.433,9.6965,9.8518,0,healthy,0.0,50.0,10.0603,0
SN_009061,LOT_030,9.8386,10.1439,10.3413,10.6198,0,healthy,0.0,50.0,10.0603,0
SN_009062,LOT_030,9.7872,10.1595,10.3339,10.4658,0,healthy,0.0,50.0,10.0603,0
SN_009063,LOT_030,8.7226,9.6219,10.0189,10.0933,0,healthy,0.0,50.0,10.0603,0
SN_009064,LOT_030,8.5705,9.4422,9.8615,10.1415,0,healthy,0.0,50.0,10.0603,0
SN_009065,LOT_030,8.1756,8.9375,9.1261,9.1398,0,healthy,0.0,50.0,10.0603,0
SN_009066,LOT_030,9.8693,10.5916,10.8083,10.7608,0,healthy,0.0,50.0,10.0603,0
SN_009067,LOT_030,12.2071,13.4142,13.7812,13.9847,0,healthy,0.0,50.0,10.0603,0
SN_009068,LOT_030,10.9806,11.6432,12.2834,12.5677,0,healthy,0.0,50.0,10.0603,0
SN_009069,LOT_030,11.117,12.0261,12.1139,12.3225,0,healthy,0.0,50.0,10.0603,0
SN_009070,LOT_030,,10.27,10.4243,10.3212,0,healthy,0.0,50.0,10.0603,0
SN_009071,LOT_030,,12.2128,12.8305,13.1909,0,healthy,0.0,50.0,10.0603,0
SN_009072,LOT_030,10.6955,10.9592,11.332,11.3086,0,healthy,0.0,50.0,10.0603,0
SN_009073,LOT_030,12.4222,13.6342,14.2031,14.442,0,healthy,0.0,50.0,10.0603,0
SN_009074,LOT_030,,10.3628,10.4883,10.7633,0,healthy,0.0,50.0,10.0603,0
SN_009075,LOT_030,7.7276,8.0685,8.3246,8.503,0,healthy,0.0,50.0,10.0603,0
SN_009076,LOT_030,8.6987,9.4825,9.7222,9.8788,0,healthy,0.0,50.0,10.0603,0
SN_009077,LOT_030,10.5966,11.0399,11.1859,11.1768,0,healthy,0.0,50.0,10.0603,0
SN_009078,LOT_030,,10.5124,10.7716,11.0424,0,healthy,0.0,50.0,10.0603,0
SN_009079,LOT_030,8.2972,9.2733,9.4968,9.6386,0,healthy,0.0,50.0,10.0603,0
SN_009080,LOT_030,11.2632,12.5576,12.8422,13.1751,0,healthy,0.0,50.0,10.0603,0
SN_009081,LOT_030,8.5038,9.0422,9.2751,9.4025,0,healthy,0.0,50.0,10.0603,0
SN_009082,LOT_030,10.3535,11.3713,11.4829,11.5055,0,healthy,0.0,50.0,10.0603,0
SN_009083,LOT_030,10.9445,,11.9135,11.8621,0,healthy,0.0,50.0,10.0603,0
SN_009084,LOT_030,10.6766,11.3016,11.7094,11.8735,0,healthy,0.0,50.0,10.0603,0
SN_009085,LOT_030,14.3715,15.547,15.7301,15.4745,0,healthy,0.0,50.0,10.0603,0
SN_009086,LOT_030,9.3842,9.837,10.0993,10.0948,0,healthy,0.0,50.0,10.0603,0
SN_009087,LOT_030,9.1938,9.7872,9.9942,10.1191,0,healthy,0.0,50.0,10.0603,0
SN_009088,LOT_030,11.8496,12.6011,13.1826,13.2835,0,healthy,0.0,50.0,10.0603,0
SN_009089,LOT_030,12.4031,13.6467,13.9725,13.9359,0,healthy,0.0,50.0,10.0603,0
SN_009090,LOT_030,9.28,10.4219,10.9186,11.0417,0,healthy,0.0,50.0,10.0603,0
SN_009091,LOT_030,9.2924,10.1271,10.4772,10.7285,0,healthy,0.0,50.0,10.0603,0
SN_009092,LOT_030,7.9654,8.755,9.1122,9.3013,0,healthy,0.0,50.0,10.0603,0
SN_009093,LOT_030,12.1041,12.8832,13.1735,12.9345,0,healthy,0.0,50.0,10.0603,0
SN_009094,LOT_030,8.7743,9.7098,9.988,10.0119,0,healthy,0.0,50.0,10.0603,0
SN_009095,LOT_030,8.5909,9.028,9.2068,9.2385,0,healthy,0.0,50.0,10.0603,0
SN_009096,LOT_030,8.7253,9.7752,10.2383,10.4536,0,healthy,0.0,50.0,10.0603,0
SN_009097,LOT_030,11.0427,11.8725,11.8296,12.055,0,healthy,0.0,50.0,10.0603,0
SN_009098,LOT_030,10.3589,11.4683,12.2051,12.2221,0,healthy,0.0,50.0,10.0603,0
SN_009099,LOT_030,13.1436,,14.679,15.0116,0,healthy,0.0,50.0,10.0603,0
SN_009100,LOT_030,13.0816,13.7637,14.1513,14.1832,0,healthy,0.0,50.0,10.0603,0
SN_009101,LOT_030,10.0753,11.493,11.7719,12.0098,0,healthy,0.0,50.0,10.0603,0
SN_009102,LOT_030,9.3111,10.2935,10.4541,10.7661,0,healthy,0.0,50.0,10.0603,0
SN_009103,LOT_030,12.6463,13.6955,14.1299,14.3826,0,healthy,0.0,50.0,10.0603,0
SN_009104,LOT_030,10.2784,11.0444,11.696,11.8342,0,healthy,0.0,50.0,10.0603,0
SN_009105,LOT_030,8.9916,,10.3029,10.427,0,healthy,0.0,50.0,10.0603,0
SN_009106,LOT_030,12.699,13.3098,13.5106,13.623,0,healthy,0.0,50.0,10.0603,0
SN_009107,LOT_030,6.7548,7.1405,7.429,7.2863,0,healthy,0.0,50.0,10.0603,0
SN_009108,LOT_030,10.6353,11.413,11.7134,11.8263,0,healthy,0.0,50.0,10.0603,0
SN_009109,LOT_030,11.4899,12.8551,13.3815,13.5233,0,healthy,0.0,50.0,10.0603,0
SN_009110,LOT_030,9.1511,9.3886,9.5867,9.7093,0,healthy,0.0,50.0,10.0603,0
SN_009111,LOT_030,12.3057,13.8532,14.1667,14.5032,0,healthy,0.0,50.0,10.0603,0
SN_009112,LOT_030,11.6814,12.4327,12.8423,12.8089,0,healthy,0.0,50.0,10.0603,0
SN_009113,LOT_030,9.0857,9.9761,10.3141,10.3781,0,healthy,0.0,50.0,10.0603,0
SN_009114,LOT_030,9.5034,10.3086,10.6018,10.5277,0,healthy,0.0,50.0,10.0603,0
SN_009115,LOT_030,11.1228,11.8775,12.0131,12.1947,0,healthy,0.0,50.0,10.0603,0
SN_009116,LOT_030,10.3868,11.3393,11.6193,11.8957,0,healthy,0.0,50.0,10.0603,0
SN_009117,LOT_030,8.2211,9.0796,9.422,9.4813,0,healthy,0.0,50.0,10.0603,0
SN_009118,LOT_030,8.9065,10.2151,10.5736,10.5788,0,healthy,0.0,50.0,10.0603,0
SN_009119,LOT_030,9.7046,10.3345,10.2166,10.4598,0,healthy,0.0,50.0,10.0603,0
SN_009120,LOT_030,10.1505,11.274,11.5497,11.7874,0,healthy,0.0,50.0,10.0603,0
SN_009121,LOT_030,8.8351,10.0061,10.5772,10.604,0,healthy,0.0,50.0,10.0603,0
SN_009122,LOT_030,10.4127,10.8747,11.1184,11.0867,0,healthy,0.0,50.0,10.0603,0
SN_009123,LOT_030,10.2686,10.6307,10.8386,10.9111,0,healthy,0.0,50.0,10.0603,0
SN_009124,LOT_030,10.0941,10.5759,10.7136,10.7651,0,healthy,0.0,50.0,10.0603,0
SN_009125,LOT_030,8.4022,9.3654,9.7425,9.9422,0,healthy,0.0,50.0,10.0603,0
SN_009126,LOT_030,10.2856,11.0373,11.2502,11.2349,0,healthy,0.0,50.0,10.0603,0
SN_009127,LOT_030,9.4417,9.8827,10.0879,10.0995,0,healthy,0.0,50.0,10.0603,0
SN_009128,LOT_030,10.1695,10.8822,11.1107,11.1944,0,healthy,0.0,50.0,10.0603,0
SN_009129,LOT_030,8.2736,9.1329,9.3781,9.3575,0,healthy,0.0,50.0,10.0603,0
SN_009130,LOT_030,8.6362,9.1043,9.4936,9.5061,0,healthy,0.0,50.0,10.0603,0
SN_009131,LOT_030,10.1051,11.0728,11.5313,11.7328,0,healthy,0.0,50.0,10.0603,0
SN_009132,LOT_030,11.9555,13.6022,14.141,14.2763,0,healthy,0.0,50.0,10.0603,0
SN_009133,LOT_030,9.504,10.8018,11.1047,11.0911,0,healthy,0.0,50.0,10.0603,0
SN_009134,LOT_030,10.039,10.4807,10.6551,11.022,0,healthy,0.0,50.0,10.0603,0
SN_009135,LOT_030,11.1505,12.133,12.171,12.2855,0,healthy,0.0,50.0,10.0603,0
SN_009136,LOT_030,11.8581,12.9821,13.6567,13.7315,0,healthy,0.0,50.0,10.0603,0
SN_009137,LOT_030,11.6837,12.2359,12.3372,12.4883,0,healthy,0.0,50.0,10.0603,0
SN_009138,LOT_030,9.6264,,10.8535,11.0227,0,healthy,0.0,50.0,10.0603,0
SN_009139,LOT_030,9.6751,10.4252,10.6266,10.7401,0,healthy,0.0,50.0,10.0603,0
SN_009140,LOT_030,8.2488,8.9238,9.1059,9.25,0,healthy,0.0,50.0,10.0603,0
SN_009141,LOT_030,11.1462,12.3006,12.954,13.1869,0,healthy,0.0,50.0,10.0603,0
SN_009142,LOT_030,13.0634,13.5773,13.7253,14.0734,0,healthy,0.0,50.0,10.0603,0
SN_009143,LOT_030,10.1106,11.0343,11.2276,11.3366,0,healthy,0.0,50.0,10.0603,0
SN_009144,LOT_030,9.3808,9.6927,9.9626,9.8589,0,healthy,0.0,50.0,10.0603,0
SN_009145,LOT_030,10.981,12.2532,12.4702,12.4575,0,healthy,0.0,50.0,10.0603,0
SN_009146,LOT_030,10.6985,12.338,12.6137,12.7487,0,healthy,0.0,50.0,10.0603,0
SN_009147,LOT_030,10.6031,11.4598,11.602,11.6563,0,healthy,0.0,50.0,10.0603,0
SN_009148,LOT_030,8.6311,9.1096,9.224,9.4202,0,healthy,0.0,50.0,10.0603,0
SN_009149,LOT_030,36.3218,37.47,42.0598,46.2316,1,subtle_in_spec,0.4442,50.0,10.0603,0
SN_009150,LOT_030,7.3062,7.6344,7.8974,7.7233,0,healthy,0.0,50.0,10.0603,0
SN_009151,LOT_030,11.0872,11.7945,12.0359,12.5815,0,healthy,0.0,50.0,10.0603,0
SN_009152,LOT_030,12.5296,14.1071,14.6093,14.746,0,healthy,0.0,50.0,10.0603,0
SN_009153,LOT_030,8.304,8.9087,9.2427,9.3402,0,healthy,0.0,50.0,10.0603,0
SN_009154,LOT_030,10.6258,11.7176,12.0612,12.1467,0,healthy,0.0,50.0,10.0603,0
SN_009155,LOT_030,11.3205,12.0342,12.4804,12.5558,0,healthy,0.0,50.0,10.0603,0
SN_009156,LOT_030,8.2989,9.0964,9.4563,9.4739,0,healthy,0.0,50.0,10.0603,0
SN_009157,LOT_030,9.5826,10.4499,10.5858,10.8094,0,healthy,0.0,50.0,10.0603,0
SN_009158,LOT_030,10.0888,10.3366,10.6002,10.8435,0,healthy,0.0,50.0,10.0603,0
SN_009159,LOT_030,8.2834,8.7643,8.9069,8.8081,0,healthy,0.0,50.0,10.0603,0
SN_009160,LOT_030,,13.3761,13.8718,14.121,0,healthy,0.0,50.0,10.0603,0
SN_009161,LOT_030,12.9094,14.1387,14.4324,14.4885,0,healthy,0.0,50.0,10.0603,0
SN_009162,LOT_030,9.0624,9.495,9.5692,9.714,0,healthy,0.0,50.0,10.0603,0
SN_009163,LOT_030,9.6781,10.3458,10.6139,10.7415,0,healthy,0.0,50.0,10.0603,0
SN_009164,LOT_030,8.9963,10.1643,10.5784,10.8129,0,healthy,0.0,50.0,10.0603,0
SN_009165,LOT_030,10.2907,11.0047,11.1441,11.4504,0,healthy,0.0,50.0,10.0603,0
SN_009166,LOT_030,11.1415,,12.4869,12.5268,0,healthy,0.0,50.0,10.0603,0
SN_009167,LOT_030,9.6428,10.1492,10.2975,10.4554,0,healthy,0.0,50.0,10.0603,0
SN_009168,LOT_030,9.6893,10.5778,10.9592,11.3864,0,healthy,0.0,50.0,10.0603,0
SN_009169,LOT_030,9.9558,,11.4985,11.6434,0,healthy,0.0,50.0,10.0603,0
SN_009170,LOT_030,11.1798,12.2117,12.4522,12.7774,0,healthy,0.0,50.0,10.0603,0
SN_009171,LOT_030,9.3921,9.9288,10.0518,10.1638,0,healthy,0.0,50.0,10.0603,0
SN_009172,LOT_030,9.6855,10.8996,11.2838,11.4604,0,healthy,0.0,50.0,10.0603,0
SN_009173,LOT_030,9.0571,9.5505,9.5901,9.6721,0,healthy,0.0,50.0,10.0603,0
SN_009174,LOT_030,,10.3128,10.7479,11.1051,0,healthy,0.0,50.0,10.0603,0
SN_009175,LOT_030,10.5052,11.0613,11.0415,11.2417,0,healthy,0.0,50.0,10.0603,0
SN_009176,LOT_030,10.0521,11.0412,11.692,11.9184,0,healthy,0.0,50.0,10.0603,0
SN_009177,LOT_030,9.4773,10.5313,10.9908,11.3301,0,healthy,0.0,50.0,10.0603,0
SN_009178,LOT_030,11.6092,13.1969,13.4349,13.5086,0,healthy,0.0,50.0,10.0603,0
SN_009179,LOT_030,13.1872,14.1975,14.5826,14.9494,0,healthy,0.0,50.0,10.0603,0
SN_009180,LOT_030,7.5533,8.4114,8.5864,8.8198,0,healthy,0.0,50.0,10.0603,0
SN_009181,LOT_030,9.7136,10.0372,10.4542,10.5856,0,healthy,0.0,50.0,10.0603,0
SN_009182,LOT_030,9.0604,,10.4722,10.8115,0,healthy,0.0,50.0,10.0603,0
SN_009183,LOT_030,,,12.4478,12.6579,0,healthy,0.0,50.0,10.0603,0
SN_009184,LOT_030,10.2347,11.0332,11.5248,11.7229,0,healthy,0.0,50.0,10.0603,0
SN_009185,LOT_030,10.5478,11.0021,11.2229,11.3517,0,healthy,0.0,50.0,10.0603,0
SN_009186,LOT_030,9.5315,10.642,10.8918,11.1177,0,healthy,0.0,50.0,10.0603,0
SN_009187,LOT_030,10.0407,11.2533,11.4908,11.5883,0,healthy,0.0,50.0,10.0603,0
SN_009188,LOT_030,11.8828,13.5393,13.9995,14.2624,0,healthy,0.0,50.0,10.0603,0
SN_009189,LOT_030,11.3413,11.8975,11.9043,11.9782,0,healthy,0.0,50.0,10.0603,0
SN_009190,LOT_030,9.2307,9.6679,9.7021,9.8865,0,healthy,0.0,50.0,10.0603,0
SN_009191,LOT_030,7.7369,8.7086,8.947,8.9704,0,healthy,0.0,50.0,10.0603,0
SN_009192,LOT_030,12.4165,14.0163,14.2437,14.3525,0,healthy,0.0,50.0,10.0603,0
SN_009193,LOT_030,9.0562,9.8535,9.9972,10.1719,0,healthy,0.0,50.0,10.0603,0
SN_009194,LOT_030,8.9656,9.7626,10.4072,10.526,0,healthy,0.0,50.0,10.0603,0
SN_009195,LOT_030,11.2377,11.8364,11.9862,11.9368,0,healthy,0.0,50.0,10.0603,0
SN_009196,LOT_030,10.481,10.8772,11.0667,11.0991,0,healthy,0.0,50.0,10.0603,0
SN_009197,LOT_030,7.4611,8.0103,8.3169,8.2742,0,healthy,0.0,50.0,10.0603,0
SN_009198,LOT_030,11.0048,12.049,12.6787,12.873,0,healthy,0.0,50.0,10.0603,0
SN_009199,LOT_030,10.0523,10.8691,11.0288,11.3613,0,healthy,0.0,50.0,10.0603,0
SN_009200,LOT_030,9.4295,10.3383,10.6907,10.9725,0,healthy,0.0,50.0,10.0603,0
SN_009201,LOT_030,8.1627,8.6449,8.5949,8.7278,0,healthy,0.0,50.0,10.0603,0
SN_009202,LOT_030,10.2192,11.4107,11.7336,11.9417,0,healthy,0.0,50.0,10.0603,0
SN_009203,LOT_030,11.0719,12.0932,12.4427,12.5906,0,healthy,0.0,50.0,10.0603,0
SN_009204,LOT_030,11.6753,12.1318,12.3688,12.5024,0,healthy,0.0,50.0,10.0603,0
SN_009205,LOT_031,13.885,14.8175,15.4093,15.7295,0,healthy,0.0,50.0,13.4905,0
SN_009206,LOT_031,15.1041,16.2385,16.7514,17.1412,0,healthy,0.0,50.0,13.4905,0
SN_009207,LOT_031,12.8761,14.0216,14.3493,14.5366,0,healthy,0.0,50.0,13.4905,0
SN_009208,LOT_031,13.6245,14.3145,14.6374,14.9413,0,healthy,0.0,50.0,13.4905,0
SN_009209,LOT_031,14.5845,15.5101,15.4766,15.6756,0,healthy,0.0,50.0,13.4905,0
SN_009210,LOT_031,14.2378,15.7796,16.4423,16.6491,0,healthy,0.0,50.0,13.4905,0
SN_009211,LOT_031,12.6496,13.3411,13.434,13.4566,0,healthy,0.0,50.0,13.4905,0
SN_009212,LOT_031,13.3904,13.981,14.1103,14.1337,0,healthy,0.0,50.0,13.4905,0
SN_009213,LOT_031,11.2962,11.9487,12.2718,12.4441,0,healthy,0.0,50.0,13.4905,0
SN_009214,LOT_031,15.364,16.8785,17.1754,17.5204,0,healthy,0.0,50.0,13.4905,0
SN_009215,LOT_031,13.9406,15.5561,16.413,16.6529,0,healthy,0.0,50.0,13.4905,0
SN_009216,LOT_031,14.5696,15.1309,15.6753,15.7254,0,healthy,0.0,50.0,13.4905,0
SN_009217,LOT_031,16.2013,16.8806,17.278,17.0661,0,healthy,0.0,50.0,13.4905,0
SN_009218,LOT_031,14.0597,14.4509,14.8872,14.8355,0,healthy,0.0,50.0,13.4905,0
SN_009219,LOT_031,13.5457,14.4799,15.0248,15.1346,0,healthy,0.0,50.0,13.4905,0
SN_009220,LOT_031,13.3426,14.0838,14.5483,14.7029,0,healthy,0.0,50.0,13.4905,0
SN_009221,LOT_031,13.6862,14.2875,14.4047,14.4925,0,healthy,0.0,50.0,13.4905,0
SN_009222,LOT_031,12.7364,14.2765,15.034,15.2639,0,healthy,0.0,50.0,13.4905,0
SN_009223,LOT_031,14.3487,15.028,15.3856,15.3887,0,healthy,0.0,50.0,13.4905,0
SN_009224,LOT_031,13.0191,14.4979,15.111,15.1536,0,healthy,0.0,50.0,13.4905,0
SN_009225,LOT_031,13.8571,14.99,15.7136,16.0158,0,healthy,0.0,50.0,13.4905,0
SN_009226,LOT_031,13.6476,14.9775,15.392,15.7667,0,healthy,0.0,50.0,13.4905,0
SN_009227,LOT_031,12.9223,14.5172,14.9047,15.0691,0,healthy,0.0,50.0,13.4905,0
SN_009228,LOT_031,13.136,13.8819,14.2042,14.2124,0,healthy,0.0,50.0,13.4905,0
SN_009229,LOT_031,12.8877,13.7957,14.1385,14.4349,0,healthy,0.0,50.0,13.4905,0
SN_009230,LOT_031,13.4083,14.8855,15.5421,15.8431,0,healthy,0.0,50.0,13.4905,0
SN_009231,LOT_031,12.2776,12.9885,13.3768,13.5058,0,healthy,0.0,50.0,13.4905,0
SN_009232,LOT_031,14.9379,15.6529,15.5823,15.6617,0,healthy,0.0,50.0,13.4905,0
SN_009233,LOT_031,14.2976,16.0537,16.1793,16.4379,0,healthy,0.0,50.0,13.4905,0
SN_009234,LOT_031,13.6122,13.9748,14.3725,14.4719,0,healthy,0.0,50.0,13.4905,0
SN_009235,LOT_031,12.4631,14.0941,14.2276,14.5758,0,healthy,0.0,50.0,13.4905,0
SN_009236,LOT_031,12.4542,13.3382,13.3795,13.7588,0,healthy,0.0,50.0,13.4905,0
SN_009237,LOT_031,13.3947,15.2658,15.5541,15.7059,0,healthy,0.0,50.0,13.4905,0
SN_009238,LOT_031,14.1363,15.6479,15.902,16.3658,0,healthy,0.0,50.0,13.4905,0
SN_009239,LOT_031,13.9874,15.4019,15.7912,16.2032,0,healthy,0.0,50.0,13.4905,0
SN_009240,LOT_031,14.1478,15.2968,15.8574,15.9749,0,healthy,0.0,50.0,13.4905,0
SN_009241,LOT_031,13.0971,13.9269,14.5411,14.7266,0,healthy,0.0,50.0,13.4905,0
SN_009242,LOT_031,13.1705,14.6319,15.3623,15.7436,0,healthy,0.0,50.0,13.4905,0
SN_009243,LOT_031,14.183,15.981,16.4419,16.7395,0,healthy,0.0,50.0,13.4905,0
SN_009244,LOT_031,12.4673,14.2044,14.7895,14.9502,0,healthy,0.0,50.0,13.4905,0
SN_009245,LOT_031,11.6898,12.2045,12.6501,12.6862,0,healthy,0.0,50.0,13.4905,0
SN_009246,LOT_031,13.8999,14.4396,15.0437,15.1632,0,healthy,0.0,50.0,13.4905,0
SN_009247,LOT_031,13.2117,14.5545,15.3813,15.9394,0,healthy,0.0,50.0,13.4905,0
SN_009248,LOT_031,12.4063,13.1272,13.612,13.747,0,healthy,0.0,50.0,13.4905,0
SN_009249,LOT_031,13.3051,14.9692,15.2973,15.7255,0,healthy,0.0,50.0,13.4905,0
SN_009250,LOT_031,14.062,15.1848,15.5962,16.0174,0,healthy,0.0,50.0,13.4905,0
SN_009251,LOT_031,12.9891,,14.6011,14.7145,0,healthy,0.0,50.0,13.4905,0
SN_009252,LOT_031,16.132,17.165,17.6731,17.9041,0,healthy,0.0,50.0,13.4905,0
SN_009253,LOT_031,13.5742,14.8319,15.7357,16.048,0,healthy,0.0,50.0,13.4905,0
SN_009254,LOT_031,11.6666,12.8648,13.1589,13.3882,0,healthy,0.0,50.0,13.4905,0
SN_009255,LOT_031,12.5832,13.8478,14.0152,14.1268,0,healthy,0.0,50.0,13.4905,0
SN_009256,LOT_031,13.6703,15.0246,15.5975,15.7984,0,healthy,0.0,50.0,13.4905,0
SN_009257,LOT_031,13.3207,14.3825,14.6342,14.8993,0,healthy,0.0,50.0,13.4905,0
SN_009258,LOT_031,14.129,15.3288,16.1448,16.7234,0,healthy,0.0,50.0,13.4905,0
SN_009259,LOT_031,12.6447,14.0167,14.7337,15.1173,0,healthy,0.0,50.0,13.4905,0
SN_009260,LOT_031,13.3228,14.4974,14.7274,15.1772,0,healthy,0.0,50.0,13.4905,0
SN_009261,LOT_031,15.1798,16.8055,17.2522,17.5781,0,healthy,0.0,50.0,13.4905,0
SN_009262,LOT_031,12.7653,14.3994,14.7822,15.032,0,healthy,0.0,50.0,13.4905,0
SN_009263,LOT_031,11.8225,12.7346,13.2371,13.5669,0,healthy,0.0,50.0,13.4905,0
SN_009264,LOT_031,13.303,14.5941,14.6807,15.1397,0,healthy,0.0,50.0,13.4905,0
SN_009265,LOT_031,13.8202,15.444,15.5686,15.7267,0,healthy,0.0,50.0,13.4905,0
SN_009266,LOT_031,14.0473,14.338,14.5811,15.0315,0,healthy,0.0,50.0,13.4905,0
SN_009267,LOT_031,14.5069,15.3763,15.7822,15.9461,0,healthy,0.0,50.0,13.4905,0
SN_009268,LOT_031,,16.3908,16.7328,17.0865,0,healthy,0.0,50.0,13.4905,0
SN_009269,LOT_031,13.8936,15.6673,16.1149,16.4442,0,healthy,0.0,50.0,13.4905,0
SN_009270,LOT_031,13.1846,15.0533,15.3379,15.6533,0,healthy,0.0,50.0,13.4905,0
SN_009271,LOT_031,12.3816,12.8944,13.2995,13.1563,0,healthy,0.0,50.0,13.4905,0
SN_009272,LOT_031,12.1964,13.5042,14.1619,14.3534,0,healthy,0.0,50.0,13.4905,0
SN_009273,LOT_031,14.1659,15.0618,15.268,15.1967,0,healthy,0.0,50.0,13.4905,0
SN_009274,LOT_031,12.7432,13.3977,13.7548,13.6917,0,healthy,0.0,50.0,13.4905,0
SN_009275,LOT_031,12.4812,14.2008,14.6403,14.624,0,healthy,0.0,50.0,13.4905,0
SN_009276,LOT_031,13.1684,14.1718,14.8881,15.098,0,healthy,0.0,50.0,13.4905,0
SN_009277,LOT_031,14.1495,15.5751,16.2785,16.5991,0,healthy,0.0,50.0,13.4905,0
SN_009278,LOT_031,12.2695,13.5326,13.9774,14.1482,0,healthy,0.0,50.0,13.4905,0
SN_009279,LOT_031,12.9305,13.8628,13.9037,13.9984,0,healthy,0.0,50.0,13.4905,0
SN_009280,LOT_031,12.8462,13.7382,14.416,14.5213,0,healthy,0.0,50.0,13.4905,0
SN_009281,LOT_031,12.5332,,13.8715,13.7942,0,healthy,0.0,50.0,13.4905,0
SN_009282,LOT_031,12.7299,13.6072,14.036,14.2171,0,healthy,0.0,50.0,13.4905,0
SN_009283,LOT_031,13.21,14.6933,15.048,15.5996,0,healthy,0.0,50.0,13.4905,0
SN_009284,LOT_031,13.8072,21.0895,26.579,29.9015,1,nbti_ageing,0.6386,50.0,13.4905,0
SN_009285,LOT_031,12.8073,14.2277,14.4889,14.7758,0,healthy,0.0,50.0,13.4905,0
SN_009286,LOT_031,13.9526,15.3935,15.8173,15.7808,0,healthy,0.0,50.0,13.4905,0
SN_009287,LOT_031,11.9117,12.8932,13.2365,13.3522,0,healthy,0.0,50.0,13.4905,0
SN_009288,LOT_031,13.5961,14.4038,15.1225,15.1879,0,healthy,0.0,50.0,13.4905,0
SN_009289,LOT_031,12.0259,12.6958,13.0305,12.9095,0,healthy,0.0,50.0,13.4905,0
SN_009290,LOT_031,16.401,17.3162,17.6832,17.7246,0,healthy,0.0,50.0,13.4905,0
SN_009291,LOT_031,13.8724,14.6028,14.9534,15.0367,0,healthy,0.0,50.0,13.4905,0
SN_009292,LOT_031,12.7638,13.5528,13.88,14.0653,0,healthy,0.0,50.0,13.4905,0
SN_009293,LOT_031,12.3108,13.2235,13.62,13.9372,0,healthy,0.0,50.0,13.4905,0
SN_009294,LOT_031,14.0518,14.8733,14.9436,14.9516,0,healthy,0.0,50.0,13.4905,0
SN_009295,LOT_031,14.5532,15.5152,15.8571,15.7974,0,healthy,0.0,50.0,13.4905,0
SN_009296,LOT_031,,15.3854,15.7179,15.8786,0,healthy,0.0,50.0,13.4905,0
SN_009297,LOT_031,12.9347,13.8673,14.348,14.4176,0,healthy,0.0,50.0,13.4905,0
SN_009298,LOT_031,14.9602,16.0585,16.6937,16.953,0,healthy,0.0,50.0,13.4905,0
SN_009299,LOT_031,13.2795,15.0133,15.6497,15.4665,0,healthy,0.0,50.0,13.4905,0
SN_009300,LOT_031,14.3402,14.8211,15.1887,15.3649,0,healthy,0.0,50.0,13.4905,0
SN_009301,LOT_031,12.7754,13.7298,14.1133,14.128,0,healthy,0.0,50.0,13.4905,0
SN_009302,LOT_031,11.4212,12.4169,12.8445,13.0294,0,healthy,0.0,50.0,13.4905,0
SN_009303,LOT_031,15.0521,15.3967,15.6015,15.8413,0,healthy,0.0,50.0,13.4905,0
SN_009304,LOT_031,14.4672,15.2487,15.5475,15.6422,0,healthy,0.0,50.0,13.4905,0
SN_009305,LOT_031,12.8728,13.9447,14.1962,14.4697,0,healthy,0.0,50.0,13.4905,0
SN_009306,LOT_031,12.7598,13.8917,14.7119,14.98,0,healthy,0.0,50.0,13.4905,0
SN_009307,LOT_031,12.3427,13.0382,13.3072,13.2729,0,healthy,0.0,50.0,13.4905,0
SN_009308,LOT_031,15.0353,16.421,16.8937,17.111,0,healthy,0.0,50.0,13.4905,0
SN_009309,LOT_031,13.1121,14.6169,14.927,14.9291,0,healthy,0.0,50.0,13.4905,0
SN_009310,LOT_031,14.6191,15.3636,15.7017,15.6754,0,healthy,0.0,50.0,13.4905,0
SN_009311,LOT_031,14.6998,,16.1586,16.8228,0,healthy,0.0,50.0,13.4905,0
SN_009312,LOT_031,14.6369,16.1273,16.3801,16.6328,0,healthy,0.0,50.0,13.4905,0
SN_009313,LOT_031,12.6403,13.2747,13.3089,13.5966,0,healthy,0.0,50.0,13.4905,0
SN_009314,LOT_031,14.7176,16.0976,16.7638,16.7647,0,healthy,0.0,50.0,13.4905,0
SN_009315,LOT_031,14.9143,15.6768,16.2678,16.0053,0,healthy,0.0,50.0,13.4905,0
SN_009316,LOT_031,12.8559,,15.0064,15.547,0,healthy,0.0,50.0,13.4905,0
SN_009317,LOT_031,14.137,15.0895,15.7203,16.0056,0,healthy,0.0,50.0,13.4905,0
SN_009318,LOT_031,12.2965,13.4332,13.4478,13.7058,0,healthy,0.0,50.0,13.4905,0
SN_009319,LOT_031,12.3481,13.3392,14.028,14.3258,0,healthy,0.0,50.0,13.4905,0
SN_009320,LOT_031,13.03,,15.1756,15.3301,0,healthy,0.0,50.0,13.4905,0
SN_009321,LOT_031,13.0986,14.2559,14.6455,14.9299,0,healthy,0.0,50.0,13.4905,0
SN_009322,LOT_031,14.9147,15.6381,16.0495,16.2109,0,healthy,0.0,50.0,13.4905,0
SN_009323,LOT_031,15.0328,16.6667,17.7455,17.9489,0,healthy,0.0,50.0,13.4905,0
SN_009324,LOT_031,13.0744,14.2298,14.981,15.3357,0,healthy,0.0,50.0,13.4905,0
SN_009325,LOT_031,11.9921,12.684,12.9141,13.3602,0,healthy,0.0,50.0,13.4905,0
SN_009326,LOT_031,,13.6053,13.9778,14.0064,0,healthy,0.0,50.0,13.4905,0
SN_009327,LOT_031,14.5021,16.0494,16.6187,17.0585,0,healthy,0.0,50.0,13.4905,0
SN_009328,LOT_031,12.0478,12.7837,13.0429,13.2344,0,healthy,0.0,50.0,13.4905,0
SN_009329,LOT_031,13.663,14.5164,14.5733,14.6259,0,healthy,0.0,50.0,13.4905,0
SN_009330,LOT_031,11.9686,12.7754,13.2598,13.3474,0,healthy,0.0,50.0,13.4905,0
SN_009331,LOT_031,14.659,15.3266,15.4922,15.6862,0,healthy,0.0,50.0,13.4905,0
SN_009332,LOT_031,12.8712,14.2712,14.4153,14.8228,0,healthy,0.0,50.0,13.4905,0
SN_009333,LOT_031,12.074,12.5418,12.8033,12.993,0,healthy,0.0,50.0,13.4905,0
SN_009334,LOT_031,13.5785,15.0381,15.2086,15.5304,0,healthy,0.0,50.0,13.4905,0
SN_009335,LOT_031,11.7304,12.7473,13.0174,13.2759,0,healthy,0.0,50.0,13.4905,0
SN_009336,LOT_031,11.7887,13.1956,13.4179,13.6891,0,healthy,0.0,50.0,13.4905,0
SN_009337,LOT_031,14.9502,15.4668,15.8182,15.6884,0,healthy,0.0,50.0,13.4905,0
SN_009338,LOT_031,10.8108,12.0685,12.4835,12.6774,0,healthy,0.0,50.0,13.4905,0
SN_009339,LOT_031,12.7357,13.5184,13.8347,13.8582,0,healthy,0.0,50.0,13.4905,0
SN_009340,LOT_031,13.4434,14.7782,15.3671,15.4787,0,healthy,0.0,50.0,13.4905,0
SN_009341,LOT_031,13.1224,14.6716,15.0478,15.3519,0,healthy,0.0,50.0,13.4905,0
SN_009342,LOT_031,14.3759,15.2408,15.6198,15.6944,0,healthy,0.0,50.0,13.4905,0
SN_009343,LOT_031,14.4565,15.235,15.5679,15.757,0,healthy,0.0,50.0,13.4905,0
SN_009344,LOT_031,11.862,13.696,13.9543,13.9691,0,healthy,0.0,50.0,13.4905,0
SN_009345,LOT_031,11.6014,12.9637,13.307,13.5775,0,healthy,0.0,50.0,13.4905,0
SN_009346,LOT_031,13.7861,14.5595,14.9185,14.8404,0,healthy,0.0,50.0,13.4905,0
SN_009347,LOT_031,12.3042,13.4444,13.8845,14.0105,0,healthy,0.0,50.0,13.4905,0
SN_009348,LOT_031,12.7387,14.0289,14.2694,14.3441,0,healthy,0.0,50.0,13.4905,0
SN_009349,LOT_031,12.9697,13.7788,13.9445,14.1922,0,healthy,0.0,50.0,13.4905,0
SN_009350,LOT_031,14.7514,,16.1622,16.4799,0,healthy,0.0,50.0,13.4905,0
SN_009351,LOT_031,12.7203,13.6131,13.7117,13.9275,0,healthy,0.0,50.0,13.4905,0
SN_009352,LOT_031,13.8266,13.8891,14.5646,14.5639,0,healthy,0.0,50.0,13.4905,0
SN_009353,LOT_031,13.2525,15.2653,15.4462,15.5672,0,healthy,0.0,50.0,13.4905,0
SN_009354,LOT_031,12.1562,12.4368,12.7927,12.7595,0,healthy,0.0,50.0,13.4905,0
SN_009355,LOT_031,12.7687,13.2476,13.4601,13.4923,0,healthy,0.0,50.0,13.4905,0
SN_009356,LOT_031,12.151,12.5589,12.8392,13.0174,0,healthy,0.0,50.0,13.4905,0
SN_009357,LOT_031,13.6044,14.6394,14.9012,15.2565,0,healthy,0.0,50.0,13.4905,0
SN_009358,LOT_031,14.1783,14.8353,15.0409,15.301,0,healthy,0.0,50.0,13.4905,0
SN_009359,LOT_031,13.7107,14.7633,15.13,15.582,0,healthy,0.0,50.0,13.4905,0
SN_009360,LOT_031,13.4088,14.0108,14.2173,14.3126,0,healthy,0.0,50.0,13.4905,0
SN_009361,LOT_031,14.562,15.5227,15.7841,15.8905,0,healthy,0.0,50.0,13.4905,0
SN_009362,LOT_031,15.4148,15.8665,16.0888,16.3558,0,healthy,0.0,50.0,13.4905,0
SN_009363,LOT_031,14.0955,15.4205,15.6767,15.9181,0,healthy,0.0,50.0,13.4905,0
SN_009364,LOT_031,12.7167,13.7038,13.6922,13.788,0,healthy,0.0,50.0,13.4905,0
SN_009365,LOT_031,13.1345,14.5732,14.9651,15.3759,0,healthy,0.0,50.0,13.4905,0
SN_009366,LOT_031,12.5636,13.4493,13.9615,14.4218,0,healthy,0.0,50.0,13.4905,0
SN_009367,LOT_031,13.2029,14.7401,14.704,14.7885,0,healthy,0.0,50.0,13.4905,0
SN_009368,LOT_031,13.7666,14.596,15.0978,15.3765,0,healthy,0.0,50.0,13.4905,0
SN_009369,LOT_031,14.1284,15.3491,15.567,15.7846,0,healthy,0.0,50.0,13.4905,0
SN_009370,LOT_031,12.7986,13.8409,14.1981,14.197,0,healthy,0.0,50.0,13.4905,0
SN_009371,LOT_031,14.8508,15.7148,15.8167,16.0778,0,healthy,0.0,50.0,13.4905,0
SN_009372,LOT_031,14.3316,14.8796,15.6339,15.4961,0,healthy,0.0,50.0,13.4905,0
SN_009373,LOT_031,,13.715,14.3868,14.4675,0,healthy,0.0,50.0,13.4905,0
SN_009374,LOT_031,15.3596,,17.4134,17.5369,0,healthy,0.0,50.0,13.4905,0
SN_009375,LOT_031,14.4616,16.1113,16.243,16.5919,0,healthy,0.0,50.0,13.4905,0
SN_009376,LOT_031,13.7509,15.1409,15.4975,15.4308,0,healthy,0.0,50.0,13.4905,0
SN_009377,LOT_031,12.7918,14.0881,14.5344,14.1377,0,healthy,0.0,50.0,13.4905,0
SN_009378,LOT_031,12.8324,14.5606,14.8381,15.1335,0,healthy,0.0,50.0,13.4905,0
SN_009379,LOT_031,13.1103,14.3232,14.7602,14.7545,0,healthy,0.0,50.0,13.4905,0
SN_009380,LOT_031,12.6107,13.5733,14.0624,14.1099,0,healthy,0.0,50.0,13.4905,0
SN_009381,LOT_031,14.3827,15.124,15.6505,15.4256,0,healthy,0.0,50.0,13.4905,0
SN_009382,LOT_031,12.7577,13.8285,14.5953,14.7218,0,healthy,0.0,50.0,13.4905,0
SN_009383,LOT_031,14.7428,16.2921,16.8963,17.3971,0,healthy,0.0,50.0,13.4905,0
SN_009384,LOT_031,13.5771,14.3539,14.528,14.932,0,healthy,0.0,50.0,13.4905,0
SN_009385,LOT_031,,12.5857,12.9874,13.1999,0,healthy,0.0,50.0,13.4905,0
SN_009386,LOT_031,15.9547,17.4476,17.7775,17.8457,0,healthy,0.0,50.0,13.4905,0
SN_009387,LOT_031,14.8823,16.0534,16.6136,16.7303,0,healthy,0.0,50.0,13.4905,0
SN_009388,LOT_031,13.0251,14.5757,15.3586,15.5705,0,healthy,0.0,50.0,13.4905,0
SN_009389,LOT_031,14.9854,16.2232,16.9546,17.2416,0,healthy,0.0,50.0,13.4905,0
SN_009390,LOT_031,12.9511,13.974,14.5232,14.7637,0,healthy,0.0,50.0,13.4905,0
SN_009391,LOT_031,12.9254,,14.447,14.5878,0,healthy,0.0,50.0,13.4905,0
SN_009392,LOT_031,12.7968,13.2961,13.3214,13.2724,0,healthy,0.0,50.0,13.4905,0
SN_009393,LOT_031,12.4995,13.775,14.2991,14.5782,0,healthy,0.0,50.0,13.4905,0
SN_009394,LOT_031,14.5907,15.6003,16.0097,16.2995,0,healthy,0.0,50.0,13.4905,0
SN_009395,LOT_031,12.8251,13.563,13.8908,13.9271,0,healthy,0.0,50.0,13.4905,0
SN_009396,LOT_031,13.6527,14.1257,14.4383,14.4874,0,healthy,0.0,50.0,13.4905,0
SN_009397,LOT_031,12.6611,14.5729,14.9478,15.2389,0,healthy,0.0,50.0,13.4905,0
SN_009398,LOT_031,12.5769,13.2474,13.5623,13.6121,0,healthy,0.0,50.0,13.4905,0
SN_009399,LOT_031,12.1922,13.3426,14.072,14.2496,0,healthy,0.0,50.0,13.4905,0
SN_009400,LOT_031,13.3729,14.328,14.4031,14.6414,0,healthy,0.0,50.0,13.4905,0
SN_009401,LOT_031,13.2731,14.5692,15.1009,15.5938,0,healthy,0.0,50.0,13.4905,0
SN_009402,LOT_031,11.68,12.2537,12.6265,12.6235,0,healthy,0.0,50.0,13.4905,0
SN_009403,LOT_031,13.8985,15.7736,16.5351,16.6045,0,healthy,0.0,50.0,13.4905,0
SN_009404,LOT_031,15.9582,17.8413,18.3183,18.6152,0,healthy,0.0,50.0,13.4905,0
SN_009405,LOT_031,14.6301,15.9793,16.5439,17.0566,0,healthy,0.0,50.0,13.4905,0
SN_009406,LOT_031,13.8088,15.2907,15.7769,15.9983,0,healthy,0.0,50.0,13.4905,0
SN_009407,LOT_031,13.6092,15.027,15.4551,15.8285,0,healthy,0.0,50.0,13.4905,0
SN_009408,LOT_031,13.9692,15.0339,15.448,15.3707,0,healthy,0.0,50.0,13.4905,0
SN_009409,LOT_031,14.6203,15.2933,15.2696,15.5614,0,healthy,0.0,50.0,13.4905,0
SN_009410,LOT_031,15.9755,16.9981,17.4556,17.8613,0,healthy,0.0,50.0,13.4905,0
SN_009411,LOT_031,12.1876,12.704,12.7687,12.8326,0,healthy,0.0,50.0,13.4905,0
SN_009412,LOT_031,13.0888,13.5351,13.9386,13.9873,0,healthy,0.0,50.0,13.4905,0
SN_009413,LOT_031,14.2854,15.4868,16.1752,16.2459,0,healthy,0.0,50.0,13.4905,0
SN_009414,LOT_031,14.3713,15.5836,16.1365,16.1245,0,healthy,0.0,50.0,13.4905,0
SN_009415,LOT_031,,14.1057,14.5991,14.8008,0,healthy,0.0,50.0,13.4905,0
SN_009416,LOT_031,,13.4227,13.8408,14.0141,0,healthy,0.0,50.0,13.4905,0
SN_009417,LOT_031,13.973,15.7148,16.0769,16.1756,0,healthy,0.0,50.0,13.4905,0
SN_009418,LOT_031,14.9025,15.7252,15.8052,15.8479,0,healthy,0.0,50.0,13.4905,0
SN_009419,LOT_031,12.6124,13.8796,13.7576,14.0055,0,healthy,0.0,50.0,13.4905,0
SN_009420,LOT_031,12.4958,13.144,13.5444,13.6372,0,healthy,0.0,50.0,13.4905,0
SN_009421,LOT_031,14.8877,16.0561,16.3544,16.8364,0,healthy,0.0,50.0,13.4905,0
SN_009422,LOT_031,13.2216,13.8954,14.1076,14.3045,0,healthy,0.0,50.0,13.4905,0
SN_009423,LOT_031,12.9535,13.1754,13.7162,13.5692,0,healthy,0.0,50.0,13.4905,0
SN_009424,LOT_031,13.2935,15.1113,15.6105,15.7772,0,healthy,0.0,50.0,13.4905,0
SN_009425,LOT_031,13.4498,14.3627,14.6799,14.8836,0,healthy,0.0,50.0,13.4905,0
SN_009426,LOT_031,15.3424,17.0054,17.8604,18.3736,0,healthy,0.0,50.0,13.4905,0
SN_009427,LOT_031,13.83,14.7973,15.0525,15.4821,0,healthy,0.0,50.0,13.4905,0
SN_009428,LOT_031,,15.3448,15.8546,16.0562,0,healthy,0.0,50.0,13.4905,0
SN_009429,LOT_031,14.3846,16.0956,16.236,16.6956,0,healthy,0.0,50.0,13.4905,0
SN_009430,LOT_031,13.6703,14.8514,15.2918,15.262,0,healthy,0.0,50.0,13.4905,0
SN_009431,LOT_031,12.1045,13.2823,13.9471,14.2865,0,healthy,0.0,50.0,13.4905,0
SN_009432,LOT_031,11.9356,,13.9817,13.9585,0,healthy,0.0,50.0,13.4905,0
SN_009433,LOT_031,14.3021,16.2182,16.578,16.8887,0,healthy,0.0,50.0,13.4905,0
SN_009434,LOT_031,12.7984,13.3175,13.3918,13.5902,0,healthy,0.0,50.0,13.4905,0
SN_009435,LOT_031,15.0839,,17.0022,17.0741,0,healthy,0.0,50.0,13.4905,0
SN_009436,LOT_031,12.4545,13.9916,14.5563,14.7802,0,healthy,0.0,50.0,13.4905,0
SN_009437,LOT_031,13.4403,14.0176,14.3322,14.354,0,healthy,0.0,50.0,13.4905,0
SN_009438,LOT_031,14.6342,15.9835,16.2053,16.4288,0,healthy,0.0,50.0,13.4905,0
SN_009439,LOT_031,13.184,13.8523,14.1475,14.2651,0,healthy,0.0,50.0,13.4905,0
SN_009440,LOT_031,11.9073,12.6616,13.111,13.041,0,healthy,0.0,50.0,13.4905,0
SN_009441,LOT_031,13.2222,14.0304,14.3703,14.6232,0,healthy,0.0,50.0,13.4905,0
SN_009442,LOT_031,13.9435,15.5682,15.8809,15.9187,0,healthy,0.0,50.0,13.4905,0
SN_009443,LOT_031,13.3587,13.9116,14.4177,14.5169,0,healthy,0.0,50.0,13.4905,0
SN_009444,LOT_031,12.6318,13.6718,13.834,14.1527,0,healthy,0.0,50.0,13.4905,0
SN_009445,LOT_031,12.3674,12.7857,13.1813,12.8206,0,healthy,0.0,50.0,13.4905,0
SN_009446,LOT_031,14.9403,15.9115,16.1545,16.5629,0,healthy,0.0,50.0,13.4905,0
SN_009447,LOT_031,13.4795,14.8678,15.4909,15.6788,0,healthy,0.0,50.0,13.4905,0
SN_009448,LOT_031,13.5428,14.6432,14.8057,15.2232,0,healthy,0.0,50.0,13.4905,0
SN_009449,LOT_031,13.7429,14.3284,14.6042,14.8056,0,healthy,0.0,50.0,13.4905,0
SN_009450,LOT_031,15.0811,16.7619,17.6317,18.236,0,healthy,0.0,50.0,13.4905,0
SN_009451,LOT_031,14.3386,16.1166,16.698,16.877,0,healthy,0.0,50.0,13.4905,0
SN_009452,LOT_031,13.9607,14.8426,15.3842,15.8082,0,healthy,0.0,50.0,13.4905,0
SN_009453,LOT_031,13.3104,13.7248,14.2325,14.4421,0,healthy,0.0,50.0,13.4905,0
SN_009454,LOT_031,13.1366,13.8279,14.1133,14.1831,0,healthy,0.0,50.0,13.4905,0
SN_009455,LOT_031,,13.8504,14.1448,13.9601,0,healthy,0.0,50.0,13.4905,0
SN_009456,LOT_031,12.6579,13.5524,14.2187,14.3681,0,healthy,0.0,50.0,13.4905,0
SN_009457,LOT_031,13.9428,15.158,15.653,16.2097,0,healthy,0.0,50.0,13.4905,0
SN_009458,LOT_031,11.4926,12.6782,13.291,13.4009,0,healthy,0.0,50.0,13.4905,0
SN_009459,LOT_031,14.3876,16.154,16.7922,17.1058,0,healthy,0.0,50.0,13.4905,0
SN_009460,LOT_031,13.2679,14.4777,15.1705,15.3267,0,healthy,0.0,50.0,13.4905,0
SN_009461,LOT_031,12.7801,13.3781,13.4869,13.59,0,healthy,0.0,50.0,13.4905,0
SN_009462,LOT_031,13.2505,14.3364,14.7059,14.7182,0,healthy,0.0,50.0,13.4905,0
SN_009463,LOT_031,13.6964,14.876,14.8954,15.19,0,healthy,0.0,50.0,13.4905,0
SN_009464,LOT_031,12.8999,13.7448,14.0349,14.3522,0,healthy,0.0,50.0,13.4905,0
SN_009465,LOT_031,14.2473,16.2025,16.6458,16.8401,0,healthy,0.0,50.0,13.4905,0
SN_009466,LOT_031,13.4413,14.9067,15.0609,15.2994,0,healthy,0.0,50.0,13.4905,0
SN_009467,LOT_031,13.517,15.2405,15.7139,15.8409,0,healthy,0.0,50.0,13.4905,0
SN_009468,LOT_031,15.6796,16.0616,16.5225,17.0442,0,healthy,0.0,50.0,13.4905,0
SN_009469,LOT_031,13.4037,14.0375,14.3428,14.2699,0,healthy,0.0,50.0,13.4905,0
SN_009470,LOT_031,13.0161,,14.9891,15.3048,0,healthy,0.0,50.0,13.4905,0
SN_009471,LOT_031,12.1247,12.6051,12.9566,12.8887,0,healthy,0.0,50.0,13.4905,0
SN_009472,LOT_031,13.7764,15.1348,15.4237,15.9215,0,healthy,0.0,50.0,13.4905,0
SN_009473,LOT_031,13.6054,14.2174,14.5669,14.4938,0,healthy,0.0,50.0,13.4905,0
SN_009474,LOT_031,12.2996,13.2539,13.7098,13.9024,0,healthy,0.0,50.0,13.4905,0
SN_009475,LOT_031,13.5211,15.149,15.6664,16.019,0,healthy,0.0,50.0,13.4905,0
SN_009476,LOT_031,14.2668,14.895,15.2126,15.1446,0,healthy,0.0,50.0,13.4905,0
SN_009477,LOT_031,13.377,14.9454,15.6742,15.8435,0,healthy,0.0,50.0,13.4905,0
SN_009478,LOT_031,13.9801,15.2076,15.7562,15.7788,0,healthy,0.0,50.0,13.4905,0
SN_009479,LOT_031,13.4155,14.9685,15.1367,15.4469,0,healthy,0.0,50.0,13.4905,0
SN_009480,LOT_031,12.7371,13.93,14.3305,14.5968,0,healthy,0.0,50.0,13.4905,0
SN_009481,LOT_031,11.6762,12.7062,12.9717,13.2391,0,healthy,0.0,50.0,13.4905,0
SN_009482,LOT_031,12.4887,14.1022,14.426,14.7314,0,healthy,0.0,50.0,13.4905,0
SN_009483,LOT_031,13.4036,14.2237,14.2361,14.5015,0,healthy,0.0,50.0,13.4905,0
SN_009484,LOT_031,12.4604,13.2952,13.499,13.687,0,healthy,0.0,50.0,13.4905,0
SN_009485,LOT_031,13.3909,14.1785,14.7206,14.6973,0,healthy,0.0,50.0,13.4905,0
SN_009486,LOT_031,14.8965,,16.4609,16.324,0,healthy,0.0,50.0,13.4905,0
SN_009487,LOT_031,,12.1445,12.5282,12.7488,0,healthy,0.0,50.0,13.4905,0
SN_009488,LOT_031,12.5328,13.9468,14.6731,15.0426,0,healthy,0.0,50.0,13.4905,0
SN_009489,LOT_031,13.1774,14.32,14.7881,15.0467,0,healthy,0.0,50.0,13.4905,0
SN_009490,LOT_031,15.0025,15.6976,16.1202,16.1572,0,healthy,0.0,50.0,13.4905,0
SN_009491,LOT_031,,15.1666,15.5914,15.8758,0,healthy,0.0,50.0,13.4905,0
SN_009492,LOT_031,13.881,14.8285,15.4546,15.8044,0,healthy,0.0,50.0,13.4905,0
SN_009493,LOT_031,13.7435,14.4827,14.5475,14.7407,0,healthy,0.0,50.0,13.4905,0
SN_009494,LOT_031,13.4405,15.2707,15.718,15.953,0,healthy,0.0,50.0,13.4905,0
SN_009495,LOT_031,14.7852,15.718,16.1245,16.2161,0,healthy,0.0,50.0,13.4905,0
SN_009496,LOT_031,11.3428,12.4883,12.829,12.9108,0,healthy,0.0,50.0,13.4905,0
SN_009497,LOT_031,12.0912,12.9941,13.2415,13.5894,0,healthy,0.0,50.0,13.4905,0
SN_009498,LOT_031,14.1396,14.8243,14.929,15.1203,0,healthy,0.0,50.0,13.4905,0
SN_009499,LOT_031,14.2182,15.2276,15.6676,15.8594,0,healthy,0.0,50.0,13.4905,0
SN_009500,LOT_031,16.3441,16.8109,17.0977,17.2558,0,healthy,0.0,50.0,13.4905,0
SN_009501,LOT_031,12.0695,13.3216,13.6798,14.1387,0,healthy,0.0,50.0,13.4905,0
SN_009502,LOT_031,13.3977,14.62,14.8621,14.9501,0,healthy,0.0,50.0,13.4905,0
SN_009503,LOT_031,13.4797,14.2314,14.4399,14.6555,0,healthy,0.0,50.0,13.4905,0
SN_009504,LOT_031,13.2949,13.7718,13.8029,14.0371,0,healthy,0.0,50.0,13.4905,0
SN_009505,LOT_031,13.6386,14.2745,14.2709,14.3806,0,healthy,0.0,50.0,13.4905,0
SN_009506,LOT_031,13.3946,13.8445,13.8754,14.3162,0,healthy,0.0,50.0,13.4905,0
SN_009507,LOT_032,8.2497,8.9529,9.0785,9.2597,0,healthy,0.0,50.0,9.2886,0
SN_009508,LOT_032,10.5338,11.4687,11.8465,11.9495,0,healthy,0.0,50.0,9.2886,0
SN_009509,LOT_032,8.3321,8.8542,9.164,9.2826,0,healthy,0.0,50.0,9.2886,0
SN_009510,LOT_032,10.2945,13.6022,15.5631,16.4934,1,nbti_ageing,0.2724,50.0,9.2886,0
SN_009511,LOT_032,9.4194,10.2351,10.5872,10.7049,0,healthy,0.0,50.0,9.2886,0
SN_009512,LOT_032,9.1776,9.8194,9.6609,9.7377,0,healthy,0.0,50.0,9.2886,0
SN_009513,LOT_032,10.4607,11.7665,12.0321,12.2732,0,healthy,0.0,50.0,9.2886,0
SN_009514,LOT_032,8.8864,,10.261,10.4311,0,healthy,0.0,50.0,9.2886,0
SN_009515,LOT_032,10.354,11.0918,11.3247,11.5035,0,healthy,0.0,50.0,9.2886,0
SN_009516,LOT_032,9.6014,10.1309,10.3193,10.5066,0,healthy,0.0,50.0,9.2886,0
SN_009517,LOT_032,,10.5274,11.0586,11.3393,0,healthy,0.0,50.0,9.2886,0
SN_009518,LOT_032,10.1025,11.1871,11.6016,11.7192,0,healthy,0.0,50.0,9.2886,0
SN_009519,LOT_032,8.8974,9.6299,9.6668,9.7048,0,healthy,0.0,50.0,9.2886,0
SN_009520,LOT_032,9.4723,10.2977,10.7364,10.9415,0,healthy,0.0,50.0,9.2886,0
SN_009521,LOT_032,,10.9728,11.4096,11.3643,0,healthy,0.0,50.0,9.2886,0
SN_009522,LOT_032,10.8028,11.6569,12.0867,12.0455,0,healthy,0.0,50.0,9.2886,0
SN_009523,LOT_032,10.0289,10.8733,10.9373,10.993,0,healthy,0.0,50.0,9.2886,0
SN_009524,LOT_032,10.7923,,12.3724,12.6027,0,healthy,0.0,50.0,9.2886,0
SN_009525,LOT_032,10.0608,11.0313,11.3068,11.446,0,healthy,0.0,50.0,9.2886,0
SN_009526,LOT_032,8.8942,9.7684,10.201,10.2083,0,healthy,0.0,50.0,9.2886,0
SN_009527,LOT_032,8.9476,9.3815,9.5698,9.5877,0,healthy,0.0,50.0,9.2886,0
SN_009528,LOT_032,9.7263,10.7344,11.2641,11.476,0,healthy,0.0,50.0,9.2886,0
SN_009529,LOT_032,9.5087,,10.9799,11.367,0,healthy,0.0,50.0,9.2886,0
SN_009530,LOT_032,8.1769,8.8928,9.386,9.6505,0,healthy,0.0,50.0,9.2886,0
SN_009531,LOT_032,8.9527,9.6666,9.9982,10.2094,0,healthy,0.0,50.0,9.2886,0
SN_009532,LOT_032,8.383,9.3488,9.8201,10.0127,0,healthy,0.0,50.0,9.2886,0
SN_009533,LOT_032,9.9604,10.6283,11.0933,11.1942,0,healthy,0.0,50.0,9.2886,0
SN_009534,LOT_032,9.8533,10.1367,10.4564,10.5775,0,healthy,0.0,50.0,9.2886,0
SN_009535,LOT_032,7.8761,8.9768,9.1638,9.3231,0,healthy,0.0,50.0,9.2886,0
SN_009536,LOT_032,10.5582,11.3455,11.3918,11.5824,0,healthy,0.0,50.0,9.2886,0
SN_009537,LOT_032,9.8581,10.3848,10.4784,10.6645,0,healthy,0.0,50.0,9.2886,0
SN_009538,LOT_032,8.3043,8.784,8.6267,8.9379,0,healthy,0.0,50.0,9.2886,0
SN_009539,LOT_032,9.7535,10.7362,11.0271,11.1141,0,healthy,0.0,50.0,9.2886,0
SN_009540,LOT_032,12.0159,12.4961,12.9388,12.8035,0,healthy,0.0,50.0,9.2886,0
SN_009541,LOT_032,8.6561,9.2186,9.5308,9.5251,0,healthy,0.0,50.0,9.2886,0
SN_009542,LOT_032,9.7989,10.7275,10.9901,11.1467,0,healthy,0.0,50.0,9.2886,0
SN_009543,LOT_032,9.6478,11.0222,11.3301,11.5865,0,healthy,0.0,50.0,9.2886,0
SN_009544,LOT_032,8.2033,9.0312,9.4867,9.7259,0,healthy,0.0,50.0,9.2886,0
SN_009545,LOT_032,8.9547,9.3851,9.5425,9.6141,0,healthy,0.0,50.0,9.2886,0
SN_009546,LOT_032,8.9493,9.887,10.2244,10.4519,0,healthy,0.0,50.0,9.2886,0
SN_009547,LOT_032,9.1635,10.3566,10.8159,10.8935,0,healthy,0.0,50.0,9.2886,0
SN_009548,LOT_032,,10.9514,11.2146,11.5065,0,healthy,0.0,50.0,9.2886,0
SN_009549,LOT_032,8.5632,9.0541,9.2369,9.3649,0,healthy,0.0,50.0,9.2886,0
SN_009550,LOT_032,9.1808,10.3983,10.5428,10.7145,0,healthy,0.0,50.0,9.2886,0
SN_009551,LOT_032,11.3678,12.3813,12.7244,12.8591,0,healthy,0.0,50.0,9.2886,0
SN_009552,LOT_032,,10.9127,11.2331,11.3961,0,healthy,0.0,50.0,9.2886,0
SN_009553,LOT_032,10.1944,10.8491,11.2473,11.4158,0,healthy,0.0,50.0,9.2886,0
SN_009554,LOT_032,8.3146,9.0998,9.22,9.3044,0,healthy,0.0,50.0,9.2886,0
SN_009555,LOT_032,9.2,10.0563,10.3605,10.6303,0,healthy,0.0,50.0,9.2886,0
SN_009556,LOT_032,7.8393,8.2246,8.4745,8.6971,0,healthy,0.0,50.0,9.2886,0
SN_009557,LOT_032,9.2381,9.3932,9.7198,9.7506,0,healthy,0.0,50.0,9.2886,0
SN_009558,LOT_032,9.3008,10.0262,10.2964,10.3801,0,healthy,0.0,50.0,9.2886,0
SN_009559,LOT_032,8.9465,9.2156,9.3525,9.3744,0,healthy,0.0,50.0,9.2886,0
SN_009560,LOT_032,9.4537,10.2992,10.5798,10.6489,0,healthy,0.0,50.0,9.2886,0
SN_009561,LOT_032,10.943,11.9608,12.376,12.5789,0,healthy,0.0,50.0,9.2886,0
SN_009562,LOT_032,9.4088,10.3795,10.7765,11.1248,0,healthy,0.0,50.0,9.2886,0
SN_009563,LOT_032,10.1272,11.1558,11.4818,11.6946,0,healthy,0.0,50.0,9.2886,0
SN_009564,LOT_032,8.9203,9.7959,10.2833,10.3884,0,healthy,0.0,50.0,9.2886,0
SN_009565,LOT_032,10.9684,12.0322,12.4648,12.7713,0,healthy,0.0,50.0,9.2886,0
SN_009566,LOT_032,8.2963,9.103,9.3638,9.4401,0,healthy,0.0,50.0,9.2886,0
SN_009567,LOT_032,8.0215,8.6832,8.8694,8.9686,0,healthy,0.0,50.0,9.2886,0
SN_009568,LOT_032,8.3038,8.8274,9.0079,9.091,0,healthy,0.0,50.0,9.2886,0
SN_009569,LOT_032,11.0565,12.582,13.1871,13.193,0,healthy,0.0,50.0,9.2886,0
SN_009570,LOT_032,9.2762,9.9795,10.0141,10.1576,0,healthy,0.0,50.0,9.2886,0
SN_009571,LOT_032,,9.8632,10.076,10.1345,0,healthy,0.0,50.0,9.2886,0
SN_009572,LOT_032,9.1193,10.1397,10.3697,10.3509,0,healthy,0.0,50.0,9.2886,0
SN_009573,LOT_032,8.9934,9.8168,10.049,10.3741,0,healthy,0.0,50.0,9.2886,0
SN_009574,LOT_032,10.5368,11.0284,11.1905,11.3358,0,healthy,0.0,50.0,9.2886,0
SN_009575,LOT_032,9.5383,10.5086,10.7215,10.664,0,healthy,0.0,50.0,9.2886,0
SN_009576,LOT_032,8.3416,9.6613,9.9004,10.1112,0,healthy,0.0,50.0,9.2886,0
SN_009577,LOT_032,9.2909,9.5361,9.8758,9.929,0,healthy,0.0,50.0,9.2886,0
SN_009578,LOT_032,12.3729,13.3049,13.4589,13.7023,0,healthy,0.0,50.0,9.2886,0
SN_009579,LOT_032,9.7592,,11.1753,11.4104,0,healthy,0.0,50.0,9.2886,0
SN_009580,LOT_032,9.9551,10.758,10.9268,10.933,0,healthy,0.0,50.0,9.2886,0
SN_009581,LOT_032,9.9618,11.3046,11.615,11.66,0,healthy,0.0,50.0,9.2886,0
SN_009582,LOT_032,8.345,8.811,9.1078,9.4356,0,healthy,0.0,50.0,9.2886,0
SN_009583,LOT_032,9.3328,10.3525,10.339,10.5742,0,healthy,0.0,50.0,9.2886,0
SN_009584,LOT_032,10.9424,11.7433,12.0799,12.2448,0,healthy,0.0,50.0,9.2886,0
SN_009585,LOT_032,,10.602,11.0114,11.0673,0,healthy,0.0,50.0,9.2886,0
SN_009586,LOT_032,8.7627,9.6561,9.9634,10.0374,0,healthy,0.0,50.0,9.2886,0
SN_009587,LOT_032,9.6975,10.8995,11.3573,11.4345,0,healthy,0.0,50.0,9.2886,0
SN_009588,LOT_032,10.3909,11.012,11.1687,11.3019,0,healthy,0.0,50.0,9.2886,0
SN_009589,LOT_032,8.2638,9.2713,12.6285,15.7231,1,electromigration,0.0527,50.0,9.2886,0
SN_009590,LOT_032,7.8467,8.6768,9.0139,9.1643,0,healthy,0.0,50.0,9.2886,0
SN_009591,LOT_032,,9.0418,9.1584,9.3756,0,healthy,0.0,50.0,9.2886,0
SN_009592,LOT_032,10.0661,10.8333,11.087,11.1018,0,healthy,0.0,50.0,9.2886,0
SN_009593,LOT_032,9.4055,9.9391,10.0064,10.1823,0,healthy,0.0,50.0,9.2886,0
SN_009594,LOT_032,9.1297,9.7348,10.0706,10.2986,0,healthy,0.0,50.0,9.2886,0
SN_009595,LOT_032,9.4809,10.6851,11.1967,11.062,0,healthy,0.0,50.0,9.2886,0
SN_009596,LOT_032,7.1399,8.0287,8.2637,8.3926,0,healthy,0.0,50.0,9.2886,0
SN_009597,LOT_032,,8.4521,8.5857,8.7693,0,healthy,0.0,50.0,9.2886,0
SN_009598,LOT_032,11.3593,12.6592,13.1948,13.3768,0,healthy,0.0,50.0,9.2886,0
SN_009599,LOT_032,10.1562,10.5442,10.6289,10.9877,0,healthy,0.0,50.0,9.2886,0
SN_009600,LOT_032,11.3215,12.605,13.3615,13.5532,0,healthy,0.0,50.0,9.2886,0
SN_009601,LOT_032,7.8604,8.2384,8.2779,8.4527,0,healthy,0.0,50.0,9.2886,0
SN_009602,LOT_032,9.1485,9.2394,13.0656,22.8752,1,tddb_dielectric,0.3339,50.0,9.2886,0
SN_009603,LOT_032,36.1131,36.5157,39.0294,40.8862,1,esd_oxide,0.6939,50.0,9.2886,0
SN_009604,LOT_032,8.2218,8.94,9.22,9.2856,0,healthy,0.0,50.0,9.2886,0
SN_009605,LOT_032,10.1592,10.4121,10.7723,10.6532,0,healthy,0.0,50.0,9.2886,0
SN_009606,LOT_032,9.2813,9.595,9.6754,9.9707,0,healthy,0.0,50.0,9.2886,0
SN_009607,LOT_032,,13.2584,13.8347,14.2305,0,healthy,0.0,50.0,9.2886,0
SN_009608,LOT_032,11.1143,11.8445,11.9386,12.2904,0,healthy,0.0,50.0,9.2886,0
SN_009609,LOT_032,,10.2371,10.6986,10.7979,0,healthy,0.0,50.0,9.2886,0
SN_009610,LOT_032,9.7936,10.2656,10.6907,10.7246,0,healthy,0.0,50.0,9.2886,0
SN_009611,LOT_032,9.5752,,11.0624,11.1924,0,healthy,0.0,50.0,9.2886,0
SN_009612,LOT_032,10.1615,11.0797,11.3517,11.4548,0,healthy,0.0,50.0,9.2886,0
SN_009613,LOT_032,9.884,10.4391,10.4497,10.6261,0,healthy,0.0,50.0,9.2886,0
SN_009614,LOT_032,8.4028,8.7485,8.8398,8.9094,0,healthy,0.0,50.0,9.2886,0
SN_009615,LOT_032,8.8176,9.3059,9.4577,9.6249,0,healthy,0.0,50.0,9.2886,0
SN_009616,LOT_032,8.0504,8.8211,9.2364,9.3555,0,healthy,0.0,50.0,9.2886,0
SN_009617,LOT_032,8.8305,9.191,9.4079,9.395,0,healthy,0.0,50.0,9.2886,0
SN_009618,LOT_032,11.3272,12.8207,13.1806,13.4218,0,healthy,0.0,50.0,9.2886,0
SN_009619,LOT_032,6.0906,6.6093,6.8164,6.929,0,healthy,0.0,50.0,9.2886,0
SN_009620,LOT_032,8.7186,9.8267,10.0155,10.2787,0,healthy,0.0,50.0,9.2886,0
SN_009621,LOT_032,7.92,8.4548,8.7468,8.7032,0,healthy,0.0,50.0,9.2886,0
SN_009622,LOT_032,9.88,10.5671,10.7677,10.8029,0,healthy,0.0,50.0,9.2886,0
SN_009623,LOT_032,8.4906,9.2996,9.4078,9.5253,0,healthy,0.0,50.0,9.2886,0
SN_009624,LOT_032,10.6409,11.5577,11.8651,11.8577,0,healthy,0.0,50.0,9.2886,0
SN_009625,LOT_032,8.0372,8.9516,9.4745,9.4722,0,healthy,0.0,50.0,9.2886,0
SN_009626,LOT_032,10.4195,12.4048,18.1304,23.5199,1,electromigration,0.185,50.0,9.2886,0
SN_009627,LOT_032,9.0431,9.8413,10.1572,10.2505,0,healthy,0.0,50.0,9.2886,0
SN_009628,LOT_032,9.2044,10.371,10.5507,10.7771,0,healthy,0.0,50.0,9.2886,0
SN_009629,LOT_032,9.2309,,10.1308,10.0403,0,healthy,0.0,50.0,9.2886,0
SN_009630,LOT_032,8.9726,9.8127,10.0259,10.253,0,healthy,0.0,50.0,9.2886,0
SN_009631,LOT_032,9.7011,,10.6731,10.7757,0,healthy,0.0,50.0,9.2886,0
SN_009632,LOT_032,8.8223,9.1735,9.258,9.2727,0,healthy,0.0,50.0,9.2886,0
SN_009633,LOT_032,10.8024,12.1451,12.6331,12.8475,0,healthy,0.0,50.0,9.2886,0
SN_009634,LOT_032,9.0945,10.0848,10.5748,10.779,0,healthy,0.0,50.0,9.2886,0
SN_009635,LOT_032,6.9296,7.3304,7.4748,7.46,0,healthy,0.0,50.0,9.2886,0
SN_009636,LOT_032,10.4819,11.4523,11.9997,12.1899,0,healthy,0.0,50.0,9.2886,0
SN_009637,LOT_032,8.3101,8.7061,8.8289,8.7928,0,healthy,0.0,50.0,9.2886,0
SN_009638,LOT_032,8.1627,9.1778,9.6561,9.7362,0,healthy,0.0,50.0,9.2886,0
SN_009639,LOT_032,10.415,11.378,11.6134,11.8539,0,healthy,0.0,50.0,9.2886,0
SN_009640,LOT_032,,8.2533,8.4455,8.5552,0,healthy,0.0,50.0,9.2886,0
SN_009641,LOT_032,9.0213,9.9207,10.0748,10.1207,0,healthy,0.0,50.0,9.2886,0
SN_009642,LOT_032,9.4002,10.4702,11.0582,11.2896,0,healthy,0.0,50.0,9.2886,0
SN_009643,LOT_032,9.3966,10.6208,11.0216,11.135,0,healthy,0.0,50.0,9.2886,0
SN_009644,LOT_032,8.8172,9.296,9.5065,9.7393,0,healthy,0.0,50.0,9.2886,0
SN_009645,LOT_032,8.4923,8.8764,9.175,9.0332,0,healthy,0.0,50.0,9.2886,0
SN_009646,LOT_032,8.6183,8.9046,9.109,9.1971,0,healthy,0.0,50.0,9.2886,0
SN_009647,LOT_032,8.9594,9.688,9.8502,10.0437,0,healthy,0.0,50.0,9.2886,0
SN_009648,LOT_032,9.4629,10.2354,10.5496,10.6863,0,healthy,0.0,50.0,9.2886,0
SN_009649,LOT_032,11.199,12.2348,12.5553,12.7555,0,healthy,0.0,50.0,9.2886,0
SN_009650,LOT_032,9.2309,9.7954,10.1833,10.4363,0,healthy,0.0,50.0,9.2886,0
SN_009651,LOT_032,8.9475,9.7002,9.7724,9.8003,0,healthy,0.0,50.0,9.2886,0
SN_009652,LOT_032,9.031,10.0539,10.5437,10.7197,0,healthy,0.0,50.0,9.2886,0
SN_009653,LOT_032,8.5692,9.6086,9.753,9.9161,0,healthy,0.0,50.0,9.2886,0
SN_009654,LOT_032,8.7751,9.4454,9.5975,9.7822,0,healthy,0.0,50.0,9.2886,0
SN_009655,LOT_032,9.0355,9.6244,9.7932,9.9324,0,healthy,0.0,50.0,9.2886,0
SN_009656,LOT_032,9.1242,9.9068,10.1345,10.3378,0,healthy,0.0,50.0,9.2886,0
SN_009657,LOT_032,8.5201,9.3477,9.681,9.8874,0,healthy,0.0,50.0,9.2886,0
SN_009658,LOT_032,8.0094,8.4286,8.6701,8.8755,0,healthy,0.0,50.0,9.2886,0
SN_009659,LOT_032,9.5784,10.4488,10.9212,11.1746,0,healthy,0.0,50.0,9.2886,0
SN_009660,LOT_032,8.7038,9.7215,10.1634,10.4567,0,healthy,0.0,50.0,9.2886,0
SN_009661,LOT_032,9.2049,9.6658,9.852,9.8997,0,healthy,0.0,50.0,9.2886,0
SN_009662,LOT_032,9.4513,10.2796,10.4654,10.6833,0,healthy,0.0,50.0,9.2886,0
SN_009663,LOT_032,8.8429,9.8576,10.2603,10.2301,0,healthy,0.0,50.0,9.2886,0
SN_009664,LOT_032,8.4288,9.6049,9.8753,10.0435,0,healthy,0.0,50.0,9.2886,0
SN_009665,LOT_032,8.6587,9.1286,9.2433,9.3464,0,healthy,0.0,50.0,9.2886,0
SN_009666,LOT_032,8.6997,9.4074,9.838,9.9322,0,healthy,0.0,50.0,9.2886,0
SN_009667,LOT_032,8.6046,8.7704,9.026,9.0722,0,healthy,0.0,50.0,9.2886,0
SN_009668,LOT_032,8.556,9.5771,9.9772,10.2896,0,healthy,0.0,50.0,9.2886,0
SN_009669,LOT_032,10.0849,10.8926,11.2617,11.422,0,healthy,0.0,50.0,9.2886,0
SN_009670,LOT_032,8.0257,8.7757,9.2468,9.4268,0,healthy,0.0,50.0,9.2886,0
SN_009671,LOT_032,9.3232,10.4669,10.7376,10.7848,0,healthy,0.0,50.0,9.2886,0
SN_009672,LOT_032,8.0623,8.5867,8.7041,8.8441,0,healthy,0.0,50.0,9.2886,0
SN_009673,LOT_032,9.287,9.9939,10.3244,10.5062,0,healthy,0.0,50.0,9.2886,0
SN_009674,LOT_032,,10.9883,11.2834,11.4464,0,healthy,0.0,50.0,9.2886,0
SN_009675,LOT_032,9.0468,10.3067,10.596,10.8116,0,healthy,0.0,50.0,9.2886,0
SN_009676,LOT_032,7.3786,7.6027,7.7878,7.7778,0,healthy,0.0,50.0,9.2886,0
SN_009677,LOT_032,8.8533,9.3459,9.5948,9.6145,0,healthy,0.0,50.0,9.2886,0
SN_009678,LOT_032,11.6608,12.2892,12.2075,12.7867,0,healthy,0.0,50.0,9.2886,0
SN_009679,LOT_032,,10.8569,11.0752,11.2106,0,healthy,0.0,50.0,9.2886,0
SN_009680,LOT_032,9.3147,9.6284,9.9194,9.8922,0,healthy,0.0,50.0,9.2886,0
SN_009681,LOT_032,,10.8208,11.2549,11.3325,0,healthy,0.0,50.0,9.2886,0
SN_009682,LOT_032,10.1503,10.7637,11.0863,11.3331,0,healthy,0.0,50.0,9.2886,0
SN_009683,LOT_032,8.6899,9.7192,9.8687,10.175,0,healthy,0.0,50.0,9.2886,0
SN_009684,LOT_032,8.301,8.6098,8.7189,8.8622,0,healthy,0.0,50.0,9.2886,0
SN_009685,LOT_032,9.8688,10.6227,11.02,11.1101,0,healthy,0.0,50.0,9.2886,0
SN_009686,LOT_032,8.8674,9.1844,9.2524,9.3691,0,healthy,0.0,50.0,9.2886,0
SN_009687,LOT_032,8.4629,8.8142,9.0318,9.1551,0,healthy,0.0,50.0,9.2886,0
SN_009688,LOT_032,9.3418,9.9466,10.09,10.0773,0,healthy,0.0,50.0,9.2886,0
SN_009689,LOT_032,9.0094,9.9543,10.0896,10.2431,0,healthy,0.0,50.0,9.2886,0
SN_009690,LOT_032,9.2031,9.64,9.7874,10.0156,0,healthy,0.0,50.0,9.2886,0
SN_009691,LOT_032,10.2681,11.093,11.1821,11.1763,0,healthy,0.0,50.0,9.2886,0
SN_009692,LOT_032,9.677,10.633,10.9979,11.2133,0,healthy,0.0,50.0,9.2886,0
SN_009693,LOT_032,9.9835,10.8121,10.9655,11.2779,0,healthy,0.0,50.0,9.2886,0
SN_009694,LOT_032,9.3939,10.1482,10.3652,10.717,0,healthy,0.0,50.0,9.2886,0
SN_009695,LOT_032,9.1321,9.8537,10.0264,10.0349,0,healthy,0.0,50.0,9.2886,0
SN_009696,LOT_032,9.1365,,10.7218,10.9872,0,healthy,0.0,50.0,9.2886,0
SN_009697,LOT_032,9.9259,10.5038,10.6917,10.7059,0,healthy,0.0,50.0,9.2886,0
SN_009698,LOT_032,12.0248,12.5076,12.7371,12.6739,0,healthy,0.0,50.0,9.2886,0
SN_009699,LOT_032,8.8244,9.2294,9.4656,9.5667,0,healthy,0.0,50.0,9.2886,0
SN_009700,LOT_032,8.162,8.6585,8.9361,8.9056,0,healthy,0.0,50.0,9.2886,0
SN_009701,LOT_032,9.3645,10.0122,10.2531,10.4193,0,healthy,0.0,50.0,9.2886,0
SN_009702,LOT_032,8.7263,9.0976,9.2016,9.2698,0,healthy,0.0,50.0,9.2886,0
SN_009703,LOT_032,9.0858,9.8701,10.1522,10.3418,0,healthy,0.0,50.0,9.2886,0
SN_009704,LOT_032,9.713,,10.3504,10.4957,0,healthy,0.0,50.0,9.2886,0
SN_009705,LOT_032,9.9801,10.2079,10.4117,10.6551,0,healthy,0.0,50.0,9.2886,0
SN_009706,LOT_032,,9.7646,10.0473,10.1774,0,healthy,0.0,50.0,9.2886,0
SN_009707,LOT_032,,7.7487,7.8039,7.9313,0,healthy,0.0,50.0,9.2886,0
SN_009708,LOT_032,8.1764,8.9398,9.3351,9.4669,0,healthy,0.0,50.0,9.2886,0
SN_009709,LOT_032,7.9374,8.3951,8.4491,8.4376,0,healthy,0.0,50.0,9.2886,0
SN_009710,LOT_032,,8.8803,9.1606,9.3168,0,healthy,0.0,50.0,9.2886,0
SN_009711,LOT_032,8.5351,13.3676,17.0003,19.4703,1,nbti_ageing,0.7203,50.0,9.2886,0
SN_009712,LOT_032,11.2533,12.5263,13.0362,13.2651,0,healthy,0.0,50.0,9.2886,0
SN_009713,LOT_032,9.4886,9.801,9.9785,10.2974,0,healthy,0.0,50.0,9.2886,0
SN_009714,LOT_032,7.7721,7.9969,8.0606,8.1573,0,healthy,0.0,50.0,9.2886,0
SN_009715,LOT_032,9.7728,,10.3615,10.4602,0,healthy,0.0,50.0,9.2886,0
SN_009716,LOT_032,10.4911,11.727,12.173,12.2564,0,healthy,0.0,50.0,9.2886,0
SN_009717,LOT_032,9.2607,9.7172,9.7705,9.7869,0,healthy,0.0,50.0,9.2886,0
SN_009718,LOT_032,9.3528,9.8024,10.0367,9.975,0,healthy,0.0,50.0,9.2886,0
SN_009719,LOT_032,9.97,10.8648,11.1533,11.3867,0,healthy,0.0,50.0,9.2886,0
SN_009720,LOT_032,9.1859,9.6518,10.0509,10.2947,0,healthy,0.0,50.0,9.2886,0
SN_009721,LOT_032,10.8857,11.4441,11.4792,11.6199,0,healthy,0.0,50.0,9.2886,0
SN_009722,LOT_032,9.4239,9.8545,9.9041,10.0918,0,healthy,0.0,50.0,9.2886,0
SN_009723,LOT_032,10.7493,11.7351,12.1614,12.2835,0,healthy,0.0,50.0,9.2886,0
SN_009724,LOT_032,,9.5347,9.7909,10.0002,0,healthy,0.0,50.0,9.2886,0
SN_009725,LOT_032,9.028,9.8031,10.1169,10.5153,0,healthy,0.0,50.0,9.2886,0
SN_009726,LOT_032,13.7762,14.6727,15.2092,15.4796,0,healthy,0.0,50.0,9.2886,0
SN_009727,LOT_032,8.9901,10.3164,10.6249,10.7797,0,healthy,0.0,50.0,9.2886,0
SN_009728,LOT_032,8.1167,8.4973,8.6091,8.615,0,healthy,0.0,50.0,9.2886,0
SN_009729,LOT_032,8.8706,9.4863,9.7692,10.0756,0,healthy,0.0,50.0,9.2886,0
SN_009730,LOT_032,9.2538,10.1566,10.5365,10.7511,0,healthy,0.0,50.0,9.2886,0
SN_009731,LOT_032,10.3099,11.1059,11.2856,11.572,0,healthy,0.0,50.0,9.2886,0
SN_009732,LOT_032,10.0859,10.3483,10.7984,10.7138,0,healthy,0.0,50.0,9.2886,0
SN_009733,LOT_032,10.1538,,11.0548,11.171,0,healthy,0.0,50.0,9.2886,0
SN_009734,LOT_032,8.9408,10.1133,10.5466,10.6155,0,healthy,0.0,50.0,9.2886,0
SN_009735,LOT_032,,9.3095,9.6352,9.4436,0,healthy,0.0,50.0,9.2886,0
SN_009736,LOT_032,9.3656,9.9092,10.2186,10.3513,0,healthy,0.0,50.0,9.2886,0
SN_009737,LOT_032,10.0344,10.5163,10.6191,10.6834,0,healthy,0.0,50.0,9.2886,0
SN_009738,LOT_032,12.7485,14.1386,14.6312,14.9564,0,healthy,0.0,50.0,9.2886,0
SN_009739,LOT_032,11.1593,12.1598,12.5315,13.0125,0,healthy,0.0,50.0,9.2886,0
SN_009740,LOT_032,8.7482,9.6582,9.9938,10.0757,0,healthy,0.0,50.0,9.2886,0
SN_009741,LOT_032,,12.0809,12.2,12.4829,0,healthy,0.0,50.0,9.2886,0
SN_009742,LOT_032,8.5225,9.2536,9.7041,9.7279,0,healthy,0.0,50.0,9.2886,0
SN_009743,LOT_032,8.6111,9.6319,9.952,10.132,0,healthy,0.0,50.0,9.2886,0
SN_009744,LOT_032,9.273,10.3394,10.6469,10.7284,0,healthy,0.0,50.0,9.2886,0
SN_009745,LOT_032,8.8903,,9.9419,10.0784,0,healthy,0.0,50.0,9.2886,0
SN_009746,LOT_032,10.3064,10.8495,10.9831,11.0544,0,healthy,0.0,50.0,9.2886,0
SN_009747,LOT_032,7.9454,8.0428,8.3209,8.311,0,healthy,0.0,50.0,9.2886,0
SN_009748,LOT_032,9.7625,10.8283,11.0651,11.2364,0,healthy,0.0,50.0,9.2886,0
SN_009749,LOT_032,9.1873,10.0742,10.6702,10.7651,0,healthy,0.0,50.0,9.2886,0
SN_009750,LOT_032,8.3005,9.0092,9.1566,9.219,0,healthy,0.0,50.0,9.2886,0
SN_009751,LOT_032,10.238,10.7393,10.6787,10.772,0,healthy,0.0,50.0,9.2886,0
SN_009752,LOT_032,,10.2674,10.7128,10.8803,0,healthy,0.0,50.0,9.2886,0
SN_009753,LOT_032,9.7558,10.3988,10.4338,10.454,0,healthy,0.0,50.0,9.2886,0
SN_009754,LOT_032,9.261,10.5514,10.8875,11.0955,0,healthy,0.0,50.0,9.2886,0
SN_009755,LOT_032,9.0569,9.4187,9.6184,9.8088,0,healthy,0.0,50.0,9.2886,0
SN_009756,LOT_032,9.144,10.1255,10.3278,10.5907,0,healthy,0.0,50.0,9.2886,0
SN_009757,LOT_032,8.8094,9.1325,9.2126,9.3177,0,healthy,0.0,50.0,9.2886,0
SN_009758,LOT_032,9.7306,10.9482,11.4098,11.5069,0,healthy,0.0,50.0,9.2886,0
SN_009759,LOT_032,6.8652,7.2968,7.4297,7.4669,0,healthy,0.0,50.0,9.2886,0
SN_009760,LOT_032,8.8932,9.7323,10.142,10.1931,0,healthy,0.0,50.0,9.2886,0
SN_009761,LOT_032,,10.8131,11.0423,11.2341,0,healthy,0.0,50.0,9.2886,0
SN_009762,LOT_032,9.5439,10.2739,10.5438,10.5371,0,healthy,0.0,50.0,9.2886,0
SN_009763,LOT_032,9.6231,10.3163,10.4179,10.5,0,healthy,0.0,50.0,9.2886,0
SN_009764,LOT_032,8.5933,8.9012,9.0769,9.0949,0,healthy,0.0,50.0,9.2886,0
SN_009765,LOT_032,7.2797,7.8217,8.0671,8.1591,0,healthy,0.0,50.0,9.2886,0
SN_009766,LOT_032,33.7918,34.9913,39.1125,43.2103,1,subtle_in_spec,0.4552,50.0,9.2886,0
SN_009767,LOT_032,9.2469,10.2731,10.7405,10.8696,0,healthy,0.0,50.0,9.2886,0
SN_009768,LOT_032,9.2815,10.349,10.5258,10.6833,0,healthy,0.0,50.0,9.2886,0
SN_009769,LOT_032,8.3568,,9.7268,9.8493,0,healthy,0.0,50.0,9.2886,0
SN_009770,LOT_032,7.8499,8.228,8.4296,8.4532,0,healthy,0.0,50.0,9.2886,0
SN_009771,LOT_032,8.6412,8.9797,9.2519,9.3319,0,healthy,0.0,50.0,9.2886,0
SN_009772,LOT_032,11.5182,13.2624,13.686,13.7551,0,healthy,0.0,50.0,9.2886,0
SN_009773,LOT_032,10.4777,11.583,11.6427,11.8838,0,healthy,0.0,50.0,9.2886,0
SN_009774,LOT_032,8.5379,8.7638,8.8884,8.9576,0,healthy,0.0,50.0,9.2886,0
SN_009775,LOT_032,8.7878,9.7008,9.9284,10.2014,0,healthy,0.0,50.0,9.2886,0
SN_009776,LOT_032,10.1539,10.6737,10.6844,10.7995,0,healthy,0.0,50.0,9.2886,0
SN_009777,LOT_032,7.9205,8.69,8.746,8.9266,0,healthy,0.0,50.0,9.2886,0
SN_009778,LOT_032,10.9909,11.8551,11.9553,12.1898,0,healthy,0.0,50.0,9.2886,0
SN_009779,LOT_032,9.1541,9.6494,9.7497,9.7594,0,healthy,0.0,50.0,9.2886,0
SN_009780,LOT_032,9.7858,10.3038,10.3583,10.6242,0,healthy,0.0,50.0,9.2886,0
SN_009781,LOT_032,7.4057,8.0888,8.4023,8.3181,0,healthy,0.0,50.0,9.2886,0
SN_009782,LOT_032,8.4659,9.4965,9.8233,10.1325,0,healthy,0.0,50.0,9.2886,0
SN_009783,LOT_032,8.5465,,9.7631,9.8175,0,healthy,0.0,50.0,9.2886,0
SN_009784,LOT_032,9.0099,9.7443,10.097,10.263,0,healthy,0.0,50.0,9.2886,0
SN_009785,LOT_032,8.9896,10.1485,10.3748,10.81,0,healthy,0.0,50.0,9.2886,0
SN_009786,LOT_032,12.7795,14.2887,14.8273,15.3993,0,healthy,0.0,50.0,9.2886,0
SN_009787,LOT_032,9.2049,9.9607,10.1492,10.1262,0,healthy,0.0,50.0,9.2886,0
SN_009788,LOT_032,8.8591,9.4266,9.7265,10.0671,0,healthy,0.0,50.0,9.2886,0
SN_009789,LOT_032,10.0852,,11.1506,11.3006,0,healthy,0.0,50.0,9.2886,0
SN_009790,LOT_032,11.7906,12.3776,12.4238,12.5253,0,healthy,0.0,50.0,9.2886,0
SN_009791,LOT_032,10.3693,11.6473,12.3123,12.1502,0,healthy,0.0,50.0,9.2886,0
SN_009792,LOT_032,9.7421,10.3242,10.5004,10.7457,0,healthy,0.0,50.0,9.2886,0
SN_009793,LOT_032,11.0066,11.9718,12.4961,12.4963,0,healthy,0.0,50.0,9.2886,0
SN_009794,LOT_032,8.5698,9.1064,9.3301,9.4561,0,healthy,0.0,50.0,9.2886,0
SN_009795,LOT_032,8.0498,8.7085,8.9319,8.8439,0,healthy,0.0,50.0,9.2886,0
SN_009796,LOT_032,9.096,9.5168,9.5508,9.8658,0,healthy,0.0,50.0,9.2886,0
SN_009797,LOT_032,9.2652,10.2562,10.4459,10.766,0,healthy,0.0,50.0,9.2886,0
SN_009798,LOT_032,9.6204,10.7221,11.1065,11.1777,0,healthy,0.0,50.0,9.2886,0
SN_009799,LOT_032,10.8871,11.2334,11.4194,11.5797,0,healthy,0.0,50.0,9.2886,0
SN_009800,LOT_032,9.819,11.0671,11.3529,11.5762,0,healthy,0.0,50.0,9.2886,0
SN_009801,LOT_032,9.0667,9.7879,10.1807,10.2164,0,healthy,0.0,50.0,9.2886,0
SN_009802,LOT_032,6.972,7.6027,7.8625,7.953,0,healthy,0.0,50.0,9.2886,0
SN_009803,LOT_032,7.9312,8.4672,8.6593,8.8371,0,healthy,0.0,50.0,9.2886,0
SN_009804,LOT_032,7.4994,8.2664,8.5977,8.743,0,healthy,0.0,50.0,9.2886,0
SN_009805,LOT_032,10.3636,11.3438,11.7101,11.9211,0,healthy,0.0,50.0,9.2886,0
SN_009806,LOT_032,8.6348,9.5733,9.9255,9.9511,0,healthy,0.0,50.0,9.2886,0
SN_009807,LOT_032,8.1649,9.3569,9.608,9.7212,0,healthy,0.0,50.0,9.2886,0
SN_009808,LOT_032,7.9627,8.3289,8.4844,8.5512,0,healthy,0.0,50.0,9.2886,0
SN_009809,LOT_032,8.4118,9.5576,9.8914,10.1094,0,healthy,0.0,50.0,9.2886,0
SN_009810,LOT_032,,11.1862,11.565,11.7983,0,healthy,0.0,50.0,9.2886,0
SN_009811,LOT_033,15.2524,15.5895,15.9445,15.9641,0,healthy,0.0,50.0,15.0626,0
SN_009812,LOT_033,19.3752,20.5147,21.0225,21.3506,0,healthy,0.0,50.0,15.0626,0
SN_009813,LOT_033,12.9448,13.479,14.0341,14.1643,0,healthy,0.0,50.0,15.0626,0
SN_009814,LOT_033,15.0731,21.5766,25.8417,28.0217,1,nbti_ageing,0.4415,50.0,15.0626,0
SN_009815,LOT_033,13.6797,15.6107,16.1689,16.3717,0,healthy,0.0,50.0,15.0626,0
SN_009816,LOT_033,14.5607,15.772,16.0775,16.4319,0,healthy,0.0,50.0,15.0626,0
SN_009817,LOT_033,14.6782,16.4523,17.0249,17.086,0,healthy,0.0,50.0,15.0626,0
SN_009818,LOT_033,17.4644,19.0112,19.6608,20.4377,0,healthy,0.0,50.0,15.0626,0
SN_009819,LOT_033,16.0978,16.9186,17.2417,17.1725,0,healthy,0.0,50.0,15.0626,0
SN_009820,LOT_033,14.8322,16.2662,17.0532,17.3026,0,healthy,0.0,50.0,15.0626,0
SN_009821,LOT_033,12.3495,14.0972,14.611,14.7267,0,healthy,0.0,50.0,15.0626,0
SN_009822,LOT_033,18.3521,19.5422,19.9715,20.4211,0,healthy,0.0,50.0,15.0626,0
SN_009823,LOT_033,15.2176,17.5696,17.9457,18.5149,0,healthy,0.0,50.0,15.0626,0
SN_009824,LOT_033,,13.5615,14.0949,14.3207,0,healthy,0.0,50.0,15.0626,0
SN_009825,LOT_033,15.6424,16.9469,17.1335,17.5072,0,healthy,0.0,50.0,15.0626,0
SN_009826,LOT_033,11.967,13.2283,13.7095,14.0795,0,healthy,0.0,50.0,15.0626,0
SN_009827,LOT_033,16.5467,18.7973,19.1358,19.6876,0,healthy,0.0,50.0,15.0626,0
SN_009828,LOT_033,15.9589,16.4489,16.9079,17.0953,0,healthy,0.0,50.0,15.0626,0
SN_009829,LOT_033,11.8152,12.2015,12.3885,12.5279,0,healthy,0.0,50.0,15.0626,0
SN_009830,LOT_033,13.4367,14.978,15.2279,15.361,0,healthy,0.0,50.0,15.0626,0
SN_009831,LOT_033,14.8548,15.5038,15.7837,15.6624,0,healthy,0.0,50.0,15.0626,0
SN_009832,LOT_033,13.3464,14.0671,14.5041,14.5788,0,healthy,0.0,50.0,15.0626,0
SN_009833,LOT_033,,17.0753,17.253,17.6755,0,healthy,0.0,50.0,15.0626,0
SN_009834,LOT_033,,14.1863,14.3593,14.3597,0,healthy,0.0,50.0,15.0626,0
SN_009835,LOT_033,19.0889,20.199,20.4423,20.9147,0,healthy,0.0,50.0,15.0626,0
SN_009836,LOT_033,14.6829,15.529,15.8537,16.4211,0,healthy,0.0,50.0,15.0626,0
SN_009837,LOT_033,9.4164,10.499,10.9138,11.1936,0,healthy,0.0,50.0,15.0626,0
SN_009838,LOT_033,14.7557,16.5227,16.966,17.1987,0,healthy,0.0,50.0,15.0626,0
SN_009839,LOT_033,16.1723,17.7268,18.1428,18.3208,0,healthy,0.0,50.0,15.0626,0
SN_009840,LOT_033,14.7971,15.4704,15.6055,15.8074,0,healthy,0.0,50.0,15.0626,0
SN_009841,LOT_033,15.7521,16.9926,17.4938,17.53,0,healthy,0.0,50.0,15.0626,0
SN_009842,LOT_033,14.2576,14.8707,14.8192,14.897,0,healthy,0.0,50.0,15.0626,0
SN_009843,LOT_033,13.3372,14.0428,14.1678,14.3104,0,healthy,0.0,50.0,15.0626,0
SN_009844,LOT_033,13.4664,13.9935,14.2755,14.3497,0,healthy,0.0,50.0,15.0626,0
SN_009845,LOT_033,12.5159,13.6356,13.9739,14.0955,0,healthy,0.0,50.0,15.0626,0
SN_009846,LOT_033,15.1817,17.1142,17.6527,17.9338,0,healthy,0.0,50.0,15.0626,0
SN_009847,LOT_033,14.327,15.4047,16.0255,16.3384,0,healthy,0.0,50.0,15.0626,0
SN_009848,LOT_033,12.5087,13.2272,13.7261,13.7982,0,healthy,0.0,50.0,15.0626,0
SN_009849,LOT_033,15.8216,16.6547,16.7147,17.0495,0,healthy,0.0,50.0,15.0626,0
SN_009850,LOT_033,16.4362,16.9106,17.2443,17.4631,0,healthy,0.0,50.0,15.0626,0
SN_009851,LOT_033,13.1455,27.1183,28.9554,29.3429,1,mobile_ion,0.446,50.0,15.0626,0
SN_009852,LOT_033,14.8283,15.7261,15.8831,16.0241,0,healthy,0.0,50.0,15.0626,0
SN_009853,LOT_033,15.35,17.1451,17.5675,18.1771,0,healthy,0.0,50.0,15.0626,0
SN_009854,LOT_033,13.2881,14.8494,14.8171,15.3128,0,healthy,0.0,50.0,15.0626,0
SN_009855,LOT_033,13.1037,13.9198,14.4523,14.487,0,healthy,0.0,50.0,15.0626,0
SN_009856,LOT_033,18.7957,19.6348,20.021,20.1025,0,healthy,0.0,50.0,15.0626,0
SN_009857,LOT_033,,,20.1693,20.3167,0,healthy,0.0,50.0,15.0626,0
SN_009858,LOT_033,14.9609,,16.3419,16.5216,0,healthy,0.0,50.0,15.0626,0
SN_009859,LOT_033,20.501,21.784,22.5506,22.7278,0,healthy,0.0,50.0,15.0626,0
SN_009860,LOT_033,13.0227,14.6367,15.1892,15.4394,0,healthy,0.0,50.0,15.0626,0
SN_009861,LOT_033,15.7299,28.5423,32.2689,32.3542,1,mobile_ion,0.3603,50.0,15.0626,0
SN_009862,LOT_033,12.8136,13.8161,14.3594,14.5693,0,healthy,0.0,50.0,15.0626,0
SN_009863,LOT_033,10.528,,11.2414,11.1491,0,healthy,0.0,50.0,15.0626,0
SN_009864,LOT_033,14.9011,16.274,16.6343,17.1038,0,healthy,0.0,50.0,15.0626,0
SN_009865,LOT_033,15.9059,17.0485,17.952,18.2314,0,healthy,0.0,50.0,15.0626,0
SN_009866,LOT_033,,15.5816,15.8485,16.0737,0,healthy,0.0,50.0,15.0626,0
SN_009867,LOT_033,15.0139,,16.9655,17.4809,0,healthy,0.0,50.0,15.0626,0
SN_009868,LOT_033,19.2893,22.0276,22.7575,23.095,0,healthy,0.0,50.0,15.0626,0
SN_009869,LOT_033,14.9577,15.5902,15.7877,16.1973,0,healthy,0.0,50.0,15.0626,0
SN_009870,LOT_033,15.4725,17.0959,17.8772,18.345,0,healthy,0.0,50.0,15.0626,0
SN_009871,LOT_033,11.3136,12.5365,13.0625,13.3809,0,healthy,0.0,50.0,15.0626,0
SN_009872,LOT_033,16.811,17.7305,17.6765,17.8487,0,healthy,0.0,50.0,15.0626,0
SN_009873,LOT_033,18.7609,20.0376,20.8767,20.8038,0,healthy,0.0,50.0,15.0626,0
SN_009874,LOT_033,15.6304,17.1582,17.277,17.5041,0,healthy,0.0,50.0,15.0626,0
SN_009875,LOT_033,16.2557,18.2805,18.9063,19.0942,0,healthy,0.0,50.0,15.0626,0
SN_009876,LOT_033,18.0346,18.7635,18.9216,18.9125,0,healthy,0.0,50.0,15.0626,0
SN_009877,LOT_033,14.2492,14.9808,15.2385,15.2031,0,healthy,0.0,50.0,15.0626,0
SN_009878,LOT_033,14.376,14.9857,15.6081,15.6591,0,healthy,0.0,50.0,15.0626,0
SN_009879,LOT_033,16.1146,17.254,17.7768,17.7091,0,healthy,0.0,50.0,15.0626,0
SN_009880,LOT_033,15.9053,18.7093,19.8663,20.7577,1,nbti_ageing,0.0735,50.0,15.0626,0
SN_009881,LOT_033,12.7351,13.8533,14.3352,14.5118,0,healthy,0.0,50.0,15.0626,0
SN_009882,LOT_033,18.8473,21.0532,22.1224,22.5512,0,healthy,0.0,50.0,15.0626,0
SN_009883,LOT_033,,15.0862,15.3487,15.4253,0,healthy,0.0,50.0,15.0626,0
SN_009884,LOT_033,16.1888,16.948,17.0317,17.2318,0,healthy,0.0,50.0,15.0626,0
SN_009885,LOT_033,12.3994,13.7274,14.2391,14.5527,0,healthy,0.0,50.0,15.0626,0
SN_009886,LOT_033,17.9231,18.752,19.2107,19.348,0,healthy,0.0,50.0,15.0626,0
SN_009887,LOT_033,17.5227,18.9392,19.0942,19.5869,0,healthy,0.0,50.0,15.0626,0
SN_009888,LOT_033,12.0559,13.1935,13.5507,13.8303,0,healthy,0.0,50.0,15.0626,0
SN_009889,LOT_033,16.9149,18.2501,18.3717,18.4724,0,healthy,0.0,50.0,15.0626,0
SN_009890,LOT_033,12.7476,13.8473,14.0989,14.4425,0,healthy,0.0,50.0,15.0626,0
SN_009891,LOT_033,19.7809,21.0726,22.1791,22.3936,0,healthy,0.0,50.0,15.0626,0
SN_009892,LOT_033,14.7506,16.1699,16.6643,17.0132,0,healthy,0.0,50.0,15.0626,0
SN_009893,LOT_033,17.2578,18.8337,19.7508,19.9945,0,healthy,0.0,50.0,15.0626,0
SN_009894,LOT_033,15.1199,15.9468,16.3133,16.0754,0,healthy,0.0,50.0,15.0626,0
SN_009895,LOT_033,16.9991,17.3613,17.5488,17.6856,0,healthy,0.0,50.0,15.0626,0
SN_009896,LOT_033,17.4143,18.3736,18.5238,18.778,0,healthy,0.0,50.0,15.0626,0
SN_009897,LOT_033,17.3709,19.1714,19.9854,20.1059,0,healthy,0.0,50.0,15.0626,0
SN_009898,LOT_033,12.2318,13.2904,13.4124,13.5609,0,healthy,0.0,50.0,15.0626,0
SN_009899,LOT_033,14.6367,15.5187,15.8451,16.1782,0,healthy,0.0,50.0,15.0626,0
SN_009900,LOT_033,13.246,14.4082,14.9047,15.2765,0,healthy,0.0,50.0,15.0626,0
SN_009901,LOT_033,12.1627,13.512,13.8849,14.364,0,healthy,0.0,50.0,15.0626,0
SN_009902,LOT_033,18.2486,19.2515,19.3396,19.7817,0,healthy,0.0,50.0,15.0626,0
SN_009903,LOT_033,11.131,12.1683,12.5628,12.9031,0,healthy,0.0,50.0,15.0626,0
SN_009904,LOT_033,11.8804,13.1035,13.4088,13.7395,0,healthy,0.0,50.0,15.0626,0
SN_009905,LOT_033,15.674,16.2777,16.3856,16.574,0,healthy,0.0,50.0,15.0626,0
SN_009906,LOT_033,16.7485,17.4516,17.8794,17.9475,0,healthy,0.0,50.0,15.0626,0
SN_009907,LOT_033,14.1678,15.2575,15.5007,15.8511,0,healthy,0.0,50.0,15.0626,0
SN_009908,LOT_033,13.736,14.5412,14.6207,15.0158,0,healthy,0.0,50.0,15.0626,0
SN_009909,LOT_033,14.4386,16.0939,16.3369,16.806,0,healthy,0.0,50.0,15.0626,0
SN_009910,LOT_033,18.1003,19.9204,20.277,20.706,0,healthy,0.0,50.0,15.0626,0
SN_009911,LOT_033,13.7867,14.7513,15.1519,15.5668,0,healthy,0.0,50.0,15.0626,0
SN_009912,LOT_033,17.1562,18.6598,19.6129,20.229,0,healthy,0.0,50.0,15.0626,0
SN_009913,LOT_033,17.2277,19.2534,20.119,20.3853,0,healthy,0.0,50.0,15.0626,0
SN_009914,LOT_033,16.1967,17.6588,18.4286,18.5679,0,healthy,0.0,50.0,15.0626,0
SN_009915,LOT_033,14.1328,14.3678,14.8622,14.8661,0,healthy,0.0,50.0,15.0626,0
SN_009916,LOT_033,14.1282,15.4609,15.9944,16.1858,0,healthy,0.0,50.0,15.0626,0
SN_009917,LOT_033,14.7728,16.3023,16.5969,16.9405,0,healthy,0.0,50.0,15.0626,0
SN_009918,LOT_033,,14.2805,14.455,14.4958,0,healthy,0.0,50.0,15.0626,0
SN_009919,LOT_033,15.121,16.1633,16.1222,16.4846,0,healthy,0.0,50.0,15.0626,0
SN_009920,LOT_033,12.3405,13.2065,13.8043,13.9446,0,healthy,0.0,50.0,15.0626,0
SN_009921,LOT_033,11.4152,12.4974,12.6354,12.7264,0,healthy,0.0,50.0,15.0626,0
SN_009922,LOT_033,15.4652,16.9641,17.477,17.6916,0,healthy,0.0,50.0,15.0626,0
SN_009923,LOT_033,17.0122,18.4788,19.1346,19.2068,0,healthy,0.0,50.0,15.0626,0
SN_009924,LOT_033,17.6878,19.0337,19.7763,19.9098,0,healthy,0.0,50.0,15.0626,0
SN_009925,LOT_033,15.7424,16.5209,16.5049,16.4907,0,healthy,0.0,50.0,15.0626,0
SN_009926,LOT_033,16.5279,17.1902,17.4499,17.3074,0,healthy,0.0,50.0,15.0626,0
SN_009927,LOT_033,18.311,19.303,19.5823,19.8815,0,healthy,0.0,50.0,15.0626,0
SN_009928,LOT_033,15.6198,16.5776,16.5676,16.6746,0,healthy,0.0,50.0,15.0626,0
SN_009929,LOT_033,14.5157,15.5381,16.0688,16.2041,0,healthy,0.0,50.0,15.0626,0
SN_009930,LOT_033,11.6751,12.3475,12.5498,12.5025,0,healthy,0.0,50.0,15.0626,0
SN_009931,LOT_033,15.336,16.509,16.9879,17.0971,0,healthy,0.0,50.0,15.0626,0
SN_009932,LOT_033,14.2559,15.8539,16.1155,16.7919,0,healthy,0.0,50.0,15.0626,0
SN_009933,LOT_033,16.6716,17.7144,18.0393,18.0763,0,healthy,0.0,50.0,15.0626,0
SN_009934,LOT_033,15.6594,17.3667,17.8874,18.4341,0,healthy,0.0,50.0,15.0626,0
SN_009935,LOT_033,14.1782,14.8273,15.33,15.5913,0,healthy,0.0,50.0,15.0626,0
SN_009936,LOT_033,19.5332,20.7713,21.5381,21.9659,0,healthy,0.0,50.0,15.0626,0
SN_009937,LOT_033,13.0401,14.3426,14.7507,14.9734,0,healthy,0.0,50.0,15.0626,0
SN_009938,LOT_033,14.6501,16.0352,16.5847,16.7962,0,healthy,0.0,50.0,15.0626,0
SN_009939,LOT_033,18.3113,19.9501,20.6547,20.5783,0,healthy,0.0,50.0,15.0626,0
SN_009940,LOT_033,17.3916,19.2774,20.3385,20.7388,0,healthy,0.0,50.0,15.0626,0
SN_009941,LOT_033,17.7091,19.8709,20.6635,20.9366,0,healthy,0.0,50.0,15.0626,0
SN_009942,LOT_033,18.624,19.7717,20.3939,20.3412,0,healthy,0.0,50.0,15.0626,0
SN_009943,LOT_033,15.6119,17.2871,17.6499,17.905,0,healthy,0.0,50.0,15.0626,0
SN_009944,LOT_033,14.6778,16.0653,16.3094,16.6992,0,healthy,0.0,50.0,15.0626,0
SN_009945,LOT_033,14.2437,15.8891,16.4603,16.5226,0,healthy,0.0,50.0,15.0626,0
SN_009946,LOT_033,13.9717,15.0524,15.2897,15.3616,0,healthy,0.0,50.0,15.0626,0
SN_009947,LOT_033,15.0637,16.764,17.3728,17.5074,0,healthy,0.0,50.0,15.0626,0
SN_009948,LOT_033,13.3864,14.6233,14.9458,15.0248,0,healthy,0.0,50.0,15.0626,0
SN_009949,LOT_033,15.2176,16.5398,16.8161,16.7353,0,healthy,0.0,50.0,15.0626,0
SN_009950,LOT_033,13.4552,14.1524,14.6179,14.7918,0,healthy,0.0,50.0,15.0626,0
SN_009951,LOT_033,19.3512,21.2886,21.9405,22.1861,0,healthy,0.0,50.0,15.0626,0
SN_009952,LOT_033,12.6873,18.9082,19.5236,19.3251,1,mobile_ion,0.0932,50.0,15.0626,0
SN_009953,LOT_033,18.4814,21.1408,21.9654,22.3463,0,healthy,0.0,50.0,15.0626,0
SN_009954,LOT_033,18.5641,21.188,21.8095,22.26,0,healthy,0.0,50.0,15.0626,0
SN_009955,LOT_033,16.7777,18.2847,18.5223,18.6279,0,healthy,0.0,50.0,15.0626,0
SN_009956,LOT_033,17.9633,19.2302,19.4262,19.5189,0,healthy,0.0,50.0,15.0626,0
SN_009957,LOT_033,14.7318,15.8452,16.138,16.4167,0,healthy,0.0,50.0,15.0626,0
SN_009958,LOT_033,13.1364,13.8084,14.2094,14.5663,0,healthy,0.0,50.0,15.0626,0
SN_009959,LOT_033,15.5074,16.54,17.2111,17.6672,0,healthy,0.0,50.0,15.0626,0
SN_009960,LOT_033,,13.6166,13.8204,13.7456,0,healthy,0.0,50.0,15.0626,0
SN_009961,LOT_033,13.1748,13.7729,13.8458,13.8514,0,healthy,0.0,50.0,15.0626,0
SN_009962,LOT_033,,13.6957,13.9125,14.1656,0,healthy,0.0,50.0,15.0626,0
SN_009963,LOT_033,17.6509,19.5582,19.953,20.1301,0,healthy,0.0,50.0,15.0626,0
SN_009964,LOT_033,16.6616,17.7345,18.0948,17.775,0,healthy,0.0,50.0,15.0626,0
SN_009965,LOT_033,17.9905,19.2794,19.6587,19.7393,0,healthy,0.0,50.0,15.0626,0
SN_009966,LOT_033,16.0789,16.7699,17.0131,17.076,0,healthy,0.0,50.0,15.0626,0
SN_009967,LOT_033,16.3428,17.1305,16.8472,17.2225,0,healthy,0.0,50.0,15.0626,0
SN_009968,LOT_033,12.4322,13.198,13.4935,14.0273,0,healthy,0.0,50.0,15.0626,0
SN_009969,LOT_033,,15.1671,15.3425,15.7594,0,healthy,0.0,50.0,15.0626,0
SN_009970,LOT_033,16.281,17.6186,18.1818,18.4191,0,healthy,0.0,50.0,15.0626,0
SN_009971,LOT_033,15.4017,16.9851,17.6259,17.7969,0,healthy,0.0,50.0,15.0626,0
SN_009972,LOT_033,17.8759,19.5511,20.2882,20.6978,0,healthy,0.0,50.0,15.0626,0
SN_009973,LOT_033,18.3474,20.3502,21.6427,22.0799,0,healthy,0.0,50.0,15.0626,0
SN_009974,LOT_033,12.6301,13.1785,13.409,13.6331,0,healthy,0.0,50.0,15.0626,0
SN_009975,LOT_033,16.067,17.0119,17.154,17.1137,0,healthy,0.0,50.0,15.0626,0
SN_009976,LOT_033,,13.5899,13.6345,14.0237,0,healthy,0.0,50.0,15.0626,0
SN_009977,LOT_033,14.2131,15.5249,15.9333,16.1581,0,healthy,0.0,50.0,15.0626,0
SN_009978,LOT_033,13.1574,14.181,14.5601,14.7993,0,healthy,0.0,50.0,15.0626,0
SN_009979,LOT_033,13.6927,15.6903,16.2104,16.4641,0,healthy,0.0,50.0,15.0626,0
SN_009980,LOT_033,18.8124,20.709,21.4467,21.953,0,healthy,0.0,50.0,15.0626,0
SN_009981,LOT_033,12.3995,13.9116,14.0817,14.3954,0,healthy,0.0,50.0,15.0626,0
SN_009982,LOT_033,13.8166,15.3149,15.8495,16.174,0,healthy,0.0,50.0,15.0626,0
SN_009983,LOT_033,15.7836,17.0602,17.445,17.567,0,healthy,0.0,50.0,15.0626,0
SN_009984,LOT_033,12.8492,14.4124,14.9869,15.2982,0,healthy,0.0,50.0,15.0626,0
SN_009985,LOT_033,16.9541,19.1918,20.1353,20.0019,0,healthy,0.0,50.0,15.0626,0
SN_009986,LOT_033,17.0712,18.1921,18.4749,18.6134,0,healthy,0.0,50.0,15.0626,0
SN_009987,LOT_033,13.252,14.7322,15.2773,15.718,0,healthy,0.0,50.0,15.0626,0
SN_009988,LOT_033,15.0911,16.9819,17.314,17.9222,0,healthy,0.0,50.0,15.0626,0
SN_009989,LOT_033,14.7777,16.1631,16.9273,17.1245,0,healthy,0.0,50.0,15.0626,0
SN_009990,LOT_033,17.3092,18.7791,19.5331,19.8534,0,healthy,0.0,50.0,15.0626,0
SN_009991,LOT_033,11.5788,12.3382,12.6261,12.869,0,healthy,0.0,50.0,15.0626,0
SN_009992,LOT_033,14.5486,15.6414,16.1874,16.1296,0,healthy,0.0,50.0,15.0626,0
SN_009993,LOT_033,13.4955,14.238,14.407,14.5477,0,healthy,0.0,50.0,15.0626,0
SN_009994,LOT_033,13.4989,14.9064,15.7178,15.9251,0,healthy,0.0,50.0,15.0626,0
SN_009995,LOT_033,18.7689,19.594,19.8251,19.9067,0,healthy,0.0,50.0,15.0626,0
SN_009996,LOT_033,16.5984,18.583,19.2668,19.5812,0,healthy,0.0,50.0,15.0626,0
SN_009997,LOT_033,15.5148,17.0635,17.9376,18.37,0,healthy,0.0,50.0,15.0626,0
SN_009998,LOT_033,14.1532,15.1052,15.5179,15.8443,0,healthy,0.0,50.0,15.0626,0
SN_009999,LOT_033,13.9554,14.7426,15.3212,15.5069,0,healthy,0.0,50.0,15.0626,0
SN_010000,LOT_033,14.9945,17.0441,17.6093,17.7713,0,healthy,0.0,50.0,15.0626,0
SN_010001,LOT_033,16.1866,18.0515,18.5854,18.9605,0,healthy,0.0,50.0,15.0626,0
SN_010002,LOT_033,8.9381,9.2826,9.447,9.4514,0,healthy,0.0,50.0,15.0626,0
SN_010003,LOT_033,18.3513,20.31,20.8462,21.0647,0,healthy,0.0,50.0,15.0626,0
SN_010004,LOT_033,17.1928,18.6295,18.9228,18.9678,0,healthy,0.0,50.0,15.0626,0
SN_010005,LOT_033,17.4781,18.3835,18.8781,19.2563,0,healthy,0.0,50.0,15.0626,0
SN_010006,LOT_033,19.5363,21.1452,21.7084,21.9104,0,healthy,0.0,50.0,15.0626,0
SN_010007,LOT_033,15.7531,16.4105,16.5552,16.4984,0,healthy,0.0,50.0,15.0626,0
SN_010008,LOT_033,16.9807,18.2724,19.5151,19.7327,0,healthy,0.0,50.0,15.0626,0
SN_010009,LOT_033,15.7312,16.3156,16.6677,16.9127,0,healthy,0.0,50.0,15.0626,0
SN_010010,LOT_033,12.1925,13.756,14.1716,14.2708,0,healthy,0.0,50.0,15.0626,0
SN_010011,LOT_033,16.9104,18.3425,19.3635,19.681,0,healthy,0.0,50.0,15.0626,0
SN_010012,LOT_033,14.4691,15.4182,15.3944,15.6964,0,healthy,0.0,50.0,15.0626,0
SN_010013,LOT_033,11.963,12.8352,13.121,13.1114,0,healthy,0.0,50.0,15.0626,0
SN_010014,LOT_033,15.5707,16.7061,17.145,17.6222,0,healthy,0.0,50.0,15.0626,0
SN_010015,LOT_033,15.8918,16.6414,17.1995,17.3514,0,healthy,0.0,50.0,15.0626,0
SN_010016,LOT_033,13.3051,14.7978,14.8324,15.2855,0,healthy,0.0,50.0,15.0626,0
SN_010017,LOT_033,15.443,17.0263,17.879,18.2619,0,healthy,0.0,50.0,15.0626,0
SN_010018,LOT_033,17.7017,19.6106,20.2034,20.4725,0,healthy,0.0,50.0,15.0626,0
SN_010019,LOT_033,16.2747,17.0707,17.5823,17.4763,0,healthy,0.0,50.0,15.0626,0
SN_010020,LOT_033,16.9492,17.8865,18.9254,18.8136,0,healthy,0.0,50.0,15.0626,0
SN_010021,LOT_033,18.6542,20.8882,21.7239,22.3726,0,healthy,0.0,50.0,15.0626,0
SN_010022,LOT_033,15.5805,16.0491,16.4299,16.4075,0,healthy,0.0,50.0,15.0626,0
SN_010023,LOT_033,12.3283,13.9565,14.1191,14.5571,0,healthy,0.0,50.0,15.0626,0
SN_010024,LOT_033,16.2338,18.4306,19.0079,19.3138,0,healthy,0.0,50.0,15.0626,0
SN_010025,LOT_033,14.6521,15.971,16.5794,16.7493,0,healthy,0.0,50.0,15.0626,0
SN_010026,LOT_033,15.3431,16.4713,16.7918,16.9469,0,healthy,0.0,50.0,15.0626,0
SN_010027,LOT_033,16.8559,17.6946,17.7871,18.0314,0,healthy,0.0,50.0,15.0626,0
SN_010028,LOT_033,15.6142,16.5507,16.9611,17.0374,0,healthy,0.0,50.0,15.0626,0
SN_010029,LOT_033,13.818,15.3519,16.1856,16.0508,0,healthy,0.0,50.0,15.0626,0
SN_010030,LOT_033,14.0428,15.1564,15.7025,15.987,0,healthy,0.0,50.0,15.0626,0
SN_010031,LOT_033,12.8614,13.2774,13.8407,13.8764,0,healthy,0.0,50.0,15.0626,0
SN_010032,LOT_033,14.0326,15.2006,15.0611,15.4844,0,healthy,0.0,50.0,15.0626,0
SN_010033,LOT_033,16.2223,17.7628,17.7968,18.0202,0,healthy,0.0,50.0,15.0626,0
SN_010034,LOT_033,16.096,16.8484,16.9971,17.2405,0,healthy,0.0,50.0,15.0626,0
SN_010035,LOT_033,13.7797,14.7413,15.417,15.5506,0,healthy,0.0,50.0,15.0626,0
SN_010036,LOT_033,15.7345,17.3612,17.9937,18.58,0,healthy,0.0,50.0,15.0626,0
SN_010037,LOT_033,15.9158,17.3251,17.8185,18.4831,0,healthy,0.0,50.0,15.0626,0
SN_010038,LOT_033,12.7967,15.7105,23.9989,32.658,1,electromigration,0.2987,50.0,15.0626,0
SN_010039,LOT_033,15.2907,15.8164,15.9772,16.2879,0,healthy,0.0,50.0,15.0626,0
SN_010040,LOT_033,15.9089,16.9681,17.4577,17.6069,0,healthy,0.0,50.0,15.0626,0
SN_010041,LOT_033,16.9156,18.3228,18.3828,18.4816,0,healthy,0.0,50.0,15.0626,0
SN_010042,LOT_033,14.6168,16.0493,16.4512,16.9384,0,healthy,0.0,50.0,15.0626,0
SN_010043,LOT_033,12.6282,13.4007,13.5522,13.9254,0,healthy,0.0,50.0,15.0626,0
SN_010044,LOT_033,14.1615,14.3885,20.8602,39.2219,1,tddb_dielectric,0.4286,50.0,15.0626,0
SN_010045,LOT_033,18.2175,20.245,20.6149,20.9599,0,healthy,0.0,50.0,15.0626,0
SN_010046,LOT_033,13.333,14.46,14.869,15.1392,0,healthy,0.0,50.0,15.0626,0
SN_010047,LOT_033,17.5137,18.0569,18.3167,18.4451,0,healthy,0.0,50.0,15.0626,0
SN_010048,LOT_033,,22.0002,22.5683,22.7261,0,healthy,0.0,50.0,15.0626,0
SN_010049,LOT_033,16.9424,18.0527,18.4985,18.9826,0,healthy,0.0,50.0,15.0626,0
SN_010050,LOT_033,15.0972,15.8461,16.3332,16.4138,0,healthy,0.0,50.0,15.0626,0
SN_010051,LOT_033,13.8812,15.3275,15.9432,16.3995,0,healthy,0.0,50.0,15.0626,0
SN_010052,LOT_033,11.2608,12.6754,13.1471,13.0842,0,healthy,0.0,50.0,15.0626,0
SN_010053,LOT_033,14.1355,,15.6092,15.7334,0,healthy,0.0,50.0,15.0626,0
SN_010054,LOT_033,15.8882,16.724,17.181,17.2996,0,healthy,0.0,50.0,15.0626,0
SN_010055,LOT_033,14.837,15.3784,15.6844,15.4934,0,healthy,0.0,50.0,15.0626,0
SN_010056,LOT_033,12.0039,12.9526,13.4789,13.4281,0,healthy,0.0,50.0,15.0626,0
SN_010057,LOT_033,13.9859,14.9801,15.4013,15.545,0,healthy,0.0,50.0,15.0626,0
SN_010058,LOT_033,17.1603,18.8282,19.6877,19.7565,0,healthy,0.0,50.0,15.0626,0
SN_010059,LOT_033,14.285,14.9432,15.0024,15.1474,0,healthy,0.0,50.0,15.0626,0
SN_010060,LOT_033,13.0784,,13.5795,13.7432,0,healthy,0.0,50.0,15.0626,0
SN_010061,LOT_033,13.0851,14.0896,14.5881,14.823,0,healthy,0.0,50.0,15.0626,0
SN_010062,LOT_033,16.0944,17.2782,18.0584,18.3879,0,healthy,0.0,50.0,15.0626,0
SN_010063,LOT_033,13.3693,14.2926,14.6662,14.9904,0,healthy,0.0,50.0,15.0626,0
SN_010064,LOT_033,44.0,45.7681,51.5674,56.5571,1,subtle_in_spec,0.4411,50.0,15.0626,0
SN_010065,LOT_033,16.3148,17.5925,18.1125,18.4257,0,healthy,0.0,50.0,15.0626,0
SN_010066,LOT_033,17.0585,18.7105,19.1253,19.391,0,healthy,0.0,50.0,15.0626,0
SN_010067,LOT_033,13.0352,14.4999,15.1134,15.3278,0,healthy,0.0,50.0,15.0626,0
SN_010068,LOT_033,14.9294,15.8497,16.3267,16.978,0,healthy,0.0,50.0,15.0626,0
SN_010069,LOT_033,17.6432,,19.1201,19.1618,0,healthy,0.0,50.0,15.0626,0
SN_010070,LOT_033,15.7796,17.1164,17.9892,18.2605,0,healthy,0.0,50.0,15.0626,0
SN_010071,LOT_033,16.8273,18.3416,19.1921,19.5708,0,healthy,0.0,50.0,15.0626,0
SN_010072,LOT_033,12.6846,13.2417,13.4394,13.5157,0,healthy,0.0,50.0,15.0626,0
SN_010073,LOT_033,15.6574,17.1579,17.7627,17.9895,0,healthy,0.0,50.0,15.0626,0
SN_010074,LOT_033,15.9549,17.4716,18.3897,18.5504,0,healthy,0.0,50.0,15.0626,0
SN_010075,LOT_033,14.8148,15.848,16.4856,16.6046,0,healthy,0.0,50.0,15.0626,0
SN_010076,LOT_033,15.9241,18.2324,18.6463,19.1613,0,healthy,0.0,50.0,15.0626,0
SN_010077,LOT_033,13.5021,14.1139,14.1297,14.3815,0,healthy,0.0,50.0,15.0626,0
SN_010078,LOT_033,16.3882,16.95,17.2834,17.4107,0,healthy,0.0,50.0,15.0626,0
SN_010079,LOT_033,18.4106,,21.5435,21.8919,0,healthy,0.0,50.0,15.0626,0
SN_010080,LOT_033,17.9779,18.9254,19.1267,19.6181,0,healthy,0.0,50.0,15.0626,0
SN_010081,LOT_033,14.123,15.6629,15.9751,16.216,0,healthy,0.0,50.0,15.0626,0
SN_010082,LOT_033,18.117,19.909,20.9029,21.4043,0,healthy,0.0,50.0,15.0626,0
SN_010083,LOT_033,18.6779,,20.9249,21.0071,0,healthy,0.0,50.0,15.0626,0
SN_010084,LOT_033,12.7985,13.1794,13.5154,13.7398,0,healthy,0.0,50.0,15.0626,0
SN_010085,LOT_033,19.0983,20.6634,21.9281,22.5166,0,healthy,0.0,50.0,15.0626,0
SN_010086,LOT_033,11.1253,12.1394,12.6565,12.9248,0,healthy,0.0,50.0,15.0626,0
SN_010087,LOT_033,14.2721,15.7319,16.5118,16.6874,0,healthy,0.0,50.0,15.0626,0
SN_010088,LOT_033,14.5179,16.1579,16.7102,16.8839,0,healthy,0.0,50.0,15.0626,0
SN_010089,LOT_033,12.2244,12.705,12.8383,12.9171,0,healthy,0.0,50.0,15.0626,0
SN_010090,LOT_033,17.0525,19.3441,19.7053,20.1484,0,healthy,0.0,50.0,15.0626,0
SN_010091,LOT_033,16.8598,18.3549,18.9955,19.317,0,healthy,0.0,50.0,15.0626,0
SN_010092,LOT_033,14.8624,15.4071,15.5334,15.8933,0,healthy,0.0,50.0,15.0626,0
SN_010093,LOT_033,11.884,12.3818,12.5204,12.5602,0,healthy,0.0,50.0,15.0626,0
SN_010094,LOT_033,15.4109,16.881,17.6611,18.0451,0,healthy,0.0,50.0,15.0626,0
SN_010095,LOT_033,14.9139,,17.3777,17.7162,0,healthy,0.0,50.0,15.0626,0
SN_010096,LOT_033,16.3082,17.8772,18.0973,18.4446,0,healthy,0.0,50.0,15.0626,0
SN_010097,LOT_033,14.4599,16.4516,17.1028,17.2946,0,healthy,0.0,50.0,15.0626,0
SN_010098,LOT_033,19.4288,20.4662,20.7705,20.929,0,healthy,0.0,50.0,15.0626,0
SN_010099,LOT_033,20.222,21.239,21.378,21.6568,0,healthy,0.0,50.0,15.0626,0
SN_010100,LOT_033,17.2186,18.3064,19.0575,19.3121,0,healthy,0.0,50.0,15.0626,0
SN_010101,LOT_033,15.9797,16.5822,16.9087,17.093,0,healthy,0.0,50.0,15.0626,0
SN_010102,LOT_033,17.124,18.7484,19.2562,19.4836,0,healthy,0.0,50.0,15.0626,0
SN_010103,LOT_033,17.1444,17.6454,17.9017,18.2947,0,healthy,0.0,50.0,15.0626,0
SN_010104,LOT_033,11.2642,12.4626,12.7054,12.8185,0,healthy,0.0,50.0,15.0626,0
SN_010105,LOT_034,15.4631,17.1449,18.0989,18.4668,0,healthy,0.0,50.0,13.858,0
SN_010106,LOT_034,13.2076,,15.4671,15.7839,0,healthy,0.0,50.0,13.858,0
SN_010107,LOT_034,11.6645,12.7978,12.7804,12.9788,0,healthy,0.0,50.0,13.858,0
SN_010108,LOT_034,15.4672,17.4978,17.9283,18.1467,0,healthy,0.0,50.0,13.858,0
SN_010109,LOT_034,17.1792,18.2489,18.6725,18.8418,0,healthy,0.0,50.0,13.858,0
SN_010110,LOT_034,13.215,14.0575,14.6626,14.7715,0,healthy,0.0,50.0,13.858,0
SN_010111,LOT_034,18.164,20.5621,20.9409,21.2838,0,healthy,0.0,50.0,13.858,0
SN_010112,LOT_034,14.7916,16.5247,16.9859,17.3159,0,healthy,0.0,50.0,13.858,0
SN_010113,LOT_034,11.9125,13.0667,13.3819,13.4906,0,healthy,0.0,50.0,13.858,0
SN_010114,LOT_034,13.6592,15.4772,15.7925,16.1349,0,healthy,0.0,50.0,13.858,0
SN_010115,LOT_034,12.9142,14.3672,14.5923,14.8455,0,healthy,0.0,50.0,13.858,0
SN_010116,LOT_034,12.904,14.3364,14.749,15.0051,0,healthy,0.0,50.0,13.858,0
SN_010117,LOT_034,17.8021,19.5049,20.1255,20.3559,0,healthy,0.0,50.0,13.858,0
SN_010118,LOT_034,13.6505,14.6627,14.8903,15.2276,0,healthy,0.0,50.0,13.858,0
SN_010119,LOT_034,15.0487,16.061,16.2218,16.795,0,healthy,0.0,50.0,13.858,0
SN_010120,LOT_034,14.4253,15.0318,15.5503,15.8917,0,healthy,0.0,50.0,13.858,0
SN_010121,LOT_034,13.3112,14.9625,15.2902,15.6371,0,healthy,0.0,50.0,13.858,0
SN_010122,LOT_034,14.3417,15.6005,16.2917,16.3437,0,healthy,0.0,50.0,13.858,0
SN_010123,LOT_034,11.0331,11.9415,12.3617,12.3862,0,healthy,0.0,50.0,13.858,0
SN_010124,LOT_034,18.2368,19.8933,20.5016,20.8925,0,healthy,0.0,50.0,13.858,0
SN_010125,LOT_034,12.8604,13.6982,13.9209,14.2084,0,healthy,0.0,50.0,13.858,0
SN_010126,LOT_034,14.5374,14.9517,15.2914,15.2824,0,healthy,0.0,50.0,13.858,0
SN_010127,LOT_034,14.9784,15.7045,16.0742,16.0449,0,healthy,0.0,50.0,13.858,0
SN_010128,LOT_034,13.8056,15.2253,15.8046,16.3268,0,healthy,0.0,50.0,13.858,0
SN_010129,LOT_034,15.139,15.8088,16.2982,16.2873,0,healthy,0.0,50.0,13.858,0
SN_010130,LOT_034,17.1356,18.833,19.2614,19.626,0,healthy,0.0,50.0,13.858,0
SN_010131,LOT_034,10.5881,11.9304,12.1901,12.2765,0,healthy,0.0,50.0,13.858,0
SN_010132,LOT_034,15.3602,16.4801,16.8357,16.7855,0,healthy,0.0,50.0,13.858,0
SN_010133,LOT_034,15.1115,15.6068,16.0416,16.2951,0,healthy,0.0,50.0,13.858,0
SN_010134,LOT_034,14.8286,15.945,16.3144,16.4617,0,healthy,0.0,50.0,13.858,0
SN_010135,LOT_034,13.0372,14.654,14.9477,15.1515,0,healthy,0.0,50.0,13.858,0
SN_010136,LOT_034,12.008,12.8935,12.9831,13.2426,0,healthy,0.0,50.0,13.858,0
SN_010137,LOT_034,13.0302,14.3961,14.7142,14.8266,0,healthy,0.0,50.0,13.858,0
SN_010138,LOT_034,11.819,12.4071,12.7748,13.1643,0,healthy,0.0,50.0,13.858,0
SN_010139,LOT_034,14.9272,16.5304,17.1563,17.3448,0,healthy,0.0,50.0,13.858,0
SN_010140,LOT_034,18.0801,19.1963,19.9428,19.8138,0,healthy,0.0,50.0,13.858,0
SN_010141,LOT_034,14.6643,16.4023,16.5813,16.9756,0,healthy,0.0,50.0,13.858,0
SN_010142,LOT_034,14.9368,16.3772,17.093,17.4232,0,healthy,0.0,50.0,13.858,0
SN_010143,LOT_034,15.5076,16.0749,16.6121,16.427,0,healthy,0.0,50.0,13.858,0
SN_010144,LOT_034,18.0081,19.0216,19.4857,19.961,0,healthy,0.0,50.0,13.858,0
SN_010145,LOT_034,12.5519,13.9832,14.2995,14.4871,0,healthy,0.0,50.0,13.858,0
SN_010146,LOT_034,,18.5381,18.9457,19.0812,0,healthy,0.0,50.0,13.858,0
SN_010147,LOT_034,42.9497,44.4474,47.8671,51.7823,1,subtle_in_spec,0.2397,50.0,13.858,0
SN_010148,LOT_034,12.8403,13.6661,14.0795,14.4913,0,healthy,0.0,50.0,13.858,0
SN_010149,LOT_034,13.8803,14.5287,14.7724,14.5071,0,healthy,0.0,50.0,13.858,0
SN_010150,LOT_034,15.3238,16.9503,17.4029,17.3949,0,healthy,0.0,50.0,13.858,0
SN_010151,LOT_034,16.1276,17.7894,18.0922,18.3464,0,healthy,0.0,50.0,13.858,0
SN_010152,LOT_034,12.4221,13.4424,13.5839,13.7018,0,healthy,0.0,50.0,13.858,0
SN_010153,LOT_034,13.11,13.7926,14.0411,14.1993,0,healthy,0.0,50.0,13.858,0
SN_010154,LOT_034,13.5972,15.2806,15.6123,15.8686,0,healthy,0.0,50.0,13.858,0
SN_010155,LOT_034,13.124,14.4819,14.4293,14.809,0,healthy,0.0,50.0,13.858,0
SN_010156,LOT_034,15.3376,16.8771,17.4642,17.5616,0,healthy,0.0,50.0,13.858,0
SN_010157,LOT_034,14.5629,15.045,15.1824,15.2254,0,healthy,0.0,50.0,13.858,0
SN_010158,LOT_034,15.0297,16.9844,17.6717,17.8658,0,healthy,0.0,50.0,13.858,0
SN_010159,LOT_034,14.7817,16.4744,17.1355,17.4364,0,healthy,0.0,50.0,13.858,0
SN_010160,LOT_034,15.1982,16.7783,17.4429,17.8362,0,healthy,0.0,50.0,13.858,0
SN_010161,LOT_034,14.1258,15.5398,15.9054,16.0505,0,healthy,0.0,50.0,13.858,0
SN_010162,LOT_034,16.7276,18.0356,18.3906,18.4922,0,healthy,0.0,50.0,13.858,0
SN_010163,LOT_034,15.5341,16.8944,17.3958,17.9217,0,healthy,0.0,50.0,13.858,0
SN_010164,LOT_034,16.846,17.2407,17.7074,17.5989,0,healthy,0.0,50.0,13.858,0
SN_010165,LOT_034,16.6204,17.5893,17.8313,18.1527,0,healthy,0.0,50.0,13.858,0
SN_010166,LOT_034,15.8515,17.8664,18.2201,18.4486,0,healthy,0.0,50.0,13.858,0
SN_010167,LOT_034,13.5685,15.3738,15.7429,15.916,0,healthy,0.0,50.0,13.858,0
SN_010168,LOT_034,13.2208,14.818,15.5195,15.7042,0,healthy,0.0,50.0,13.858,0
SN_010169,LOT_034,13.4678,15.321,15.9048,16.0205,0,healthy,0.0,50.0,13.858,0
SN_010170,LOT_034,12.0238,13.3302,13.7797,13.8966,0,healthy,0.0,50.0,13.858,0
SN_010171,LOT_034,13.4344,14.3215,14.7968,14.9937,0,healthy,0.0,50.0,13.858,0
SN_010172,LOT_034,14.0122,14.4991,15.2509,15.5193,0,healthy,0.0,50.0,13.858,0
SN_010173,LOT_034,15.6164,16.8515,17.1536,17.1607,0,healthy,0.0,50.0,13.858,0
SN_010174,LOT_034,12.502,13.4444,13.5593,13.7103,0,healthy,0.0,50.0,13.858,0
SN_010175,LOT_034,13.3752,14.2654,14.5497,15.1392,0,healthy,0.0,50.0,13.858,0
SN_010176,LOT_034,13.4906,15.2167,15.7696,16.1507,0,healthy,0.0,50.0,13.858,0
SN_010177,LOT_034,12.825,13.7204,14.0839,14.2535,0,healthy,0.0,50.0,13.858,0
SN_010178,LOT_034,14.6034,16.0947,16.7173,17.1059,0,healthy,0.0,50.0,13.858,0
SN_010179,LOT_034,16.7196,18.526,19.0612,19.1787,0,healthy,0.0,50.0,13.858,0
SN_010180,LOT_034,17.2139,18.2667,18.2716,18.2978,0,healthy,0.0,50.0,13.858,0
SN_010181,LOT_034,13.3983,14.7058,15.3811,15.7467,0,healthy,0.0,50.0,13.858,0
SN_010182,LOT_034,17.5846,18.6295,18.6936,19.0079,0,healthy,0.0,50.0,13.858,0
SN_010183,LOT_034,15.96,17.0109,17.486,17.5612,0,healthy,0.0,50.0,13.858,0
SN_010184,LOT_034,13.9059,15.4091,16.0842,16.3451,0,healthy,0.0,50.0,13.858,0
SN_010185,LOT_034,11.8148,12.5322,12.8257,13.0264,0,healthy,0.0,50.0,13.858,0
SN_010186,LOT_034,14.9096,15.8473,16.2475,16.2975,0,healthy,0.0,50.0,13.858,0
SN_010187,LOT_034,16.4058,17.5026,17.8356,18.2848,0,healthy,0.0,50.0,13.858,0
SN_010188,LOT_034,14.3969,14.777,15.2382,15.0848,0,healthy,0.0,50.0,13.858,0
SN_010189,LOT_034,14.1323,15.5915,16.2892,16.3535,0,healthy,0.0,50.0,13.858,0
SN_010190,LOT_034,14.8169,16.033,16.597,16.6734,0,healthy,0.0,50.0,13.858,0
SN_010191,LOT_034,10.9491,12.3144,12.5545,12.7417,0,healthy,0.0,50.0,13.858,0
SN_010192,LOT_034,13.8381,14.5638,14.8295,15.0289,0,healthy,0.0,50.0,13.858,0
SN_010193,LOT_034,11.9411,12.7499,13.3231,13.496,0,healthy,0.0,50.0,13.858,0
SN_010194,LOT_034,13.7128,14.8882,15.1488,15.295,0,healthy,0.0,50.0,13.858,0
SN_010195,LOT_034,15.0279,16.6507,16.9575,17.416,0,healthy,0.0,50.0,13.858,0
SN_010196,LOT_034,17.9049,18.8171,19.5486,19.4911,0,healthy,0.0,50.0,13.858,0
SN_010197,LOT_034,18.7166,20.7559,21.4313,21.6846,0,healthy,0.0,50.0,13.858,0
SN_010198,LOT_034,14.9758,16.4916,16.9782,17.2609,0,healthy,0.0,50.0,13.858,0
SN_010199,LOT_034,12.0761,13.207,14.1084,14.3096,0,healthy,0.0,50.0,13.858,0
SN_010200,LOT_034,13.7717,15.1083,15.7741,16.1671,0,healthy,0.0,50.0,13.858,0
SN_010201,LOT_034,14.7126,15.738,16.0444,15.9882,0,healthy,0.0,50.0,13.858,0
SN_010202,LOT_034,13.8335,15.445,16.1225,16.3616,0,healthy,0.0,50.0,13.858,0
SN_010203,LOT_034,16.3636,17.136,17.5655,17.6426,0,healthy,0.0,50.0,13.858,0
SN_010204,LOT_034,15.6475,17.5745,17.9078,18.3139,0,healthy,0.0,50.0,13.858,0
SN_010205,LOT_034,13.8538,14.3489,14.357,14.611,0,healthy,0.0,50.0,13.858,0
SN_010206,LOT_034,11.602,13.066,13.4801,13.6501,0,healthy,0.0,50.0,13.858,0
SN_010207,LOT_034,,14.0513,14.7745,15.1706,0,healthy,0.0,50.0,13.858,0
SN_010208,LOT_034,15.0096,15.5925,15.8718,15.9185,0,healthy,0.0,50.0,13.858,0
SN_010209,LOT_034,13.8586,14.3964,14.6582,14.7954,0,healthy,0.0,50.0,13.858,0
SN_010210,LOT_034,18.1805,20.0672,21.1584,21.1684,0,healthy,0.0,50.0,13.858,0
SN_010211,LOT_034,11.946,13.4256,13.8819,14.3708,0,healthy,0.0,50.0,13.858,0
SN_010212,LOT_034,,13.7877,14.0505,14.1518,0,healthy,0.0,50.0,13.858,0
SN_010213,LOT_034,13.3251,13.6768,14.1147,14.0015,0,healthy,0.0,50.0,13.858,0
SN_010214,LOT_034,11.9932,13.2449,13.5716,13.6713,0,healthy,0.0,50.0,13.858,0
SN_010215,LOT_034,13.9269,14.5041,14.6148,14.7076,0,healthy,0.0,50.0,13.858,0
SN_010216,LOT_034,12.6424,13.7213,13.9649,14.1807,0,healthy,0.0,50.0,13.858,0
SN_010217,LOT_034,12.4421,14.0207,14.4767,14.6031,0,healthy,0.0,50.0,13.858,0
SN_010218,LOT_034,15.3219,16.8229,17.3841,17.8334,0,healthy,0.0,50.0,13.858,0
SN_010219,LOT_034,15.8945,17.0519,17.6253,17.7833,0,healthy,0.0,50.0,13.858,0
SN_010220,LOT_034,14.7943,15.7339,16.0505,16.1694,0,healthy,0.0,50.0,13.858,0
SN_010221,LOT_034,13.9408,15.3255,15.9191,16.0849,0,healthy,0.0,50.0,13.858,0
SN_010222,LOT_034,11.6923,12.4384,12.4833,12.6744,0,healthy,0.0,50.0,13.858,0
SN_010223,LOT_034,14.1109,15.0089,15.2037,15.4471,0,healthy,0.0,50.0,13.858,0
SN_010224,LOT_034,13.6712,15.0729,15.7745,15.8808,0,healthy,0.0,50.0,13.858,0
SN_010225,LOT_034,12.7727,13.3137,13.3972,13.6365,0,healthy,0.0,50.0,13.858,0
SN_010226,LOT_034,15.341,17.4459,17.8365,18.1128,0,healthy,0.0,50.0,13.858,0
SN_010227,LOT_034,11.5629,12.2989,12.2262,12.446,0,healthy,0.0,50.0,13.858,0
SN_010228,LOT_034,16.6816,18.0802,18.8197,19.1129,0,healthy,0.0,50.0,13.858,0
SN_010229,LOT_034,12.7529,14.0234,14.565,15.3492,0,healthy,0.0,50.0,13.858,0
SN_010230,LOT_034,18.2167,19.1738,19.2757,19.7075,0,healthy,0.0,50.0,13.858,0
SN_010231,LOT_034,14.7244,15.5472,15.6169,16.398,0,healthy,0.0,50.0,13.858,0
SN_010232,LOT_034,11.5361,12.5712,12.7008,12.9432,0,healthy,0.0,50.0,13.858,0
SN_010233,LOT_034,15.3867,17.0975,17.5955,17.7415,0,healthy,0.0,50.0,13.858,0
SN_010234,LOT_034,13.5731,14.1815,14.0628,14.3493,0,healthy,0.0,50.0,13.858,0
SN_010235,LOT_034,,15.5746,16.202,16.5502,0,healthy,0.0,50.0,13.858,0
SN_010236,LOT_034,46.0,47.7989,51.5145,55.8295,1,esd_oxide,0.5451,50.0,13.858,0
SN_010237,LOT_034,9.5141,10.5633,10.7822,10.8063,0,healthy,0.0,50.0,13.858,0
SN_010238,LOT_034,11.7697,12.3941,12.7293,12.7525,0,healthy,0.0,50.0,13.858,0
SN_010239,LOT_034,15.4632,16.927,17.7527,17.7269,0,healthy,0.0,50.0,13.858,0
SN_010240,LOT_034,13.1401,14.8399,15.1935,15.5283,0,healthy,0.0,50.0,13.858,0
SN_010241,LOT_034,12.0961,,12.9481,13.1623,0,healthy,0.0,50.0,13.858,0
SN_010242,LOT_034,13.19,14.611,15.145,15.5149,0,healthy,0.0,50.0,13.858,0
SN_010243,LOT_034,15.3201,17.0114,17.742,18.2739,0,healthy,0.0,50.0,13.858,0
SN_010244,LOT_034,13.043,,14.5912,14.5565,0,healthy,0.0,50.0,13.858,0
SN_010245,LOT_034,,13.9382,14.137,14.6328,0,healthy,0.0,50.0,13.858,0
SN_010246,LOT_034,16.9188,18.0533,18.1627,18.4819,0,healthy,0.0,50.0,13.858,0
SN_010247,LOT_034,,11.4292,12.0581,12.0993,0,healthy,0.0,50.0,13.858,0
SN_010248,LOT_034,16.8946,,18.8168,19.0604,0,healthy,0.0,50.0,13.858,0
SN_010249,LOT_034,13.5979,,14.5187,14.6714,0,healthy,0.0,50.0,13.858,0
SN_010250,LOT_034,13.8958,14.8665,15.2746,15.4282,0,healthy,0.0,50.0,13.858,0
SN_010251,LOT_034,15.7372,16.7213,16.698,16.8407,0,healthy,0.0,50.0,13.858,0
SN_010252,LOT_034,13.3144,14.3264,14.9301,15.1741,0,healthy,0.0,50.0,13.858,0
SN_010253,LOT_034,17.5908,19.4184,20.2444,20.4713,0,healthy,0.0,50.0,13.858,0
SN_010254,LOT_034,9.3512,10.4508,10.7433,10.9142,0,healthy,0.0,50.0,13.858,0
SN_010255,LOT_034,15.2565,16.3391,17.0534,17.5087,0,healthy,0.0,50.0,13.858,0
SN_010256,LOT_034,12.3207,14.0123,14.3746,14.7154,0,healthy,0.0,50.0,13.858,0
SN_010257,LOT_034,12.8093,14.4137,14.8724,15.2469,0,healthy,0.0,50.0,13.858,0
SN_010258,LOT_034,13.1043,13.9326,14.0676,14.04,0,healthy,0.0,50.0,13.858,0
SN_010259,LOT_034,15.0212,15.4881,15.9486,16.0396,0,healthy,0.0,50.0,13.858,0
SN_010260,LOT_034,13.7047,14.6892,14.7831,15.1817,0,healthy,0.0,50.0,13.858,0
SN_010261,LOT_034,13.1471,14.6342,14.6674,15.0305,0,healthy,0.0,50.0,13.858,0
SN_010262,LOT_034,12.5167,13.7693,13.9329,14.2027,0,healthy,0.0,50.0,13.858,0
SN_010263,LOT_034,13.737,15.4964,16.344,16.4498,0,healthy,0.0,50.0,13.858,0
SN_010264,LOT_034,14.3787,15.1401,15.5678,15.7471,0,healthy,0.0,50.0,13.858,0
SN_010265,LOT_034,11.6492,12.6245,12.6604,12.9213,0,healthy,0.0,50.0,13.858,0
SN_010266,LOT_034,13.0662,13.9909,14.3797,14.8469,0,healthy,0.0,50.0,13.858,0
SN_010267,LOT_034,14.349,15.1835,15.6491,15.5762,0,healthy,0.0,50.0,13.858,0
SN_010268,LOT_034,14.4991,15.9236,16.3229,16.601,0,healthy,0.0,50.0,13.858,0
SN_010269,LOT_034,12.107,12.792,12.9649,13.0873,0,healthy,0.0,50.0,13.858,0
SN_010270,LOT_034,14.9602,16.963,17.185,17.6034,0,healthy,0.0,50.0,13.858,0
SN_010271,LOT_034,12.8103,13.4935,13.6831,13.7811,0,healthy,0.0,50.0,13.858,0
SN_010272,LOT_034,15.5376,17.1177,17.8399,18.0895,0,healthy,0.0,50.0,13.858,0
SN_010273,LOT_034,,13.6252,14.1293,14.5136,0,healthy,0.0,50.0,13.858,0
SN_010274,LOT_034,15.4689,17.1921,17.6875,18.2182,0,healthy,0.0,50.0,13.858,0
SN_010275,LOT_034,13.0618,13.5952,13.8783,13.97,0,healthy,0.0,50.0,13.858,0
SN_010276,LOT_034,,16.0185,16.603,17.2408,0,healthy,0.0,50.0,13.858,0
SN_010277,LOT_034,14.5463,,15.242,15.6919,0,healthy,0.0,50.0,13.858,0
SN_010278,LOT_034,11.8473,13.3169,13.8722,14.0511,0,healthy,0.0,50.0,13.858,0
SN_010279,LOT_034,,,13.5234,13.5508,0,healthy,0.0,50.0,13.858,0
SN_010280,LOT_034,12.4591,13.1137,13.6176,13.6744,0,healthy,0.0,50.0,13.858,0
SN_010281,LOT_034,13.108,14.3786,15.045,15.3384,0,healthy,0.0,50.0,13.858,0
SN_010282,LOT_034,10.2481,11.1643,11.2777,11.4363,0,healthy,0.0,50.0,13.858,0
SN_010283,LOT_034,11.713,13.1587,13.437,13.8943,0,healthy,0.0,50.0,13.858,0
SN_010284,LOT_034,19.2652,20.1726,20.8805,21.2195,0,healthy,0.0,50.0,13.858,0
SN_010285,LOT_034,12.887,,14.2902,14.5242,0,healthy,0.0,50.0,13.858,0
SN_010286,LOT_034,12.9391,14.4053,15.1835,15.5122,0,healthy,0.0,50.0,13.858,0
SN_010287,LOT_034,14.2062,15.0995,15.4531,15.7208,0,healthy,0.0,50.0,13.858,0
SN_010288,LOT_034,14.3757,15.5135,15.9207,16.2716,0,healthy,0.0,50.0,13.858,0
SN_010289,LOT_034,14.2815,15.6148,16.2097,16.4672,0,healthy,0.0,50.0,13.858,0
SN_010290,LOT_034,19.5841,,22.0807,22.3541,0,healthy,0.0,50.0,13.858,0
SN_010291,LOT_034,12.2899,13.1889,13.6262,13.5533,0,healthy,0.0,50.0,13.858,0
SN_010292,LOT_034,17.753,19.4941,19.9386,20.4893,0,healthy,0.0,50.0,13.858,0
SN_010293,LOT_034,13.632,15.4952,15.7403,16.0801,0,healthy,0.0,50.0,13.858,0
SN_010294,LOT_034,12.6164,13.6987,14.0595,14.4471,0,healthy,0.0,50.0,13.858,0
SN_010295,LOT_034,15.1048,17.0975,17.5504,17.7796,0,healthy,0.0,50.0,13.858,0
SN_010296,LOT_034,14.3492,14.8637,15.015,15.0751,0,healthy,0.0,50.0,13.858,0
SN_010297,LOT_034,12.7171,14.1657,14.4751,14.5789,0,healthy,0.0,50.0,13.858,0
SN_010298,LOT_034,11.0222,12.7727,12.8962,12.9142,0,healthy,0.0,50.0,13.858,0
SN_010299,LOT_034,11.536,12.5892,13.0886,13.1253,0,healthy,0.0,50.0,13.858,0
SN_010300,LOT_034,14.0734,15.6727,16.1503,16.5729,0,healthy,0.0,50.0,13.858,0
SN_010301,LOT_034,14.1886,15.5867,15.7996,16.2741,0,healthy,0.0,50.0,13.858,0
SN_010302,LOT_034,12.1985,13.3526,14.0003,14.3894,0,healthy,0.0,50.0,13.858,0
SN_010303,LOT_034,16.7119,18.9209,19.7009,20.1712,0,healthy,0.0,50.0,13.858,0
SN_010304,LOT_034,13.9824,14.8645,15.2541,15.2899,0,healthy,0.0,50.0,13.858,0
SN_010305,LOT_034,16.5503,18.9428,19.5917,19.8073,0,healthy,0.0,50.0,13.858,0
SN_010306,LOT_034,10.2606,11.0541,11.2882,11.3914,0,healthy,0.0,50.0,13.858,0
SN_010307,LOT_034,14.4008,15.2219,15.591,15.9723,0,healthy,0.0,50.0,13.858,0
SN_010308,LOT_034,11.3791,12.722,13.0776,13.4062,0,healthy,0.0,50.0,13.858,0
SN_010309,LOT_034,13.7022,14.4839,14.9776,15.1687,0,healthy,0.0,50.0,13.858,0
SN_010310,LOT_034,18.9551,21.7742,22.2643,22.7773,0,healthy,0.0,50.0,13.858,0
SN_010311,LOT_034,15.635,17.7243,18.4203,18.3731,0,healthy,0.0,50.0,13.858,0
SN_010312,LOT_034,15.3225,16.6139,17.2168,17.0602,0,healthy,0.0,50.0,13.858,0
SN_010313,LOT_034,9.8473,10.3925,10.3916,10.5247,0,healthy,0.0,50.0,13.858,0
SN_010314,LOT_034,14.5879,16.1243,16.7417,16.8624,0,healthy,0.0,50.0,13.858,0
SN_010315,LOT_034,14.227,14.5436,14.8507,14.9247,0,healthy,0.0,50.0,13.858,0
SN_010316,LOT_034,15.7713,16.4578,17.0925,17.1514,0,healthy,0.0,50.0,13.858,0
SN_010317,LOT_034,,17.0559,17.6441,17.9171,0,healthy,0.0,50.0,13.858,0
SN_010318,LOT_034,13.826,15.3731,15.2439,15.4567,0,healthy,0.0,50.0,13.858,0
SN_010319,LOT_034,18.8054,20.7532,21.5658,22.0059,0,healthy,0.0,50.0,13.858,0
SN_010320,LOT_034,13.5122,,14.3384,14.5665,0,healthy,0.0,50.0,13.858,0
SN_010321,LOT_034,16.9427,17.6052,17.7961,18.249,0,healthy,0.0,50.0,13.858,0
SN_010322,LOT_034,13.8685,15.4524,16.2688,16.6164,0,healthy,0.0,50.0,13.858,0
SN_010323,LOT_034,11.3244,12.2467,12.5135,12.6403,0,healthy,0.0,50.0,13.858,0
SN_010324,LOT_034,12.5453,13.1437,13.1844,13.584,0,healthy,0.0,50.0,13.858,0
SN_010325,LOT_034,14.5261,16.3295,16.8076,17.092,0,healthy,0.0,50.0,13.858,0
SN_010326,LOT_034,15.022,16.6986,17.3361,17.7601,0,healthy,0.0,50.0,13.858,0
SN_010327,LOT_034,14.3789,15.2843,15.7463,15.7556,0,healthy,0.0,50.0,13.858,0
SN_010328,LOT_034,9.4613,9.9847,10.0248,10.1223,0,healthy,0.0,50.0,13.858,0
SN_010329,LOT_034,10.297,10.797,10.8249,11.0488,0,healthy,0.0,50.0,13.858,0
SN_010330,LOT_034,13.7992,15.467,16.1876,16.4637,0,healthy,0.0,50.0,13.858,0
SN_010331,LOT_034,15.9096,17.4335,17.8655,18.0938,0,healthy,0.0,50.0,13.858,0
SN_010332,LOT_034,13.0187,,14.7649,15.3296,0,healthy,0.0,50.0,13.858,0
SN_010333,LOT_034,16.0418,17.3308,18.0589,18.4195,0,healthy,0.0,50.0,13.858,0
SN_010334,LOT_034,17.3388,18.1993,18.5658,18.7797,0,healthy,0.0,50.0,13.858,0
SN_010335,LOT_034,10.098,11.1261,11.4922,11.5565,0,healthy,0.0,50.0,13.858,0
SN_010336,LOT_034,17.42,19.3127,20.4471,20.9756,0,healthy,0.0,50.0,13.858,0
SN_010337,LOT_034,13.4559,14.0536,13.9983,14.0237,0,healthy,0.0,50.0,13.858,0
SN_010338,LOT_034,17.6323,18.4701,18.8884,19.0278,0,healthy,0.0,50.0,13.858,0
SN_010339,LOT_034,14.4722,15.5495,15.5507,15.9178,0,healthy,0.0,50.0,13.858,0
SN_010340,LOT_034,14.0151,15.208,15.5113,15.577,0,healthy,0.0,50.0,13.858,0
SN_010341,LOT_034,12.7142,,13.417,13.4591,0,healthy,0.0,50.0,13.858,0
SN_010342,LOT_034,13.0568,14.0389,14.4416,14.7424,0,healthy,0.0,50.0,13.858,0
SN_010343,LOT_034,13.6348,15.2966,15.629,16.2855,0,healthy,0.0,50.0,13.858,0
SN_010344,LOT_034,14.8401,15.7994,16.009,16.2161,0,healthy,0.0,50.0,13.858,0
SN_010345,LOT_034,13.3687,13.7019,14.128,14.2838,0,healthy,0.0,50.0,13.858,0
SN_010346,LOT_034,11.7983,12.44,12.6939,12.7539,0,healthy,0.0,50.0,13.858,0
SN_010347,LOT_034,13.1459,14.6732,15.1824,15.5353,0,healthy,0.0,50.0,13.858,0
SN_010348,LOT_034,15.9654,17.3413,17.8822,17.9499,0,healthy,0.0,50.0,13.858,0
SN_010349,LOT_034,13.6536,14.3463,14.5618,14.6456,0,healthy,0.0,50.0,13.858,0
SN_010350,LOT_034,13.3218,14.377,14.6767,14.6871,0,healthy,0.0,50.0,13.858,0
SN_010351,LOT_034,12.2031,12.7468,12.8042,12.8144,0,healthy,0.0,50.0,13.858,0
SN_010352,LOT_034,13.4222,14.7894,15.0085,15.3779,0,healthy,0.0,50.0,13.858,0
SN_010353,LOT_034,,21.7625,22.2569,23.319,0,healthy,0.0,50.0,13.858,0
SN_010354,LOT_034,12.663,13.3182,13.5175,13.6978,0,healthy,0.0,50.0,13.858,0
SN_010355,LOT_034,14.6508,16.0929,16.5326,16.9252,0,healthy,0.0,50.0,13.858,0
SN_010356,LOT_034,13.309,14.3021,14.8771,14.9744,0,healthy,0.0,50.0,13.858,0
SN_010357,LOT_034,18.7729,20.1064,19.9656,20.5228,0,healthy,0.0,50.0,13.858,0
SN_010358,LOT_034,10.7491,11.2508,11.4149,11.6651,0,healthy,0.0,50.0,13.858,0
SN_010359,LOT_034,13.2894,14.7314,14.8871,15.1747,0,healthy,0.0,50.0,13.858,0
SN_010360,LOT_034,14.4152,14.9038,15.2233,15.1923,0,healthy,0.0,50.0,13.858,0
SN_010361,LOT_034,17.0356,,18.3599,18.7808,0,healthy,0.0,50.0,13.858,0
SN_010362,LOT_034,13.4907,15.2129,15.4567,15.8148,0,healthy,0.0,50.0,13.858,0
SN_010363,LOT_034,13.0391,14.3433,14.7071,14.8369,0,healthy,0.0,50.0,13.858,0
SN_010364,LOT_034,12.4119,12.9955,13.2274,13.5033,0,healthy,0.0,50.0,13.858,0
SN_010365,LOT_034,13.1739,14.4743,14.7718,15.0526,0,healthy,0.0,50.0,13.858,0
SN_010366,LOT_034,13.1737,14.3571,14.7821,14.8171,0,healthy,0.0,50.0,13.858,0
SN_010367,LOT_034,11.62,12.8019,13.0004,13.0821,0,healthy,0.0,50.0,13.858,0
SN_010368,LOT_034,12.2134,12.7901,13.0854,13.2327,0,healthy,0.0,50.0,13.858,0
SN_010369,LOT_034,16.2174,17.7914,18.6541,18.799,0,healthy,0.0,50.0,13.858,0
SN_010370,LOT_034,11.2127,11.9732,12.1526,12.4255,0,healthy,0.0,50.0,13.858,0
SN_010371,LOT_034,15.8074,17.4815,18.1611,18.5603,0,healthy,0.0,50.0,13.858,0
SN_010372,LOT_034,14.5742,15.7735,16.091,16.1761,0,healthy,0.0,50.0,13.858,0
SN_010373,LOT_034,12.4118,13.8729,14.1384,14.4033,0,healthy,0.0,50.0,13.858,0
SN_010374,LOT_034,16.3212,17.4324,17.7294,18.1404,0,healthy,0.0,50.0,13.858,0
SN_010375,LOT_034,11.6612,12.6538,13.0203,13.1331,0,healthy,0.0,50.0,13.858,0
SN_010376,LOT_034,16.3055,17.9521,18.1531,18.4902,0,healthy,0.0,50.0,13.858,0
SN_010377,LOT_034,16.842,18.3469,18.925,18.927,0,healthy,0.0,50.0,13.858,0
SN_010378,LOT_034,10.8596,11.9241,12.0609,12.2451,0,healthy,0.0,50.0,13.858,0
SN_010379,LOT_034,13.8691,15.5312,16.4037,16.5752,0,healthy,0.0,50.0,13.858,0
SN_010380,LOT_034,12.9029,13.8482,14.0791,14.3821,0,healthy,0.0,50.0,13.858,0
SN_010381,LOT_034,19.5339,21.6381,22.4146,22.2225,0,healthy,0.0,50.0,13.858,0
SN_010382,LOT_034,15.4486,17.0864,17.6499,17.8209,0,healthy,0.0,50.0,13.858,0
SN_010383,LOT_034,14.9446,16.2643,16.764,16.9759,0,healthy,0.0,50.0,13.858,0
SN_010384,LOT_034,16.3438,17.2364,17.5771,17.7639,0,healthy,0.0,50.0,13.858,0
SN_010385,LOT_034,11.9144,13.1051,13.6303,13.8383,0,healthy,0.0,50.0,13.858,0
SN_010386,LOT_034,13.5157,15.203,15.8682,16.2852,0,healthy,0.0,50.0,13.858,0
SN_010387,LOT_034,10.5429,11.5716,11.8729,12.1013,0,healthy,0.0,50.0,13.858,0
SN_010388,LOT_034,11.3206,12.1429,12.1286,12.4147,0,healthy,0.0,50.0,13.858,0
SN_010389,LOT_034,13.0678,13.5632,13.8086,13.7207,0,healthy,0.0,50.0,13.858,0
SN_010390,LOT_034,13.0776,14.1192,13.9782,14.184,0,healthy,0.0,50.0,13.858,0
SN_010391,LOT_034,12.2104,13.1816,13.4202,13.4407,0,healthy,0.0,50.0,13.858,0
SN_010392,LOT_034,11.1068,11.722,11.8883,11.8303,0,healthy,0.0,50.0,13.858,0
SN_010393,LOT_034,11.5687,12.3267,12.3718,12.5191,0,healthy,0.0,50.0,13.858,0
SN_010394,LOT_034,13.5662,14.0681,14.3609,14.2456,0,healthy,0.0,50.0,13.858,0
SN_010395,LOT_034,16.035,17.1913,18.0414,18.3434,0,healthy,0.0,50.0,13.858,0
SN_010396,LOT_034,11.4378,12.2143,12.3613,12.5653,0,healthy,0.0,50.0,13.858,0
SN_010397,LOT_034,14.1736,,16.2119,16.679,0,healthy,0.0,50.0,13.858,0
SN_010398,LOT_034,18.5115,19.2899,19.6875,19.3345,0,healthy,0.0,50.0,13.858,0
SN_010399,LOT_034,17.4242,,19.0215,19.128,0,healthy,0.0,50.0,13.858,0
SN_010400,LOT_034,14.5453,15.6129,16.044,16.382,0,healthy,0.0,50.0,13.858,0
SN_010401,LOT_034,12.1703,12.9215,13.4112,13.3285,0,healthy,0.0,50.0,13.858,0
SN_010402,LOT_034,12.9374,13.5068,13.6677,13.7531,0,healthy,0.0,50.0,13.858,0
SN_010403,LOT_034,12.3119,12.7055,13.0253,12.877,0,healthy,0.0,50.0,13.858,0
SN_010404,LOT_034,12.9081,13.7696,13.9179,14.0882,0,healthy,0.0,50.0,13.858,0
SN_010405,LOT_034,,16.0455,16.5917,16.9584,0,healthy,0.0,50.0,13.858,0
SN_010406,LOT_034,10.3793,10.6184,10.9796,11.0052,0,healthy,0.0,50.0,13.858,0
SN_010407,LOT_034,12.7808,13.9319,14.3059,14.3127,0,healthy,0.0,50.0,13.858,0
SN_010408,LOT_034,18.1913,19.2178,19.6822,19.949,0,healthy,0.0,50.0,13.858,0
SN_010409,LOT_034,,14.9688,15.6312,15.8673,0,healthy,0.0,50.0,13.858,0
SN_010410,LOT_034,12.7617,14.2712,14.6026,14.6364,0,healthy,0.0,50.0,13.858,0
SN_010411,LOT_034,,13.6643,13.7167,13.8794,0,healthy,0.0,50.0,13.858,0
SN_010412,LOT_034,12.3895,13.0786,13.1329,13.2144,0,healthy,0.0,50.0,13.858,0
SN_010413,LOT_034,12.9212,14.0658,14.6313,14.5335,0,healthy,0.0,50.0,13.858,0
SN_010414,LOT_034,14.7507,16.435,16.7557,17.273,0,healthy,0.0,50.0,13.858,0
SN_010415,LOT_034,14.7742,15.9001,16.4324,16.7524,0,healthy,0.0,50.0,13.858,0
SN_010416,LOT_034,12.5795,14.035,14.4843,14.7144,0,healthy,0.0,50.0,13.858,0
SN_010417,LOT_034,13.4271,14.2548,14.6184,14.8,0,healthy,0.0,50.0,13.858,0
SN_010418,LOT_034,12.2482,13.1438,13.7325,13.8379,0,healthy,0.0,50.0,13.858,0
SN_010419,LOT_034,13.685,14.9397,15.2289,15.2381,0,healthy,0.0,50.0,13.858,0
SN_010420,LOT_034,19.295,21.1418,22.0173,21.9083,0,healthy,0.0,50.0,13.858,0
SN_010421,LOT_034,11.8846,12.8302,13.1227,13.3036,0,healthy,0.0,50.0,13.858,0
SN_010422,LOT_034,16.2287,16.7713,17.076,17.3097,0,healthy,0.0,50.0,13.858,0
SN_010423,LOT_034,14.8575,15.4664,15.3189,15.4055,0,healthy,0.0,50.0,13.858,0
SN_010424,LOT_034,12.4489,13.2228,13.3623,13.5556,0,healthy,0.0,50.0,13.858,0
SN_010425,LOT_034,14.1261,14.5002,14.7239,14.8001,0,healthy,0.0,50.0,13.858,0
SN_010426,LOT_034,16.3435,17.7237,18.2328,18.4138,0,healthy,0.0,50.0,13.858,0
SN_010427,LOT_034,14.5552,15.8621,16.3217,16.3599,0,healthy,0.0,50.0,13.858,0
SN_010428,LOT_034,12.7916,14.1423,14.6746,15.0477,0,healthy,0.0,50.0,13.858,0
SN_010429,LOT_034,15.8282,16.5903,16.6201,16.9815,0,healthy,0.0,50.0,13.858,0
SN_010430,LOT_034,,13.927,14.3577,14.5566,0,healthy,0.0,50.0,13.858,0
SN_010431,LOT_034,13.5735,14.465,15.0677,15.086,0,healthy,0.0,50.0,13.858,0
SN_010432,LOT_034,12.6438,13.7744,14.1597,14.3554,0,healthy,0.0,50.0,13.858,0
SN_010433,LOT_034,15.3011,17.2481,17.9017,18.2471,0,healthy,0.0,50.0,13.858,0
SN_010434,LOT_034,,20.4584,21.3568,21.6312,0,healthy,0.0,50.0,13.858,0
SN_010435,LOT_034,11.7883,13.0072,13.5798,13.6074,0,healthy,0.0,50.0,13.858,0
SN_010436,LOT_034,13.1286,13.9086,14.1625,14.2625,0,healthy,0.0,50.0,13.858,0
SN_010437,LOT_034,12.9303,13.9169,14.5912,14.8268,0,healthy,0.0,50.0,13.858,0
SN_010438,LOT_034,15.0691,16.194,16.6031,16.6566,0,healthy,0.0,50.0,13.858,0
SN_010439,LOT_034,13.9912,14.8087,15.3206,15.4352,0,healthy,0.0,50.0,13.858,0
SN_010440,LOT_034,14.1464,15.3092,15.6656,16.0058,0,healthy,0.0,50.0,13.858,0
SN_010441,LOT_034,11.8888,12.5175,12.9211,13.0951,0,healthy,0.0,50.0,13.858,0
SN_010442,LOT_034,12.8836,14.367,14.4551,14.8728,0,healthy,0.0,50.0,13.858,0
SN_010443,LOT_034,16.2642,17.0156,17.07,17.3811,0,healthy,0.0,50.0,13.858,0
SN_010444,LOT_034,13.4482,13.9399,14.2571,14.1484,0,healthy,0.0,50.0,13.858,0
SN_010445,LOT_034,17.4958,18.6199,18.7851,19.1209,0,healthy,0.0,50.0,13.858,0
SN_010446,LOT_034,13.3251,13.9649,14.2108,14.2181,0,healthy,0.0,50.0,13.858,0
SN_010447,LOT_034,13.6771,15.5842,16.0976,16.1871,0,healthy,0.0,50.0,13.858,0
SN_010448,LOT_034,14.876,16.7015,17.3751,17.9955,0,healthy,0.0,50.0,13.858,0
SN_010449,LOT_034,10.6411,11.39,11.9383,11.99,0,healthy,0.0,50.0,13.858,0
SN_010450,LOT_034,14.2384,16.2293,16.6599,16.9074,0,healthy,0.0,50.0,13.858,0
SN_010451,LOT_034,14.8181,15.622,15.9819,16.1256,0,healthy,0.0,50.0,13.858,0
SN_010452,LOT_034,14.7049,16.1406,16.8361,17.1184,0,healthy,0.0,50.0,13.858,0
SN_010453,LOT_034,13.8731,15.1243,15.6844,15.6649,0,healthy,0.0,50.0,13.858,0
SN_010454,LOT_034,12.226,12.7442,13.3546,13.3395,0,healthy,0.0,50.0,13.858,0
SN_010455,LOT_034,11.8845,12.6704,13.1788,13.4778,0,healthy,0.0,50.0,13.858,0
SN_010456,LOT_034,12.5553,13.4198,13.5873,13.5855,0,healthy,0.0,50.0,13.858,0
SN_010457,LOT_034,,14.1124,14.3902,14.6902,0,healthy,0.0,50.0,13.858,0
SN_010458,LOT_034,13.4192,14.2344,14.5145,14.8758,0,healthy,0.0,50.0,13.858,0
SN_010459,LOT_034,15.0935,16.8073,17.7585,18.2766,0,healthy,0.0,50.0,13.858,0
SN_010460,LOT_034,12.0448,12.4598,12.8399,13.0282,0,healthy,0.0,50.0,13.858,0
SN_010461,LOT_034,13.5533,14.0133,14.2799,14.2972,0,healthy,0.0,50.0,13.858,0
SN_010462,LOT_034,13.0189,13.5909,13.9847,13.9285,0,healthy,0.0,50.0,13.858,0
SN_010463,LOT_034,11.9432,12.8936,12.9967,13.0373,0,healthy,0.0,50.0,13.858,0
SN_010464,LOT_034,16.7782,,18.3872,18.4317,0,healthy,0.0,50.0,13.858,0
SN_010465,LOT_034,14.0505,15.7382,16.121,16.4259,0,healthy,0.0,50.0,13.858,0
SN_010466,LOT_034,12.044,12.3751,12.7442,12.796,0,healthy,0.0,50.0,13.858,0
SN_010467,LOT_034,14.285,16.0132,16.6531,17.0285,0,healthy,0.0,50.0,13.858,0
SN_010468,LOT_034,14.405,15.8618,16.6444,16.5657,0,healthy,0.0,50.0,13.858,0
SN_010469,LOT_034,12.4357,13.8544,14.5086,14.8108,0,healthy,0.0,50.0,13.858,0
SN_010470,LOT_034,14.7909,15.734,15.9037,16.0166,0,healthy,0.0,50.0,13.858,0
SN_010471,LOT_034,11.9044,12.3178,12.6313,12.5696,0,healthy,0.0,50.0,13.858,0
SN_010472,LOT_034,12.1998,12.5974,12.7998,12.8381,0,healthy,0.0,50.0,13.858,0
SN_010473,LOT_034,16.7196,18.3639,18.6768,18.6355,0,healthy,0.0,50.0,13.858,0
SN_010474,LOT_034,,12.9688,13.418,13.7443,0,healthy,0.0,50.0,13.858,0
SN_010475,LOT_034,9.9436,11.1355,11.4554,11.6803,0,healthy,0.0,50.0,13.858,0
SN_010476,LOT_034,13.575,15.0742,15.4593,15.5968,0,healthy,0.0,50.0,13.858,0
SN_010477,LOT_034,13.2273,13.8193,14.2114,14.4671,0,healthy,0.0,50.0,13.858,0
SN_010478,LOT_034,12.5834,13.3402,13.8411,13.7849,0,healthy,0.0,50.0,13.858,0
SN_010479,LOT_034,13.9386,15.6198,16.0329,16.6614,0,healthy,0.0,50.0,13.858,0
SN_010480,LOT_035,6.4801,7.2616,7.554,7.7353,0,healthy,0.0,50.0,6.5095,0
SN_010481,LOT_035,6.8566,7.0762,7.1357,7.2431,0,healthy,0.0,50.0,6.5095,0
SN_010482,LOT_035,7.7605,,9.1661,9.3088,0,healthy,0.0,50.0,6.5095,0
SN_010483,LOT_035,7.2999,8.0858,8.1532,8.3688,0,healthy,0.0,50.0,6.5095,0
SN_010484,LOT_035,6.8856,7.4736,7.8542,7.9067,0,healthy,0.0,50.0,6.5095,0
SN_010485,LOT_035,6.0699,6.8346,7.089,7.1711,0,healthy,0.0,50.0,6.5095,0
SN_010486,LOT_035,5.6838,6.222,6.483,6.4601,0,healthy,0.0,50.0,6.5095,0
SN_010487,LOT_035,25.8928,27.4303,30.8696,34.6555,1,subtle_in_spec,0.5911,50.0,6.5095,0
SN_010488,LOT_035,7.3907,7.8649,8.1806,8.3502,0,healthy,0.0,50.0,6.5095,0
SN_010489,LOT_035,,7.1091,7.3219,7.3485,0,healthy,0.0,50.0,6.5095,0
SN_010490,LOT_035,5.7599,6.0637,6.2822,6.3207,0,healthy,0.0,50.0,6.5095,0
SN_010491,LOT_035,6.3649,6.8413,6.8115,6.8874,0,healthy,0.0,50.0,6.5095,0
SN_010492,LOT_035,5.829,6.1221,6.1945,6.2485,0,healthy,0.0,50.0,6.5095,0
SN_010493,LOT_035,,7.3922,7.6352,7.8191,0,healthy,0.0,50.0,6.5095,0
SN_010494,LOT_035,4.8971,5.2855,5.2912,5.4652,0,healthy,0.0,50.0,6.5095,0
SN_010495,LOT_035,7.2776,7.7042,7.7815,7.7936,0,healthy,0.0,50.0,6.5095,0
SN_010496,LOT_035,6.3,6.8633,7.2529,7.243,0,healthy,0.0,50.0,6.5095,0
SN_010497,LOT_035,6.3674,6.7736,6.9729,7.0454,0,healthy,0.0,50.0,6.5095,0
SN_010498,LOT_035,5.4994,,5.8016,5.9062,0,healthy,0.0,50.0,6.5095,0
SN_010499,LOT_035,7.8363,8.7094,9.0567,9.2377,0,healthy,0.0,50.0,6.5095,0
SN_010500,LOT_035,6.5973,7.1334,7.371,7.5068,0,healthy,0.0,50.0,6.5095,0
SN_010501,LOT_035,5.4721,6.0259,6.1367,6.198,0,healthy,0.0,50.0,6.5095,0
SN_010502,LOT_035,4.6922,5.0064,5.1148,5.1654,0,healthy,0.0,50.0,6.5095,0
SN_010503,LOT_035,6.0293,6.6732,6.8878,6.8414,0,healthy,0.0,50.0,6.5095,0
SN_010504,LOT_035,7.631,8.4398,8.8813,8.9328,0,healthy,0.0,50.0,6.5095,0
SN_010505,LOT_035,6.7318,7.2485,7.4918,7.592,0,healthy,0.0,50.0,6.5095,0
SN_010506,LOT_035,5.6233,5.8751,5.9346,5.8738,0,healthy,0.0,50.0,6.5095,0
SN_010507,LOT_035,7.3732,7.7592,8.028,8.0993,0,healthy,0.0,50.0,6.5095,0
SN_010508,LOT_035,6.3877,6.7398,6.9943,6.9871,0,healthy,0.0,50.0,6.5095,0
SN_010509,LOT_035,6.3405,6.6436,6.7372,6.8881,0,healthy,0.0,50.0,6.5095,0
SN_010510,LOT_035,4.9226,5.4423,5.6163,5.6777,0,healthy,0.0,50.0,6.5095,0
SN_010511,LOT_035,,8.6864,8.8719,8.9263,0,healthy,0.0,50.0,6.5095,0
SN_010512,LOT_035,5.738,6.0692,6.2131,6.2147,0,healthy,0.0,50.0,6.5095,0
SN_010513,LOT_035,5.1592,5.6091,5.8084,5.9108,0,healthy,0.0,50.0,6.5095,0
SN_010514,LOT_035,7.3924,7.8752,8.1885,8.3716,0,healthy,0.0,50.0,6.5095,0
SN_010515,LOT_035,7.5217,8.3552,8.5337,8.6827,0,healthy,0.0,50.0,6.5095,0
SN_010516,LOT_035,5.5456,6.0088,6.107,6.2243,0,healthy,0.0,50.0,6.5095,0
SN_010517,LOT_035,6.9052,7.3849,7.5927,7.572,0,healthy,0.0,50.0,6.5095,0
SN_010518,LOT_035,5.7501,5.9955,6.1947,6.2533,0,healthy,0.0,50.0,6.5095,0
SN_010519,LOT_035,5.8234,6.0824,6.2948,6.2803,0,healthy,0.0,50.0,6.5095,0
SN_010520,LOT_035,6.8189,7.5894,8.0003,8.1714,0,healthy,0.0,50.0,6.5095,0
SN_010521,LOT_035,7.6818,7.9786,8.2038,8.3157,0,healthy,0.0,50.0,6.5095,0
SN_010522,LOT_035,6.9994,7.7927,8.0651,8.1325,0,healthy,0.0,50.0,6.5095,0
SN_010523,LOT_035,7.4427,8.1313,8.4713,8.7437,0,healthy,0.0,50.0,6.5095,0
SN_010524,LOT_035,6.0619,6.6101,6.7988,6.9027,0,healthy,0.0,50.0,6.5095,0
SN_010525,LOT_035,6.2437,6.8327,7.1211,7.4178,0,healthy,0.0,50.0,6.5095,0
SN_010526,LOT_035,5.6472,5.8136,5.8502,5.9197,0,healthy,0.0,50.0,6.5095,0
SN_010527,LOT_035,5.4015,5.6387,5.7739,5.9225,0,healthy,0.0,50.0,6.5095,0
SN_010528,LOT_035,4.5945,5.0487,5.2832,5.291,0,healthy,0.0,50.0,6.5095,0
SN_010529,LOT_035,7.4006,7.6529,7.7587,7.7666,0,healthy,0.0,50.0,6.5095,0
SN_010530,LOT_035,6.4559,6.7922,6.8124,6.8828,0,healthy,0.0,50.0,6.5095,0
SN_010531,LOT_035,5.0763,5.4381,5.5813,5.6969,0,healthy,0.0,50.0,6.5095,0
SN_010532,LOT_035,6.7743,7.52,7.7081,7.9144,0,healthy,0.0,50.0,6.5095,0
SN_010533,LOT_035,5.8497,6.1116,6.2184,6.1741,0,healthy,0.0,50.0,6.5095,0
SN_010534,LOT_035,5.7502,6.3191,6.482,6.5199,0,healthy,0.0,50.0,6.5095,0
SN_010535,LOT_035,6.7817,7.0211,7.1817,7.3341,0,healthy,0.0,50.0,6.5095,0
SN_010536,LOT_035,,7.5227,7.8147,7.7368,0,healthy,0.0,50.0,6.5095,0
SN_010537,LOT_035,9.6465,,11.275,11.5208,0,healthy,0.0,50.0,6.5095,0
SN_010538,LOT_035,5.8457,6.1735,6.3268,6.432,0,healthy,0.0,50.0,6.5095,0
SN_010539,LOT_035,6.2027,6.6298,6.73,6.6117,0,healthy,0.0,50.0,6.5095,0
SN_010540,LOT_035,6.3127,6.7981,6.9717,7.1707,0,healthy,0.0,50.0,6.5095,0
SN_010541,LOT_035,6.6162,7.1095,7.3242,7.34,0,healthy,0.0,50.0,6.5095,0
SN_010542,LOT_035,8.091,9.0479,9.3778,9.5514,0,healthy,0.0,50.0,6.5095,0
SN_010543,LOT_035,6.134,6.9183,7.1788,7.3385,0,healthy,0.0,50.0,6.5095,0
SN_010544,LOT_035,6.3581,6.7039,6.8502,6.8508,0,healthy,0.0,50.0,6.5095,0
SN_010545,LOT_035,7.4871,8.329,8.4038,8.5152,0,healthy,0.0,50.0,6.5095,0
SN_010546,LOT_035,7.0993,7.5803,7.7713,7.6446,0,healthy,0.0,50.0,6.5095,0
SN_010547,LOT_035,6.9463,,7.8145,7.8469,0,healthy,0.0,50.0,6.5095,0
SN_010548,LOT_035,7.2013,7.9841,8.2024,8.1616,0,healthy,0.0,50.0,6.5095,0
SN_010549,LOT_035,5.867,6.4584,6.6053,6.7746,0,healthy,0.0,50.0,6.5095,0
SN_010550,LOT_035,6.3888,6.6779,6.6931,6.7651,0,healthy,0.0,50.0,6.5095,0
SN_010551,LOT_035,7.2115,7.3608,7.5354,7.5949,0,healthy,0.0,50.0,6.5095,0
SN_010552,LOT_035,7.8988,8.6328,8.9303,9.1735,0,healthy,0.0,50.0,6.5095,0
SN_010553,LOT_035,5.9037,6.4293,6.4256,6.5546,0,healthy,0.0,50.0,6.5095,0
SN_010554,LOT_035,5.1143,5.3299,5.5273,5.5216,0,healthy,0.0,50.0,6.5095,0
SN_010555,LOT_035,,,5.6227,5.7959,0,healthy,0.0,50.0,6.5095,0
SN_010556,LOT_035,6.1938,6.5873,6.663,6.6408,0,healthy,0.0,50.0,6.5095,0
SN_010557,LOT_035,6.0695,6.7369,6.9187,7.0727,0,healthy,0.0,50.0,6.5095,0
SN_010558,LOT_035,6.3515,6.5846,6.6686,6.643,0,healthy,0.0,50.0,6.5095,0
SN_010559,LOT_035,5.9185,6.4147,6.6192,6.5959,0,healthy,0.0,50.0,6.5095,0
SN_010560,LOT_035,6.1779,6.4283,6.5669,6.5716,0,healthy,0.0,50.0,6.5095,0
SN_010561,LOT_035,6.6646,7.2198,7.3692,7.4859,0,healthy,0.0,50.0,6.5095,0
SN_010562,LOT_035,,6.7823,7.2045,7.3454,0,healthy,0.0,50.0,6.5095,0
SN_010563,LOT_035,5.3644,5.5911,5.5722,5.6557,0,healthy,0.0,50.0,6.5095,0
SN_010564,LOT_035,6.5562,7.1362,7.4179,7.7373,0,healthy,0.0,50.0,6.5095,0
SN_010565,LOT_035,7.7865,8.3133,8.678,8.7879,0,healthy,0.0,50.0,6.5095,0
SN_010566,LOT_035,7.0812,7.7289,7.9894,8.2974,0,healthy,0.0,50.0,6.5095,0
SN_010567,LOT_035,7.7205,,8.1002,8.1578,0,healthy,0.0,50.0,6.5095,0
SN_010568,LOT_035,8.948,9.4999,9.5731,9.5493,0,healthy,0.0,50.0,6.5095,0
SN_010569,LOT_035,7.1783,7.9346,8.0933,8.2728,0,healthy,0.0,50.0,6.5095,0
SN_010570,LOT_035,7.4167,7.8275,7.9064,7.8509,0,healthy,0.0,50.0,6.5095,0
SN_010571,LOT_035,4.7383,5.0175,5.1165,5.1541,0,healthy,0.0,50.0,6.5095,0
SN_010572,LOT_035,6.362,6.7403,6.9,7.007,0,healthy,0.0,50.0,6.5095,0
SN_010573,LOT_035,6.393,6.6041,6.6915,6.7014,0,healthy,0.0,50.0,6.5095,0
SN_010574,LOT_035,9.5983,10.8393,11.2533,11.354,0,healthy,0.0,50.0,6.5095,0
SN_010575,LOT_035,7.1351,7.4614,7.5471,7.6312,0,healthy,0.0,50.0,6.5095,0
SN_010576,LOT_035,6.5468,7.4604,7.6902,7.8308,0,healthy,0.0,50.0,6.5095,0
SN_010577,LOT_035,8.1865,8.4407,8.5369,8.67,0,healthy,0.0,50.0,6.5095,0
SN_010578,LOT_035,7.7848,8.9614,9.1237,9.3735,0,healthy,0.0,50.0,6.5095,0
SN_010579,LOT_035,,6.7895,6.9486,7.0159,0,healthy,0.0,50.0,6.5095,0
SN_010580,LOT_035,,7.0715,7.1709,7.1566,0,healthy,0.0,50.0,6.5095,0
SN_010581,LOT_035,,6.5435,6.5229,6.5274,0,healthy,0.0,50.0,6.5095,0
SN_010582,LOT_035,6.1017,6.5624,6.7572,6.9426,0,healthy,0.0,50.0,6.5095,0
SN_010583,LOT_035,9.1713,10.2017,10.408,10.6906,0,healthy,0.0,50.0,6.5095,0
SN_010584,LOT_035,6.3194,7.0601,7.2961,7.3467,0,healthy,0.0,50.0,6.5095,0
SN_010585,LOT_035,6.6304,7.185,7.437,7.5243,0,healthy,0.0,50.0,6.5095,0
SN_010586,LOT_035,6.6397,7.0314,7.0311,7.1646,0,healthy,0.0,50.0,6.5095,0
SN_010587,LOT_035,5.5582,6.0123,6.0761,6.1607,0,healthy,0.0,50.0,6.5095,0
SN_010588,LOT_035,8.4201,8.773,9.0063,9.081,0,healthy,0.0,50.0,6.5095,0
SN_010589,LOT_035,5.6877,6.0755,6.1259,6.1386,0,healthy,0.0,50.0,6.5095,0
SN_010590,LOT_035,5.0694,5.3806,5.4072,5.4417,0,healthy,0.0,50.0,6.5095,0
SN_010591,LOT_035,7.1193,7.7914,8.0092,8.2351,0,healthy,0.0,50.0,6.5095,0
SN_010592,LOT_035,7.7951,8.1089,8.0834,8.1325,0,healthy,0.0,50.0,6.5095,0
SN_010593,LOT_035,7.01,7.556,7.7315,7.9298,0,healthy,0.0,50.0,6.5095,0
SN_010594,LOT_035,8.6921,9.3654,9.881,10.1768,0,healthy,0.0,50.0,6.5095,0
SN_010595,LOT_035,5.1753,5.5926,5.5455,5.774,0,healthy,0.0,50.0,6.5095,0
SN_010596,LOT_035,6.9832,7.9423,8.0453,8.2874,0,healthy,0.0,50.0,6.5095,0
SN_010597,LOT_035,7.2482,8.2606,8.5083,8.684,0,healthy,0.0,50.0,6.5095,0
SN_010598,LOT_035,5.7728,,6.4712,6.6425,0,healthy,0.0,50.0,6.5095,0
SN_010599,LOT_035,7.7802,8.4533,8.7991,9.0984,0,healthy,0.0,50.0,6.5095,0
SN_010600,LOT_035,5.8576,6.5571,6.6848,6.8189,0,healthy,0.0,50.0,6.5095,0
SN_010601,LOT_035,5.6628,5.987,6.1504,6.1605,0,healthy,0.0,50.0,6.5095,0
SN_010602,LOT_035,8.0804,8.3106,8.4948,8.5609,0,healthy,0.0,50.0,6.5095,0
SN_010603,LOT_035,8.7664,9.8783,10.2144,10.2136,0,healthy,0.0,50.0,6.5095,0
SN_010604,LOT_035,5.2089,,6.081,6.1235,0,healthy,0.0,50.0,6.5095,0
SN_010605,LOT_035,7.3052,7.9561,8.4717,8.6045,0,healthy,0.0,50.0,6.5095,0
SN_010606,LOT_035,5.5444,5.6951,5.9103,5.8316,0,healthy,0.0,50.0,6.5095,0
SN_010607,LOT_035,6.4856,6.8252,7.1603,7.1841,0,healthy,0.0,50.0,6.5095,0
SN_010608,LOT_035,6.6618,7.0889,7.416,7.5957,0,healthy,0.0,50.0,6.5095,0
SN_010609,LOT_035,7.0939,7.9161,8.3313,8.497,0,healthy,0.0,50.0,6.5095,0
SN_010610,LOT_035,7.0424,7.5554,7.5272,7.7483,0,healthy,0.0,50.0,6.5095,0
SN_010611,LOT_035,6.4859,7.0627,7.342,7.4355,0,healthy,0.0,50.0,6.5095,0
SN_010612,LOT_035,5.666,5.8772,5.8983,5.976,0,healthy,0.0,50.0,6.5095,0
SN_010613,LOT_035,6.2741,7.0501,7.3073,7.3785,0,healthy,0.0,50.0,6.5095,0
SN_010614,LOT_035,6.8378,7.7127,7.9238,8.0876,0,healthy,0.0,50.0,6.5095,0
SN_010615,LOT_035,5.9568,6.522,6.7175,6.835,0,healthy,0.0,50.0,6.5095,0
SN_010616,LOT_035,6.3809,8.4837,9.7749,10.5104,1,nbti_ageing,0.2957,50.0,6.5095,0
SN_010617,LOT_035,6.8859,7.2922,7.2698,7.4444,0,healthy,0.0,50.0,6.5095,0
SN_010618,LOT_035,,6.6531,6.8377,7.0101,0,healthy,0.0,50.0,6.5095,0
SN_010619,LOT_035,6.5228,6.7847,6.8033,6.9728,0,healthy,0.0,50.0,6.5095,0
SN_010620,LOT_035,5.6687,5.9141,6.1302,6.2318,0,healthy,0.0,50.0,6.5095,0
SN_010621,LOT_035,5.2788,5.4755,5.5429,5.6186,0,healthy,0.0,50.0,6.5095,0
SN_010622,LOT_035,6.6011,7.387,7.707,7.8725,0,healthy,0.0,50.0,6.5095,0
SN_010623,LOT_035,6.7472,7.2267,7.3407,7.38,0,healthy,0.0,50.0,6.5095,0
SN_010624,LOT_035,6.0396,6.761,6.9074,6.9779,0,healthy,0.0,50.0,6.5095,0
SN_010625,LOT_035,8.5992,9.1487,9.3905,9.5003,0,healthy,0.0,50.0,6.5095,0
SN_010626,LOT_035,5.5129,5.8818,6.1492,6.1199,0,healthy,0.0,50.0,6.5095,0
SN_010627,LOT_035,5.514,5.7791,5.8523,5.7896,0,healthy,0.0,50.0,6.5095,0
SN_010628,LOT_035,6.5066,6.8452,6.9705,6.9588,0,healthy,0.0,50.0,6.5095,0
SN_010629,LOT_035,6.8962,7.7884,8.0457,8.1381,0,healthy,0.0,50.0,6.5095,0
SN_010630,LOT_035,6.0418,6.5346,6.6741,6.6496,0,healthy,0.0,50.0,6.5095,0
SN_010631,LOT_035,5.9169,6.3963,6.4889,6.5201,0,healthy,0.0,50.0,6.5095,0
SN_010632,LOT_035,,5.8743,6.1437,6.1555,0,healthy,0.0,50.0,6.5095,0
SN_010633,LOT_035,6.8455,7.6728,7.8849,8.0096,0,healthy,0.0,50.0,6.5095,0
SN_010634,LOT_035,27.1367,28.4282,31.0627,33.5817,1,esd_oxide,0.8344,50.0,6.5095,0
SN_010635,LOT_035,,6.5235,6.5319,6.6514,0,healthy,0.0,50.0,6.5095,0
SN_010636,LOT_035,7.0047,7.3087,7.3641,7.4318,0,healthy,0.0,50.0,6.5095,0
SN_010637,LOT_035,6.6041,7.3942,7.6995,7.7887,0,healthy,0.0,50.0,6.5095,0
SN_010638,LOT_035,5.3961,6.1553,6.3246,6.3945,0,healthy,0.0,50.0,6.5095,0
SN_010639,LOT_035,8.8583,9.1457,9.3776,9.5358,0,healthy,0.0,50.0,6.5095,0
SN_010640,LOT_035,7.1085,7.5364,7.8546,7.8998,0,healthy,0.0,50.0,6.5095,0
SN_010641,LOT_035,6.7187,7.3927,7.5005,7.6637,0,healthy,0.0,50.0,6.5095,0
SN_010642,LOT_035,7.7668,8.3255,8.5115,8.6312,0,healthy,0.0,50.0,6.5095,0
SN_010643,LOT_035,7.7589,8.7954,9.1611,9.1556,0,healthy,0.0,50.0,6.5095,0
SN_010644,LOT_035,5.6781,5.9298,6.0264,6.0885,0,healthy,0.0,50.0,6.5095,0
SN_010645,LOT_035,7.14,7.9099,8.3638,8.5015,0,healthy,0.0,50.0,6.5095,0
SN_010646,LOT_035,5.9468,,6.8754,7.016,0,healthy,0.0,50.0,6.5095,0
SN_010647,LOT_035,6.1877,6.5804,6.7282,6.8475,0,healthy,0.0,50.0,6.5095,0
SN_010648,LOT_035,6.9886,7.3147,7.4422,7.4614,0,healthy,0.0,50.0,6.5095,0
SN_010649,LOT_035,5.9616,6.3809,6.7453,6.8308,0,healthy,0.0,50.0,6.5095,0
SN_010650,LOT_035,6.1926,6.913,7.0976,7.1013,0,healthy,0.0,50.0,6.5095,0
SN_010651,LOT_035,6.6921,7.4748,7.8193,7.719,0,healthy,0.0,50.0,6.5095,0
SN_010652,LOT_035,5.631,6.0621,6.2387,6.3556,0,healthy,0.0,50.0,6.5095,0
SN_010653,LOT_035,6.4316,7.0281,7.243,7.3045,0,healthy,0.0,50.0,6.5095,0
SN_010654,LOT_035,6.134,6.8021,6.9985,7.1569,0,healthy,0.0,50.0,6.5095,0
SN_010655,LOT_035,,5.3575,5.5047,5.5617,0,healthy,0.0,50.0,6.5095,0
SN_010656,LOT_035,5.2803,5.7102,5.903,6.0378,0,healthy,0.0,50.0,6.5095,0
SN_010657,LOT_035,6.7792,7.0306,7.0991,7.1253,0,healthy,0.0,50.0,6.5095,0
SN_010658,LOT_035,5.5705,5.9392,6.0429,6.045,0,healthy,0.0,50.0,6.5095,0
SN_010659,LOT_035,5.8542,6.7637,6.889,7.0272,0,healthy,0.0,50.0,6.5095,0
SN_010660,LOT_035,,6.0445,6.3223,6.4989,0,healthy,0.0,50.0,6.5095,0
SN_010661,LOT_035,6.0263,6.4833,6.6835,6.8106,0,healthy,0.0,50.0,6.5095,0
SN_010662,LOT_035,6.1346,6.5106,6.7575,6.7242,0,healthy,0.0,50.0,6.5095,0
SN_010663,LOT_035,7.7608,8.1175,8.3064,8.3288,0,healthy,0.0,50.0,6.5095,0
SN_010664,LOT_035,6.4053,6.9328,6.9679,7.1791,0,healthy,0.0,50.0,6.5095,0
SN_010665,LOT_035,7.0748,7.6086,7.7783,7.9811,0,healthy,0.0,50.0,6.5095,0
SN_010666,LOT_035,5.8204,6.6241,6.7549,6.9586,0,healthy,0.0,50.0,6.5095,0
SN_010667,LOT_035,5.329,5.631,5.7392,5.7145,0,healthy,0.0,50.0,6.5095,0
SN_010668,LOT_035,6.744,7.6463,7.806,7.8849,0,healthy,0.0,50.0,6.5095,0
SN_010669,LOT_035,,8.7415,8.9773,9.2362,0,healthy,0.0,50.0,6.5095,0
SN_010670,LOT_035,7.7207,8.4783,8.7591,8.9197,0,healthy,0.0,50.0,6.5095,0
SN_010671,LOT_035,5.0389,5.5916,5.75,5.7972,0,healthy,0.0,50.0,6.5095,0
SN_010672,LOT_035,6.9528,7.5158,7.863,7.7805,0,healthy,0.0,50.0,6.5095,0
SN_010673,LOT_035,8.6083,9.4772,9.679,10.0002,0,healthy,0.0,50.0,6.5095,0
SN_010674,LOT_035,5.4372,6.0115,6.1729,6.2747,0,healthy,0.0,50.0,6.5095,0
SN_010675,LOT_035,7.3244,8.1719,8.488,8.6415,0,healthy,0.0,50.0,6.5095,0
SN_010676,LOT_035,5.9787,6.8432,7.0126,7.1646,0,healthy,0.0,50.0,6.5095,0
SN_010677,LOT_035,7.5172,8.2269,8.6405,8.9078,0,healthy,0.0,50.0,6.5095,0
SN_010678,LOT_035,5.4045,5.599,5.7789,5.8102,0,healthy,0.0,50.0,6.5095,0
SN_010679,LOT_035,6.7943,7.5918,7.8958,7.972,0,healthy,0.0,50.0,6.5095,0
SN_010680,LOT_035,5.4741,6.0276,6.3122,6.4296,0,healthy,0.0,50.0,6.5095,0
SN_010681,LOT_035,,8.1363,8.3709,8.5613,0,healthy,0.0,50.0,6.5095,0
SN_010682,LOT_035,8.2362,8.746,9.0403,9.0573,0,healthy,0.0,50.0,6.5095,0
SN_010683,LOT_035,6.4263,6.667,6.7021,6.8228,0,healthy,0.0,50.0,6.5095,0
SN_010684,LOT_035,6.5149,7.1159,7.2531,7.3145,0,healthy,0.0,50.0,6.5095,0
SN_010685,LOT_035,6.8391,7.595,7.8118,7.9094,0,healthy,0.0,50.0,6.5095,0
SN_010686,LOT_035,6.2786,6.9515,7.1428,7.2256,0,healthy,0.0,50.0,6.5095,0
SN_010687,LOT_035,6.648,7.2693,7.4614,7.6489,0,healthy,0.0,50.0,6.5095,0
SN_010688,LOT_035,5.6748,6.0558,6.2801,6.1794,0,healthy,0.0,50.0,6.5095,0
SN_010689,LOT_035,7.2196,,8.0342,8.2635,0,healthy,0.0,50.0,6.5095,0
SN_010690,LOT_035,6.4079,6.6435,6.7533,6.7644,0,healthy,0.0,50.0,6.5095,0
SN_010691,LOT_035,7.6653,8.5986,8.9657,9.0937,0,healthy,0.0,50.0,6.5095,0
SN_010692,LOT_035,8.4693,9.3647,9.587,9.779,0,healthy,0.0,50.0,6.5095,0
SN_010693,LOT_035,6.9273,7.41,7.6491,7.7452,0,healthy,0.0,50.0,6.5095,0
SN_010694,LOT_035,5.4499,,6.3007,6.4557,0,healthy,0.0,50.0,6.5095,0
SN_010695,LOT_035,4.9088,5.0903,5.2286,5.305,0,healthy,0.0,50.0,6.5095,0
SN_010696,LOT_035,6.895,7.2511,7.4075,7.355,0,healthy,0.0,50.0,6.5095,0
SN_010697,LOT_035,5.3017,5.5036,5.5819,5.6064,0,healthy,0.0,50.0,6.5095,0
SN_010698,LOT_035,6.8215,7.6168,7.9769,8.0995,0,healthy,0.0,50.0,6.5095,0
SN_010699,LOT_035,6.2742,7.0626,7.2039,7.3461,0,healthy,0.0,50.0,6.5095,0
SN_010700,LOT_035,7.1209,7.3159,7.4165,7.5188,0,healthy,0.0,50.0,6.5095,0
SN_010701,LOT_035,7.8123,8.1966,8.4007,8.4893,0,healthy,0.0,50.0,6.5095,0
SN_010702,LOT_035,5.8794,6.4018,6.7603,6.9071,0,healthy,0.0,50.0,6.5095,0
SN_010703,LOT_035,,8.7264,8.7973,8.9887,0,healthy,0.0,50.0,6.5095,0
SN_010704,LOT_035,6.3164,6.5,6.6647,6.6121,0,healthy,0.0,50.0,6.5095,0
SN_010705,LOT_035,7.4607,7.8292,7.9755,8.084,0,healthy,0.0,50.0,6.5095,0
SN_010706,LOT_035,5.1047,5.3557,5.2919,5.3385,0,healthy,0.0,50.0,6.5095,0
SN_010707,LOT_035,6.0826,6.6826,6.9948,7.011,0,healthy,0.0,50.0,6.5095,0
SN_010708,LOT_035,6.745,7.4053,7.5688,7.781,0,healthy,0.0,50.0,6.5095,0
SN_010709,LOT_035,5.7064,6.0328,6.1973,6.2527,0,healthy,0.0,50.0,6.5095,0
SN_010710,LOT_035,7.0085,7.3745,7.5692,7.6011,0,healthy,0.0,50.0,6.5095,0
SN_010711,LOT_035,7.7145,8.6167,8.9728,9.0563,0,healthy,0.0,50.0,6.5095,0
SN_010712,LOT_035,7.6128,8.0237,8.2569,8.1869,0,healthy,0.0,50.0,6.5095,0
SN_010713,LOT_035,6.693,7.4394,7.7617,7.962,0,healthy,0.0,50.0,6.5095,0
SN_010714,LOT_035,7.1865,8.0975,8.3019,8.4615,0,healthy,0.0,50.0,6.5095,0
SN_010715,LOT_035,6.4163,6.6384,6.7993,6.8315,0,healthy,0.0,50.0,6.5095,0
SN_010716,LOT_035,,7.2934,7.5388,7.4745,0,healthy,0.0,50.0,6.5095,0
SN_010717,LOT_035,5.5256,5.8625,6.081,6.1856,0,healthy,0.0,50.0,6.5095,0
SN_010718,LOT_035,7.3681,7.7795,7.8488,7.9236,0,healthy,0.0,50.0,6.5095,0
SN_010719,LOT_035,6.492,6.8976,7.1332,7.1797,0,healthy,0.0,50.0,6.5095,0
SN_010720,LOT_035,7.2146,7.6253,7.8126,7.9165,0,healthy,0.0,50.0,6.5095,0
SN_010721,LOT_035,7.0184,7.8772,8.1115,8.2624,0,healthy,0.0,50.0,6.5095,0
SN_010722,LOT_035,7.564,13.0976,13.9363,13.985,1,mobile_ion,0.2678,50.0,6.5095,0
SN_010723,LOT_035,5.6804,6.4016,6.5423,6.6844,0,healthy,0.0,50.0,6.5095,0
SN_010724,LOT_035,7.2638,8.3512,8.5725,8.7181,0,healthy,0.0,50.0,6.5095,0
SN_010725,LOT_035,7.2097,7.8368,8.0856,8.2373,0,healthy,0.0,50.0,6.5095,0
SN_010726,LOT_035,6.3053,6.7928,7.0248,7.2413,0,healthy,0.0,50.0,6.5095,0
SN_010727,LOT_035,6.6871,7.1678,7.5433,7.6185,0,healthy,0.0,50.0,6.5095,0
SN_010728,LOT_035,5.0899,5.5834,5.7226,5.8525,0,healthy,0.0,50.0,6.5095,0
SN_010729,LOT_035,6.3652,6.6461,6.893,6.8274,0,healthy,0.0,50.0,6.5095,0
SN_010730,LOT_035,6.7034,6.9505,7.0719,7.1369,0,healthy,0.0,50.0,6.5095,0
SN_010731,LOT_035,5.3461,5.9009,6.1032,6.2532,0,healthy,0.0,50.0,6.5095,0
SN_010732,LOT_035,5.2086,5.8144,6.0045,6.0236,0,healthy,0.0,50.0,6.5095,0
SN_010733,LOT_035,6.4829,6.9871,7.0486,7.1524,0,healthy,0.0,50.0,6.5095,0
SN_010734,LOT_035,,7.8999,8.0497,8.0821,0,healthy,0.0,50.0,6.5095,0
SN_010735,LOT_035,6.5496,6.9186,7.001,7.1169,0,healthy,0.0,50.0,6.5095,0
SN_010736,LOT_035,6.2524,6.4565,6.6863,6.643,0,healthy,0.0,50.0,6.5095,0
SN_010737,LOT_035,7.4639,8.1893,8.443,8.4603,0,healthy,0.0,50.0,6.5095,0
SN_010738,LOT_035,6.4008,6.8493,7.2421,7.4312,0,healthy,0.0,50.0,6.5095,0
SN_010739,LOT_035,,7.2693,7.6403,7.7088,0,healthy,0.0,50.0,6.5095,0
SN_010740,LOT_035,6.9789,7.3674,7.6166,7.5971,0,healthy,0.0,50.0,6.5095,0
SN_010741,LOT_035,6.0684,6.7913,6.9694,6.8174,0,healthy,0.0,50.0,6.5095,0
SN_010742,LOT_035,5.2092,5.5588,5.6957,5.8148,0,healthy,0.0,50.0,6.5095,0
SN_010743,LOT_035,7.7447,8.3119,8.4094,8.4977,0,healthy,0.0,50.0,6.5095,0
SN_010744,LOT_035,6.6314,7.0103,7.1187,7.2264,0,healthy,0.0,50.0,6.5095,0
SN_010745,LOT_035,6.593,7.2387,7.5688,7.7439,0,healthy,0.0,50.0,6.5095,0
SN_010746,LOT_035,6.7381,7.1205,7.2404,7.4514,0,healthy,0.0,50.0,6.5095,0
SN_010747,LOT_035,6.7204,7.5662,7.8164,7.9176,0,healthy,0.0,50.0,6.5095,0
SN_010748,LOT_035,6.2683,6.638,6.8103,6.8898,0,healthy,0.0,50.0,6.5095,0
SN_010749,LOT_035,,8.4647,8.4948,8.6152,0,healthy,0.0,50.0,6.5095,0
SN_010750,LOT_035,6.6889,,7.1597,7.2381,0,healthy,0.0,50.0,6.5095,0
SN_010751,LOT_035,5.7483,6.4558,6.6987,6.8486,0,healthy,0.0,50.0,6.5095,0
SN_010752,LOT_035,5.6919,6.4659,6.7488,6.8279,0,healthy,0.0,50.0,6.5095,0
SN_010753,LOT_035,6.1466,6.4581,6.633,6.6854,0,healthy,0.0,50.0,6.5095,0
SN_010754,LOT_035,5.8615,6.019,6.2219,6.2045,0,healthy,0.0,50.0,6.5095,0
SN_010755,LOT_035,6.314,6.4785,6.648,6.6382,0,healthy,0.0,50.0,6.5095,0
SN_010756,LOT_035,,6.4937,6.5182,6.6281,0,healthy,0.0,50.0,6.5095,0
SN_010757,LOT_035,6.7873,7.1881,7.2236,7.3632,0,healthy,0.0,50.0,6.5095,0
SN_010758,LOT_035,7.1318,7.6535,7.8311,7.8118,0,healthy,0.0,50.0,6.5095,0
SN_010759,LOT_035,7.3476,7.7407,7.76,7.9601,0,healthy,0.0,50.0,6.5095,0
SN_010760,LOT_035,7.2574,7.7132,8.0169,8.148,0,healthy,0.0,50.0,6.5095,0
SN_010761,LOT_035,5.4601,5.8544,6.1126,6.1456,0,healthy,0.0,50.0,6.5095,0
SN_010762,LOT_035,7.4326,7.9938,8.2256,8.2768,0,healthy,0.0,50.0,6.5095,0
SN_010763,LOT_035,7.6766,8.1635,8.2977,8.2374,0,healthy,0.0,50.0,6.5095,0
SN_010764,LOT_035,5.522,6.2064,6.4606,6.4506,0,healthy,0.0,50.0,6.5095,0
SN_010765,LOT_035,6.8614,7.255,7.4814,7.6385,0,healthy,0.0,50.0,6.5095,0
SN_010766,LOT_036,11.2972,11.7425,11.7705,12.0516,0,healthy,0.0,50.0,11.9385,0
SN_010767,LOT_036,13.9263,14.7672,15.106,15.4638,0,healthy,0.0,50.0,11.9385,0
SN_010768,LOT_036,,15.3724,15.5217,15.6134,0,healthy,0.0,50.0,11.9385,0
SN_010769,LOT_036,15.6929,17.2597,18.0379,18.3512,0,healthy,0.0,50.0,11.9385,0
SN_010770,LOT_036,13.3459,14.0298,14.1037,14.0945,0,healthy,0.0,50.0,11.9385,0
SN_010771,LOT_036,12.7143,13.8505,14.0937,14.2582,0,healthy,0.0,50.0,11.9385,0
SN_010772,LOT_036,12.8088,14.2629,14.829,15.0668,0,healthy,0.0,50.0,11.9385,0
SN_010773,LOT_036,12.0534,12.6969,13.0308,13.2348,0,healthy,0.0,50.0,11.9385,0
SN_010774,LOT_036,14.9168,15.744,16.0112,16.2676,0,healthy,0.0,50.0,11.9385,0
SN_010775,LOT_036,10.7205,11.0756,11.2299,11.5031,0,healthy,0.0,50.0,11.9385,0
SN_010776,LOT_036,11.2702,11.8814,11.9632,12.4505,0,healthy,0.0,50.0,11.9385,0
SN_010777,LOT_036,12.3825,13.1777,13.4243,13.5731,0,healthy,0.0,50.0,11.9385,0
SN_010778,LOT_036,12.8546,14.0023,14.1498,14.3758,0,healthy,0.0,50.0,11.9385,0
SN_010779,LOT_036,10.8222,11.2863,11.5062,11.5787,0,healthy,0.0,50.0,11.9385,0
SN_010780,LOT_036,10.6153,11.721,12.2983,12.458,0,healthy,0.0,50.0,11.9385,0
SN_010781,LOT_036,12.5752,14.4796,14.777,14.9549,0,healthy,0.0,50.0,11.9385,0
SN_010782,LOT_036,11.4932,12.1541,12.6257,12.6051,0,healthy,0.0,50.0,11.9385,0
SN_010783,LOT_036,11.4441,12.2366,12.5282,12.5786,0,healthy,0.0,50.0,11.9385,0
SN_010784,LOT_036,10.52,11.3684,11.686,12.0829,0,healthy,0.0,50.0,11.9385,0
SN_010785,LOT_036,12.0679,12.6097,12.7625,12.8921,0,healthy,0.0,50.0,11.9385,0
SN_010786,LOT_036,11.9537,13.1919,13.9209,14.2668,0,healthy,0.0,50.0,11.9385,0
SN_010787,LOT_036,12.9126,14.0031,14.4595,14.637,0,healthy,0.0,50.0,11.9385,0
SN_010788,LOT_036,12.1163,13.6467,14.1964,14.4919,0,healthy,0.0,50.0,11.9385,0
SN_010789,LOT_036,12.0796,12.9474,13.1523,13.1591,0,healthy,0.0,50.0,11.9385,0
SN_010790,LOT_036,11.1922,11.408,11.8405,11.8971,0,healthy,0.0,50.0,11.9385,0
SN_010791,LOT_036,12.0531,,14.1918,14.1934,0,healthy,0.0,50.0,11.9385,0
SN_010792,LOT_036,11.1737,11.8223,12.1873,12.377,0,healthy,0.0,50.0,11.9385,0
SN_010793,LOT_036,12.3503,12.7259,12.9669,12.9293,0,healthy,0.0,50.0,11.9385,0
SN_010794,LOT_036,15.0059,15.8518,16.1899,16.3751,0,healthy,0.0,50.0,11.9385,0
SN_010795,LOT_036,11.122,,28.9786,42.1223,1,electromigration,0.7931,50.0,11.9385,0
SN_010796,LOT_036,12.8277,13.7303,13.9249,13.993,0,healthy,0.0,50.0,11.9385,0
SN_010797,LOT_036,12.8168,13.3983,13.3674,13.7264,0,healthy,0.0,50.0,11.9385,0
SN_010798,LOT_036,11.3571,11.6695,11.8312,11.881,0,healthy,0.0,50.0,11.9385,0
SN_010799,LOT_036,11.7226,12.8851,13.5048,13.5685,0,healthy,0.0,50.0,11.9385,0
SN_010800,LOT_036,10.6191,11.332,11.3571,11.4761,0,healthy,0.0,50.0,11.9385,0
SN_010801,LOT_036,,13.2564,13.7261,13.9768,0,healthy,0.0,50.0,11.9385,0
SN_010802,LOT_036,11.3194,12.641,12.8458,13.3343,0,healthy,0.0,50.0,11.9385,0
SN_010803,LOT_036,11.9192,12.9304,13.5647,13.6067,0,healthy,0.0,50.0,11.9385,0
SN_010804,LOT_036,11.7306,,12.8012,12.7539,0,healthy,0.0,50.0,11.9385,0
SN_010805,LOT_036,12.0334,12.8117,13.1335,13.23,0,healthy,0.0,50.0,11.9385,0
SN_010806,LOT_036,13.8903,,15.6025,15.7228,0,healthy,0.0,50.0,11.9385,0
SN_010807,LOT_036,9.6462,10.7909,11.1753,11.4122,0,healthy,0.0,50.0,11.9385,0
SN_010808,LOT_036,12.9106,14.3422,15.0232,15.641,0,healthy,0.0,50.0,11.9385,0
SN_010809,LOT_036,11.416,12.592,13.0797,13.0745,0,healthy,0.0,50.0,11.9385,0
SN_010810,LOT_036,13.7644,15.265,15.5211,15.8742,0,healthy,0.0,50.0,11.9385,0
SN_010811,LOT_036,8.8565,9.9702,10.3586,10.455,0,healthy,0.0,50.0,11.9385,0
SN_010812,LOT_036,10.8998,11.7252,11.9942,12.2641,0,healthy,0.0,50.0,11.9385,0
SN_010813,LOT_036,10.7295,11.1615,11.2946,11.2317,0,healthy,0.0,50.0,11.9385,0
SN_010814,LOT_036,11.7142,13.168,13.649,13.9602,0,healthy,0.0,50.0,11.9385,0
SN_010815,LOT_036,13.3294,14.5212,14.9679,15.3883,0,healthy,0.0,50.0,11.9385,0
SN_010816,LOT_036,12.0381,13.1018,13.7342,13.6128,0,healthy,0.0,50.0,11.9385,0
SN_010817,LOT_036,12.6677,13.6464,13.8179,14.1531,0,healthy,0.0,50.0,11.9385,0
SN_010818,LOT_036,10.1142,11.3724,11.6213,12.021,0,healthy,0.0,50.0,11.9385,0
SN_010819,LOT_036,12.0828,12.632,12.6247,12.6999,0,healthy,0.0,50.0,11.9385,0
SN_010820,LOT_036,10.5645,11.2598,11.4998,11.8594,0,healthy,0.0,50.0,11.9385,0
SN_010821,LOT_036,12.6023,13.5838,13.9384,13.9595,0,healthy,0.0,50.0,11.9385,0
SN_010822,LOT_036,12.5593,13.394,13.6261,13.8328,0,healthy,0.0,50.0,11.9385,0
SN_010823,LOT_036,13.0766,14.4289,14.8986,15.3544,0,healthy,0.0,50.0,11.9385,0
SN_010824,LOT_036,12.1363,12.5523,12.4818,12.8375,0,healthy,0.0,50.0,11.9385,0
SN_010825,LOT_036,11.8826,12.8368,13.0609,13.2196,0,healthy,0.0,50.0,11.9385,0
SN_010826,LOT_036,11.4029,12.1187,12.3782,12.4972,0,healthy,0.0,50.0,11.9385,0
SN_010827,LOT_036,11.4552,12.2346,12.7299,13.0526,0,healthy,0.0,50.0,11.9385,0
SN_010828,LOT_036,11.5436,12.4635,12.8857,13.0854,0,healthy,0.0,50.0,11.9385,0
SN_010829,LOT_036,10.9827,12.1197,12.3431,12.3826,0,healthy,0.0,50.0,11.9385,0
SN_010830,LOT_036,12.2284,13.5036,13.9827,14.2431,0,healthy,0.0,50.0,11.9385,0
SN_010831,LOT_036,10.3146,10.9206,11.0751,11.2508,0,healthy,0.0,50.0,11.9385,0
SN_010832,LOT_036,12.3582,13.6756,13.9852,13.946,0,healthy,0.0,50.0,11.9385,0
SN_010833,LOT_036,14.1528,,15.3911,15.5303,0,healthy,0.0,50.0,11.9385,0
SN_010834,LOT_036,12.5563,12.9263,13.1727,13.1069,0,healthy,0.0,50.0,11.9385,0
SN_010835,LOT_036,,11.9104,12.1256,12.3805,0,healthy,0.0,50.0,11.9385,0
SN_010836,LOT_036,,14.136,14.6241,14.4305,0,healthy,0.0,50.0,11.9385,0
SN_010837,LOT_036,10.6868,11.5157,12.1174,12.3382,0,healthy,0.0,50.0,11.9385,0
SN_010838,LOT_036,11.0961,11.4299,11.7151,11.8044,0,healthy,0.0,50.0,11.9385,0
SN_010839,LOT_036,13.422,14.5563,15.1046,15.0052,0,healthy,0.0,50.0,11.9385,0
SN_010840,LOT_036,13.3615,14.9334,15.3454,15.5808,0,healthy,0.0,50.0,11.9385,0
SN_010841,LOT_036,12.1468,13.1314,13.5033,13.7518,0,healthy,0.0,50.0,11.9385,0
SN_010842,LOT_036,11.3667,12.1834,12.3602,12.683,0,healthy,0.0,50.0,11.9385,0
SN_010843,LOT_036,,13.4262,14.1577,13.9204,0,healthy,0.0,50.0,11.9385,0
SN_010844,LOT_036,12.6254,14.1232,14.452,14.6642,0,healthy,0.0,50.0,11.9385,0
SN_010845,LOT_036,11.3931,12.5874,12.8542,13.2103,0,healthy,0.0,50.0,11.9385,0
SN_010846,LOT_036,12.3516,12.9934,13.1559,13.2238,0,healthy,0.0,50.0,11.9385,0
SN_010847,LOT_036,12.6197,12.9725,13.1381,13.2881,0,healthy,0.0,50.0,11.9385,0
SN_010848,LOT_036,11.3147,12.7749,13.1706,13.4167,0,healthy,0.0,50.0,11.9385,0
SN_010849,LOT_036,12.2602,12.9121,13.1055,13.2171,0,healthy,0.0,50.0,11.9385,0
SN_010850,LOT_036,10.9484,,11.9061,11.9855,0,healthy,0.0,50.0,11.9385,0
SN_010851,LOT_036,12.5805,13.3905,13.5379,13.7545,0,healthy,0.0,50.0,11.9385,0
SN_010852,LOT_036,11.4726,12.9067,13.3404,13.4091,0,healthy,0.0,50.0,11.9385,0
SN_010853,LOT_036,11.0309,11.6022,12.0068,12.2076,0,healthy,0.0,50.0,11.9385,0
SN_010854,LOT_036,11.3837,11.9202,12.3982,12.5925,0,healthy,0.0,50.0,11.9385,0
SN_010855,LOT_036,13.2345,14.2351,14.371,14.6754,0,healthy,0.0,50.0,11.9385,0
SN_010856,LOT_036,12.6422,13.5359,13.6044,13.8345,0,healthy,0.0,50.0,11.9385,0
SN_010857,LOT_036,12.2364,13.773,14.4216,14.4692,0,healthy,0.0,50.0,11.9385,0
SN_010858,LOT_036,13.3892,14.8517,15.0074,15.2356,0,healthy,0.0,50.0,11.9385,0
SN_010859,LOT_036,11.3032,12.5284,12.5933,12.7354,0,healthy,0.0,50.0,11.9385,0
SN_010860,LOT_036,11.9545,12.8093,12.9999,13.2001,0,healthy,0.0,50.0,11.9385,0
SN_010861,LOT_036,12.1631,12.4769,12.6082,12.8942,0,healthy,0.0,50.0,11.9385,0
SN_010862,LOT_036,11.9334,12.6627,12.9126,12.8388,0,healthy,0.0,50.0,11.9385,0
SN_010863,LOT_036,9.386,10.1411,10.6969,10.8585,0,healthy,0.0,50.0,11.9385,0
SN_010864,LOT_036,11.9109,12.9247,13.1791,13.5389,0,healthy,0.0,50.0,11.9385,0
SN_010865,LOT_036,12.7048,13.2036,13.6685,13.6879,0,healthy,0.0,50.0,11.9385,0
SN_010866,LOT_036,11.5352,12.5307,12.8434,13.0342,0,healthy,0.0,50.0,11.9385,0
SN_010867,LOT_036,11.151,12.1548,12.7323,13.0782,0,healthy,0.0,50.0,11.9385,0
SN_010868,LOT_036,13.849,15.1512,15.3295,15.7935,0,healthy,0.0,50.0,11.9385,0
SN_010869,LOT_036,,14.0998,14.2482,14.5311,0,healthy,0.0,50.0,11.9385,0
SN_010870,LOT_036,11.172,12.6341,16.8877,21.3135,1,electromigration,0.042,50.0,11.9385,0
SN_010871,LOT_036,11.7795,12.6873,13.031,13.1944,0,healthy,0.0,50.0,11.9385,0
SN_010872,LOT_036,11.9952,13.0641,13.5052,13.6589,0,healthy,0.0,50.0,11.9385,0
SN_010873,LOT_036,12.2978,13.7134,14.2662,14.1192,0,healthy,0.0,50.0,11.9385,0
SN_010874,LOT_036,13.1798,14.219,14.6473,14.937,0,healthy,0.0,50.0,11.9385,0
SN_010875,LOT_036,12.7049,13.047,13.2911,13.3434,0,healthy,0.0,50.0,11.9385,0
SN_010876,LOT_036,9.5847,10.1227,10.2252,10.2676,0,healthy,0.0,50.0,11.9385,0
SN_010877,LOT_036,11.765,13.1325,13.5379,13.7078,0,healthy,0.0,50.0,11.9385,0
SN_010878,LOT_036,10.6403,11.0899,11.3712,11.6432,0,healthy,0.0,50.0,11.9385,0
SN_010879,LOT_036,12.6107,13.8866,14.2322,14.4207,0,healthy,0.0,50.0,11.9385,0
SN_010880,LOT_036,12.8694,13.4447,14.1624,14.1181,0,healthy,0.0,50.0,11.9385,0
SN_010881,LOT_036,11.9977,12.7616,12.9112,12.9137,0,healthy,0.0,50.0,11.9385,0
SN_010882,LOT_036,11.9497,12.51,12.7913,12.5696,0,healthy,0.0,50.0,11.9385,0
SN_010883,LOT_036,11.581,12.0199,12.1303,12.3562,0,healthy,0.0,50.0,11.9385,0
SN_010884,LOT_036,14.8381,16.5623,16.9096,17.4704,0,healthy,0.0,50.0,11.9385,0
SN_010885,LOT_036,11.2056,12.101,12.324,12.4011,0,healthy,0.0,50.0,11.9385,0
SN_010886,LOT_036,11.3884,12.3375,12.6076,12.7647,0,healthy,0.0,50.0,11.9385,0
SN_010887,LOT_036,11.8319,12.3253,12.3555,12.3461,0,healthy,0.0,50.0,11.9385,0
SN_010888,LOT_036,13.4667,14.0888,14.1162,14.0382,0,healthy,0.0,50.0,11.9385,0
SN_010889,LOT_036,,13.572,14.2559,14.3805,0,healthy,0.0,50.0,11.9385,0
SN_010890,LOT_036,10.6768,11.445,11.7082,11.8692,0,healthy,0.0,50.0,11.9385,0
SN_010891,LOT_036,11.3529,12.3995,13.2165,13.4288,0,healthy,0.0,50.0,11.9385,0
SN_010892,LOT_036,11.4443,12.0246,12.261,12.4737,0,healthy,0.0,50.0,11.9385,0
SN_010893,LOT_036,13.0254,13.8618,14.3331,14.7273,0,healthy,0.0,50.0,11.9385,0
SN_010894,LOT_036,13.306,14.7522,15.4182,15.7673,0,healthy,0.0,50.0,11.9385,0
SN_010895,LOT_036,10.7552,11.6645,12.0846,12.0877,0,healthy,0.0,50.0,11.9385,0
SN_010896,LOT_036,11.4355,12.0966,12.3458,12.767,0,healthy,0.0,50.0,11.9385,0
SN_010897,LOT_036,10.6696,11.5336,11.5775,11.8192,0,healthy,0.0,50.0,11.9385,0
SN_010898,LOT_036,14.3973,15.5969,15.9884,16.156,0,healthy,0.0,50.0,11.9385,0
SN_010899,LOT_036,10.884,12.232,12.6553,13.0965,0,healthy,0.0,50.0,11.9385,0
SN_010900,LOT_036,10.8416,11.6947,11.6781,11.9285,0,healthy,0.0,50.0,11.9385,0
SN_010901,LOT_036,11.4346,12.1527,11.9725,12.1324,0,healthy,0.0,50.0,11.9385,0
SN_010902,LOT_036,12.1634,,13.8724,14.008,0,healthy,0.0,50.0,11.9385,0
SN_010903,LOT_036,11.5085,12.3675,12.9968,13.0724,0,healthy,0.0,50.0,11.9385,0
SN_010904,LOT_036,12.4986,13.7794,13.8876,13.8713,0,healthy,0.0,50.0,11.9385,0
SN_010905,LOT_036,11.2024,12.1372,12.3115,12.7286,0,healthy,0.0,50.0,11.9385,0
SN_010906,LOT_036,11.6066,,12.5282,12.5551,0,healthy,0.0,50.0,11.9385,0
SN_010907,LOT_036,11.0437,11.5438,11.7686,11.6705,0,healthy,0.0,50.0,11.9385,0
SN_010908,LOT_036,11.6848,12.3902,12.5403,13.0135,0,healthy,0.0,50.0,11.9385,0
SN_010909,LOT_036,12.0684,12.8338,13.3204,13.5524,0,healthy,0.0,50.0,11.9385,0
SN_010910,LOT_036,,13.7006,14.2311,14.468,0,healthy,0.0,50.0,11.9385,0
SN_010911,LOT_036,12.2836,13.0331,13.1155,13.4441,0,healthy,0.0,50.0,11.9385,0
SN_010912,LOT_036,14.004,14.6642,15.0679,15.4749,0,healthy,0.0,50.0,11.9385,0
SN_010913,LOT_036,12.9954,,15.2257,15.5372,0,healthy,0.0,50.0,11.9385,0
SN_010914,LOT_036,12.2185,,14.2202,14.4194,0,healthy,0.0,50.0,11.9385,0
SN_010915,LOT_036,11.9266,13.1987,13.741,13.8522,0,healthy,0.0,50.0,11.9385,0
SN_010916,LOT_036,12.9209,13.6419,13.9501,14.1606,0,healthy,0.0,50.0,11.9385,0
SN_010917,LOT_036,10.4549,11.2438,11.3846,11.6828,0,healthy,0.0,50.0,11.9385,0
SN_010918,LOT_036,13.252,14.2061,14.5938,14.7657,0,healthy,0.0,50.0,11.9385,0
SN_010919,LOT_036,12.2581,12.851,13.379,13.5477,0,healthy,0.0,50.0,11.9385,0
SN_010920,LOT_036,10.8338,11.53,11.9236,12.1321,0,healthy,0.0,50.0,11.9385,0
SN_010921,LOT_036,,13.7181,14.0447,13.9779,0,healthy,0.0,50.0,11.9385,0
SN_010922,LOT_036,13.2145,14.0941,14.8342,14.8506,0,healthy,0.0,50.0,11.9385,0
SN_010923,LOT_036,12.2286,13.2996,13.8994,13.8739,0,healthy,0.0,50.0,11.9385,0
SN_010924,LOT_036,11.9058,12.7038,12.9469,12.9437,0,healthy,0.0,50.0,11.9385,0
SN_010925,LOT_036,11.2174,12.307,12.459,12.6097,0,healthy,0.0,50.0,11.9385,0
SN_010926,LOT_036,14.8162,,17.172,17.3808,0,healthy,0.0,50.0,11.9385,0
SN_010927,LOT_036,12.1725,13.2524,13.7423,14.1108,0,healthy,0.0,50.0,11.9385,0
SN_010928,LOT_036,9.9008,10.2732,10.4769,10.6281,0,healthy,0.0,50.0,11.9385,0
SN_010929,LOT_036,12.888,14.3756,14.5162,14.8362,0,healthy,0.0,50.0,11.9385,0
SN_010930,LOT_036,12.22,12.998,13.1003,13.1117,0,healthy,0.0,50.0,11.9385,0
SN_010931,LOT_036,13.1312,14.0351,14.6029,14.6561,0,healthy,0.0,50.0,11.9385,0
SN_010932,LOT_036,12.1337,13.2313,13.7553,13.7609,0,healthy,0.0,50.0,11.9385,0
SN_010933,LOT_036,9.6514,9.8617,10.0512,10.0602,0,healthy,0.0,50.0,11.9385,0
SN_010934,LOT_036,12.2271,12.94,13.2163,13.2783,0,healthy,0.0,50.0,11.9385,0
SN_010935,LOT_036,12.0782,13.1405,13.7409,13.7272,0,healthy,0.0,50.0,11.9385,0
SN_010936,LOT_036,12.5845,13.8476,14.6196,14.9043,0,healthy,0.0,50.0,11.9385,0
SN_010937,LOT_036,11.8052,12.8674,13.1781,13.3446,0,healthy,0.0,50.0,11.9385,0
SN_010938,LOT_036,12.7269,13.6629,14.0069,14.0888,0,healthy,0.0,50.0,11.9385,0
SN_010939,LOT_036,14.5458,15.4118,15.892,16.0584,0,healthy,0.0,50.0,11.9385,0
SN_010940,LOT_036,12.3607,13.3888,13.858,13.8435,0,healthy,0.0,50.0,11.9385,0
SN_010941,LOT_036,11.404,12.124,12.5233,12.7996,0,healthy,0.0,50.0,11.9385,0
SN_010942,LOT_036,11.5484,12.8858,13.6528,13.6524,0,healthy,0.0,50.0,11.9385,0
SN_010943,LOT_036,9.7231,10.3491,10.5821,10.7783,0,healthy,0.0,50.0,11.9385,0
SN_010944,LOT_036,,12.3716,12.7293,12.8812,0,healthy,0.0,50.0,11.9385,0
SN_010945,LOT_036,12.5078,13.8946,14.4965,14.4729,0,healthy,0.0,50.0,11.9385,0
SN_010946,LOT_036,11.5123,12.0043,12.4053,12.5904,0,healthy,0.0,50.0,11.9385,0
SN_010947,LOT_036,12.9807,13.5829,13.8895,13.9043,0,healthy,0.0,50.0,11.9385,0
SN_010948,LOT_036,10.4534,11.8736,12.2083,12.5595,0,healthy,0.0,50.0,11.9385,0
SN_010949,LOT_036,11.8501,12.655,12.7063,12.7867,0,healthy,0.0,50.0,11.9385,0
SN_010950,LOT_036,11.3745,12.6198,13.0069,13.3099,0,healthy,0.0,50.0,11.9385,0
SN_010951,LOT_036,13.0503,14.285,14.7824,15.07,0,healthy,0.0,50.0,11.9385,0
SN_010952,LOT_036,11.1081,11.5294,11.9216,11.8527,0,healthy,0.0,50.0,11.9385,0
SN_010953,LOT_036,11.4636,12.0953,12.2582,12.5498,0,healthy,0.0,50.0,11.9385,0
SN_010954,LOT_036,10.1177,10.7078,11.0231,11.0782,0,healthy,0.0,50.0,11.9385,0
SN_010955,LOT_036,14.6167,16.1273,16.536,16.4837,0,healthy,0.0,50.0,11.9385,0
SN_010956,LOT_036,13.7011,14.5334,14.8405,14.7565,0,healthy,0.0,50.0,11.9385,0
SN_010957,LOT_036,11.1288,12.7062,13.1601,13.3237,0,healthy,0.0,50.0,11.9385,0
SN_010958,LOT_036,10.5995,11.5029,12.0444,12.3552,0,healthy,0.0,50.0,11.9385,0
SN_010959,LOT_036,15.0166,16.1759,16.8035,17.1868,0,healthy,0.0,50.0,11.9385,0
SN_010960,LOT_036,12.6918,13.8373,14.1523,14.369,0,healthy,0.0,50.0,11.9385,0
SN_010961,LOT_036,11.7957,12.9967,13.2961,13.6246,0,healthy,0.0,50.0,11.9385,0
SN_010962,LOT_036,11.6478,12.377,12.7387,13.1244,0,healthy,0.0,50.0,11.9385,0
SN_010963,LOT_036,,11.6762,12.3337,12.3827,0,healthy,0.0,50.0,11.9385,0
SN_010964,LOT_036,9.9486,10.7139,11.0682,11.2201,0,healthy,0.0,50.0,11.9385,0
SN_010965,LOT_036,11.7958,,12.7834,12.8404,0,healthy,0.0,50.0,11.9385,0
SN_010966,LOT_036,12.0336,13.3164,13.6005,13.7652,0,healthy,0.0,50.0,11.9385,0
SN_010967,LOT_036,10.0767,,11.4632,11.5468,0,healthy,0.0,50.0,11.9385,0
SN_010968,LOT_036,,14.0432,14.6796,14.8575,0,healthy,0.0,50.0,11.9385,0
SN_010969,LOT_036,11.9943,13.01,13.4408,13.6995,0,healthy,0.0,50.0,11.9385,0
SN_010970,LOT_036,11.3482,12.479,12.9498,13.1302,0,healthy,0.0,50.0,11.9385,0
SN_010971,LOT_036,10.8715,,11.841,12.1424,0,healthy,0.0,50.0,11.9385,0
SN_010972,LOT_036,12.0881,13.2981,13.9536,14.3653,0,healthy,0.0,50.0,11.9385,0
SN_010973,LOT_036,11.176,11.7584,11.892,11.8216,0,healthy,0.0,50.0,11.9385,0
SN_010974,LOT_036,14.5972,16.3108,16.9125,17.5568,0,healthy,0.0,50.0,11.9385,0
SN_010975,LOT_036,12.2672,12.657,12.7897,12.8916,0,healthy,0.0,50.0,11.9385,0
SN_010976,LOT_036,11.9701,12.4303,12.606,12.5764,0,healthy,0.0,50.0,11.9385,0
SN_010977,LOT_036,13.4324,14.8962,15.4783,15.6952,0,healthy,0.0,50.0,11.9385,0
SN_010978,LOT_036,11.6706,12.8792,13.4,13.5706,0,healthy,0.0,50.0,11.9385,0
SN_010979,LOT_036,10.804,12.16,12.7543,12.8642,0,healthy,0.0,50.0,11.9385,0
SN_010980,LOT_036,12.0527,13.4726,13.9826,14.1206,0,healthy,0.0,50.0,11.9385,0
SN_010981,LOT_036,11.7457,12.8681,13.49,13.7385,0,healthy,0.0,50.0,11.9385,0
SN_010982,LOT_036,11.7551,12.8081,13.1497,13.1623,0,healthy,0.0,50.0,11.9385,0
SN_010983,LOT_036,11.8134,13.1657,13.683,13.7496,0,healthy,0.0,50.0,11.9385,0
SN_010984,LOT_036,10.2474,11.661,11.5602,11.9469,0,healthy,0.0,50.0,11.9385,0
SN_010985,LOT_036,11.7057,14.4491,22.9302,31.57,1,electromigration,0.3572,50.0,11.9385,0
SN_010986,LOT_036,12.2432,13.5939,13.9103,14.273,0,healthy,0.0,50.0,11.9385,0
SN_010987,LOT_036,10.2766,10.793,11.0783,10.8647,0,healthy,0.0,50.0,11.9385,0
SN_010988,LOT_036,10.8984,11.6531,12.0207,12.2836,0,healthy,0.0,50.0,11.9385,0
SN_010989,LOT_036,12.4783,13.9635,14.5773,14.9741,0,healthy,0.0,50.0,11.9385,0
SN_010990,LOT_036,11.0496,11.5252,11.7693,11.9701,0,healthy,0.0,50.0,11.9385,0
SN_010991,LOT_036,11.1848,11.5845,12.1489,12.0022,0,healthy,0.0,50.0,11.9385,0
SN_010992,LOT_036,11.5179,12.2845,12.6776,12.6985,0,healthy,0.0,50.0,11.9385,0
SN_010993,LOT_036,12.4505,14.082,14.5534,14.7591,0,healthy,0.0,50.0,11.9385,0
SN_010994,LOT_036,12.9237,13.6069,14.1457,14.3156,0,healthy,0.0,50.0,11.9385,0
SN_010995,LOT_036,12.13,,12.9528,13.1661,0,healthy,0.0,50.0,11.9385,0
SN_010996,LOT_036,12.4324,13.593,13.8876,13.975,0,healthy,0.0,50.0,11.9385,0
SN_010997,LOT_036,12.4827,13.7043,14.3139,14.583,0,healthy,0.0,50.0,11.9385,0
SN_010998,LOT_036,13.6091,,15.706,15.6851,0,healthy,0.0,50.0,11.9385,0
SN_010999,LOT_036,10.5806,,12.42,12.6035,0,healthy,0.0,50.0,11.9385,0
SN_011000,LOT_036,11.8321,12.5956,13.0164,13.061,0,healthy,0.0,50.0,11.9385,0
SN_011001,LOT_036,11.0873,12.3916,12.6191,12.9269,0,healthy,0.0,50.0,11.9385,0
SN_011002,LOT_036,11.0084,11.8212,11.9315,11.996,0,healthy,0.0,50.0,11.9385,0
SN_011003,LOT_036,11.0452,12.4825,12.8066,13.061,0,healthy,0.0,50.0,11.9385,0
SN_011004,LOT_036,12.5257,13.2776,13.5448,13.7386,0,healthy,0.0,50.0,11.9385,0
SN_011005,LOT_036,14.7922,15.5337,15.4149,15.6333,0,healthy,0.0,50.0,11.9385,0
SN_011006,LOT_036,11.5469,12.9526,13.5247,13.8808,0,healthy,0.0,50.0,11.9385,0
SN_011007,LOT_036,12.6661,13.5622,14.0609,14.3038,0,healthy,0.0,50.0,11.9385,0
SN_011008,LOT_036,10.8402,12.0138,12.582,12.7216,0,healthy,0.0,50.0,11.9385,0
SN_011009,LOT_036,12.3128,,12.7963,13.0185,0,healthy,0.0,50.0,11.9385,0
SN_011010,LOT_036,11.4165,12.438,12.8449,13.0933,0,healthy,0.0,50.0,11.9385,0
SN_011011,LOT_036,13.7361,15.1296,15.4317,15.4987,0,healthy,0.0,50.0,11.9385,0
SN_011012,LOT_036,12.5126,13.5251,13.7601,13.7551,0,healthy,0.0,50.0,11.9385,0
SN_011013,LOT_036,13.0307,14.5948,15.3595,15.7898,0,healthy,0.0,50.0,11.9385,0
SN_011014,LOT_036,11.7121,12.6903,13.1203,13.4225,0,healthy,0.0,50.0,11.9385,0
SN_011015,LOT_036,11.3543,12.3339,12.5637,12.9205,0,healthy,0.0,50.0,11.9385,0
SN_011016,LOT_036,12.5292,13.5739,13.9567,14.2752,0,healthy,0.0,50.0,11.9385,0
SN_011017,LOT_036,11.5824,,12.6393,12.9308,0,healthy,0.0,50.0,11.9385,0
SN_011018,LOT_036,11.6835,,12.3673,12.3088,0,healthy,0.0,50.0,11.9385,0
SN_011019,LOT_036,14.1317,15.1508,15.8835,16.0148,0,healthy,0.0,50.0,11.9385,0
SN_011020,LOT_036,11.9666,,13.3312,13.6687,0,healthy,0.0,50.0,11.9385,0
SN_011021,LOT_036,11.3763,12.4442,12.7639,12.8188,0,healthy,0.0,50.0,11.9385,0
SN_011022,LOT_036,,10.9918,11.3027,11.5529,0,healthy,0.0,50.0,11.9385,0
SN_011023,LOT_036,9.393,10.335,10.5764,10.8555,0,healthy,0.0,50.0,11.9385,0
SN_011024,LOT_036,13.3654,14.1939,14.2566,14.424,0,healthy,0.0,50.0,11.9385,0
SN_011025,LOT_036,12.9339,13.7912,14.1073,14.0747,0,healthy,0.0,50.0,11.9385,0
SN_011026,LOT_036,12.8044,13.3889,13.7222,13.723,0,healthy,0.0,50.0,11.9385,0
SN_011027,LOT_036,13.7746,15.3311,16.0867,16.3853,0,healthy,0.0,50.0,11.9385,0
SN_011028,LOT_036,10.1681,10.4732,10.6447,10.6861,0,healthy,0.0,50.0,11.9385,0
SN_011029,LOT_036,11.5697,12.1861,12.5942,12.7002,0,healthy,0.0,50.0,11.9385,0
SN_011030,LOT_036,11.3551,12.0127,12.3568,12.4107,0,healthy,0.0,50.0,11.9385,0
SN_011031,LOT_036,11.5451,11.8236,12.1452,12.2619,0,healthy,0.0,50.0,11.9385,0
SN_011032,LOT_037,13.4716,15.1691,15.6089,15.8727,0,healthy,0.0,50.0,14.643,0
SN_011033,LOT_037,15.9738,17.8065,17.9819,18.3949,0,healthy,0.0,50.0,14.643,0
SN_011034,LOT_037,13.9434,14.8738,15.3127,15.4905,0,healthy,0.0,50.0,14.643,0
SN_011035,LOT_037,13.306,13.4703,20.6889,44.8989,1,tddb_dielectric,0.6223,50.0,14.643,0
SN_011036,LOT_037,13.6455,14.8694,15.3285,15.3853,0,healthy,0.0,50.0,14.643,0
SN_011037,LOT_037,14.4568,15.7647,16.5069,16.5807,0,healthy,0.0,50.0,14.643,0
SN_011038,LOT_037,13.4117,14.4903,14.9473,14.9995,0,healthy,0.0,50.0,14.643,0
SN_011039,LOT_037,14.1524,15.4926,16.5,16.6331,0,healthy,0.0,50.0,14.643,0
SN_011040,LOT_037,15.6404,17.2039,18.0134,18.4684,0,healthy,0.0,50.0,14.643,0
SN_011041,LOT_037,13.5985,14.5519,14.9166,15.4039,0,healthy,0.0,50.0,14.643,0
SN_011042,LOT_037,15.3653,16.4729,16.9912,17.2909,0,healthy,0.0,50.0,14.643,0
SN_011043,LOT_037,14.253,15.8628,16.2673,16.7248,0,healthy,0.0,50.0,14.643,0
SN_011044,LOT_037,11.4721,12.7839,13.1358,13.2507,0,healthy,0.0,50.0,14.643,0
SN_011045,LOT_037,15.9753,16.8456,17.3098,17.6049,0,healthy,0.0,50.0,14.643,0
SN_011046,LOT_037,,14.4168,14.7471,14.5726,0,healthy,0.0,50.0,14.643,0
SN_011047,LOT_037,15.9796,17.5464,17.8277,18.1253,0,healthy,0.0,50.0,14.643,0
SN_011048,LOT_037,14.8775,16.0552,16.5394,16.8555,0,healthy,0.0,50.0,14.643,0
SN_011049,LOT_037,,14.0426,14.1529,14.1945,0,healthy,0.0,50.0,14.643,0
SN_011050,LOT_037,15.9007,17.5019,17.7789,18.2618,0,healthy,0.0,50.0,14.643,0
SN_011051,LOT_037,16.1182,17.1423,17.4682,17.5978,0,healthy,0.0,50.0,14.643,0
SN_011052,LOT_037,14.1611,14.9498,15.3184,15.4705,0,healthy,0.0,50.0,14.643,0
SN_011053,LOT_037,14.3348,15.5547,16.1979,16.2038,0,healthy,0.0,50.0,14.643,0
SN_011054,LOT_037,16.2762,17.6599,18.1381,18.326,0,healthy,0.0,50.0,14.643,0
SN_011055,LOT_037,12.8229,14.0274,14.5426,14.8437,0,healthy,0.0,50.0,14.643,0
SN_011056,LOT_037,11.7186,12.5155,12.6515,12.7934,0,healthy,0.0,50.0,14.643,0
SN_011057,LOT_037,,13.6828,14.4683,14.8273,0,healthy,0.0,50.0,14.643,0
SN_011058,LOT_037,16.6257,17.1179,17.5815,17.7977,0,healthy,0.0,50.0,14.643,0
SN_011059,LOT_037,11.8749,13.0692,13.4818,13.6936,0,healthy,0.0,50.0,14.643,0
SN_011060,LOT_037,14.6003,15.6244,16.0668,16.0353,0,healthy,0.0,50.0,14.643,0
SN_011061,LOT_037,,,17.6786,17.7721,0,healthy,0.0,50.0,14.643,0
SN_011062,LOT_037,12.3112,13.3509,13.7149,13.7557,0,healthy,0.0,50.0,14.643,0
SN_011063,LOT_037,15.549,16.9374,17.1701,17.5358,0,healthy,0.0,50.0,14.643,0
SN_011064,LOT_037,,13.0669,13.6025,13.8032,0,healthy,0.0,50.0,14.643,0
SN_011065,LOT_037,12.1903,13.2643,13.8178,14.1077,0,healthy,0.0,50.0,14.643,0
SN_011066,LOT_037,15.4574,16.0425,15.9401,16.2878,0,healthy,0.0,50.0,14.643,0
SN_011067,LOT_037,12.6039,14.1417,14.6112,14.6426,0,healthy,0.0,50.0,14.643,0
SN_011068,LOT_037,13.7851,15.3824,15.854,16.1616,0,healthy,0.0,50.0,14.643,0
SN_011069,LOT_037,13.7429,14.3533,14.4226,14.2179,0,healthy,0.0,50.0,14.643,0
SN_011070,LOT_037,15.553,,16.7579,17.2685,0,healthy,0.0,50.0,14.643,0
SN_011071,LOT_037,14.55,15.772,16.0839,16.3768,0,healthy,0.0,50.0,14.643,0
SN_011072,LOT_037,14.3474,15.5399,15.876,16.1755,0,healthy,0.0,50.0,14.643,0
SN_011073,LOT_037,14.62,15.7928,15.9949,16.0808,0,healthy,0.0,50.0,14.643,0
SN_011074,LOT_037,15.6423,17.289,18.148,18.5506,0,healthy,0.0,50.0,14.643,0
SN_011075,LOT_037,13.4237,14.4843,14.6938,14.7763,0,healthy,0.0,50.0,14.643,0
SN_011076,LOT_037,14.2986,14.8647,15.2011,15.475,0,healthy,0.0,50.0,14.643,0
SN_011077,LOT_037,15.4302,17.4673,17.9313,18.2076,0,healthy,0.0,50.0,14.643,0
SN_011078,LOT_037,14.6028,15.7914,16.2325,16.4021,0,healthy,0.0,50.0,14.643,0
SN_011079,LOT_037,17.7918,18.5131,18.5586,18.8465,0,healthy,0.0,50.0,14.643,0
SN_011080,LOT_037,14.0848,15.3796,16.005,16.3402,0,healthy,0.0,50.0,14.643,0
SN_011081,LOT_037,14.316,14.9199,15.1177,15.289,0,healthy,0.0,50.0,14.643,0
SN_011082,LOT_037,12.2334,13.6362,13.966,14.1126,0,healthy,0.0,50.0,14.643,0
SN_011083,LOT_037,11.8696,12.6679,12.8737,13.1867,0,healthy,0.0,50.0,14.643,0
SN_011084,LOT_037,16.3564,17.6163,17.8163,17.9049,0,healthy,0.0,50.0,14.643,0
SN_011085,LOT_037,11.5001,12.1471,12.0439,12.2468,0,healthy,0.0,50.0,14.643,0
SN_011086,LOT_037,13.9434,14.51,15.0856,15.4017,0,healthy,0.0,50.0,14.643,0
SN_011087,LOT_037,14.7262,15.751,16.2646,16.32,0,healthy,0.0,50.0,14.643,0
SN_011088,LOT_037,14.3833,15.0717,15.3447,15.2416,0,healthy,0.0,50.0,14.643,0
SN_011089,LOT_037,15.0715,16.2042,16.8895,17.1566,0,healthy,0.0,50.0,14.643,0
SN_011090,LOT_037,14.0136,15.1411,15.4416,15.7124,0,healthy,0.0,50.0,14.643,0
SN_011091,LOT_037,13.7891,14.8986,15.0932,15.3242,0,healthy,0.0,50.0,14.643,0
SN_011092,LOT_037,16.4359,18.4597,19.1887,19.6551,0,healthy,0.0,50.0,14.643,0
SN_011093,LOT_037,14.4503,15.4423,15.5895,16.0004,0,healthy,0.0,50.0,14.643,0
SN_011094,LOT_037,16.1232,16.7065,17.0639,17.0839,0,healthy,0.0,50.0,14.643,0
SN_011095,LOT_037,16.4339,17.9039,18.9008,19.3565,0,healthy,0.0,50.0,14.643,0
SN_011096,LOT_037,19.635,20.7613,21.1929,21.4964,0,healthy,0.0,50.0,14.643,0
SN_011097,LOT_037,12.3797,13.7626,13.9378,14.1179,0,healthy,0.0,50.0,14.643,0
SN_011098,LOT_037,19.4173,21.2133,21.6122,22.0084,0,healthy,0.0,50.0,14.643,0
SN_011099,LOT_037,13.8,14.5186,14.7263,15.062,0,healthy,0.0,50.0,14.643,0
SN_011100,LOT_037,15.7857,17.0684,17.1206,17.4247,0,healthy,0.0,50.0,14.643,0
SN_011101,LOT_037,14.1494,14.6448,14.7987,14.872,0,healthy,0.0,50.0,14.643,0
SN_011102,LOT_037,17.0192,17.9388,18.3537,18.7588,0,healthy,0.0,50.0,14.643,0
SN_011103,LOT_037,12.5566,13.4983,13.748,14.2646,0,healthy,0.0,50.0,14.643,0
SN_011104,LOT_037,13.8399,15.7054,16.0219,16.4868,0,healthy,0.0,50.0,14.643,0
SN_011105,LOT_037,15.7877,17.1437,17.8079,18.2416,0,healthy,0.0,50.0,14.643,0
SN_011106,LOT_037,12.7403,13.6605,13.9672,14.2739,0,healthy,0.0,50.0,14.643,0
SN_011107,LOT_037,13.8451,14.8803,15.5066,15.684,0,healthy,0.0,50.0,14.643,0
SN_011108,LOT_037,,19.3405,19.4593,19.7374,0,healthy,0.0,50.0,14.643,0
SN_011109,LOT_037,13.7295,14.5984,14.9766,15.476,0,healthy,0.0,50.0,14.643,0
SN_011110,LOT_037,13.758,15.464,16.087,16.2062,0,healthy,0.0,50.0,14.643,0
SN_011111,LOT_037,11.7732,12.0151,12.3453,12.3454,0,healthy,0.0,50.0,14.643,0
SN_011112,LOT_037,12.2553,12.913,13.0301,13.2852,0,healthy,0.0,50.0,14.643,0
SN_011113,LOT_037,,20.1265,20.343,20.3811,0,healthy,0.0,50.0,14.643,0
SN_011114,LOT_037,12.0397,13.0542,13.1982,13.3679,0,healthy,0.0,50.0,14.643,0
SN_011115,LOT_037,11.7958,12.4233,12.8914,13.1765,0,healthy,0.0,50.0,14.643,0
SN_011116,LOT_037,14.8298,15.303,15.5044,15.7003,0,healthy,0.0,50.0,14.643,0
SN_011117,LOT_037,17.0739,19.1578,19.6188,20.0574,0,healthy,0.0,50.0,14.643,0
SN_011118,LOT_037,,16.3846,17.1002,17.3648,0,healthy,0.0,50.0,14.643,0
SN_011119,LOT_037,13.6407,15.2033,15.6293,15.9502,0,healthy,0.0,50.0,14.643,0
SN_011120,LOT_037,17.0364,18.8879,19.1456,19.3695,0,healthy,0.0,50.0,14.643,0
SN_011121,LOT_037,14.6904,15.7334,16.2754,16.2515,0,healthy,0.0,50.0,14.643,0
SN_011122,LOT_037,13.3364,14.6552,15.214,15.1952,0,healthy,0.0,50.0,14.643,0
SN_011123,LOT_037,15.3116,15.8529,15.8396,16.2704,0,healthy,0.0,50.0,14.643,0
SN_011124,LOT_037,11.5021,12.7217,13.3049,13.305,0,healthy,0.0,50.0,14.643,0
SN_011125,LOT_037,14.5471,15.2034,15.2077,15.2915,0,healthy,0.0,50.0,14.643,0
SN_011126,LOT_037,15.9649,17.0986,17.5758,17.8989,0,healthy,0.0,50.0,14.643,0
SN_011127,LOT_037,14.6048,15.951,16.2356,16.5441,0,healthy,0.0,50.0,14.643,0
SN_011128,LOT_037,13.1067,14.4205,14.6952,14.8735,0,healthy,0.0,50.0,14.643,0
SN_011129,LOT_037,16.5751,18.4053,18.7738,19.2709,0,healthy,0.0,50.0,14.643,0
SN_011130,LOT_037,14.9343,16.0047,16.2387,16.8088,0,healthy,0.0,50.0,14.643,0
SN_011131,LOT_037,13.5805,15.2662,15.662,15.5598,0,healthy,0.0,50.0,14.643,0
SN_011132,LOT_037,14.9849,16.2122,16.7517,16.904,0,healthy,0.0,50.0,14.643,0
SN_011133,LOT_037,14.4037,16.4246,16.9751,17.2998,0,healthy,0.0,50.0,14.643,0
SN_011134,LOT_037,17.7184,19.5799,20.7267,20.8335,0,healthy,0.0,50.0,14.643,0
SN_011135,LOT_037,15.5485,16.9174,17.0124,17.239,0,healthy,0.0,50.0,14.643,0
SN_011136,LOT_037,12.1735,13.1606,13.2939,13.6111,0,healthy,0.0,50.0,14.643,0
SN_011137,LOT_037,16.6296,18.3029,18.8921,19.2824,0,healthy,0.0,50.0,14.643,0
SN_011138,LOT_037,12.686,13.4851,13.8812,14.0473,0,healthy,0.0,50.0,14.643,0
SN_011139,LOT_037,14.2319,15.6201,16.1037,16.7354,0,healthy,0.0,50.0,14.643,0
SN_011140,LOT_037,13.8088,14.4376,14.4706,14.428,0,healthy,0.0,50.0,14.643,0
SN_011141,LOT_037,16.7504,18.5204,18.9633,19.0729,0,healthy,0.0,50.0,14.643,0
SN_011142,LOT_037,15.458,17.8528,18.0276,18.633,0,healthy,0.0,50.0,14.643,0
SN_011143,LOT_037,13.5132,13.7947,14.2365,14.4905,0,healthy,0.0,50.0,14.643,0
SN_011144,LOT_037,13.8832,15.797,16.4444,16.5241,0,healthy,0.0,50.0,14.643,0
SN_011145,LOT_037,11.4153,12.1767,12.4435,12.71,0,healthy,0.0,50.0,14.643,0
SN_011146,LOT_037,15.2613,16.4627,17.0347,17.2845,0,healthy,0.0,50.0,14.643,0
SN_011147,LOT_037,16.623,17.3345,17.7873,18.0939,0,healthy,0.0,50.0,14.643,0
SN_011148,LOT_037,17.8895,18.9737,19.4393,19.7344,0,healthy,0.0,50.0,14.643,0
SN_011149,LOT_037,14.4948,16.1246,16.5978,17.1595,0,healthy,0.0,50.0,14.643,0
SN_011150,LOT_037,41.8913,43.4663,48.1649,52.7163,1,esd_oxide,0.1804,50.0,14.643,0
SN_011151,LOT_037,14.9507,15.4605,15.7265,15.9255,0,healthy,0.0,50.0,14.643,0
SN_011152,LOT_037,18.5836,19.832,20.1284,20.4361,0,healthy,0.0,50.0,14.643,0
SN_011153,LOT_037,12.0857,13.3148,13.5995,13.5531,0,healthy,0.0,50.0,14.643,0
SN_011154,LOT_037,13.7554,15.068,15.4466,15.8913,0,healthy,0.0,50.0,14.643,0
SN_011155,LOT_037,16.1139,,18.0049,18.304,0,healthy,0.0,50.0,14.643,0
SN_011156,LOT_037,13.2393,13.5438,13.8483,13.9054,0,healthy,0.0,50.0,14.643,0
SN_011157,LOT_037,14.0804,15.7171,16.4325,16.2623,0,healthy,0.0,50.0,14.643,0
SN_011158,LOT_037,12.8562,13.1549,13.3674,13.5405,0,healthy,0.0,50.0,14.643,0
SN_011159,LOT_037,16.828,17.1473,17.5228,17.8417,0,healthy,0.0,50.0,14.643,0
SN_011160,LOT_037,13.0934,13.6178,14.038,14.0443,0,healthy,0.0,50.0,14.643,0
SN_011161,LOT_037,14.9173,15.5411,15.8454,15.791,0,healthy,0.0,50.0,14.643,0
SN_011162,LOT_037,14.149,15.8219,16.3992,17.0448,0,healthy,0.0,50.0,14.643,0
SN_011163,LOT_037,12.6306,13.5383,13.7407,14.019,0,healthy,0.0,50.0,14.643,0
SN_011164,LOT_037,14.2975,15.6959,15.9997,16.2083,0,healthy,0.0,50.0,14.643,0
SN_011165,LOT_037,,13.6192,13.7125,13.9341,0,healthy,0.0,50.0,14.643,0
SN_011166,LOT_037,14.5982,15.4586,16.314,16.4222,0,healthy,0.0,50.0,14.643,0
SN_011167,LOT_037,15.0094,16.1537,16.1707,16.1987,0,healthy,0.0,50.0,14.643,0
SN_011168,LOT_037,13.9224,15.2152,15.9068,16.1593,0,healthy,0.0,50.0,14.643,0
SN_011169,LOT_037,18.0477,19.9959,20.4977,20.4173,0,healthy,0.0,50.0,14.643,0
SN_011170,LOT_037,14.1292,15.1772,15.3626,15.2405,0,healthy,0.0,50.0,14.643,0
SN_011171,LOT_037,16.5708,17.5013,17.9437,17.9427,0,healthy,0.0,50.0,14.643,0
SN_011172,LOT_037,12.2637,13.2072,13.4626,13.6591,0,healthy,0.0,50.0,14.643,0
SN_011173,LOT_037,13.9902,14.7785,14.613,14.971,0,healthy,0.0,50.0,14.643,0
SN_011174,LOT_037,13.3287,14.8025,15.306,15.7852,0,healthy,0.0,50.0,14.643,0
SN_011175,LOT_037,12.56,13.5473,13.7046,13.6705,0,healthy,0.0,50.0,14.643,0
SN_011176,LOT_037,15.1939,16.8535,17.3632,17.7316,0,healthy,0.0,50.0,14.643,0
SN_011177,LOT_037,12.3735,13.7649,14.0105,14.2146,0,healthy,0.0,50.0,14.643,0
SN_011178,LOT_037,14.8573,16.4026,16.977,17.4106,0,healthy,0.0,50.0,14.643,0
SN_011179,LOT_037,16.4391,17.5399,18.392,18.5815,0,healthy,0.0,50.0,14.643,0
SN_011180,LOT_037,13.9123,15.2709,15.9948,16.1881,0,healthy,0.0,50.0,14.643,0
SN_011181,LOT_037,16.0282,16.8653,17.2628,17.4898,0,healthy,0.0,50.0,14.643,0
SN_011182,LOT_037,16.8611,18.0796,18.6217,18.7947,0,healthy,0.0,50.0,14.643,0
SN_011183,LOT_037,15.0004,16.3281,16.6195,16.7403,0,healthy,0.0,50.0,14.643,0
SN_011184,LOT_037,15.0169,16.0196,16.44,16.761,0,healthy,0.0,50.0,14.643,0
SN_011185,LOT_037,,14.2788,14.5679,14.4609,0,healthy,0.0,50.0,14.643,0
SN_011186,LOT_037,13.0517,14.228,14.8787,14.9376,0,healthy,0.0,50.0,14.643,0
SN_011187,LOT_037,14.1503,14.9768,15.2492,15.3858,0,healthy,0.0,50.0,14.643,0
SN_011188,LOT_037,,18.5294,18.9953,19.3165,0,healthy,0.0,50.0,14.643,0
SN_011189,LOT_037,14.6979,15.8284,16.1049,16.32,0,healthy,0.0,50.0,14.643,0
SN_011190,LOT_037,16.1968,17.1536,17.5072,17.6962,0,healthy,0.0,50.0,14.643,0
SN_011191,LOT_037,12.9088,,13.7737,13.9374,0,healthy,0.0,50.0,14.643,0
SN_011192,LOT_037,16.0194,17.3049,17.5169,17.9657,0,healthy,0.0,50.0,14.643,0
SN_011193,LOT_037,11.633,11.9879,12.1854,12.2728,0,healthy,0.0,50.0,14.643,0
SN_011194,LOT_037,15.87,17.9429,18.1967,18.5364,0,healthy,0.0,50.0,14.643,0
SN_011195,LOT_037,15.0216,16.4679,17.0495,17.0195,0,healthy,0.0,50.0,14.643,0
SN_011196,LOT_037,16.3214,16.8051,17.2984,17.2728,0,healthy,0.0,50.0,14.643,0
SN_011197,LOT_037,13.7039,14.7053,15.4219,15.4416,0,healthy,0.0,50.0,14.643,0
SN_011198,LOT_037,12.8595,14.4275,14.8083,15.0506,0,healthy,0.0,50.0,14.643,0
SN_011199,LOT_037,14.3722,15.3662,15.7445,16.0282,0,healthy,0.0,50.0,14.643,0
SN_011200,LOT_037,12.3759,13.1549,13.3888,13.505,0,healthy,0.0,50.0,14.643,0
SN_011201,LOT_037,13.2067,14.035,14.0635,14.2273,0,healthy,0.0,50.0,14.643,0
SN_011202,LOT_037,13.4328,14.2727,14.7607,14.8575,0,healthy,0.0,50.0,14.643,0
SN_011203,LOT_037,13.664,15.1867,15.7815,16.1882,0,healthy,0.0,50.0,14.643,0
SN_011204,LOT_037,15.5626,16.4214,16.8539,16.6726,0,healthy,0.0,50.0,14.643,0
SN_011205,LOT_037,16.1247,17.7859,18.4292,18.5806,0,healthy,0.0,50.0,14.643,0
SN_011206,LOT_037,17.2195,,19.373,19.8555,0,healthy,0.0,50.0,14.643,0
SN_011207,LOT_037,12.7338,13.07,13.485,13.5381,0,healthy,0.0,50.0,14.643,0
SN_011208,LOT_037,12.5718,14.0807,14.4293,14.4658,0,healthy,0.0,50.0,14.643,0
SN_011209,LOT_037,14.0812,14.9966,15.6234,15.83,0,healthy,0.0,50.0,14.643,0
SN_011210,LOT_037,11.67,13.0089,13.5607,13.7215,0,healthy,0.0,50.0,14.643,0
SN_011211,LOT_037,15.5205,17.0006,17.319,17.542,0,healthy,0.0,50.0,14.643,0
SN_011212,LOT_037,15.2821,16.7427,17.3985,17.9565,0,healthy,0.0,50.0,14.643,0
SN_011213,LOT_037,12.7944,13.1908,13.5678,13.4514,0,healthy,0.0,50.0,14.643,0
SN_011214,LOT_037,17.4402,18.5975,18.8417,19.2668,0,healthy,0.0,50.0,14.643,0
SN_011215,LOT_037,15.1297,15.7306,16.2356,16.5558,0,healthy,0.0,50.0,14.643,0
SN_011216,LOT_037,15.9517,17.888,18.2917,18.4269,0,healthy,0.0,50.0,14.643,0
SN_011217,LOT_037,13.5109,15.0876,15.6251,15.7672,0,healthy,0.0,50.0,14.643,0
SN_011218,LOT_037,15.7943,17.2675,17.5078,17.6389,0,healthy,0.0,50.0,14.643,0
SN_011219,LOT_037,14.1192,15.0016,15.435,15.8,0,healthy,0.0,50.0,14.643,0
SN_011220,LOT_037,16.3035,16.9354,17.1446,17.4188,0,healthy,0.0,50.0,14.643,0
SN_011221,LOT_037,14.8211,16.4277,16.849,16.878,0,healthy,0.0,50.0,14.643,0
SN_011222,LOT_037,16.2211,17.8073,18.2538,18.5334,0,healthy,0.0,50.0,14.643,0
SN_011223,LOT_037,,12.3945,13.0481,13.0427,0,healthy,0.0,50.0,14.643,0
SN_011224,LOT_037,14.3484,15.1105,15.0893,15.2965,0,healthy,0.0,50.0,14.643,0
SN_011225,LOT_037,12.8583,14.2242,14.5327,14.8852,0,healthy,0.0,50.0,14.643,0
SN_011226,LOT_037,13.8942,15.7139,16.22,16.6398,0,healthy,0.0,50.0,14.643,0
SN_011227,LOT_037,14.2455,16.2609,16.5408,16.8742,0,healthy,0.0,50.0,14.643,0
SN_011228,LOT_037,14.6227,15.0691,15.2082,15.3374,0,healthy,0.0,50.0,14.643,0
SN_011229,LOT_037,16.069,16.9363,17.2421,17.3176,0,healthy,0.0,50.0,14.643,0
SN_011230,LOT_037,16.6052,17.373,17.3678,17.7549,0,healthy,0.0,50.0,14.643,0
SN_011231,LOT_037,13.0351,14.4572,15.0759,15.5253,0,healthy,0.0,50.0,14.643,0
SN_011232,LOT_037,14.7981,16.4764,16.9779,17.0479,0,healthy,0.0,50.0,14.643,0
SN_011233,LOT_037,14.98,16.8028,17.3526,17.7355,0,healthy,0.0,50.0,14.643,0
SN_011234,LOT_037,11.6436,12.8025,13.3469,13.4944,0,healthy,0.0,50.0,14.643,0
SN_011235,LOT_037,14.3383,15.4519,15.8452,16.1738,0,healthy,0.0,50.0,14.643,0
SN_011236,LOT_037,13.9018,14.79,14.9767,15.2296,0,healthy,0.0,50.0,14.643,0
SN_011237,LOT_037,17.82,19.3306,19.6235,19.8786,0,healthy,0.0,50.0,14.643,0
SN_011238,LOT_037,15.2554,,16.8483,16.7724,0,healthy,0.0,50.0,14.643,0
SN_011239,LOT_037,13.5264,14.9899,15.7166,16.1769,0,healthy,0.0,50.0,14.643,0
SN_011240,LOT_037,13.3432,14.0528,14.1562,14.3926,0,healthy,0.0,50.0,14.643,0
SN_011241,LOT_037,16.8089,17.8562,18.5715,19.0557,0,healthy,0.0,50.0,14.643,0
SN_011242,LOT_037,14.6165,15.403,15.591,15.7277,0,healthy,0.0,50.0,14.643,0
SN_011243,LOT_037,13.4192,13.7889,14.1927,14.1782,0,healthy,0.0,50.0,14.643,0
SN_011244,LOT_037,14.3882,16.0689,16.7742,17.0692,0,healthy,0.0,50.0,14.643,0
SN_011245,LOT_037,13.8818,14.6181,15.07,15.2457,0,healthy,0.0,50.0,14.643,0
SN_011246,LOT_037,12.5607,13.9348,14.621,14.8342,0,healthy,0.0,50.0,14.643,0
SN_011247,LOT_037,15.7563,16.8268,17.2136,17.4136,0,healthy,0.0,50.0,14.643,0
SN_011248,LOT_037,14.6945,16.31,16.5798,16.6603,0,healthy,0.0,50.0,14.643,0
SN_011249,LOT_037,13.6462,15.265,15.7553,16.0225,0,healthy,0.0,50.0,14.643,0
SN_011250,LOT_037,14.959,15.5146,15.843,15.9408,0,healthy,0.0,50.0,14.643,0
SN_011251,LOT_037,18.2027,19.3502,20.0328,19.9809,0,healthy,0.0,50.0,14.643,0
SN_011252,LOT_037,,16.2238,16.4238,16.441,0,healthy,0.0,50.0,14.643,0
SN_011253,LOT_037,16.0624,16.4234,16.7443,16.9338,0,healthy,0.0,50.0,14.643,0
SN_011254,LOT_037,15.6167,,16.2975,16.5921,0,healthy,0.0,50.0,14.643,0
SN_011255,LOT_037,14.6098,15.5655,16.0547,16.2514,0,healthy,0.0,50.0,14.643,0
SN_011256,LOT_037,15.0234,15.8266,16.2052,16.4367,0,healthy,0.0,50.0,14.643,0
SN_011257,LOT_037,14.9314,16.641,16.9454,17.3383,0,healthy,0.0,50.0,14.643,0
SN_011258,LOT_037,14.1696,14.704,15.0823,15.1573,0,healthy,0.0,50.0,14.643,0
SN_011259,LOT_037,,18.288,18.7058,18.9993,0,healthy,0.0,50.0,14.643,0
SN_011260,LOT_037,11.9526,12.8677,13.3207,13.8203,0,healthy,0.0,50.0,14.643,0
SN_011261,LOT_037,,17.068,17.2881,17.3117,0,healthy,0.0,50.0,14.643,0
SN_011262,LOT_037,13.7264,14.88,15.3117,15.3185,0,healthy,0.0,50.0,14.643,0
SN_011263,LOT_037,13.8163,14.892,15.2648,15.1731,0,healthy,0.0,50.0,14.643,0
SN_011264,LOT_037,12.2675,13.3089,13.3766,13.3609,0,healthy,0.0,50.0,14.643,0
SN_011265,LOT_037,18.9628,20.0908,21.0698,20.9988,0,healthy,0.0,50.0,14.643,0
SN_011266,LOT_037,14.3286,15.4897,16.0939,16.1823,0,healthy,0.0,50.0,14.643,0
SN_011267,LOT_037,14.3826,14.9283,15.0638,15.198,0,healthy,0.0,50.0,14.643,0
SN_011268,LOT_037,14.1531,15.3955,15.8678,15.9994,0,healthy,0.0,50.0,14.643,0
SN_011269,LOT_037,17.0849,18.5842,18.9826,18.8831,0,healthy,0.0,50.0,14.643,0
SN_011270,LOT_037,13.3324,13.8934,14.2451,14.2682,0,healthy,0.0,50.0,14.643,0
SN_011271,LOT_037,18.5389,20.2443,21.0513,20.9548,0,healthy,0.0,50.0,14.643,0
SN_011272,LOT_037,14.2307,16.1167,16.7292,17.1779,0,healthy,0.0,50.0,14.643,0
SN_011273,LOT_037,16.0534,17.7382,18.4022,18.4648,0,healthy,0.0,50.0,14.643,0
SN_011274,LOT_037,14.8319,15.8866,16.7267,17.2024,0,healthy,0.0,50.0,14.643,0
SN_011275,LOT_037,13.8652,14.9935,15.2154,15.4437,0,healthy,0.0,50.0,14.643,0
SN_011276,LOT_037,13.6165,14.4005,14.808,14.8847,0,healthy,0.0,50.0,14.643,0
SN_011277,LOT_037,14.8713,16.5927,16.7484,17.0416,0,healthy,0.0,50.0,14.643,0
SN_011278,LOT_037,11.7015,13.3821,13.6824,13.6606,0,healthy,0.0,50.0,14.643,0
SN_011279,LOT_037,12.6664,13.2088,13.637,13.7844,0,healthy,0.0,50.0,14.643,0
SN_011280,LOT_037,16.291,18.5542,19.1081,19.2482,0,healthy,0.0,50.0,14.643,0
SN_011281,LOT_037,14.8067,15.549,15.7303,15.7475,0,healthy,0.0,50.0,14.643,0
SN_011282,LOT_037,14.2812,15.9365,16.6068,16.8122,0,healthy,0.0,50.0,14.643,0
SN_011283,LOT_037,16.2752,18.2019,18.7331,19.0097,0,healthy,0.0,50.0,14.643,0
SN_011284,LOT_037,13.1039,13.9366,14.3012,14.4969,0,healthy,0.0,50.0,14.643,0
SN_011285,LOT_037,14.0629,14.8527,15.0424,15.3192,0,healthy,0.0,50.0,14.643,0
SN_011286,LOT_037,,18.4754,19.295,19.4155,0,healthy,0.0,50.0,14.643,0
SN_011287,LOT_037,12.9648,13.2696,13.677,13.5573,0,healthy,0.0,50.0,14.643,0
SN_011288,LOT_037,16.4411,,19.4329,19.4915,0,healthy,0.0,50.0,14.643,0
SN_011289,LOT_037,15.2247,15.8012,16.1798,16.3677,0,healthy,0.0,50.0,14.643,0
SN_011290,LOT_037,13.8346,14.7355,14.9179,14.9225,0,healthy,0.0,50.0,14.643,0
SN_011291,LOT_037,14.4687,15.9724,16.8313,16.9204,0,healthy,0.0,50.0,14.643,0
SN_011292,LOT_037,10.5547,11.0299,11.3261,11.5687,0,healthy,0.0,50.0,14.643,0
SN_011293,LOT_037,13.0081,13.6674,14.1662,14.3458,0,healthy,0.0,50.0,14.643,0
SN_011294,LOT_037,15.5953,16.2846,16.8392,16.7948,0,healthy,0.0,50.0,14.643,0
SN_011295,LOT_037,16.089,17.6776,18.1762,18.5235,0,healthy,0.0,50.0,14.643,0
SN_011296,LOT_037,14.6272,15.7561,16.1009,16.1278,0,healthy,0.0,50.0,14.643,0
SN_011297,LOT_037,15.5463,17.1006,17.3177,17.7678,0,healthy,0.0,50.0,14.643,0
SN_011298,LOT_037,16.6489,17.4164,17.8275,17.7937,0,healthy,0.0,50.0,14.643,0
SN_011299,LOT_038,6.9965,7.3378,7.395,7.4369,0,healthy,0.0,50.0,7.5711,0
SN_011300,LOT_038,6.985,7.8666,8.0622,8.1959,0,healthy,0.0,50.0,7.5711,0
SN_011301,LOT_038,8.3715,8.7921,8.9634,8.8167,0,healthy,0.0,50.0,7.5711,0
SN_011302,LOT_038,6.2168,6.6128,6.569,6.6406,0,healthy,0.0,50.0,7.5711,0
SN_011303,LOT_038,7.5493,,8.1406,8.0783,0,healthy,0.0,50.0,7.5711,0
SN_011304,LOT_038,8.7176,9.4412,9.6807,9.9767,0,healthy,0.0,50.0,7.5711,0
SN_011305,LOT_038,7.8211,8.2761,8.3976,8.3369,0,healthy,0.0,50.0,7.5711,0
SN_011306,LOT_038,7.1053,7.8297,8.2406,8.3952,0,healthy,0.0,50.0,7.5711,0
SN_011307,LOT_038,,8.9948,9.1921,9.344,0,healthy,0.0,50.0,7.5711,0
SN_011308,LOT_038,8.2372,9.0555,9.3154,9.5195,0,healthy,0.0,50.0,7.5711,0
SN_011309,LOT_038,6.7848,7.52,7.7072,7.7603,0,healthy,0.0,50.0,7.5711,0
SN_011310,LOT_038,6.4471,6.744,6.6181,6.823,0,healthy,0.0,50.0,7.5711,0
SN_011311,LOT_038,7.969,8.2109,8.4749,8.5188,0,healthy,0.0,50.0,7.5711,0
SN_011312,LOT_038,8.0248,8.8626,9.1375,9.1304,0,healthy,0.0,50.0,7.5711,0
SN_011313,LOT_038,8.1529,8.5233,8.5424,8.5221,0,healthy,0.0,50.0,7.5711,0
SN_011314,LOT_038,6.8423,7.029,7.1289,7.3234,0,healthy,0.0,50.0,7.5711,0
SN_011315,LOT_038,6.8707,7.1812,7.3146,7.4124,0,healthy,0.0,50.0,7.5711,0
SN_011316,LOT_038,7.5509,7.9515,8.0801,7.9732,0,healthy,0.0,50.0,7.5711,0
SN_011317,LOT_038,8.1771,8.6882,8.9026,9.0478,0,healthy,0.0,50.0,7.5711,0
SN_011318,LOT_038,8.5705,9.5332,10.0108,10.1835,0,healthy,0.0,50.0,7.5711,0
SN_011319,LOT_038,6.2016,6.5966,6.7349,6.7851,0,healthy,0.0,50.0,7.5711,0
SN_011320,LOT_038,6.1263,6.4082,6.4859,6.6516,0,healthy,0.0,50.0,7.5711,0
SN_011321,LOT_038,7.5145,8.1265,8.1825,8.3425,0,healthy,0.0,50.0,7.5711,0
SN_011322,LOT_038,6.5948,6.818,6.9252,6.9493,0,healthy,0.0,50.0,7.5711,0
SN_011323,LOT_038,6.3181,6.6997,6.8159,6.9241,0,healthy,0.0,50.0,7.5711,0
SN_011324,LOT_038,8.5241,8.7474,8.8866,8.9256,0,healthy,0.0,50.0,7.5711,0
SN_011325,LOT_038,7.8038,8.3412,8.7029,8.6804,0,healthy,0.0,50.0,7.5711,0
SN_011326,LOT_038,,8.1573,8.4466,8.3823,0,healthy,0.0,50.0,7.5711,0
SN_011327,LOT_038,7.5478,8.1701,8.4784,8.5547,0,healthy,0.0,50.0,7.5711,0
SN_011328,LOT_038,7.1991,7.4662,7.6406,7.7272,0,healthy,0.0,50.0,7.5711,0
SN_011329,LOT_038,6.8778,7.6476,7.7832,7.9422,0,healthy,0.0,50.0,7.5711,0
SN_011330,LOT_038,8.3962,9.1136,9.4009,9.5351,0,healthy,0.0,50.0,7.5711,0
SN_011331,LOT_038,6.4031,7.0153,7.2776,7.4392,0,healthy,0.0,50.0,7.5711,0
SN_011332,LOT_038,8.7141,9.076,9.1598,9.1935,0,healthy,0.0,50.0,7.5711,0
SN_011333,LOT_038,7.602,,8.3538,8.3808,0,healthy,0.0,50.0,7.5711,0
SN_011334,LOT_038,,8.3416,8.6419,8.695,0,healthy,0.0,50.0,7.5711,0
SN_011335,LOT_038,7.3244,7.7842,8.0557,8.0188,0,healthy,0.0,50.0,7.5711,0
SN_011336,LOT_038,7.2377,7.7942,8.083,8.1981,0,healthy,0.0,50.0,7.5711,0
SN_011337,LOT_038,7.9252,8.5169,8.8292,9.013,0,healthy,0.0,50.0,7.5711,0
SN_011338,LOT_038,6.5921,7.3694,7.6736,7.8221,0,healthy,0.0,50.0,7.5711,0
SN_011339,LOT_038,8.5886,9.3306,9.7205,9.9377,0,healthy,0.0,50.0,7.5711,0
SN_011340,LOT_038,8.4649,8.9218,9.0444,9.1125,0,healthy,0.0,50.0,7.5711,0
SN_011341,LOT_038,,8.3285,8.4517,8.5049,0,healthy,0.0,50.0,7.5711,0
SN_011342,LOT_038,9.246,10.4516,10.8055,10.8883,0,healthy,0.0,50.0,7.5711,0
SN_011343,LOT_038,9.7358,10.1509,10.3902,10.5026,0,healthy,0.0,50.0,7.5711,0
SN_011344,LOT_038,6.2401,6.4853,6.713,6.6963,0,healthy,0.0,50.0,7.5711,0
SN_011345,LOT_038,7.2153,7.9341,8.3008,8.3695,0,healthy,0.0,50.0,7.5711,0
SN_011346,LOT_038,6.0376,6.4309,6.5552,6.5371,0,healthy,0.0,50.0,7.5711,0
SN_011347,LOT_038,19.3733,19.8187,20.4401,21.4286,1,subtle_in_spec,0.0235,50.0,7.5711,0
SN_011348,LOT_038,7.5053,7.7837,7.8638,8.0264,0,healthy,0.0,50.0,7.5711,0
SN_011349,LOT_038,9.4391,10.0126,10.3276,10.2395,0,healthy,0.0,50.0,7.5711,0
SN_011350,LOT_038,8.1745,9.1144,9.2689,9.5351,0,healthy,0.0,50.0,7.5711,0
SN_011351,LOT_038,6.9101,7.7103,7.9721,8.2091,0,healthy,0.0,50.0,7.5711,0
SN_011352,LOT_038,6.0534,7.3337,11.292,15.3391,1,electromigration,0.2909,50.0,7.5711,0
SN_011353,LOT_038,6.7515,7.3435,7.6065,7.7908,0,healthy,0.0,50.0,7.5711,0
SN_011354,LOT_038,9.6816,10.6639,10.8932,11.1132,0,healthy,0.0,50.0,7.5711,0
SN_011355,LOT_038,11.9233,12.9291,13.3112,13.7511,0,healthy,0.0,50.0,7.5711,0
SN_011356,LOT_038,9.106,10.0411,10.4636,10.6218,0,healthy,0.0,50.0,7.5711,0
SN_011357,LOT_038,6.4947,6.7675,6.7928,6.8542,0,healthy,0.0,50.0,7.5711,0
SN_011358,LOT_038,8.1974,8.7206,8.9472,8.9799,0,healthy,0.0,50.0,7.5711,0
SN_011359,LOT_038,6.4557,6.9146,6.8769,6.9544,0,healthy,0.0,50.0,7.5711,0
SN_011360,LOT_038,8.4787,8.8864,8.9445,8.9957,0,healthy,0.0,50.0,7.5711,0
SN_011361,LOT_038,9.1613,10.266,10.6671,10.7581,0,healthy,0.0,50.0,7.5711,0
SN_011362,LOT_038,7.5837,8.0412,8.2327,8.3593,0,healthy,0.0,50.0,7.5711,0
SN_011363,LOT_038,7.2023,7.6212,7.7318,7.9026,0,healthy,0.0,50.0,7.5711,0
SN_011364,LOT_038,7.4862,8.116,8.2354,8.3375,0,healthy,0.0,50.0,7.5711,0
SN_011365,LOT_038,7.2486,7.8975,7.9126,8.2049,0,healthy,0.0,50.0,7.5711,0
SN_011366,LOT_038,6.2437,6.6688,6.8925,7.1621,0,healthy,0.0,50.0,7.5711,0
SN_011367,LOT_038,7.5957,8.335,8.4713,8.7671,0,healthy,0.0,50.0,7.5711,0
SN_011368,LOT_038,9.3442,9.9732,10.2227,10.1904,0,healthy,0.0,50.0,7.5711,0
SN_011369,LOT_038,8.062,9.0225,9.405,9.6246,0,healthy,0.0,50.0,7.5711,0
SN_011370,LOT_038,6.5477,7.1683,7.4293,7.6125,0,healthy,0.0,50.0,7.5711,0
SN_011371,LOT_038,7.5502,12.3006,14.4023,14.2447,1,mobile_ion,0.2801,50.0,7.5711,0
SN_011372,LOT_038,7.8192,8.32,8.507,8.6416,0,healthy,0.0,50.0,7.5711,0
SN_011373,LOT_038,8.3325,9.5752,9.7896,9.844,0,healthy,0.0,50.0,7.5711,0
SN_011374,LOT_038,7.8273,8.3928,8.6543,8.663,0,healthy,0.0,50.0,7.5711,0
SN_011375,LOT_038,7.0895,7.351,7.5217,7.5743,0,healthy,0.0,50.0,7.5711,0
SN_011376,LOT_038,6.6608,7.0898,7.2775,7.453,0,healthy,0.0,50.0,7.5711,0
SN_011377,LOT_038,6.6126,6.8442,6.8804,6.9631,0,healthy,0.0,50.0,7.5711,0
SN_011378,LOT_038,8.0774,8.7604,8.9338,9.0731,0,healthy,0.0,50.0,7.5711,0
SN_011379,LOT_038,7.8918,8.8694,9.0573,9.1735,0,healthy,0.0,50.0,7.5711,0
SN_011380,LOT_038,8.0539,8.8733,9.3474,9.5324,0,healthy,0.0,50.0,7.5711,0
SN_011381,LOT_038,6.3764,7.0251,7.2648,7.2134,0,healthy,0.0,50.0,7.5711,0
SN_011382,LOT_038,8.9874,9.7457,10.1965,10.1796,0,healthy,0.0,50.0,7.5711,0
SN_011383,LOT_038,5.3602,6.0709,6.2141,6.3623,0,healthy,0.0,50.0,7.5711,0
SN_011384,LOT_038,7.7056,8.6066,8.9315,9.1125,0,healthy,0.0,50.0,7.5711,0
SN_011385,LOT_038,6.9956,7.544,7.6952,7.7756,0,healthy,0.0,50.0,7.5711,0
SN_011386,LOT_038,7.4735,7.9266,8.2439,8.2356,0,healthy,0.0,50.0,7.5711,0
SN_011387,LOT_038,6.6403,7.2471,7.4886,7.6867,0,healthy,0.0,50.0,7.5711,0
SN_011388,LOT_038,6.833,7.1954,7.4031,7.4888,0,healthy,0.0,50.0,7.5711,0
SN_011389,LOT_038,9.1237,9.5111,9.6779,9.6943,0,healthy,0.0,50.0,7.5711,0
SN_011390,LOT_038,7.2628,7.6321,7.8665,7.9847,0,healthy,0.0,50.0,7.5711,0
SN_011391,LOT_038,7.725,8.247,8.3659,8.5724,0,healthy,0.0,50.0,7.5711,0
SN_011392,LOT_038,8.1605,9.1663,9.5281,9.7233,0,healthy,0.0,50.0,7.5711,0
SN_011393,LOT_038,7.4312,8.3407,8.6394,8.8116,0,healthy,0.0,50.0,7.5711,0
SN_011394,LOT_038,8.7638,9.4384,9.7542,9.9787,0,healthy,0.0,50.0,7.5711,0
SN_011395,LOT_038,6.7558,7.4671,7.7272,7.8587,0,healthy,0.0,50.0,7.5711,0
SN_011396,LOT_038,7.5248,7.8528,8.0007,8.0456,0,healthy,0.0,50.0,7.5711,0
SN_011397,LOT_038,6.4893,7.0132,7.0144,7.2235,0,healthy,0.0,50.0,7.5711,0
SN_011398,LOT_038,6.0645,6.5661,6.8199,6.9936,0,healthy,0.0,50.0,7.5711,0
SN_011399,LOT_038,8.7103,9.3581,9.6696,9.7881,0,healthy,0.0,50.0,7.5711,0
SN_011400,LOT_038,9.4642,10.5929,10.9814,11.1748,0,healthy,0.0,50.0,7.5711,0
SN_011401,LOT_038,8.2318,9.1123,9.3829,9.5244,0,healthy,0.0,50.0,7.5711,0
SN_011402,LOT_038,7.2073,7.3276,11.337,24.3975,1,tddb_dielectric,0.6322,50.0,7.5711,0
SN_011403,LOT_038,6.7752,7.0227,6.9962,7.1076,0,healthy,0.0,50.0,7.5711,0
SN_011404,LOT_038,6.2796,,6.7613,6.7959,0,healthy,0.0,50.0,7.5711,0
SN_011405,LOT_038,6.9627,7.1375,7.2564,7.3805,0,healthy,0.0,50.0,7.5711,0
SN_011406,LOT_038,5.23,5.964,6.1139,6.1942,0,healthy,0.0,50.0,7.5711,0
SN_011407,LOT_038,6.0299,,6.371,6.4359,0,healthy,0.0,50.0,7.5711,0
SN_011408,LOT_038,8.0256,9.0803,9.4453,9.5752,0,healthy,0.0,50.0,7.5711,0
SN_011409,LOT_038,7.6726,7.9495,8.0752,8.061,0,healthy,0.0,50.0,7.5711,0
SN_011410,LOT_038,6.5036,6.9587,7.1661,7.2073,0,healthy,0.0,50.0,7.5711,0
SN_011411,LOT_038,8.7446,10.9456,12.2331,12.9133,1,nbti_ageing,0.1816,50.0,7.5711,0
SN_011412,LOT_038,9.3412,10.1865,10.3661,10.4813,0,healthy,0.0,50.0,7.5711,0
SN_011413,LOT_038,5.8373,6.5107,6.6077,6.7276,0,healthy,0.0,50.0,7.5711,0
SN_011414,LOT_038,7.3536,7.7249,7.8808,7.9818,0,healthy,0.0,50.0,7.5711,0
SN_011415,LOT_038,6.2404,6.5194,6.6512,6.6644,0,healthy,0.0,50.0,7.5711,0
SN_011416,LOT_038,8.5679,9.4882,9.831,10.0101,0,healthy,0.0,50.0,7.5711,0
SN_011417,LOT_038,6.3391,,6.8085,6.8055,0,healthy,0.0,50.0,7.5711,0
SN_011418,LOT_038,,9.9205,10.0967,10.0933,0,healthy,0.0,50.0,7.5711,0
SN_011419,LOT_038,7.4626,8.0288,8.2361,8.3985,0,healthy,0.0,50.0,7.5711,0
SN_011420,LOT_038,6.9461,7.334,7.4438,7.542,0,healthy,0.0,50.0,7.5711,0
SN_011421,LOT_038,7.2167,7.9038,8.3001,8.3479,0,healthy,0.0,50.0,7.5711,0
SN_011422,LOT_038,7.0165,7.3296,7.4335,7.4287,0,healthy,0.0,50.0,7.5711,0
SN_011423,LOT_038,8.8328,9.4355,9.4311,9.6398,0,healthy,0.0,50.0,7.5711,0
SN_011424,LOT_038,8.1023,9.0298,9.0465,9.1455,0,healthy,0.0,50.0,7.5711,0
SN_011425,LOT_038,7.106,7.854,8.2825,8.3885,0,healthy,0.0,50.0,7.5711,0
SN_011426,LOT_038,,9.0562,9.272,9.5063,0,healthy,0.0,50.0,7.5711,0
SN_011427,LOT_038,8.3633,8.879,9.1516,9.2125,0,healthy,0.0,50.0,7.5711,0
SN_011428,LOT_038,10.4549,11.3151,11.5857,11.8655,0,healthy,0.0,50.0,7.5711,0
SN_011429,LOT_038,7.7847,7.8829,8.1761,8.2339,0,healthy,0.0,50.0,7.5711,0
SN_011430,LOT_038,7.8946,8.9065,9.0603,9.2109,0,healthy,0.0,50.0,7.5711,0
SN_011431,LOT_038,7.8541,8.7357,8.9711,9.055,0,healthy,0.0,50.0,7.5711,0
SN_011432,LOT_038,6.0647,6.4114,6.6286,6.7719,0,healthy,0.0,50.0,7.5711,0
SN_011433,LOT_038,7.4467,7.7613,7.9245,7.9097,0,healthy,0.0,50.0,7.5711,0
SN_011434,LOT_038,9.4546,10.2651,10.7445,10.7961,0,healthy,0.0,50.0,7.5711,0
SN_011435,LOT_038,8.6711,9.6054,10.0716,10.28,0,healthy,0.0,50.0,7.5711,0
SN_011436,LOT_038,6.6017,7.1167,7.2365,7.2888,0,healthy,0.0,50.0,7.5711,0
SN_011437,LOT_038,8.7,9.9151,10.0195,10.2857,0,healthy,0.0,50.0,7.5711,0
SN_011438,LOT_038,6.4315,,7.1877,7.3878,0,healthy,0.0,50.0,7.5711,0
SN_011439,LOT_038,8.5038,9.3563,9.6439,9.7749,0,healthy,0.0,50.0,7.5711,0
SN_011440,LOT_038,7.7845,8.7099,8.9186,9.0104,0,healthy,0.0,50.0,7.5711,0
SN_011441,LOT_038,7.8417,8.5221,8.6831,8.8366,0,healthy,0.0,50.0,7.5711,0
SN_011442,LOT_038,5.9854,6.7505,6.9343,7.1158,0,healthy,0.0,50.0,7.5711,0
SN_011443,LOT_038,8.624,9.5011,9.8969,10.1337,0,healthy,0.0,50.0,7.5711,0
SN_011444,LOT_038,7.8746,8.6383,9.001,9.3822,0,healthy,0.0,50.0,7.5711,0
SN_011445,LOT_038,7.8723,8.8558,9.015,9.1866,0,healthy,0.0,50.0,7.5711,0
SN_011446,LOT_038,7.9513,8.2553,8.4078,8.5388,0,healthy,0.0,50.0,7.5711,0
SN_011447,LOT_038,7.7972,8.2227,8.4755,8.5187,0,healthy,0.0,50.0,7.5711,0
SN_011448,LOT_038,,9.4224,9.8114,10.0465,0,healthy,0.0,50.0,7.5711,0
SN_011449,LOT_038,6.5325,7.2213,7.5002,7.6258,0,healthy,0.0,50.0,7.5711,0
SN_011450,LOT_038,7.3444,7.6894,7.8912,8.0309,0,healthy,0.0,50.0,7.5711,0
SN_011451,LOT_038,9.6631,,9.9482,10.2939,0,healthy,0.0,50.0,7.5711,0
SN_011452,LOT_038,,8.1444,8.3562,8.2774,0,healthy,0.0,50.0,7.5711,0
SN_011453,LOT_038,8.2713,8.4298,8.7044,8.735,0,healthy,0.0,50.0,7.5711,0
SN_011454,LOT_038,7.8184,8.7688,9.0142,9.2502,0,healthy,0.0,50.0,7.5711,0
SN_011455,LOT_038,7.6762,8.5433,8.9317,9.0255,0,healthy,0.0,50.0,7.5711,0
SN_011456,LOT_038,7.9064,8.5619,8.7331,8.679,0,healthy,0.0,50.0,7.5711,0
SN_011457,LOT_038,6.3613,7.0265,7.3248,7.386,0,healthy,0.0,50.0,7.5711,0
SN_011458,LOT_038,9.2598,9.5569,9.7029,9.9206,0,healthy,0.0,50.0,7.5711,0
SN_011459,LOT_038,7.3082,7.9852,8.3346,8.3638,0,healthy,0.0,50.0,7.5711,0
SN_011460,LOT_038,7.0695,7.8308,8.1099,8.3471,0,healthy,0.0,50.0,7.5711,0
SN_011461,LOT_038,8.2451,8.7257,8.8311,8.8097,0,healthy,0.0,50.0,7.5711,0
SN_011462,LOT_038,6.416,7.2206,7.5322,7.6103,0,healthy,0.0,50.0,7.5711,0
SN_011463,LOT_038,7.287,7.4924,7.6383,7.8201,0,healthy,0.0,50.0,7.5711,0
SN_011464,LOT_038,8.1066,9.0287,9.3138,9.5418,0,healthy,0.0,50.0,7.5711,0
SN_011465,LOT_038,8.6458,8.9828,9.127,9.0663,0,healthy,0.0,50.0,7.5711,0
SN_011466,LOT_038,8.011,,9.1529,9.255,0,healthy,0.0,50.0,7.5711,0
SN_011467,LOT_038,11.966,12.7463,13.1513,13.1271,0,healthy,0.0,50.0,7.5711,0
SN_011468,LOT_038,6.4859,6.7679,6.8892,6.9751,0,healthy,0.0,50.0,7.5711,0
SN_011469,LOT_038,6.0522,6.4248,6.4015,6.4743,0,healthy,0.0,50.0,7.5711,0
SN_011470,LOT_038,8.3606,9.3073,9.4612,9.6582,0,healthy,0.0,50.0,7.5711,0
SN_011471,LOT_038,8.6779,9.597,9.6826,9.9678,0,healthy,0.0,50.0,7.5711,0
SN_011472,LOT_038,7.3525,,7.7218,7.8307,0,healthy,0.0,50.0,7.5711,0
SN_011473,LOT_038,7.3758,8.4042,8.6621,8.8389,0,healthy,0.0,50.0,7.5711,0
SN_011474,LOT_038,7.4145,8.1898,8.3824,8.5395,0,healthy,0.0,50.0,7.5711,0
SN_011475,LOT_038,6.8296,7.2162,7.2454,7.2165,0,healthy,0.0,50.0,7.5711,0
SN_011476,LOT_038,6.2219,6.4318,6.4859,6.5912,0,healthy,0.0,50.0,7.5711,0
SN_011477,LOT_038,8.9796,9.3956,9.5634,9.6207,0,healthy,0.0,50.0,7.5711,0
SN_011478,LOT_038,6.8576,7.2003,7.1971,7.3207,0,healthy,0.0,50.0,7.5711,0
SN_011479,LOT_038,7.928,8.7196,8.9417,9.0098,0,healthy,0.0,50.0,7.5711,0
SN_011480,LOT_038,6.297,6.9721,7.2044,7.3308,0,healthy,0.0,50.0,7.5711,0
SN_011481,LOT_038,6.9764,7.863,8.0579,8.19,0,healthy,0.0,50.0,7.5711,0
SN_011482,LOT_038,7.9187,8.8226,9.1574,9.4355,0,healthy,0.0,50.0,7.5711,0
SN_011483,LOT_038,6.6413,7.3193,7.5867,7.8092,0,healthy,0.0,50.0,7.5711,0
SN_011484,LOT_038,7.3936,8.2214,8.5361,8.8838,0,healthy,0.0,50.0,7.5711,0
SN_011485,LOT_038,8.7794,9.5315,9.7854,9.9518,0,healthy,0.0,50.0,7.5711,0
SN_011486,LOT_038,7.823,8.2043,8.3696,8.346,0,healthy,0.0,50.0,7.5711,0
SN_011487,LOT_038,,7.5947,7.7543,7.746,0,healthy,0.0,50.0,7.5711,0
SN_011488,LOT_038,8.1351,8.5925,8.6872,8.8301,0,healthy,0.0,50.0,7.5711,0
SN_011489,LOT_038,8.8234,10.0525,10.5694,10.466,0,healthy,0.0,50.0,7.5711,0
SN_011490,LOT_038,6.2539,7.0228,7.2789,7.4344,0,healthy,0.0,50.0,7.5711,0
SN_011491,LOT_038,7.7162,8.4909,8.836,9.019,0,healthy,0.0,50.0,7.5711,0
SN_011492,LOT_038,8.4818,9.3024,9.4347,9.3165,0,healthy,0.0,50.0,7.5711,0
SN_011493,LOT_038,6.5812,7.2889,7.575,7.8433,0,healthy,0.0,50.0,7.5711,0
SN_011494,LOT_038,7.8563,8.1166,8.2484,8.4292,0,healthy,0.0,50.0,7.5711,0
SN_011495,LOT_038,8.7684,9.7637,10.1883,10.5599,0,healthy,0.0,50.0,7.5711,0
SN_011496,LOT_038,8.4048,9.4844,9.6964,9.9118,0,healthy,0.0,50.0,7.5711,0
SN_011497,LOT_038,7.4985,8.0222,8.0862,8.1109,0,healthy,0.0,50.0,7.5711,0
SN_011498,LOT_038,6.7092,7.2476,7.3561,7.332,0,healthy,0.0,50.0,7.5711,0
SN_011499,LOT_038,9.7282,10.6698,11.2781,11.5221,0,healthy,0.0,50.0,7.5711,0
SN_011500,LOT_038,8.7144,8.9059,9.0441,9.2109,0,healthy,0.0,50.0,7.5711,0
SN_011501,LOT_038,7.1201,7.6804,7.9053,8.0062,0,healthy,0.0,50.0,7.5711,0
SN_011502,LOT_038,7.9908,8.8064,9.1017,9.1323,0,healthy,0.0,50.0,7.5711,0
SN_011503,LOT_038,9.0082,9.4161,9.9142,9.8838,0,healthy,0.0,50.0,7.5711,0
SN_011504,LOT_038,7.4342,7.8377,8.0628,8.0081,0,healthy,0.0,50.0,7.5711,0
SN_011505,LOT_038,7.6451,7.8894,8.0486,8.0486,0,healthy,0.0,50.0,7.5711,0
SN_011506,LOT_038,7.0764,7.2996,7.4565,7.5266,0,healthy,0.0,50.0,7.5711,0
SN_011507,LOT_038,,9.5884,9.9924,9.9038,0,healthy,0.0,50.0,7.5711,0
SN_011508,LOT_038,8.048,8.7064,8.9591,8.9977,0,healthy,0.0,50.0,7.5711,0
SN_011509,LOT_038,6.8557,7.4161,7.7741,7.8977,0,healthy,0.0,50.0,7.5711,0
SN_011510,LOT_038,9.0764,9.7326,9.8498,9.8542,0,healthy,0.0,50.0,7.5711,0
SN_011511,LOT_038,7.7706,8.5397,8.9599,9.2868,0,healthy,0.0,50.0,7.5711,0
SN_011512,LOT_038,7.7065,8.2487,8.2691,8.2688,0,healthy,0.0,50.0,7.5711,0
SN_011513,LOT_038,,9.2212,9.5851,9.6535,0,healthy,0.0,50.0,7.5711,0
SN_011514,LOT_038,7.6013,8.0811,8.1251,8.2758,0,healthy,0.0,50.0,7.5711,0
SN_011515,LOT_038,6.2426,6.7297,6.9891,6.9381,0,healthy,0.0,50.0,7.5711,0
SN_011516,LOT_038,10.0086,10.6034,10.8735,10.8121,0,healthy,0.0,50.0,7.5711,0
SN_011517,LOT_038,6.9523,7.6273,7.5875,7.8265,0,healthy,0.0,50.0,7.5711,0
SN_011518,LOT_038,6.5788,7.3423,7.6279,7.8571,0,healthy,0.0,50.0,7.5711,0
SN_011519,LOT_038,,7.9178,8.4224,8.6119,0,healthy,0.0,50.0,7.5711,0
SN_011520,LOT_038,7.6334,8.4008,8.7055,8.8504,0,healthy,0.0,50.0,7.5711,0
SN_011521,LOT_038,6.5899,7.2916,7.509,7.5328,0,healthy,0.0,50.0,7.5711,0
SN_011522,LOT_038,6.3313,,7.3807,7.3621,0,healthy,0.0,50.0,7.5711,0
SN_011523,LOT_038,5.9019,6.3948,6.4079,6.4249,0,healthy,0.0,50.0,7.5711,0
SN_011524,LOT_038,5.6919,6.1139,6.1787,6.1903,0,healthy,0.0,50.0,7.5711,0
SN_011525,LOT_038,8.0875,8.4671,8.7828,8.5509,0,healthy,0.0,50.0,7.5711,0
SN_011526,LOT_038,8.537,8.942,9.0121,9.0091,0,healthy,0.0,50.0,7.5711,0
SN_011527,LOT_038,5.6628,6.4667,6.6157,6.825,0,healthy,0.0,50.0,7.5711,0
SN_011528,LOT_038,9.8815,11.128,11.5384,11.8248,0,healthy,0.0,50.0,7.5711,0
SN_011529,LOT_038,7.4192,7.7977,7.8607,7.8708,0,healthy,0.0,50.0,7.5711,0
SN_011530,LOT_038,7.61,8.1045,8.4254,8.4334,0,healthy,0.0,50.0,7.5711,0
SN_011531,LOT_038,6.6738,6.9934,7.1554,7.1731,0,healthy,0.0,50.0,7.5711,0
SN_011532,LOT_038,7.0451,7.5035,7.7017,7.8133,0,healthy,0.0,50.0,7.5711,0
SN_011533,LOT_038,8.8282,9.7695,10.3413,10.4444,0,healthy,0.0,50.0,7.5711,0
SN_011534,LOT_038,8.964,9.9921,10.3617,10.6231,0,healthy,0.0,50.0,7.5711,0
SN_011535,LOT_038,6.2869,6.749,6.9174,6.9558,0,healthy,0.0,50.0,7.5711,0
SN_011536,LOT_038,7.9486,8.2612,8.4173,8.4019,0,healthy,0.0,50.0,7.5711,0
SN_011537,LOT_038,6.9021,7.4233,7.5605,7.5935,0,healthy,0.0,50.0,7.5711,0
SN_011538,LOT_038,6.8324,7.1409,7.3694,7.4662,0,healthy,0.0,50.0,7.5711,0
SN_011539,LOT_038,7.5142,7.8592,7.951,7.9998,0,healthy,0.0,50.0,7.5711,0
SN_011540,LOT_038,6.7756,7.2691,7.3716,7.4579,0,healthy,0.0,50.0,7.5711,0
SN_011541,LOT_038,9.7741,10.2802,10.4973,10.7453,0,healthy,0.0,50.0,7.5711,0
SN_011542,LOT_038,8.4435,9.0692,9.256,9.4027,0,healthy,0.0,50.0,7.5711,0
SN_011543,LOT_038,7.6063,8.38,8.7092,9.0255,0,healthy,0.0,50.0,7.5711,0
SN_011544,LOT_038,6.8934,7.7063,7.9388,7.9446,0,healthy,0.0,50.0,7.5711,0
SN_011545,LOT_038,8.4902,9.2744,9.6409,9.6422,0,healthy,0.0,50.0,7.5711,0
SN_011546,LOT_038,,7.7672,8.1142,8.283,0,healthy,0.0,50.0,7.5711,0
SN_011547,LOT_038,8.1416,8.6337,8.7971,8.9275,0,healthy,0.0,50.0,7.5711,0
SN_011548,LOT_038,6.9616,7.647,7.7287,7.8294,0,healthy,0.0,50.0,7.5711,0
SN_011549,LOT_038,8.0784,8.755,9.2929,9.5054,0,healthy,0.0,50.0,7.5711,0
SN_011550,LOT_038,6.9936,7.2244,7.2702,7.3383,0,healthy,0.0,50.0,7.5711,0
SN_011551,LOT_038,6.7899,7.4793,7.6904,7.797,0,healthy,0.0,50.0,7.5711,0
SN_011552,LOT_038,6.3109,7.0732,7.3511,7.4341,0,healthy,0.0,50.0,7.5711,0
SN_011553,LOT_038,10.5183,10.7135,10.9456,11.2371,0,healthy,0.0,50.0,7.5711,0
SN_011554,LOT_038,8.0611,8.4244,8.5906,8.9117,0,healthy,0.0,50.0,7.5711,0
SN_011555,LOT_038,9.3155,10.6317,11.0197,11.1146,0,healthy,0.0,50.0,7.5711,0
SN_011556,LOT_038,23.4045,23.9076,25.6014,26.696,1,esd_oxide,0.2957,50.0,7.5711,0
SN_011557,LOT_038,6.6232,6.9251,7.1036,7.1344,0,healthy,0.0,50.0,7.5711,0
SN_011558,LOT_038,6.5264,6.8256,6.8702,6.8844,0,healthy,0.0,50.0,7.5711,0
SN_011559,LOT_038,5.931,6.2481,6.249,6.3672,0,healthy,0.0,50.0,7.5711,0
SN_011560,LOT_038,9.9032,11.0511,11.4601,11.7893,0,healthy,0.0,50.0,7.5711,0
SN_011561,LOT_038,6.995,7.9149,8.1242,8.2098,0,healthy,0.0,50.0,7.5711,0
SN_011562,LOT_038,7.3763,7.6704,8.0352,8.1135,0,healthy,0.0,50.0,7.5711,0
SN_011563,LOT_038,8.1137,8.9267,9.468,9.3875,0,healthy,0.0,50.0,7.5711,0
SN_011564,LOT_038,7.7711,8.0466,8.1914,8.2143,0,healthy,0.0,50.0,7.5711,0
SN_011565,LOT_038,7.0714,8.0104,8.1694,8.3976,0,healthy,0.0,50.0,7.5711,0
SN_011566,LOT_038,8.6642,9.1667,9.2943,9.3653,0,healthy,0.0,50.0,7.5711,0
SN_011567,LOT_038,7.6483,8.2918,8.6181,8.9343,0,healthy,0.0,50.0,7.5711,0
SN_011568,LOT_038,7.0641,7.3272,7.7131,7.7012,0,healthy,0.0,50.0,7.5711,0
SN_011569,LOT_038,7.525,8.1266,8.4483,8.2601,0,healthy,0.0,50.0,7.5711,0
SN_011570,LOT_038,7.4743,7.8508,8.0915,8.131,0,healthy,0.0,50.0,7.5711,0
SN_011571,LOT_038,6.7784,7.4863,7.5994,7.8317,0,healthy,0.0,50.0,7.5711,0
SN_011572,LOT_038,9.1837,10.178,10.4349,10.6036,0,healthy,0.0,50.0,7.5711,0
SN_011573,LOT_038,6.8171,7.4762,7.8657,7.8793,0,healthy,0.0,50.0,7.5711,0
SN_011574,LOT_038,8.0994,8.5128,8.7582,8.9272,0,healthy,0.0,50.0,7.5711,0
SN_011575,LOT_038,8.9295,9.1676,9.3789,9.4115,0,healthy,0.0,50.0,7.5711,0
SN_011576,LOT_038,6.2318,6.5649,6.6924,6.747,0,healthy,0.0,50.0,7.5711,0
SN_011577,LOT_038,8.7119,9.5281,10.0379,10.1163,0,healthy,0.0,50.0,7.5711,0
SN_011578,LOT_038,6.3854,6.6783,6.8149,6.6794,0,healthy,0.0,50.0,7.5711,0
SN_011579,LOT_038,7.7425,8.391,8.6725,8.8771,0,healthy,0.0,50.0,7.5711,0
SN_011580,LOT_038,7.8224,8.35,8.6728,8.8298,0,healthy,0.0,50.0,7.5711,0
SN_011581,LOT_038,7.9214,8.8046,8.8815,9.133,0,healthy,0.0,50.0,7.5711,0
SN_011582,LOT_038,6.4502,7.0053,7.2276,7.401,0,healthy,0.0,50.0,7.5711,0
SN_011583,LOT_038,8.9194,9.7449,10.1326,10.1585,0,healthy,0.0,50.0,7.5711,0
SN_011584,LOT_038,7.7771,8.0637,8.2315,8.4584,0,healthy,0.0,50.0,7.5711,0
SN_011585,LOT_038,8.5105,8.8777,9.0701,9.1911,0,healthy,0.0,50.0,7.5711,0
SN_011586,LOT_038,8.4987,9.2286,9.4631,9.5249,0,healthy,0.0,50.0,7.5711,0
SN_011587,LOT_038,8.3814,8.8764,9.1134,9.3383,0,healthy,0.0,50.0,7.5711,0
SN_011588,LOT_038,7.445,7.867,8.1733,8.341,0,healthy,0.0,50.0,7.5711,0
SN_011589,LOT_038,6.6788,6.8778,7.0524,7.0147,0,healthy,0.0,50.0,7.5711,0
SN_011590,LOT_038,7.4508,8.204,8.5657,8.7729,0,healthy,0.0,50.0,7.5711,0
SN_011591,LOT_038,8.1134,8.9351,9.0096,9.262,0,healthy,0.0,50.0,7.5711,0
SN_011592,LOT_038,10.3341,11.5386,11.8191,12.0438,0,healthy,0.0,50.0,7.5711,0
SN_011593,LOT_038,9.6612,10.6577,10.8993,11.1018,0,healthy,0.0,50.0,7.5711,0
SN_011594,LOT_038,8.7004,9.3354,9.5992,9.5689,0,healthy,0.0,50.0,7.5711,0
SN_011595,LOT_038,7.4246,8.2306,8.5845,8.7377,0,healthy,0.0,50.0,7.5711,0
SN_011596,LOT_038,6.4148,6.7681,6.877,6.983,0,healthy,0.0,50.0,7.5711,0
SN_011597,LOT_038,6.3563,6.8449,7.2188,7.3055,0,healthy,0.0,50.0,7.5711,0
SN_011598,LOT_038,7.3332,7.951,8.1079,8.417,0,healthy,0.0,50.0,7.5711,0
SN_011599,LOT_038,7.117,7.687,7.8503,8.0095,0,healthy,0.0,50.0,7.5711,0
SN_011600,LOT_038,7.1688,7.7834,8.1477,8.2729,0,healthy,0.0,50.0,7.5711,0
SN_011601,LOT_038,8.6655,9.1968,9.1704,9.3816,0,healthy,0.0,50.0,7.5711,0
SN_011602,LOT_038,9.591,10.2192,10.2709,10.467,0,healthy,0.0,50.0,7.5711,0
SN_011603,LOT_038,8.4512,9.0974,9.4993,9.5373,0,healthy,0.0,50.0,7.5711,0
SN_011604,LOT_038,,8.3724,8.5617,8.5554,0,healthy,0.0,50.0,7.5711,0
SN_011605,LOT_038,9.6232,10.1887,10.7006,10.9543,0,healthy,0.0,50.0,7.5711,0
SN_011606,LOT_038,7.0428,7.6397,7.9907,8.052,0,healthy,0.0,50.0,7.5711,0
SN_011607,LOT_038,8.8218,9.6744,9.895,9.8347,0,healthy,0.0,50.0,7.5711,0
SN_011608,LOT_038,6.7841,7.1645,7.3485,7.3781,0,healthy,0.0,50.0,7.5711,0
SN_011609,LOT_038,6.2651,6.5652,6.8022,6.7655,0,healthy,0.0,50.0,7.5711,0
SN_011610,LOT_038,8.5613,9.4259,9.8748,9.9674,0,healthy,0.0,50.0,7.5711,0
SN_011611,LOT_038,7.3354,7.8496,8.0493,8.0618,0,healthy,0.0,50.0,7.5711,0
SN_011612,LOT_038,8.7735,9.1723,9.4528,9.6018,0,healthy,0.0,50.0,7.5711,0
SN_011613,LOT_038,8.9936,9.9156,10.4719,10.5979,0,healthy,0.0,50.0,7.5711,0
SN_011614,LOT_038,7.7343,8.7074,9.0884,9.3187,0,healthy,0.0,50.0,7.5711,0
SN_011615,LOT_038,8.7777,9.5434,9.7327,9.9843,0,healthy,0.0,50.0,7.5711,0
SN_011616,LOT_038,7.6351,8.463,8.7411,9.0528,0,healthy,0.0,50.0,7.5711,0
SN_011617,LOT_038,8.275,8.5116,8.7953,8.8781,0,healthy,0.0,50.0,7.5711,0
SN_011618,LOT_038,7.2233,7.6682,7.9185,7.8893,0,healthy,0.0,50.0,7.5711,0
SN_011619,LOT_038,8.0327,8.6281,9.0974,9.2273,0,healthy,0.0,50.0,7.5711,0
SN_011620,LOT_038,7.8137,8.4961,8.8786,8.9032,0,healthy,0.0,50.0,7.5711,0
SN_011621,LOT_038,28.3185,29.3204,33.177,36.9851,1,subtle_in_spec,0.4961,50.0,7.5711,0
SN_011622,LOT_038,7.0976,7.7175,7.9388,8.1118,0,healthy,0.0,50.0,7.5711,0
SN_011623,LOT_038,6.5708,7.2461,7.4978,7.7473,0,healthy,0.0,50.0,7.5711,0
SN_011624,LOT_038,7.2158,7.7784,7.9155,8.0746,0,healthy,0.0,50.0,7.5711,0
SN_011625,LOT_038,7.3225,7.9155,8.1098,8.0636,0,healthy,0.0,50.0,7.5711,0
SN_011626,LOT_038,6.4188,,7.3802,7.4614,0,healthy,0.0,50.0,7.5711,0
SN_011627,LOT_038,7.5719,7.8859,8.0576,8.0657,0,healthy,0.0,50.0,7.5711,0
SN_011628,LOT_038,7.9364,8.3797,8.6371,8.8226,0,healthy,0.0,50.0,7.5711,0
SN_011629,LOT_038,9.2315,9.6926,9.9829,10.0628,0,healthy,0.0,50.0,7.5711,0
SN_011630,LOT_038,6.1227,6.666,6.9066,7.0396,0,healthy,0.0,50.0,7.5711,0
SN_011631,LOT_038,6.8243,7.2877,7.5424,7.5794,0,healthy,0.0,50.0,7.5711,0
SN_011632,LOT_038,9.3238,10.7332,11.0006,11.0917,0,healthy,0.0,50.0,7.5711,0
SN_011633,LOT_038,6.066,6.6731,6.7979,6.9748,0,healthy,0.0,50.0,7.5711,0
SN_011634,LOT_038,7.0771,7.4875,7.6794,7.7335,0,healthy,0.0,50.0,7.5711,0
SN_011635,LOT_038,8.9677,9.6687,10.0032,10.163,0,healthy,0.0,50.0,7.5711,0
SN_011636,LOT_038,8.2939,9.1828,9.5861,9.6858,0,healthy,0.0,50.0,7.5711,0
SN_011637,LOT_038,9.4717,10.5897,11.0887,11.2031,0,healthy,0.0,50.0,7.5711,0
SN_011638,LOT_038,7.4646,7.9609,8.0488,8.2766,0,healthy,0.0,50.0,7.5711,0
SN_011639,LOT_038,5.7807,6.118,6.1451,6.1482,0,healthy,0.0,50.0,7.5711,0
SN_011640,LOT_038,7.9073,8.3798,8.5446,8.6423,0,healthy,0.0,50.0,7.5711,0
SN_011641,LOT_038,5.9127,6.4991,6.7328,6.8364,0,healthy,0.0,50.0,7.5711,0
SN_011642,LOT_038,8.6828,9.763,10.0878,10.1659,0,healthy,0.0,50.0,7.5711,0
SN_011643,LOT_038,6.6756,7.425,7.6403,7.7611,0,healthy,0.0,50.0,7.5711,0
SN_011644,LOT_038,7.1843,7.4421,7.5161,7.5154,0,healthy,0.0,50.0,7.5711,0
SN_011645,LOT_038,7.7591,8.1906,8.1998,8.3051,0,healthy,0.0,50.0,7.5711,0
SN_011646,LOT_038,,7.5543,7.8133,8.0196,0,healthy,0.0,50.0,7.5711,0
SN_011647,LOT_038,7.6405,8.3941,8.7131,8.7046,0,healthy,0.0,50.0,7.5711,0
SN_011648,LOT_038,9.8177,10.4993,10.7567,11.0168,0,healthy,0.0,50.0,7.5711,0
SN_011649,LOT_038,7.431,8.2585,8.4241,8.5343,0,healthy,0.0,50.0,7.5711,0
SN_011650,LOT_039,11.5908,13.1645,13.5133,13.7121,0,healthy,0.0,50.0,12.1999,0
SN_011651,LOT_039,12.1352,12.712,12.7988,12.8964,0,healthy,0.0,50.0,12.1999,0
SN_011652,LOT_039,13.7023,14.7395,15.1763,14.8864,0,healthy,0.0,50.0,12.1999,0
SN_011653,LOT_039,35.9408,36.2399,39.3146,42.3322,1,subtle_in_spec,0.1784,50.0,12.1999,0
SN_011654,LOT_039,11.1791,12.1498,12.694,12.6136,0,healthy,0.0,50.0,12.1999,0
SN_011655,LOT_039,13.3121,15.3709,15.6383,15.9782,0,healthy,0.0,50.0,12.1999,0
SN_011656,LOT_039,11.7507,12.6297,13.3039,13.5394,0,healthy,0.0,50.0,12.1999,0
SN_011657,LOT_039,11.908,12.4145,12.6662,12.8752,0,healthy,0.0,50.0,12.1999,0
SN_011658,LOT_039,13.5388,14.264,14.7336,14.8979,0,healthy,0.0,50.0,12.1999,0
SN_011659,LOT_039,,14.0112,14.7204,14.7315,0,healthy,0.0,50.0,12.1999,0
SN_011660,LOT_039,11.1825,12.3048,12.6245,12.7053,0,healthy,0.0,50.0,12.1999,0
SN_011661,LOT_039,13.2041,14.0568,14.0681,14.4079,0,healthy,0.0,50.0,12.1999,0
SN_011662,LOT_039,13.311,14.3301,14.4291,14.6257,0,healthy,0.0,50.0,12.1999,0
SN_011663,LOT_039,,13.2438,13.633,13.8595,0,healthy,0.0,50.0,12.1999,0
SN_011664,LOT_039,11.7659,12.3287,12.4177,12.4254,0,healthy,0.0,50.0,12.1999,0
SN_011665,LOT_039,10.7164,11.2597,11.6794,11.6232,0,healthy,0.0,50.0,12.1999,0
SN_011666,LOT_039,12.4081,13.6515,14.521,14.2921,0,healthy,0.0,50.0,12.1999,0
SN_011667,LOT_039,12.1491,13.1078,13.2691,13.3631,0,healthy,0.0,50.0,12.1999,0
SN_011668,LOT_039,13.5127,14.1983,14.441,14.3459,0,healthy,0.0,50.0,12.1999,0
SN_011669,LOT_039,15.3718,15.9565,16.1894,16.3858,0,healthy,0.0,50.0,12.1999,0
SN_011670,LOT_039,,16.2474,16.8334,17.4296,0,healthy,0.0,50.0,12.1999,0
SN_011671,LOT_039,12.0612,13.429,13.7336,13.9423,0,healthy,0.0,50.0,12.1999,0
SN_011672,LOT_039,,13.1809,13.5597,13.639,0,healthy,0.0,50.0,12.1999,0
SN_011673,LOT_039,10.2873,,11.3176,11.2822,0,healthy,0.0,50.0,12.1999,0
SN_011674,LOT_039,12.137,13.5987,14.1947,14.2098,0,healthy,0.0,50.0,12.1999,0
SN_011675,LOT_039,11.6165,12.7229,13.2619,13.3778,0,healthy,0.0,50.0,12.1999,0
SN_011676,LOT_039,13.4298,15.1033,15.8474,15.9764,0,healthy,0.0,50.0,12.1999,0
SN_011677,LOT_039,11.123,12.5837,13.189,13.3995,0,healthy,0.0,50.0,12.1999,0
SN_011678,LOT_039,15.0382,16.6814,17.5512,18.1377,0,healthy,0.0,50.0,12.1999,0
SN_011679,LOT_039,14.6341,15.4123,15.7587,15.7624,0,healthy,0.0,50.0,12.1999,0
SN_011680,LOT_039,12.3921,13.3284,13.7106,13.684,0,healthy,0.0,50.0,12.1999,0
SN_011681,LOT_039,11.7938,12.1465,12.3853,12.502,0,healthy,0.0,50.0,12.1999,0
SN_011682,LOT_039,12.9981,13.4949,14.005,13.9429,0,healthy,0.0,50.0,12.1999,0
SN_011683,LOT_039,10.7311,11.4841,11.7235,12.1575,0,healthy,0.0,50.0,12.1999,0
SN_011684,LOT_039,12.7393,14.1365,14.4792,14.4844,0,healthy,0.0,50.0,12.1999,0
SN_011685,LOT_039,,,13.7982,14.1209,0,healthy,0.0,50.0,12.1999,0
SN_011686,LOT_039,13.4027,14.1459,14.183,14.6756,0,healthy,0.0,50.0,12.1999,0
SN_011687,LOT_039,12.6651,13.7806,13.9233,14.2619,0,healthy,0.0,50.0,12.1999,0
SN_011688,LOT_039,11.7024,12.7582,13.2871,13.2088,0,healthy,0.0,50.0,12.1999,0
SN_011689,LOT_039,13.8254,15.0956,15.3494,15.5309,0,healthy,0.0,50.0,12.1999,0
SN_011690,LOT_039,12.565,13.2236,13.5637,13.7611,0,healthy,0.0,50.0,12.1999,0
SN_011691,LOT_039,13.0142,13.4256,13.721,13.8411,0,healthy,0.0,50.0,12.1999,0
SN_011692,LOT_039,,12.181,12.7038,12.8721,0,healthy,0.0,50.0,12.1999,0
SN_011693,LOT_039,46.0,46.3231,48.7685,51.2267,1,esd_oxide,0.6419,50.0,12.1999,0
SN_011694,LOT_039,11.7466,12.7784,13.1921,13.5891,0,healthy,0.0,50.0,12.1999,0
SN_011695,LOT_039,12.0145,13.4323,13.7896,14.0906,0,healthy,0.0,50.0,12.1999,0
SN_011696,LOT_039,13.3823,14.2991,14.5677,14.8161,0,healthy,0.0,50.0,12.1999,0
SN_011697,LOT_039,11.5577,14.0817,15.4899,16.3003,1,nbti_ageing,0.1308,50.0,12.1999,0
SN_011698,LOT_039,,13.4501,14.0166,13.9913,0,healthy,0.0,50.0,12.1999,0
SN_011699,LOT_039,11.1493,12.4027,12.7745,12.8047,0,healthy,0.0,50.0,12.1999,0
SN_011700,LOT_039,11.204,11.4906,11.6034,11.8403,0,healthy,0.0,50.0,12.1999,0
SN_011701,LOT_039,14.2597,14.6505,14.9209,15.1345,0,healthy,0.0,50.0,12.1999,0
SN_011702,LOT_039,10.448,11.2015,11.5637,11.7765,0,healthy,0.0,50.0,12.1999,0
SN_011703,LOT_039,13.5728,14.2649,14.9352,15.1174,0,healthy,0.0,50.0,12.1999,0
SN_011704,LOT_039,13.5173,14.1678,14.4229,14.402,0,healthy,0.0,50.0,12.1999,0
SN_011705,LOT_039,12.6941,13.1329,13.6271,13.6379,0,healthy,0.0,50.0,12.1999,0
SN_011706,LOT_039,10.7083,11.3071,11.3833,11.4809,0,healthy,0.0,50.0,12.1999,0
SN_011707,LOT_039,11.5722,12.3388,12.5803,12.7912,0,healthy,0.0,50.0,12.1999,0
SN_011708,LOT_039,13.0517,13.944,14.0491,14.2413,0,healthy,0.0,50.0,12.1999,0
SN_011709,LOT_039,13.1739,14.1472,14.5505,14.8433,0,healthy,0.0,50.0,12.1999,0
SN_011710,LOT_039,13.8775,14.4819,14.6263,14.684,0,healthy,0.0,50.0,12.1999,0
SN_011711,LOT_039,9.5922,10.8046,11.1107,11.3524,0,healthy,0.0,50.0,12.1999,0
SN_011712,LOT_039,11.6717,12.2363,12.7477,12.6806,0,healthy,0.0,50.0,12.1999,0
SN_011713,LOT_039,10.5082,11.6212,11.9226,12.2478,0,healthy,0.0,50.0,12.1999,0
SN_011714,LOT_039,12.1749,13.517,13.9955,13.9708,0,healthy,0.0,50.0,12.1999,0
SN_011715,LOT_039,,12.8291,12.9945,13.0789,0,healthy,0.0,50.0,12.1999,0
SN_011716,LOT_039,11.937,12.4104,12.6317,12.8009,0,healthy,0.0,50.0,12.1999,0
SN_011717,LOT_039,13.415,15.2232,15.6675,16.1378,0,healthy,0.0,50.0,12.1999,0
SN_011718,LOT_039,11.1097,12.1017,12.5421,12.6721,0,healthy,0.0,50.0,12.1999,0
SN_011719,LOT_039,10.6737,11.6883,12.1619,12.4363,0,healthy,0.0,50.0,12.1999,0
SN_011720,LOT_039,11.1575,12.3072,12.72,13.0496,0,healthy,0.0,50.0,12.1999,0
SN_011721,LOT_039,12.8498,14.5401,14.9162,15.1934,0,healthy,0.0,50.0,12.1999,0
SN_011722,LOT_039,12.4632,13.0375,13.2686,13.3541,0,healthy,0.0,50.0,12.1999,0
SN_011723,LOT_039,13.2506,14.1829,14.5759,14.7141,0,healthy,0.0,50.0,12.1999,0
SN_011724,LOT_039,12.5234,13.156,13.6992,13.5266,0,healthy,0.0,50.0,12.1999,0
SN_011725,LOT_039,,10.6323,10.9116,11.1825,0,healthy,0.0,50.0,12.1999,0
SN_011726,LOT_039,13.3081,14.3911,14.5957,14.565,0,healthy,0.0,50.0,12.1999,0
SN_011727,LOT_039,12.6511,13.987,14.3214,14.3079,0,healthy,0.0,50.0,12.1999,0
SN_011728,LOT_039,12.3072,13.4941,14.2522,14.5491,0,healthy,0.0,50.0,12.1999,0
SN_011729,LOT_039,13.1299,14.2651,14.968,15.1611,0,healthy,0.0,50.0,12.1999,0
SN_011730,LOT_039,11.1205,11.5556,11.9559,12.1477,0,healthy,0.0,50.0,12.1999,0
SN_011731,LOT_039,12.0287,12.684,13.1655,13.2482,0,healthy,0.0,50.0,12.1999,0
SN_011732,LOT_039,11.287,12.3837,12.74,12.7928,0,healthy,0.0,50.0,12.1999,0
SN_011733,LOT_039,14.2977,15.3985,15.9495,16.0907,0,healthy,0.0,50.0,12.1999,0
SN_011734,LOT_039,12.0043,13.2292,13.9952,14.1157,0,healthy,0.0,50.0,12.1999,0
SN_011735,LOT_039,13.0588,13.9077,14.3532,14.2138,0,healthy,0.0,50.0,12.1999,0
SN_011736,LOT_039,10.6845,11.4777,11.7214,11.7248,0,healthy,0.0,50.0,12.1999,0
SN_011737,LOT_039,11.7661,12.9113,13.0766,13.417,0,healthy,0.0,50.0,12.1999,0
SN_011738,LOT_039,11.5089,12.7375,13.2161,13.4154,0,healthy,0.0,50.0,12.1999,0
SN_011739,LOT_039,11.3669,,13.407,13.6668,0,healthy,0.0,50.0,12.1999,0
SN_011740,LOT_039,11.715,12.5624,13.0542,13.1483,0,healthy,0.0,50.0,12.1999,0
SN_011741,LOT_039,12.1712,13.6631,14.0891,14.516,0,healthy,0.0,50.0,12.1999,0
SN_011742,LOT_039,10.8967,11.5998,12.1441,12.2017,0,healthy,0.0,50.0,12.1999,0
SN_011743,LOT_039,11.3828,12.7353,13.3945,13.6223,0,healthy,0.0,50.0,12.1999,0
SN_011744,LOT_039,11.8634,12.4127,12.6958,12.7311,0,healthy,0.0,50.0,12.1999,0
SN_011745,LOT_039,10.5853,11.38,11.5397,11.9153,0,healthy,0.0,50.0,12.1999,0
SN_011746,LOT_039,11.645,12.2412,12.4693,12.4324,0,healthy,0.0,50.0,12.1999,0
SN_011747,LOT_039,13.2737,14.9232,15.4975,15.7309,0,healthy,0.0,50.0,12.1999,0
SN_011748,LOT_039,10.6508,11.2742,11.448,11.704,0,healthy,0.0,50.0,12.1999,0
SN_011749,LOT_039,10.6068,10.9124,11.0376,11.1248,0,healthy,0.0,50.0,12.1999,0
SN_011750,LOT_039,11.8607,12.4913,12.7415,12.8756,0,healthy,0.0,50.0,12.1999,0
SN_011751,LOT_039,11.5323,12.4384,12.6486,12.8959,0,healthy,0.0,50.0,12.1999,0
SN_011752,LOT_039,13.1969,14.2995,15.0242,15.1873,0,healthy,0.0,50.0,12.1999,0
SN_011753,LOT_039,10.3913,10.7567,11.0354,11.0206,0,healthy,0.0,50.0,12.1999,0
SN_011754,LOT_039,12.2885,13.307,14.0728,14.311,0,healthy,0.0,50.0,12.1999,0
SN_011755,LOT_039,12.1234,13.07,13.1824,13.2853,0,healthy,0.0,50.0,12.1999,0
SN_011756,LOT_039,13.776,15.0262,15.4434,15.6117,0,healthy,0.0,50.0,12.1999,0
SN_011757,LOT_039,11.5926,12.8133,13.2647,13.3366,0,healthy,0.0,50.0,12.1999,0
SN_011758,LOT_039,12.0246,13.3325,13.7648,14.1188,0,healthy,0.0,50.0,12.1999,0
SN_011759,LOT_039,11.8912,13.3409,13.5873,13.8623,0,healthy,0.0,50.0,12.1999,0
SN_011760,LOT_039,11.2479,12.2093,12.9361,13.1109,0,healthy,0.0,50.0,12.1999,0
SN_011761,LOT_039,12.1902,13.5468,14.1095,14.3274,0,healthy,0.0,50.0,12.1999,0
SN_011762,LOT_039,13.0985,14.2897,14.4315,14.7267,0,healthy,0.0,50.0,12.1999,0
SN_011763,LOT_039,11.9064,13.452,13.3903,13.7489,0,healthy,0.0,50.0,12.1999,0
SN_011764,LOT_039,12.4245,12.7954,12.939,13.0153,0,healthy,0.0,50.0,12.1999,0
SN_011765,LOT_039,11.6931,,12.7513,12.8232,0,healthy,0.0,50.0,12.1999,0
SN_011766,LOT_039,11.0657,11.84,12.1235,12.4521,0,healthy,0.0,50.0,12.1999,0
SN_011767,LOT_039,11.8712,13.2109,13.8456,14.3427,0,healthy,0.0,50.0,12.1999,0
SN_011768,LOT_039,12.2457,13.0573,13.1602,13.2114,0,healthy,0.0,50.0,12.1999,0
SN_011769,LOT_039,13.2756,15.051,15.4733,15.676,0,healthy,0.0,50.0,12.1999,0
SN_011770,LOT_039,12.4757,12.9058,13.0469,13.3869,0,healthy,0.0,50.0,12.1999,0
SN_011771,LOT_039,9.6226,10.1489,10.5032,10.5499,0,healthy,0.0,50.0,12.1999,0
SN_011772,LOT_039,12.2769,13.6693,13.8477,14.1632,0,healthy,0.0,50.0,12.1999,0
SN_011773,LOT_039,12.3202,13.3048,13.4898,13.7517,0,healthy,0.0,50.0,12.1999,0
SN_011774,LOT_039,10.8985,12.2824,12.6216,13.0398,0,healthy,0.0,50.0,12.1999,0
SN_011775,LOT_039,14.0804,15.4305,15.7974,16.133,0,healthy,0.0,50.0,12.1999,0
SN_011776,LOT_039,15.2201,16.3593,16.5172,16.709,0,healthy,0.0,50.0,12.1999,0
SN_011777,LOT_039,10.9329,11.4301,11.6437,11.847,0,healthy,0.0,50.0,12.1999,0
SN_011778,LOT_039,12.7165,,14.4576,14.7178,0,healthy,0.0,50.0,12.1999,0
SN_011779,LOT_039,11.0543,12.3662,12.7795,12.876,0,healthy,0.0,50.0,12.1999,0
SN_011780,LOT_039,8.8747,9.8907,10.3258,10.5242,0,healthy,0.0,50.0,12.1999,0
SN_011781,LOT_039,10.1819,11.2183,11.4036,11.5206,0,healthy,0.0,50.0,12.1999,0
SN_011782,LOT_039,11.2326,11.6806,11.8169,11.7089,0,healthy,0.0,50.0,12.1999,0
SN_011783,LOT_039,10.5485,11.4813,11.7988,12.0276,0,healthy,0.0,50.0,12.1999,0
SN_011784,LOT_039,12.508,13.8921,14.4318,14.4149,0,healthy,0.0,50.0,12.1999,0
SN_011785,LOT_039,8.8976,9.2843,9.5696,9.6682,0,healthy,0.0,50.0,12.1999,0
SN_011786,LOT_039,11.6161,12.0421,12.2789,12.5098,0,healthy,0.0,50.0,12.1999,0
SN_011787,LOT_039,12.0333,12.8568,13.0466,13.1067,0,healthy,0.0,50.0,12.1999,0
SN_011788,LOT_039,15.8702,17.3199,17.7398,18.0349,0,healthy,0.0,50.0,12.1999,0
SN_011789,LOT_039,,12.5141,12.3527,12.2882,0,healthy,0.0,50.0,12.1999,0
SN_011790,LOT_039,11.861,12.2572,12.3515,12.6817,0,healthy,0.0,50.0,12.1999,0
SN_011791,LOT_039,11.5815,12.9855,13.432,13.4994,0,healthy,0.0,50.0,12.1999,0
SN_011792,LOT_039,10.5998,11.241,11.5263,11.5732,0,healthy,0.0,50.0,12.1999,0
SN_011793,LOT_039,12.2312,,13.1821,13.2355,0,healthy,0.0,50.0,12.1999,0
SN_011794,LOT_039,13.2265,13.5913,13.8228,13.9797,0,healthy,0.0,50.0,12.1999,0
SN_011795,LOT_039,13.7228,14.8376,15.2076,15.222,0,healthy,0.0,50.0,12.1999,0
SN_011796,LOT_039,12.3015,13.8558,14.2869,14.5217,0,healthy,0.0,50.0,12.1999,0
SN_011797,LOT_039,11.7706,13.1376,13.5102,13.8168,0,healthy,0.0,50.0,12.1999,0
SN_011798,LOT_039,11.9703,12.6642,12.8771,12.8058,0,healthy,0.0,50.0,12.1999,0
SN_011799,LOT_039,15.9371,16.9995,17.1687,17.4482,0,healthy,0.0,50.0,12.1999,0
SN_011800,LOT_039,13.4735,14.7008,15.0757,15.5071,0,healthy,0.0,50.0,12.1999,0
SN_011801,LOT_039,12.1004,12.8952,13.1699,13.4524,0,healthy,0.0,50.0,12.1999,0
SN_011802,LOT_039,,12.8552,13.2597,13.5276,0,healthy,0.0,50.0,12.1999,0
SN_011803,LOT_039,12.1115,13.0301,12.8786,13.3319,0,healthy,0.0,50.0,12.1999,0
SN_011804,LOT_039,12.3621,12.6714,13.1075,12.9953,0,healthy,0.0,50.0,12.1999,0
SN_011805,LOT_039,12.4514,13.3582,13.7552,13.8392,0,healthy,0.0,50.0,12.1999,0
SN_011806,LOT_039,11.9843,13.068,13.2796,13.609,0,healthy,0.0,50.0,12.1999,0
SN_011807,LOT_039,14.8406,16.2624,16.358,16.5027,0,healthy,0.0,50.0,12.1999,0
SN_011808,LOT_039,13.4205,15.0758,15.5606,15.6385,0,healthy,0.0,50.0,12.1999,0
SN_011809,LOT_039,13.3607,14.8019,15.5567,15.9135,0,healthy,0.0,50.0,12.1999,0
SN_011810,LOT_039,12.4802,13.7379,14.1817,14.586,0,healthy,0.0,50.0,12.1999,0
SN_011811,LOT_039,32.4639,33.1091,35.3735,37.1819,1,esd_oxide,0.0805,50.0,12.1999,0
SN_011812,LOT_039,11.5035,,12.5691,12.6463,0,healthy,0.0,50.0,12.1999,0
SN_011813,LOT_039,12.3838,13.457,13.6711,13.7159,0,healthy,0.0,50.0,12.1999,0
SN_011814,LOT_039,12.2805,12.8413,13.3383,13.3717,0,healthy,0.0,50.0,12.1999,0
SN_011815,LOT_039,11.3478,12.7527,13.1168,13.1916,0,healthy,0.0,50.0,12.1999,0
SN_011816,LOT_039,11.2615,11.6664,11.6771,11.7742,0,healthy,0.0,50.0,12.1999,0
SN_011817,LOT_039,10.6671,11.7371,11.712,11.8534,0,healthy,0.0,50.0,12.1999,0
SN_011818,LOT_039,11.1093,12.3613,12.8383,12.9351,0,healthy,0.0,50.0,12.1999,0
SN_011819,LOT_039,11.0423,11.8979,12.1976,12.2926,0,healthy,0.0,50.0,12.1999,0
SN_011820,LOT_039,13.9565,15.2836,15.9737,16.1589,0,healthy,0.0,50.0,12.1999,0
SN_011821,LOT_039,13.3806,14.4768,14.6377,14.6637,0,healthy,0.0,50.0,12.1999,0
SN_011822,LOT_039,11.5195,11.9865,12.4198,12.4552,0,healthy,0.0,50.0,12.1999,0
SN_011823,LOT_039,11.0565,,11.9203,12.0833,0,healthy,0.0,50.0,12.1999,0
SN_011824,LOT_039,11.215,12.6733,13.242,13.358,0,healthy,0.0,50.0,12.1999,0
SN_011825,LOT_039,13.8629,14.1084,14.3781,14.5459,0,healthy,0.0,50.0,12.1999,0
SN_011826,LOT_039,12.9694,14.5145,14.8746,15.234,0,healthy,0.0,50.0,12.1999,0
SN_011827,LOT_039,11.0854,12.2045,12.7253,12.8384,0,healthy,0.0,50.0,12.1999,0
SN_011828,LOT_039,12.6219,13.6314,13.8754,14.1134,0,healthy,0.0,50.0,12.1999,0
SN_011829,LOT_039,13.3538,14.6874,15.0251,15.107,0,healthy,0.0,50.0,12.1999,0
SN_011830,LOT_039,11.855,12.4885,12.7082,12.9826,0,healthy,0.0,50.0,12.1999,0
SN_011831,LOT_039,13.0227,14.8453,15.3357,15.577,0,healthy,0.0,50.0,12.1999,0
SN_011832,LOT_039,11.375,11.9137,12.2501,12.4246,0,healthy,0.0,50.0,12.1999,0
SN_011833,LOT_039,15.8286,16.8082,16.743,17.2928,0,healthy,0.0,50.0,12.1999,0
SN_011834,LOT_039,13.8022,21.256,23.8392,24.2422,1,mobile_ion,0.2042,50.0,12.1999,0
SN_011835,LOT_039,13.8614,15.1704,15.224,15.2013,0,healthy,0.0,50.0,12.1999,0
SN_011836,LOT_039,,10.1447,10.4002,10.6494,0,healthy,0.0,50.0,12.1999,0
SN_011837,LOT_039,12.8727,14.4177,14.7718,15.1356,0,healthy,0.0,50.0,12.1999,0
SN_011838,LOT_039,11.9878,,12.2954,12.6359,0,healthy,0.0,50.0,12.1999,0
SN_011839,LOT_039,13.7627,14.9576,15.2319,15.5096,0,healthy,0.0,50.0,12.1999,0
SN_011840,LOT_039,11.3535,11.9568,12.0024,12.1638,0,healthy,0.0,50.0,12.1999,0
SN_011841,LOT_039,11.361,11.9892,12.2586,12.3085,0,healthy,0.0,50.0,12.1999,0
SN_011842,LOT_039,12.4732,13.9188,14.1534,14.4103,0,healthy,0.0,50.0,12.1999,0
SN_011843,LOT_039,12.735,13.025,13.2589,13.3121,0,healthy,0.0,50.0,12.1999,0
SN_011844,LOT_039,11.5868,,13.6463,13.9539,0,healthy,0.0,50.0,12.1999,0
SN_011845,LOT_039,9.824,10.5861,10.8288,10.9722,0,healthy,0.0,50.0,12.1999,0
SN_011846,LOT_039,11.3195,12.6274,13.2189,13.359,0,healthy,0.0,50.0,12.1999,0
SN_011847,LOT_039,13.182,,14.2359,14.2264,0,healthy,0.0,50.0,12.1999,0
SN_011848,LOT_039,13.4112,14.7721,15.3785,15.8947,0,healthy,0.0,50.0,12.1999,0
SN_011849,LOT_039,11.8799,,13.7391,14.0233,0,healthy,0.0,50.0,12.1999,0
SN_011850,LOT_039,11.2142,12.1687,12.4514,12.4617,0,healthy,0.0,50.0,12.1999,0
SN_011851,LOT_039,10.306,10.8752,11.3048,11.3392,0,healthy,0.0,50.0,12.1999,0
SN_011852,LOT_039,,15.0344,15.846,16.0052,0,healthy,0.0,50.0,12.1999,0
SN_011853,LOT_039,13.4464,14.4781,15.1189,15.173,0,healthy,0.0,50.0,12.1999,0
SN_011854,LOT_039,15.1951,16.9158,17.4649,18.0473,0,healthy,0.0,50.0,12.1999,0
SN_011855,LOT_039,13.7341,15.6409,16.1366,16.2341,0,healthy,0.0,50.0,12.1999,0
SN_011856,LOT_039,11.117,12.4852,12.9373,13.3217,0,healthy,0.0,50.0,12.1999,0
SN_011857,LOT_039,13.8884,15.2655,15.6867,16.0632,0,healthy,0.0,50.0,12.1999,0
SN_011858,LOT_039,,12.2576,12.5203,12.5709,0,healthy,0.0,50.0,12.1999,0
SN_011859,LOT_039,12.3714,13.0082,13.2484,13.4633,0,healthy,0.0,50.0,12.1999,0
SN_011860,LOT_039,11.8949,12.8059,13.1639,13.5283,0,healthy,0.0,50.0,12.1999,0
SN_011861,LOT_039,9.0026,9.8222,9.9689,10.0963,0,healthy,0.0,50.0,12.1999,0
SN_011862,LOT_039,12.2857,13.0826,13.5843,13.5999,0,healthy,0.0,50.0,12.1999,0
SN_011863,LOT_039,14.045,14.8731,15.0393,15.1108,0,healthy,0.0,50.0,12.1999,0
SN_011864,LOT_039,12.4815,13.2287,13.3715,13.4342,0,healthy,0.0,50.0,12.1999,0
SN_011865,LOT_039,11.1511,11.8075,12.032,11.9934,0,healthy,0.0,50.0,12.1999,0
SN_011866,LOT_039,13.9162,15.4191,15.8936,16.0244,0,healthy,0.0,50.0,12.1999,0
SN_011867,LOT_039,8.7862,9.215,9.3708,9.3317,0,healthy,0.0,50.0,12.1999,0
SN_011868,LOT_039,14.6865,16.0381,16.3463,16.681,0,healthy,0.0,50.0,12.1999,0
SN_011869,LOT_039,13.873,15.2516,15.7658,15.9487,0,healthy,0.0,50.0,12.1999,0
SN_011870,LOT_039,11.8059,12.03,12.43,12.4589,0,healthy,0.0,50.0,12.1999,0
SN_011871,LOT_039,12.6029,20.2833,21.9265,22.1248,1,mobile_ion,0.1976,50.0,12.1999,0
SN_011872,LOT_039,10.5964,11.5823,12.134,12.4592,0,healthy,0.0,50.0,12.1999,0
SN_011873,LOT_039,12.5438,13.1529,13.4318,13.4378,0,healthy,0.0,50.0,12.1999,0
SN_011874,LOT_039,12.2447,13.3909,13.7765,14.0475,0,healthy,0.0,50.0,12.1999,0
SN_011875,LOT_039,,14.5607,14.9333,14.8825,0,healthy,0.0,50.0,12.1999,0
SN_011876,LOT_039,15.0,16.8108,17.7427,17.9423,0,healthy,0.0,50.0,12.1999,0
SN_011877,LOT_039,13.4173,14.2048,14.4583,14.5306,0,healthy,0.0,50.0,12.1999,0
SN_011878,LOT_039,9.6048,10.2248,10.4242,10.3136,0,healthy,0.0,50.0,12.1999,0
SN_011879,LOT_039,12.8662,13.4295,13.9327,13.8758,0,healthy,0.0,50.0,12.1999,0
SN_011880,LOT_039,12.2177,13.0958,13.0771,13.1695,0,healthy,0.0,50.0,12.1999,0
SN_011881,LOT_039,11.9451,12.7263,13.3816,13.597,0,healthy,0.0,50.0,12.1999,0
SN_011882,LOT_039,10.967,11.5713,11.6071,11.9779,0,healthy,0.0,50.0,12.1999,0
SN_011883,LOT_039,15.6389,16.9143,17.6365,17.8287,0,healthy,0.0,50.0,12.1999,0
SN_011884,LOT_039,12.4936,12.8189,13.0252,13.2281,0,healthy,0.0,50.0,12.1999,0
SN_011885,LOT_039,12.2427,13.0269,13.6102,13.5494,0,healthy,0.0,50.0,12.1999,0
SN_011886,LOT_039,13.713,14.2238,14.2461,14.4667,0,healthy,0.0,50.0,12.1999,0
SN_011887,LOT_039,12.4634,13.2668,13.419,13.746,0,healthy,0.0,50.0,12.1999,0
SN_011888,LOT_039,12.4417,13.0574,13.1537,13.5821,0,healthy,0.0,50.0,12.1999,0
SN_011889,LOT_039,14.0962,14.3896,14.657,14.841,0,healthy,0.0,50.0,12.1999,0
SN_011890,LOT_039,11.122,12.4659,12.8391,12.8828,0,healthy,0.0,50.0,12.1999,0
SN_011891,LOT_039,12.8174,14.2241,14.3833,14.5696,0,healthy,0.0,50.0,12.1999,0
SN_011892,LOT_039,9.7991,10.9873,11.4157,11.663,0,healthy,0.0,50.0,12.1999,0
SN_011893,LOT_039,13.2506,14.995,15.4222,15.6416,0,healthy,0.0,50.0,12.1999,0
SN_011894,LOT_039,11.7189,13.2708,13.6535,14.1445,0,healthy,0.0,50.0,12.1999,0
SN_011895,LOT_039,13.6724,14.0001,20.5223,38.3134,1,tddb_dielectric,0.4369,50.0,12.1999,0
SN_011896,LOT_039,10.1099,10.9375,11.5942,11.8515,0,healthy,0.0,50.0,12.1999,0
SN_011897,LOT_039,12.2872,14.0544,14.4642,14.7455,0,healthy,0.0,50.0,12.1999,0
SN_011898,LOT_039,12.7821,14.1528,14.5581,15.0745,0,healthy,0.0,50.0,12.1999,0
SN_011899,LOT_039,14.52,14.9274,15.0584,15.4813,0,healthy,0.0,50.0,12.1999,0
SN_011900,LOT_039,12.9736,13.7135,13.7139,14.1237,0,healthy,0.0,50.0,12.1999,0
SN_011901,LOT_039,14.3122,16.4074,16.7815,17.0044,0,healthy,0.0,50.0,12.1999,0
SN_011902,LOT_039,12.8669,13.9934,14.5017,14.6288,0,healthy,0.0,50.0,12.1999,0
SN_011903,LOT_039,,,16.0015,16.4358,0,healthy,0.0,50.0,12.1999,0
SN_011904,LOT_039,13.0258,,14.2019,14.1513,0,healthy,0.0,50.0,12.1999,0
SN_011905,LOT_039,13.6291,14.1218,14.5417,14.5764,0,healthy,0.0,50.0,12.1999,0
SN_011906,LOT_039,13.3334,15.1762,15.6506,15.855,0,healthy,0.0,50.0,12.1999,0
SN_011907,LOT_039,12.6573,13.6725,14.2653,14.5507,0,healthy,0.0,50.0,12.1999,0
SN_011908,LOT_039,12.1846,13.1839,13.6515,13.8829,0,healthy,0.0,50.0,12.1999,0
SN_011909,LOT_039,13.2393,14.2477,14.7976,15.1574,0,healthy,0.0,50.0,12.1999,0
SN_011910,LOT_039,15.812,16.9378,17.8692,17.8968,0,healthy,0.0,50.0,12.1999,0
SN_011911,LOT_039,12.9883,14.6701,14.6826,15.1388,0,healthy,0.0,50.0,12.1999,0
SN_011912,LOT_039,11.5549,12.2506,12.469,12.3815,0,healthy,0.0,50.0,12.1999,0
SN_011913,LOT_039,11.6879,,13.2354,13.2584,0,healthy,0.0,50.0,12.1999,0
SN_011914,LOT_039,12.2755,12.8649,13.3184,13.7073,0,healthy,0.0,50.0,12.1999,0
SN_011915,LOT_039,12.3804,13.9059,14.4395,14.7055,0,healthy,0.0,50.0,12.1999,0
SN_011916,LOT_039,11.2961,12.2507,12.7513,12.8024,0,healthy,0.0,50.0,12.1999,0
SN_011917,LOT_039,11.0088,11.7807,11.9925,12.0803,0,healthy,0.0,50.0,12.1999,0
SN_011918,LOT_039,12.4214,,13.4488,13.4249,0,healthy,0.0,50.0,12.1999,0
SN_011919,LOT_039,9.8003,10.1772,10.1655,10.3492,0,healthy,0.0,50.0,12.1999,0
SN_011920,LOT_039,13.7919,15.368,15.9835,16.6419,0,healthy,0.0,50.0,12.1999,0
SN_011921,LOT_039,11.7053,12.5101,12.681,12.7865,0,healthy,0.0,50.0,12.1999,0
SN_011922,LOT_039,,10.3374,10.5706,10.8976,0,healthy,0.0,50.0,12.1999,0
SN_011923,LOT_039,12.4951,13.7835,14.3044,14.7996,0,healthy,0.0,50.0,12.1999,0
SN_011924,LOT_039,12.0153,12.9628,13.1504,13.3517,0,healthy,0.0,50.0,12.1999,0
SN_011925,LOT_039,14.8954,15.8248,16.3247,16.4394,0,healthy,0.0,50.0,12.1999,0
SN_011926,LOT_039,13.3752,14.5382,14.9804,15.2546,0,healthy,0.0,50.0,12.1999,0
SN_011927,LOT_039,12.3891,13.5377,13.6788,14.1146,0,healthy,0.0,50.0,12.1999,0
SN_011928,LOT_039,12.1444,12.808,13.0238,13.2365,0,healthy,0.0,50.0,12.1999,0
SN_011929,LOT_039,14.7906,15.6044,16.0998,16.3096,0,healthy,0.0,50.0,12.1999,0
SN_011930,LOT_039,9.5032,10.2033,10.6544,10.839,0,healthy,0.0,50.0,12.1999,0
SN_011931,LOT_039,11.1962,12.4463,12.9015,12.9549,0,healthy,0.0,50.0,12.1999,0
SN_011932,LOT_039,12.6636,13.4571,13.8227,13.6641,0,healthy,0.0,50.0,12.1999,0
SN_011933,LOT_039,11.9046,12.7735,12.8551,12.8834,0,healthy,0.0,50.0,12.1999,0
SN_011934,LOT_039,,12.6536,13.3295,13.5936,0,healthy,0.0,50.0,12.1999,0
SN_011935,LOT_039,12.9686,13.9486,13.6196,13.9364,0,healthy,0.0,50.0,12.1999,0
SN_011936,LOT_039,14.0843,14.5188,14.6252,14.801,0,healthy,0.0,50.0,12.1999,0
SN_011937,LOT_039,9.9711,11.0034,11.4536,11.9904,0,healthy,0.0,50.0,12.1999,0
SN_011938,LOT_039,44.0,45.7307,51.5455,56.6751,1,subtle_in_spec,0.4917,50.0,12.1999,0
SN_011939,LOT_039,13.2725,14.5823,14.7013,15.0343,0,healthy,0.0,50.0,12.1999,0
SN_011940,LOT_039,12.2356,13.4675,14.0235,13.9874,0,healthy,0.0,50.0,12.1999,0
SN_011941,LOT_039,11.0177,12.5063,13.1838,13.1613,0,healthy,0.0,50.0,12.1999,0
SN_011942,LOT_039,10.6674,11.7621,11.9526,12.1802,0,healthy,0.0,50.0,12.1999,0
SN_011943,LOT_039,12.0877,13.1797,13.2869,13.6449,0,healthy,0.0,50.0,12.1999,0
SN_011944,LOT_039,13.579,15.1385,15.2799,15.4805,0,healthy,0.0,50.0,12.1999,0
SN_011945,LOT_039,13.9195,15.0343,15.2576,15.3436,0,healthy,0.0,50.0,12.1999,0
SN_011946,LOT_039,11.5208,12.4378,12.8392,12.9693,0,healthy,0.0,50.0,12.1999,0
SN_011947,LOT_039,12.6472,13.7454,14.0387,14.0076,0,healthy,0.0,50.0,12.1999,0
SN_011948,LOT_039,12.2639,12.9145,12.9964,13.0072,0,healthy,0.0,50.0,12.1999,0
SN_011949,LOT_039,10.421,11.1115,11.2931,11.3069,0,healthy,0.0,50.0,12.1999,0
SN_011950,LOT_039,11.1537,12.1537,12.3399,12.5887,0,healthy,0.0,50.0,12.1999,0
SN_011951,LOT_039,11.6035,11.9139,12.2279,12.2575,0,healthy,0.0,50.0,12.1999,0
SN_011952,LOT_039,13.4163,14.2102,14.6677,14.9025,0,healthy,0.0,50.0,12.1999,0
SN_011953,LOT_039,10.9429,11.5298,11.7696,11.837,0,healthy,0.0,50.0,12.1999,0
SN_011954,LOT_039,15.2425,16.5913,17.023,16.9543,0,healthy,0.0,50.0,12.1999,0
SN_011955,LOT_039,13.5597,15.3274,15.9655,15.9347,0,healthy,0.0,50.0,12.1999,0
SN_011956,LOT_039,13.102,14.4931,14.9965,15.2834,0,healthy,0.0,50.0,12.1999,0
SN_011957,LOT_039,,13.2047,13.6035,13.7137,0,healthy,0.0,50.0,12.1999,0
SN_011958,LOT_039,11.0643,11.6102,11.5975,11.5298,0,healthy,0.0,50.0,12.1999,0
SN_011959,LOT_039,12.071,,13.6791,14.324,0,healthy,0.0,50.0,12.1999,0
SN_011960,LOT_039,12.785,13.2297,13.4371,13.3777,0,healthy,0.0,50.0,12.1999,0
SN_011961,LOT_039,13.3361,14.4834,15.3156,15.519,0,healthy,0.0,50.0,12.1999,0
SN_011962,LOT_039,14.2109,15.0605,15.5752,15.6232,0,healthy,0.0,50.0,12.1999,0
SN_011963,LOT_039,12.8004,13.6249,13.6161,13.8462,0,healthy,0.0,50.0,12.1999,0
SN_011964,LOT_039,13.2565,14.6817,14.8623,14.9357,0,healthy,0.0,50.0,12.1999,0
SN_011965,LOT_039,13.7529,14.7663,14.8508,15.1087,0,healthy,0.0,50.0,12.1999,0
SN_011966,LOT_039,13.4135,14.6111,14.7138,14.7533,0,healthy,0.0,50.0,12.1999,0
SN_011967,LOT_039,10.9972,12.0132,12.3081,12.7763,0,healthy,0.0,50.0,12.1999,0
SN_011968,LOT_039,14.3237,14.9524,15.0761,15.1899,0,healthy,0.0,50.0,12.1999,0
SN_011969,LOT_039,13.4093,15.1329,15.3759,15.9138,0,healthy,0.0,50.0,12.1999,0
SN_011970,LOT_039,11.338,11.976,12.3339,12.4768,0,healthy,0.0,50.0,12.1999,0
SN_011971,LOT_039,10.5548,11.6185,12.3869,12.5551,0,healthy,0.0,50.0,12.1999,0
SN_011972,LOT_039,15.7739,17.3446,17.941,18.061,0,healthy,0.0,50.0,12.1999,0
SN_011973,LOT_039,10.9187,11.8546,12.1775,12.3092,0,healthy,0.0,50.0,12.1999,0
SN_011974,LOT_039,12.7659,13.9186,14.2583,14.4662,0,healthy,0.0,50.0,12.1999,0
SN_011975,LOT_039,10.587,11.5567,11.8142,11.9827,0,healthy,0.0,50.0,12.1999,0
SN_011976,LOT_039,13.4197,14.0499,14.2418,14.4576,0,healthy,0.0,50.0,12.1999,0
SN_011977,LOT_039,14.4008,15.8123,16.4069,16.6613,0,healthy,0.0,50.0,12.1999,0
SN_011978,LOT_039,11.7853,12.5911,12.863,12.915,0,healthy,0.0,50.0,12.1999,0
SN_011979,LOT_039,14.0894,14.736,15.157,15.4522,0,healthy,0.0,50.0,12.1999,0
SN_011980,LOT_039,9.9275,10.5985,10.7201,10.645,0,healthy,0.0,50.0,12.1999,0
SN_011981,LOT_039,11.7702,12.7303,13.5023,13.7187,0,healthy,0.0,50.0,12.1999,0
SN_011982,LOT_039,11.2324,11.9156,12.2426,12.2204,0,healthy,0.0,50.0,12.1999,0
SN_011983,LOT_039,9.751,10.073,10.4273,10.6702,0,healthy,0.0,50.0,12.1999,0
SN_011984,LOT_039,11.5732,12.1622,12.4834,12.7245,0,healthy,0.0,50.0,12.1999,0
SN_011985,LOT_039,13.0181,14.6106,15.0417,15.2951,0,healthy,0.0,50.0,12.1999,0
SN_011986,LOT_039,11.5896,12.7269,13.6057,13.823,0,healthy,0.0,50.0,12.1999,0
SN_011987,LOT_039,13.6215,14.3185,14.6618,14.7732,0,healthy,0.0,50.0,12.1999,0
SN_011988,LOT_039,11.7433,12.5221,12.7466,12.7997,0,healthy,0.0,50.0,12.1999,0
SN_011989,LOT_039,13.1485,13.821,14.374,14.3487,0,healthy,0.0,50.0,12.1999,0
SN_011990,LOT_039,,12.5202,12.9451,13.1065,0,healthy,0.0,50.0,12.1999,0
SN_011991,LOT_039,12.8002,13.6156,13.9594,13.9032,0,healthy,0.0,50.0,12.1999,0
SN_011992,LOT_039,11.2951,11.9905,12.4937,12.7672,0,healthy,0.0,50.0,12.1999,0
SN_011993,LOT_039,12.7658,14.624,14.6593,14.9274,0,healthy,0.0,50.0,12.1999,0
SN_011994,LOT_039,9.6459,10.0451,10.1123,10.2418,0,healthy,0.0,50.0,12.1999,0
SN_011995,LOT_039,12.476,13.1805,13.0341,13.5128,0,healthy,0.0,50.0,12.1999,0
SN_011996,LOT_039,11.9866,13.0775,13.3701,13.9167,0,healthy,0.0,50.0,12.1999,0
SN_011997,LOT_039,,14.5993,14.708,14.8458,0,healthy,0.0,50.0,12.1999,0
SN_011998,LOT_039,10.7514,11.3523,11.7151,11.7148,0,healthy,0.0,50.0,12.1999,0
SN_011999,LOT_039,,13.7997,14.0777,14.3941,0,healthy,0.0,50.0,12.1999,0
SN_012000,LOT_039,14.1564,14.9203,14.8558,15.1224,0,healthy,0.0,50.0,12.1999,0
SN_012001,LOT_039,12.0568,12.5204,12.8303,12.8758,0,healthy,0.0,50.0,12.1999,0
SN_012002,LOT_039,11.8408,13.169,13.5944,14.0272,0,healthy,0.0,50.0,12.1999,0
SN_012003,LOT_040,9.7773,10.385,10.7059,10.8464,0,healthy,0.0,50.0,9.7604,0
SN_012004,LOT_040,11.6218,25.7607,26.2587,26.6396,1,mobile_ion,0.4563,50.0,9.7604,0
SN_012005,LOT_040,,15.1768,15.7585,15.8308,0,healthy,0.0,50.0,9.7604,0
SN_012006,LOT_040,10.5227,11.5222,11.766,12.069,0,healthy,0.0,50.0,9.7604,0
SN_012007,LOT_040,13.5016,,14.4295,14.0339,0,healthy,0.0,50.0,9.7604,0
SN_012008,LOT_040,8.8256,9.3597,9.5744,9.7742,0,healthy,0.0,50.0,9.7604,0
SN_012009,LOT_040,10.077,11.3184,11.8515,12.1873,0,healthy,0.0,50.0,9.7604,0
SN_012010,LOT_040,11.3533,12.7956,13.0964,13.3089,0,healthy,0.0,50.0,9.7604,0
SN_012011,LOT_040,9.6294,10.6201,10.9175,11.2493,0,healthy,0.0,50.0,9.7604,0
SN_012012,LOT_040,11.2156,12.6353,12.8172,13.3124,0,healthy,0.0,50.0,9.7604,0
SN_012013,LOT_040,11.4718,12.8037,13.2954,13.5068,0,healthy,0.0,50.0,9.7604,0
SN_012014,LOT_040,9.8141,10.5923,10.773,10.8147,0,healthy,0.0,50.0,9.7604,0
SN_012015,LOT_040,8.1807,8.9764,9.2669,9.4676,0,healthy,0.0,50.0,9.7604,0
SN_012016,LOT_040,8.4548,9.2301,9.441,9.7012,0,healthy,0.0,50.0,9.7604,0
SN_012017,LOT_040,8.7102,,10.1101,10.3568,0,healthy,0.0,50.0,9.7604,0
SN_012018,LOT_040,9.8503,11.0252,11.4074,11.5507,0,healthy,0.0,50.0,9.7604,0
SN_012019,LOT_040,8.635,9.013,9.2241,9.2375,0,healthy,0.0,50.0,9.7604,0
SN_012020,LOT_040,9.129,9.4725,9.6887,9.8127,0,healthy,0.0,50.0,9.7604,0
SN_012021,LOT_040,9.678,10.7237,10.9935,11.3824,0,healthy,0.0,50.0,9.7604,0
SN_012022,LOT_040,11.1199,11.7487,12.0692,12.353,0,healthy,0.0,50.0,9.7604,0
SN_012023,LOT_040,9.7454,10.7406,11.1102,11.225,0,healthy,0.0,50.0,9.7604,0
SN_012024,LOT_040,11.3844,,12.04,11.9335,0,healthy,0.0,50.0,9.7604,0
SN_012025,LOT_040,8.1697,8.526,8.4325,8.626,0,healthy,0.0,50.0,9.7604,0
SN_012026,LOT_040,11.5905,12.1044,12.3577,12.6712,0,healthy,0.0,50.0,9.7604,0
SN_012027,LOT_040,10.8959,11.9711,12.4235,12.7052,0,healthy,0.0,50.0,9.7604,0
SN_012028,LOT_040,9.0204,9.6006,9.7343,9.7531,0,healthy,0.0,50.0,9.7604,0
SN_012029,LOT_040,12.1968,13.1529,13.3332,13.5527,0,healthy,0.0,50.0,9.7604,0
SN_012030,LOT_040,11.3547,12.7311,13.252,13.4393,0,healthy,0.0,50.0,9.7604,0
SN_012031,LOT_040,7.9486,8.8033,9.1108,9.5583,0,healthy,0.0,50.0,9.7604,0
SN_012032,LOT_040,9.3504,10.2252,10.4773,10.6748,0,healthy,0.0,50.0,9.7604,0
SN_012033,LOT_040,11.5676,12.1759,12.1575,12.2072,0,healthy,0.0,50.0,9.7604,0
SN_012034,LOT_040,10.0714,11.3251,11.8477,11.957,0,healthy,0.0,50.0,9.7604,0
SN_012035,LOT_040,7.343,7.8832,8.1841,8.2492,0,healthy,0.0,50.0,9.7604,0
SN_012036,LOT_040,10.4347,11.5729,11.8573,12.2937,0,healthy,0.0,50.0,9.7604,0
SN_012037,LOT_040,9.3618,10.294,10.576,10.8276,0,healthy,0.0,50.0,9.7604,0
SN_012038,LOT_040,12.1328,12.7494,13.0007,13.1456,0,healthy,0.0,50.0,9.7604,0
SN_012039,LOT_040,10.8168,11.8723,12.3145,12.5055,0,healthy,0.0,50.0,9.7604,0
SN_012040,LOT_040,8.9447,9.9223,10.3623,10.4627,0,healthy,0.0,50.0,9.7604,0
SN_012041,LOT_040,9.159,10.1209,10.4607,10.7998,0,healthy,0.0,50.0,9.7604,0
SN_012042,LOT_040,9.0979,9.9261,10.3421,10.5003,0,healthy,0.0,50.0,9.7604,0
SN_012043,LOT_040,10.1727,10.7903,11.1156,11.3146,0,healthy,0.0,50.0,9.7604,0
SN_012044,LOT_040,10.2091,11.2375,11.582,11.8537,0,healthy,0.0,50.0,9.7604,0
SN_012045,LOT_040,11.0601,11.268,11.4085,11.562,0,healthy,0.0,50.0,9.7604,0
SN_012046,LOT_040,,12.1842,12.658,12.6916,0,healthy,0.0,50.0,9.7604,0
SN_012047,LOT_040,9.97,11.1398,11.5548,11.8777,0,healthy,0.0,50.0,9.7604,0
SN_012048,LOT_040,10.1145,10.3379,10.6947,10.8499,0,healthy,0.0,50.0,9.7604,0
SN_012049,LOT_040,9.2366,10.3678,10.6843,10.6949,0,healthy,0.0,50.0,9.7604,0
SN_012050,LOT_040,9.7088,9.8979,10.2005,10.2618,0,healthy,0.0,50.0,9.7604,0
SN_012051,LOT_040,,9.2257,9.3939,9.7101,0,healthy,0.0,50.0,9.7604,0
SN_012052,LOT_040,9.8763,10.8787,11.1746,11.3983,0,healthy,0.0,50.0,9.7604,0
SN_012053,LOT_040,10.7767,11.148,11.2675,11.3498,0,healthy,0.0,50.0,9.7604,0
SN_012054,LOT_040,8.6107,9.2722,9.6952,9.7152,0,healthy,0.0,50.0,9.7604,0
SN_012055,LOT_040,9.3958,10.2498,11.0171,11.0894,0,healthy,0.0,50.0,9.7604,0
SN_012056,LOT_040,11.3841,16.0919,19.2792,21.0457,1,nbti_ageing,0.4272,50.0,9.7604,0
SN_012057,LOT_040,9.7729,10.3515,10.4844,10.586,0,healthy,0.0,50.0,9.7604,0
SN_012058,LOT_040,6.6328,7.2563,7.6049,7.7088,0,healthy,0.0,50.0,9.7604,0
SN_012059,LOT_040,10.2834,10.9568,11.0097,11.0858,0,healthy,0.0,50.0,9.7604,0
SN_012060,LOT_040,11.0181,11.4109,11.6799,11.753,0,healthy,0.0,50.0,9.7604,0
SN_012061,LOT_040,9.4771,10.1104,10.4627,10.6888,0,healthy,0.0,50.0,9.7604,0
SN_012062,LOT_040,8.5562,9.851,10.1508,10.2553,0,healthy,0.0,50.0,9.7604,0
SN_012063,LOT_040,9.5546,10.4295,10.7003,10.8897,0,healthy,0.0,50.0,9.7604,0
SN_012064,LOT_040,11.9103,12.2778,12.5755,12.479,0,healthy,0.0,50.0,9.7604,0
SN_012065,LOT_040,8.165,8.8557,9.1202,9.2685,0,healthy,0.0,50.0,9.7604,0
SN_012066,LOT_040,11.61,13.0036,13.4235,13.5369,0,healthy,0.0,50.0,9.7604,0
SN_012067,LOT_040,9.9172,11.0968,11.5229,11.7697,0,healthy,0.0,50.0,9.7604,0
SN_012068,LOT_040,9.0888,9.9392,10.268,10.1981,0,healthy,0.0,50.0,9.7604,0
SN_012069,LOT_040,9.3039,10.5642,10.8004,10.9421,0,healthy,0.0,50.0,9.7604,0
SN_012070,LOT_040,9.6546,10.5479,10.8544,10.7959,0,healthy,0.0,50.0,9.7604,0
SN_012071,LOT_040,10.1507,10.7461,11.0225,11.3802,0,healthy,0.0,50.0,9.7604,0
SN_012072,LOT_040,10.2427,11.354,11.754,11.8927,0,healthy,0.0,50.0,9.7604,0
SN_012073,LOT_040,10.0668,10.5439,10.8246,10.7865,0,healthy,0.0,50.0,9.7604,0
SN_012074,LOT_040,11.2716,11.6974,11.6961,12.0166,0,healthy,0.0,50.0,9.7604,0
SN_012075,LOT_040,,11.8034,11.7752,11.9789,0,healthy,0.0,50.0,9.7604,0
SN_012076,LOT_040,9.5721,10.6727,11.0784,11.5491,0,healthy,0.0,50.0,9.7604,0
SN_012077,LOT_040,9.6106,10.3709,10.8787,10.9784,0,healthy,0.0,50.0,9.7604,0
SN_012078,LOT_040,11.8953,12.5839,12.739,12.8174,0,healthy,0.0,50.0,9.7604,0
SN_012079,LOT_040,7.8575,8.5872,9.1792,9.3835,0,healthy,0.0,50.0,9.7604,0
SN_012080,LOT_040,12.0496,12.8868,13.2691,13.5206,0,healthy,0.0,50.0,9.7604,0
SN_012081,LOT_040,8.5604,8.9174,9.0317,8.9876,0,healthy,0.0,50.0,9.7604,0
SN_012082,LOT_040,10.6003,11.5871,11.5883,11.6832,0,healthy,0.0,50.0,9.7604,0
SN_012083,LOT_040,10.8732,12.0074,12.1883,12.3498,0,healthy,0.0,50.0,9.7604,0
SN_012084,LOT_040,9.0107,9.3415,9.4904,9.5927,0,healthy,0.0,50.0,9.7604,0
SN_012085,LOT_040,9.9597,11.1363,11.5291,11.7351,0,healthy,0.0,50.0,9.7604,0
SN_012086,LOT_040,9.9534,11.1475,11.4561,11.6997,0,healthy,0.0,50.0,9.7604,0
SN_012087,LOT_040,8.9729,9.7522,10.1388,10.1331,0,healthy,0.0,50.0,9.7604,0
SN_012088,LOT_040,10.7045,11.4535,11.5466,11.7305,0,healthy,0.0,50.0,9.7604,0
SN_012089,LOT_040,8.7581,9.6761,10.0452,10.3107,0,healthy,0.0,50.0,9.7604,0
SN_012090,LOT_040,11.2886,11.8162,12.0837,12.1531,0,healthy,0.0,50.0,9.7604,0
SN_012091,LOT_040,10.1807,11.6146,11.9144,12.1267,0,healthy,0.0,50.0,9.7604,0
SN_012092,LOT_040,,9.9491,10.3001,10.4699,0,healthy,0.0,50.0,9.7604,0
SN_012093,LOT_040,,9.2147,9.3986,9.523,0,healthy,0.0,50.0,9.7604,0
SN_012094,LOT_040,,12.6962,12.9318,13.2707,0,healthy,0.0,50.0,9.7604,0
SN_012095,LOT_040,10.2977,11.4579,11.8242,11.9339,0,healthy,0.0,50.0,9.7604,0
SN_012096,LOT_040,9.1683,,10.4114,10.5358,0,healthy,0.0,50.0,9.7604,0
SN_012097,LOT_040,11.4236,12.1747,12.4402,12.8137,0,healthy,0.0,50.0,9.7604,0
SN_012098,LOT_040,9.5167,10.7517,11.1106,11.1779,0,healthy,0.0,50.0,9.7604,0
SN_012099,LOT_040,9.2417,10.2017,10.4212,10.5686,0,healthy,0.0,50.0,9.7604,0
SN_012100,LOT_040,11.5456,11.8912,12.0905,12.058,0,healthy,0.0,50.0,9.7604,0
SN_012101,LOT_040,9.5426,10.2847,10.5223,10.702,0,healthy,0.0,50.0,9.7604,0
SN_012102,LOT_040,10.3971,10.9911,11.2501,11.2931,0,healthy,0.0,50.0,9.7604,0
SN_012103,LOT_040,13.1104,13.6973,14.0792,14.0151,0,healthy,0.0,50.0,9.7604,0
SN_012104,LOT_040,10.4929,11.3943,11.6002,11.9352,0,healthy,0.0,50.0,9.7604,0
SN_012105,LOT_040,7.9498,8.4227,8.4521,8.5143,0,healthy,0.0,50.0,9.7604,0
SN_012106,LOT_040,8.5449,9.0044,9.2223,9.1805,0,healthy,0.0,50.0,9.7604,0
SN_012107,LOT_040,11.9703,12.5146,12.9724,13.0373,0,healthy,0.0,50.0,9.7604,0
SN_012108,LOT_040,9.685,10.9497,11.3649,11.5312,0,healthy,0.0,50.0,9.7604,0
SN_012109,LOT_040,9.6255,10.1354,10.5543,10.8726,0,healthy,0.0,50.0,9.7604,0
SN_012110,LOT_040,10.7741,,12.5157,12.7049,0,healthy,0.0,50.0,9.7604,0
SN_012111,LOT_040,10.7909,12.1112,12.4107,12.558,0,healthy,0.0,50.0,9.7604,0
SN_012112,LOT_040,8.959,9.3676,9.5448,9.6281,0,healthy,0.0,50.0,9.7604,0
SN_012113,LOT_040,10.4319,11.7312,12.1618,12.4501,0,healthy,0.0,50.0,9.7604,0
SN_012114,LOT_040,7.5468,7.8536,8.0728,8.1701,0,healthy,0.0,50.0,9.7604,0
SN_012115,LOT_040,9.4689,10.2742,10.8396,11.0935,0,healthy,0.0,50.0,9.7604,0
SN_012116,LOT_040,9.7468,10.0403,10.2063,10.2412,0,healthy,0.0,50.0,9.7604,0
SN_012117,LOT_040,10.4842,11.247,11.5946,11.7722,0,healthy,0.0,50.0,9.7604,0
SN_012118,LOT_040,11.7791,13.2843,13.729,13.9546,0,healthy,0.0,50.0,9.7604,0
SN_012119,LOT_040,8.702,9.1035,9.3405,9.3565,0,healthy,0.0,50.0,9.7604,0
SN_012120,LOT_040,8.5378,9.5696,9.8568,10.249,0,healthy,0.0,50.0,9.7604,0
SN_012121,LOT_040,11.2452,12.4798,12.7386,12.7272,0,healthy,0.0,50.0,9.7604,0
SN_012122,LOT_040,10.0351,10.9066,11.3293,11.5272,0,healthy,0.0,50.0,9.7604,0
SN_012123,LOT_040,9.4635,10.1897,10.4794,10.572,0,healthy,0.0,50.0,9.7604,0
SN_012124,LOT_040,9.1356,10.427,10.6923,11.0344,0,healthy,0.0,50.0,9.7604,0
SN_012125,LOT_040,,,10.4694,10.4796,0,healthy,0.0,50.0,9.7604,0
SN_012126,LOT_040,34.5672,35.672,37.5538,39.7528,1,esd_oxide,0.5208,50.0,9.7604,0
SN_012127,LOT_040,8.9965,9.3837,9.4419,9.4941,0,healthy,0.0,50.0,9.7604,0
SN_012128,LOT_040,10.4369,11.0824,11.4161,11.4641,0,healthy,0.0,50.0,9.7604,0
SN_012129,LOT_040,,12.5449,13.0135,12.9736,0,healthy,0.0,50.0,9.7604,0
SN_012130,LOT_040,29.6898,30.3401,32.5992,35.2721,1,subtle_in_spec,0.2167,50.0,9.7604,0
SN_012131,LOT_040,10.1773,10.8594,11.0245,11.4725,0,healthy,0.0,50.0,9.7604,0
SN_012132,LOT_040,,13.1404,13.5475,13.8629,0,healthy,0.0,50.0,9.7604,0
SN_012133,LOT_040,10.016,,11.4229,11.4961,0,healthy,0.0,50.0,9.7604,0
SN_012134,LOT_040,9.1245,9.8762,10.3024,10.2873,0,healthy,0.0,50.0,9.7604,0
SN_012135,LOT_040,10.5094,10.9476,11.2005,11.1054,0,healthy,0.0,50.0,9.7604,0
SN_012136,LOT_040,8.0239,8.2755,8.4212,8.2967,0,healthy,0.0,50.0,9.7604,0
SN_012137,LOT_040,9.1459,9.5595,9.7852,9.777,0,healthy,0.0,50.0,9.7604,0
SN_012138,LOT_040,9.5354,10.2571,10.444,10.4831,0,healthy,0.0,50.0,9.7604,0
SN_012139,LOT_040,10.6163,12.1758,12.5063,12.5102,0,healthy,0.0,50.0,9.7604,0
SN_012140,LOT_040,9.6577,10.5639,10.9218,11.0864,0,healthy,0.0,50.0,9.7604,0
SN_012141,LOT_040,9.1588,9.9865,10.4113,10.3793,0,healthy,0.0,50.0,9.7604,0
SN_012142,LOT_040,9.7602,10.9277,11.2268,11.2963,0,healthy,0.0,50.0,9.7604,0
SN_012143,LOT_040,9.6953,11.0503,11.4106,11.6643,0,healthy,0.0,50.0,9.7604,0
SN_012144,LOT_040,9.9385,10.4333,10.2964,10.5418,0,healthy,0.0,50.0,9.7604,0
SN_012145,LOT_040,7.0078,7.5168,7.621,7.6783,0,healthy,0.0,50.0,9.7604,0
SN_012146,LOT_040,10.0745,10.8294,10.6583,10.9243,0,healthy,0.0,50.0,9.7604,0
SN_012147,LOT_040,8.7167,9.1892,9.4193,9.4928,0,healthy,0.0,50.0,9.7604,0
SN_012148,LOT_040,9.2759,10.3028,10.6199,10.8457,0,healthy,0.0,50.0,9.7604,0
SN_012149,LOT_040,10.613,11.8729,12.2691,12.5725,0,healthy,0.0,50.0,9.7604,0
SN_012150,LOT_040,10.868,,12.5293,12.8819,0,healthy,0.0,50.0,9.7604,0
SN_012151,LOT_040,10.7143,11.9151,12.3908,12.5478,0,healthy,0.0,50.0,9.7604,0
SN_012152,LOT_040,9.2776,10.0309,10.4367,10.6194,0,healthy,0.0,50.0,9.7604,0
SN_012153,LOT_040,10.6531,11.8591,12.0248,12.0794,0,healthy,0.0,50.0,9.7604,0
SN_012154,LOT_040,10.7872,11.6156,11.8542,12.1703,0,healthy,0.0,50.0,9.7604,0
SN_012155,LOT_040,,10.5401,10.7109,10.786,0,healthy,0.0,50.0,9.7604,0
SN_012156,LOT_040,10.9153,11.8904,12.1022,12.0807,0,healthy,0.0,50.0,9.7604,0
SN_012157,LOT_040,8.6916,9.8835,10.2862,10.4631,0,healthy,0.0,50.0,9.7604,0
SN_012158,LOT_040,9.7863,10.7341,11.3452,11.5433,0,healthy,0.0,50.0,9.7604,0
SN_012159,LOT_040,9.3142,10.5755,10.9631,10.9519,0,healthy,0.0,50.0,9.7604,0
SN_012160,LOT_040,11.3036,11.8938,12.3193,12.2148,0,healthy,0.0,50.0,9.7604,0
SN_012161,LOT_040,8.5242,9.5158,9.8934,10.0747,0,healthy,0.0,50.0,9.7604,0
SN_012162,LOT_040,9.4445,9.9187,10.261,10.3033,0,healthy,0.0,50.0,9.7604,0
SN_012163,LOT_040,9.2929,9.7104,10.0652,10.1833,0,healthy,0.0,50.0,9.7604,0
SN_012164,LOT_040,11.4124,12.6503,13.2084,13.4921,0,healthy,0.0,50.0,9.7604,0
SN_012165,LOT_040,10.9272,11.2254,11.4237,11.4822,0,healthy,0.0,50.0,9.7604,0
SN_012166,LOT_040,10.1168,,11.7111,12.0467,0,healthy,0.0,50.0,9.7604,0
SN_012167,LOT_040,11.5846,12.2682,12.8053,12.811,0,healthy,0.0,50.0,9.7604,0
SN_012168,LOT_040,10.0028,11.1711,11.7366,12.0094,0,healthy,0.0,50.0,9.7604,0
SN_012169,LOT_040,9.5142,10.2574,10.4703,10.533,0,healthy,0.0,50.0,9.7604,0
SN_012170,LOT_040,,13.8249,14.1189,14.484,0,healthy,0.0,50.0,9.7604,0
SN_012171,LOT_040,10.2585,11.2532,11.8201,12.1831,0,healthy,0.0,50.0,9.7604,0
SN_012172,LOT_040,9.6874,10.6661,10.9628,11.0427,0,healthy,0.0,50.0,9.7604,0
SN_012173,LOT_040,10.1451,10.7285,11.0903,11.222,0,healthy,0.0,50.0,9.7604,0
SN_012174,LOT_040,10.2966,10.8656,11.1074,11.1571,0,healthy,0.0,50.0,9.7604,0
SN_012175,LOT_040,8.1225,8.3477,8.5144,8.3426,0,healthy,0.0,50.0,9.7604,0
SN_012176,LOT_040,8.6228,,9.3403,9.3549,0,healthy,0.0,50.0,9.7604,0
SN_012177,LOT_040,11.2686,11.9862,12.5906,12.5361,0,healthy,0.0,50.0,9.7604,0
SN_012178,LOT_040,9.8278,10.8826,11.3252,11.534,0,healthy,0.0,50.0,9.7604,0
SN_012179,LOT_040,8.7481,9.6072,10.1075,10.2147,0,healthy,0.0,50.0,9.7604,0
SN_012180,LOT_040,8.3271,8.6214,8.6204,8.7252,0,healthy,0.0,50.0,9.7604,0
SN_012181,LOT_040,10.2502,11.2808,11.7377,11.8358,0,healthy,0.0,50.0,9.7604,0
SN_012182,LOT_040,12.5595,13.9529,14.6034,14.8816,0,healthy,0.0,50.0,9.7604,0
SN_012183,LOT_040,39.925,42.079,48.6889,54.4002,1,subtle_in_spec,0.6362,50.0,9.7604,0
SN_012184,LOT_040,8.7619,9.1546,9.397,9.4287,0,healthy,0.0,50.0,9.7604,0
SN_012185,LOT_040,9.6412,10.5393,10.7033,10.8371,0,healthy,0.0,50.0,9.7604,0
SN_012186,LOT_040,8.129,8.6537,8.7824,8.8308,0,healthy,0.0,50.0,9.7604,0
SN_012187,LOT_040,10.1098,10.7695,10.865,10.9437,0,healthy,0.0,50.0,9.7604,0
SN_012188,LOT_040,8.1203,8.9871,9.4858,9.4531,0,healthy,0.0,50.0,9.7604,0
SN_012189,LOT_040,11.4846,12.5414,13.0837,13.1929,0,healthy,0.0,50.0,9.7604,0
SN_012190,LOT_040,8.5184,9.3943,9.4907,9.5284,0,healthy,0.0,50.0,9.7604,0
SN_012191,LOT_040,7.5366,,8.0802,8.1721,0,healthy,0.0,50.0,9.7604,0
SN_012192,LOT_040,9.351,9.7822,9.8115,9.8149,0,healthy,0.0,50.0,9.7604,0
SN_012193,LOT_040,10.8637,11.3822,11.417,11.7938,0,healthy,0.0,50.0,9.7604,0
SN_012194,LOT_040,9.5973,,10.4867,10.5319,0,healthy,0.0,50.0,9.7604,0
SN_012195,LOT_040,9.8538,10.9836,11.2745,11.5493,0,healthy,0.0,50.0,9.7604,0
SN_012196,LOT_040,9.3049,10.3876,10.7374,10.9622,0,healthy,0.0,50.0,9.7604,0
SN_012197,LOT_040,7.4292,8.3044,8.7047,8.8456,0,healthy,0.0,50.0,9.7604,0
SN_012198,LOT_040,11.5517,12.6591,12.9361,13.2062,0,healthy,0.0,50.0,9.7604,0
SN_012199,LOT_040,7.7004,8.1933,8.3889,8.4015,0,healthy,0.0,50.0,9.7604,0
SN_012200,LOT_040,9.6265,,10.2396,10.0449,0,healthy,0.0,50.0,9.7604,0
SN_012201,LOT_040,7.9334,10.8137,19.8328,28.4997,1,electromigration,0.7157,50.0,9.7604,0
SN_012202,LOT_040,10.4712,11.2654,11.9328,11.9922,0,healthy,0.0,50.0,9.7604,0
SN_012203,LOT_040,9.8679,10.3028,10.5618,10.7697,0,healthy,0.0,50.0,9.7604,0
SN_012204,LOT_040,9.1204,10.2042,10.5942,11.0084,0,healthy,0.0,50.0,9.7604,0
SN_012205,LOT_040,9.4858,10.5638,11.0089,11.1522,0,healthy,0.0,50.0,9.7604,0
SN_012206,LOT_040,9.0566,10.1051,10.588,10.6524,0,healthy,0.0,50.0,9.7604,0
SN_012207,LOT_040,9.4347,10.4229,10.8059,10.851,0,healthy,0.0,50.0,9.7604,0
SN_012208,LOT_040,,9.24,9.4442,9.6826,0,healthy,0.0,50.0,9.7604,0
SN_012209,LOT_040,7.9764,8.8846,9.0832,9.162,0,healthy,0.0,50.0,9.7604,0
SN_012210,LOT_040,8.8389,9.3567,9.5087,9.5306,0,healthy,0.0,50.0,9.7604,0
SN_012211,LOT_040,7.4602,8.0213,8.3464,8.3545,0,healthy,0.0,50.0,9.7604,0
SN_012212,LOT_040,9.0515,10.0662,10.4608,10.7141,0,healthy,0.0,50.0,9.7604,0
SN_012213,LOT_040,10.0091,10.3369,10.4477,10.4297,0,healthy,0.0,50.0,9.7604,0
SN_012214,LOT_040,8.144,8.5698,8.7789,8.7695,0,healthy,0.0,50.0,9.7604,0
SN_012215,LOT_040,10.046,11.2973,11.7428,11.8726,0,healthy,0.0,50.0,9.7604,0
SN_012216,LOT_040,9.0634,10.0265,10.2883,10.4646,0,healthy,0.0,50.0,9.7604,0
SN_012217,LOT_040,11.1301,12.2363,12.8177,12.8579,0,healthy,0.0,50.0,9.7604,0
SN_012218,LOT_040,9.031,9.3078,9.4158,9.472,0,healthy,0.0,50.0,9.7604,0
SN_012219,LOT_040,9.4855,9.9709,10.213,10.1867,0,healthy,0.0,50.0,9.7604,0
SN_012220,LOT_040,8.0702,8.6963,9.0541,9.3096,0,healthy,0.0,50.0,9.7604,0
SN_012221,LOT_040,11.6294,12.1096,12.3632,12.3447,0,healthy,0.0,50.0,9.7604,0
SN_012222,LOT_040,6.5481,6.944,7.1115,7.0671,0,healthy,0.0,50.0,9.7604,0
SN_012223,LOT_040,11.6015,12.9339,13.579,13.5571,0,healthy,0.0,50.0,9.7604,0
SN_012224,LOT_040,10.0218,10.6174,10.7547,10.8019,0,healthy,0.0,50.0,9.7604,0
SN_012225,LOT_040,8.3272,,8.7072,8.8975,0,healthy,0.0,50.0,9.7604,0
SN_012226,LOT_040,8.7106,9.2309,9.2928,9.7089,0,healthy,0.0,50.0,9.7604,0
SN_012227,LOT_040,10.9237,11.7699,12.3608,12.3244,0,healthy,0.0,50.0,9.7604,0
SN_012228,LOT_040,8.8008,9.488,9.878,10.1007,0,healthy,0.0,50.0,9.7604,0
SN_012229,LOT_040,9.6139,9.9964,10.1365,10.366,0,healthy,0.0,50.0,9.7604,0
SN_012230,LOT_040,9.8543,10.9857,11.3342,11.5736,0,healthy,0.0,50.0,9.7604,0
SN_012231,LOT_040,9.6012,10.8717,11.2008,11.2811,0,healthy,0.0,50.0,9.7604,0
SN_012232,LOT_040,7.8299,8.7367,9.0396,9.2605,0,healthy,0.0,50.0,9.7604,0
SN_012233,LOT_040,8.3988,9.1906,9.3863,9.6237,0,healthy,0.0,50.0,9.7604,0
SN_012234,LOT_040,9.4853,10.4601,10.886,11.0845,0,healthy,0.0,50.0,9.7604,0
SN_012235,LOT_040,9.8871,10.9264,11.4121,11.4092,0,healthy,0.0,50.0,9.7604,0
SN_012236,LOT_040,9.8097,10.7262,11.1614,11.3884,0,healthy,0.0,50.0,9.7604,0
SN_012237,LOT_040,,9.0048,9.1791,9.3372,0,healthy,0.0,50.0,9.7604,0
SN_012238,LOT_040,9.4676,10.1952,10.5547,10.5047,0,healthy,0.0,50.0,9.7604,0
SN_012239,LOT_040,8.4289,8.9854,9.1118,9.3317,0,healthy,0.0,50.0,9.7604,0
SN_012240,LOT_040,10.5168,11.4276,11.9055,12.1419,0,healthy,0.0,50.0,9.7604,0
SN_012241,LOT_040,9.1236,9.6041,9.868,9.992,0,healthy,0.0,50.0,9.7604,0
SN_012242,LOT_040,9.5645,,11.0774,11.4203,0,healthy,0.0,50.0,9.7604,0
SN_012243,LOT_040,8.9384,9.8325,10.0344,10.1442,0,healthy,0.0,50.0,9.7604,0
SN_012244,LOT_040,10.2474,,11.3951,11.6147,0,healthy,0.0,50.0,9.7604,0
SN_012245,LOT_040,10.9646,12.054,11.991,12.307,0,healthy,0.0,50.0,9.7604,0
SN_012246,LOT_040,8.6212,9.5921,10.0107,10.1028,0,healthy,0.0,50.0,9.7604,0
SN_012247,LOT_040,8.182,8.5357,8.5976,8.6597,0,healthy,0.0,50.0,9.7604,0
SN_012248,LOT_040,8.6977,9.1447,9.0497,9.4516,0,healthy,0.0,50.0,9.7604,0
SN_012249,LOT_040,9.099,9.8172,10.0878,10.077,0,healthy,0.0,50.0,9.7604,0
SN_012250,LOT_040,9.2301,10.0495,10.2009,10.2402,0,healthy,0.0,50.0,9.7604,0
SN_012251,LOT_040,7.57,8.5594,8.8343,8.869,0,healthy,0.0,50.0,9.7604,0
SN_012252,LOT_040,10.2956,11.1437,11.6826,11.9131,0,healthy,0.0,50.0,9.7604,0
SN_012253,LOT_040,9.5308,10.878,11.1957,11.469,0,healthy,0.0,50.0,9.7604,0
SN_012254,LOT_040,8.9373,9.9545,10.3952,10.5416,0,healthy,0.0,50.0,9.7604,0
SN_012255,LOT_040,9.1252,10.0689,10.2942,10.3526,0,healthy,0.0,50.0,9.7604,0
SN_012256,LOT_040,8.5115,9.6514,9.7985,10.1929,0,healthy,0.0,50.0,9.7604,0
SN_012257,LOT_040,12.267,13.086,13.4091,13.3716,0,healthy,0.0,50.0,9.7604,0
SN_012258,LOT_040,11.2859,11.9628,12.1819,12.3095,0,healthy,0.0,50.0,9.7604,0
SN_012259,LOT_040,,9.3338,9.605,9.7472,0,healthy,0.0,50.0,9.7604,0
SN_012260,LOT_040,8.588,9.0189,9.0801,9.0703,0,healthy,0.0,50.0,9.7604,0
SN_012261,LOT_040,,,10.6706,10.8814,0,healthy,0.0,50.0,9.7604,0
SN_012262,LOT_040,7.9697,8.393,8.5887,8.8364,0,healthy,0.0,50.0,9.7604,0
SN_012263,LOT_040,9.8385,10.7495,11.2459,11.2872,0,healthy,0.0,50.0,9.7604,0
SN_012264,LOT_040,9.2907,10.638,10.8655,11.0962,0,healthy,0.0,50.0,9.7604,0
SN_012265,LOT_040,12.2162,13.451,13.8202,13.9463,0,healthy,0.0,50.0,9.7604,0
SN_012266,LOT_040,9.9201,10.4274,10.6009,10.5809,0,healthy,0.0,50.0,9.7604,0
SN_012267,LOT_040,9.2054,10.0386,10.6117,10.8711,0,healthy,0.0,50.0,9.7604,0
SN_012268,LOT_040,11.0382,12.0123,12.4842,12.6698,0,healthy,0.0,50.0,9.7604,0
SN_012269,LOT_040,10.4527,11.1531,11.1815,11.3566,0,healthy,0.0,50.0,9.7604,0
SN_012270,LOT_040,12.8326,14.336,14.9418,15.1433,0,healthy,0.0,50.0,9.7604,0
SN_012271,LOT_040,11.0009,12.0162,12.3871,12.4481,0,healthy,0.0,50.0,9.7604,0
SN_012272,LOT_040,7.5972,8.0846,8.3516,8.4647,0,healthy,0.0,50.0,9.7604,0
SN_012273,LOT_040,13.0959,13.9778,14.2311,14.3044,0,healthy,0.0,50.0,9.7604,0
SN_012274,LOT_040,8.4337,8.9463,8.936,9.0332,0,healthy,0.0,50.0,9.7604,0
SN_012275,LOT_040,10.8386,11.2287,11.3401,11.3569,0,healthy,0.0,50.0,9.7604,0
SN_012276,LOT_040,9.3458,10.1632,10.4086,10.3404,0,healthy,0.0,50.0,9.7604,0
SN_012277,LOT_040,10.0341,11.085,11.511,11.6959,0,healthy,0.0,50.0,9.7604,0
SN_012278,LOT_040,10.7378,11.6098,11.7726,11.8919,0,healthy,0.0,50.0,9.7604,0
SN_012279,LOT_040,8.6051,9.0384,9.2425,9.3232,0,healthy,0.0,50.0,9.7604,0
SN_012280,LOT_040,9.5213,10.1352,10.2817,10.3024,0,healthy,0.0,50.0,9.7604,0
SN_012281,LOT_040,9.2704,10.2366,10.6167,10.6969,0,healthy,0.0,50.0,9.7604,0
SN_012282,LOT_040,11.6292,12.7028,13.5554,13.7011,0,healthy,0.0,50.0,9.7604,0
SN_012283,LOT_040,11.2893,11.6863,12.0747,11.9597,0,healthy,0.0,50.0,9.7604,0
SN_012284,LOT_040,7.8615,8.8121,9.1108,9.2888,0,healthy,0.0,50.0,9.7604,0
SN_012285,LOT_040,9.4407,10.2618,10.6191,10.5642,0,healthy,0.0,50.0,9.7604,0
SN_012286,LOT_040,9.268,10.2993,10.6509,10.8902,0,healthy,0.0,50.0,9.7604,0
SN_012287,LOT_040,9.2048,10.3903,10.8304,10.8328,0,healthy,0.0,50.0,9.7604,0
SN_012288,LOT_040,6.6815,7.2325,7.5505,7.7478,0,healthy,0.0,50.0,9.7604,0
SN_012289,LOT_040,8.099,8.6941,8.9664,9.238,0,healthy,0.0,50.0,9.7604,0
SN_012290,LOT_040,8.8457,9.3617,9.6548,9.8857,0,healthy,0.0,50.0,9.7604,0
SN_012291,LOT_040,9.1099,,10.606,11.0292,0,healthy,0.0,50.0,9.7604,0
SN_012292,LOT_040,9.7205,10.2723,10.8195,10.9748,0,healthy,0.0,50.0,9.7604,0
SN_012293,LOT_040,12.9977,14.5013,15.2714,15.5665,0,healthy,0.0,50.0,9.7604,0
SN_012294,LOT_040,10.7641,11.4708,11.8401,12.0491,0,healthy,0.0,50.0,9.7604,0
SN_012295,LOT_040,9.9655,10.5243,10.7727,10.7933,0,healthy,0.0,50.0,9.7604,0
SN_012296,LOT_040,9.4394,9.8928,10.1107,10.3129,0,healthy,0.0,50.0,9.7604,0
SN_012297,LOT_040,8.9553,9.477,9.8268,10.1113,0,healthy,0.0,50.0,9.7604,0
SN_012298,LOT_040,9.8179,10.5171,10.9037,10.8264,0,healthy,0.0,50.0,9.7604,0
SN_012299,LOT_040,9.2125,9.9951,10.2672,10.3928,0,healthy,0.0,50.0,9.7604,0
SN_012300,LOT_040,10.5087,10.8569,10.9467,11.1931,0,healthy,0.0,50.0,9.7604,0
SN_012301,LOT_040,10.354,10.9383,11.3574,11.6718,0,healthy,0.0,50.0,9.7604,0
SN_012302,LOT_040,10.1914,,10.9272,11.0978,0,healthy,0.0,50.0,9.7604,0
SN_012303,LOT_040,13.4777,14.5484,14.9552,15.3279,0,healthy,0.0,50.0,9.7604,0
SN_012304,LOT_040,10.2802,10.7634,11.1007,11.1123,0,healthy,0.0,50.0,9.7604,0
SN_012305,LOT_040,8.7982,9.7252,10.0034,10.3081,0,healthy,0.0,50.0,9.7604,0
SN_012306,LOT_040,10.9564,11.9792,11.9548,12.089,0,healthy,0.0,50.0,9.7604,0
SN_012307,LOT_040,9.1465,10.3874,10.6823,10.8593,0,healthy,0.0,50.0,9.7604,0
SN_012308,LOT_040,8.1452,9.2785,9.5317,9.5851,0,healthy,0.0,50.0,9.7604,0
SN_012309,LOT_040,8.1805,8.7738,9.0284,9.0736,0,healthy,0.0,50.0,9.7604,0
SN_012310,LOT_040,9.9965,10.5663,10.9426,10.9646,0,healthy,0.0,50.0,9.7604,0
SN_012311,LOT_040,9.8931,10.5033,10.6911,10.8722,0,healthy,0.0,50.0,9.7604,0
SN_012312,LOT_040,9.88,11.0834,11.6132,11.7016,0,healthy,0.0,50.0,9.7604,0
SN_012313,LOT_041,9.3699,9.6399,9.774,10.0229,0,healthy,0.0,50.0,9.3038,0
SN_012314,LOT_041,11.1171,12.16,12.4994,12.8637,0,healthy,0.0,50.0,9.3038,0
SN_012315,LOT_041,11.243,11.9169,12.0459,12.2553,0,healthy,0.0,50.0,9.3038,0
SN_012316,LOT_041,9.3891,10.0903,10.5152,10.5886,0,healthy,0.0,50.0,9.3038,0
SN_012317,LOT_041,8.7414,9.4669,9.7487,9.8421,0,healthy,0.0,50.0,9.3038,0
SN_012318,LOT_041,8.7476,9.664,10.0955,10.1372,0,healthy,0.0,50.0,9.3038,0
SN_012319,LOT_041,,10.8687,11.2668,11.3592,0,healthy,0.0,50.0,9.3038,0
SN_012320,LOT_041,9.2645,9.744,10.0664,10.0977,0,healthy,0.0,50.0,9.3038,0
SN_012321,LOT_041,10.0064,11.0819,11.5503,11.4218,0,healthy,0.0,50.0,9.3038,0
SN_012322,LOT_041,8.5988,9.1789,9.2388,9.3883,0,healthy,0.0,50.0,9.3038,0
SN_012323,LOT_041,10.8368,11.4315,11.8575,12.1135,0,healthy,0.0,50.0,9.3038,0
SN_012324,LOT_041,9.97,10.4108,10.7728,10.7406,0,healthy,0.0,50.0,9.3038,0
SN_012325,LOT_041,9.2949,10.1851,10.5336,10.7838,0,healthy,0.0,50.0,9.3038,0
SN_012326,LOT_041,8.6034,9.7388,10.0063,10.2362,0,healthy,0.0,50.0,9.3038,0
SN_012327,LOT_041,8.4086,8.7765,8.948,8.9204,0,healthy,0.0,50.0,9.3038,0
SN_012328,LOT_041,8.504,9.3352,9.8345,10.08,0,healthy,0.0,50.0,9.3038,0
SN_012329,LOT_041,9.7559,,11.2383,11.2832,0,healthy,0.0,50.0,9.3038,0
SN_012330,LOT_041,9.727,10.451,10.4371,10.5011,0,healthy,0.0,50.0,9.3038,0
SN_012331,LOT_041,9.5598,10.4483,10.7189,10.9817,0,healthy,0.0,50.0,9.3038,0
SN_012332,LOT_041,9.1616,9.9214,10.0774,10.3603,0,healthy,0.0,50.0,9.3038,0
SN_012333,LOT_041,9.8187,10.4379,10.7689,10.767,0,healthy,0.0,50.0,9.3038,0
SN_012334,LOT_041,8.2321,8.8965,9.2377,9.4185,0,healthy,0.0,50.0,9.3038,0
SN_012335,LOT_041,8.7769,9.6018,9.868,9.9729,0,healthy,0.0,50.0,9.3038,0
SN_012336,LOT_041,9.2979,10.357,10.7852,11.1617,0,healthy,0.0,50.0,9.3038,0
SN_012337,LOT_041,9.0888,9.6584,9.98,10.1115,0,healthy,0.0,50.0,9.3038,0
SN_012338,LOT_041,10.6098,11.4984,11.7008,11.8294,0,healthy,0.0,50.0,9.3038,0
SN_012339,LOT_041,8.3045,9.45,9.7977,9.6719,0,healthy,0.0,50.0,9.3038,0
SN_012340,LOT_041,9.0694,9.7446,9.847,9.9613,0,healthy,0.0,50.0,9.3038,0
SN_012341,LOT_041,8.5474,8.911,9.1234,9.0535,0,healthy,0.0,50.0,9.3038,0
SN_012342,LOT_041,9.1597,9.7952,10.0688,10.1474,0,healthy,0.0,50.0,9.3038,0
SN_012343,LOT_041,8.7917,9.9229,10.4201,10.4091,0,healthy,0.0,50.0,9.3038,0
SN_012344,LOT_041,8.7998,9.9818,10.1377,10.4454,0,healthy,0.0,50.0,9.3038,0
SN_012345,LOT_041,7.9594,8.8747,9.213,9.4837,0,healthy,0.0,50.0,9.3038,0
SN_012346,LOT_041,9.7624,10.3328,10.4434,10.4916,0,healthy,0.0,50.0,9.3038,0
SN_012347,LOT_041,9.1473,10.0055,10.2406,10.4312,0,healthy,0.0,50.0,9.3038,0
SN_012348,LOT_041,7.917,8.8566,9.063,9.313,0,healthy,0.0,50.0,9.3038,0
SN_012349,LOT_041,10.2098,10.2987,13.6643,20.2983,1,tddb_dielectric,0.166,50.0,9.3038,0
SN_012350,LOT_041,,11.3207,11.6546,11.8093,0,healthy,0.0,50.0,9.3038,0
SN_012351,LOT_041,9.419,10.4973,10.6592,11.0455,0,healthy,0.0,50.0,9.3038,0
SN_012352,LOT_041,10.1895,10.9613,11.3978,11.4223,0,healthy,0.0,50.0,9.3038,0
SN_012353,LOT_041,10.9032,11.3241,11.5726,11.5256,0,healthy,0.0,50.0,9.3038,0
SN_012354,LOT_041,8.7696,9.4182,9.6284,9.7534,0,healthy,0.0,50.0,9.3038,0
SN_012355,LOT_041,9.4438,10.488,10.8014,11.0002,0,healthy,0.0,50.0,9.3038,0
SN_012356,LOT_041,,9.5404,9.607,9.7998,0,healthy,0.0,50.0,9.3038,0
SN_012357,LOT_041,11.3958,12.6894,13.4005,13.2401,0,healthy,0.0,50.0,9.3038,0
SN_012358,LOT_041,,8.9718,9.3175,9.3975,0,healthy,0.0,50.0,9.3038,0
SN_012359,LOT_041,9.3509,9.8335,9.7708,10.0838,0,healthy,0.0,50.0,9.3038,0
SN_012360,LOT_041,10.1323,11.4284,11.891,11.971,0,healthy,0.0,50.0,9.3038,0
SN_012361,LOT_041,8.9854,9.3465,9.4365,9.5409,0,healthy,0.0,50.0,9.3038,0
SN_012362,LOT_041,,11.4697,11.7956,11.8875,0,healthy,0.0,50.0,9.3038,0
SN_012363,LOT_041,10.1152,10.4874,10.5565,10.6842,0,healthy,0.0,50.0,9.3038,0
SN_012364,LOT_041,8.5172,8.962,9.0499,9.1987,0,healthy,0.0,50.0,9.3038,0
SN_012365,LOT_041,8.1305,8.5792,8.97,8.898,0,healthy,0.0,50.0,9.3038,0
SN_012366,LOT_041,9.6021,10.3356,10.6067,10.6099,0,healthy,0.0,50.0,9.3038,0
SN_012367,LOT_041,10.5994,,11.3131,11.6028,0,healthy,0.0,50.0,9.3038,0
SN_012368,LOT_041,9.401,9.6081,9.8996,9.8875,0,healthy,0.0,50.0,9.3038,0
SN_012369,LOT_041,10.2616,10.7042,11.0713,11.2108,0,healthy,0.0,50.0,9.3038,0
SN_012370,LOT_041,9.6057,10.0114,10.1004,9.9895,0,healthy,0.0,50.0,9.3038,0
SN_012371,LOT_041,9.9366,11.078,11.4122,11.6958,0,healthy,0.0,50.0,9.3038,0
SN_012372,LOT_041,9.2709,9.6613,9.7397,9.9014,0,healthy,0.0,50.0,9.3038,0
SN_012373,LOT_041,7.9814,8.4623,8.6611,8.7926,0,healthy,0.0,50.0,9.3038,0
SN_012374,LOT_041,9.6097,10.2451,10.4436,10.729,0,healthy,0.0,50.0,9.3038,0
SN_012375,LOT_041,,,9.4394,9.4261,0,healthy,0.0,50.0,9.3038,0
SN_012376,LOT_041,9.0611,9.9228,9.9723,10.2069,0,healthy,0.0,50.0,9.3038,0
SN_012377,LOT_041,9.4678,10.0104,10.1487,10.3681,0,healthy,0.0,50.0,9.3038,0
SN_012378,LOT_041,8.3913,9.2107,9.6519,9.743,0,healthy,0.0,50.0,9.3038,0
SN_012379,LOT_041,7.3908,8.1291,8.2698,8.4978,0,healthy,0.0,50.0,9.3038,0
SN_012380,LOT_041,8.7936,9.3923,9.5777,9.7622,0,healthy,0.0,50.0,9.3038,0
SN_012381,LOT_041,7.5245,8.1349,8.3831,8.4884,0,healthy,0.0,50.0,9.3038,0
SN_012382,LOT_041,9.103,9.642,9.9272,10.0836,0,healthy,0.0,50.0,9.3038,0
SN_012383,LOT_041,9.6212,10.5615,10.8559,11.0813,0,healthy,0.0,50.0,9.3038,0
SN_012384,LOT_041,10.5887,11.8268,12.2378,12.3809,0,healthy,0.0,50.0,9.3038,0
SN_012385,LOT_041,,13.851,14.2359,14.4048,0,healthy,0.0,50.0,9.3038,0
SN_012386,LOT_041,8.5751,9.1089,9.0941,9.1948,0,healthy,0.0,50.0,9.3038,0
SN_012387,LOT_041,9.5819,10.7412,11.0917,11.2103,0,healthy,0.0,50.0,9.3038,0
SN_012388,LOT_041,8.3211,9.3842,9.6326,9.7774,0,healthy,0.0,50.0,9.3038,0
SN_012389,LOT_041,9.3072,10.0224,10.5322,10.8338,0,healthy,0.0,50.0,9.3038,0
SN_012390,LOT_041,10.5962,11.5124,12.094,12.3754,0,healthy,0.0,50.0,9.3038,0
SN_012391,LOT_041,,11.387,11.7773,11.75,0,healthy,0.0,50.0,9.3038,0
SN_012392,LOT_041,10.1036,10.3242,10.4475,10.6426,0,healthy,0.0,50.0,9.3038,0
SN_012393,LOT_041,9.6516,10.2319,10.197,10.2043,0,healthy,0.0,50.0,9.3038,0
SN_012394,LOT_041,11.1228,12.1249,12.5592,12.8268,0,healthy,0.0,50.0,9.3038,0
SN_012395,LOT_041,7.1566,7.6881,7.715,7.8792,0,healthy,0.0,50.0,9.3038,0
SN_012396,LOT_041,9.4287,9.8507,9.9026,9.9382,0,healthy,0.0,50.0,9.3038,0
SN_012397,LOT_041,9.4569,9.9336,10.1055,10.3395,0,healthy,0.0,50.0,9.3038,0
SN_012398,LOT_041,7.3694,8.3358,8.7236,8.6822,0,healthy,0.0,50.0,9.3038,0
SN_012399,LOT_041,8.5389,8.7896,9.1116,9.2639,0,healthy,0.0,50.0,9.3038,0
SN_012400,LOT_041,8.6181,9.0437,9.2842,9.3884,0,healthy,0.0,50.0,9.3038,0
SN_012401,LOT_041,8.2654,8.8556,9.1243,9.3472,0,healthy,0.0,50.0,9.3038,0
SN_012402,LOT_041,10.1501,10.6518,10.6979,10.8904,0,healthy,0.0,50.0,9.3038,0
SN_012403,LOT_041,8.8056,9.3331,9.6026,9.7605,0,healthy,0.0,50.0,9.3038,0
SN_012404,LOT_041,8.1026,9.1018,9.384,9.5489,0,healthy,0.0,50.0,9.3038,0
SN_012405,LOT_041,9.2674,,10.3501,10.4646,0,healthy,0.0,50.0,9.3038,0
SN_012406,LOT_041,9.1986,9.8233,9.844,9.8817,0,healthy,0.0,50.0,9.3038,0
SN_012407,LOT_041,9.5355,9.8555,10.0793,10.0527,0,healthy,0.0,50.0,9.3038,0
SN_012408,LOT_041,8.5292,9.1475,9.4043,9.2291,0,healthy,0.0,50.0,9.3038,0
SN_012409,LOT_041,,10.906,11.1424,11.5248,0,healthy,0.0,50.0,9.3038,0
SN_012410,LOT_041,9.198,9.5393,9.7631,9.8668,0,healthy,0.0,50.0,9.3038,0
SN_012411,LOT_041,11.3539,11.8089,11.896,12.008,0,healthy,0.0,50.0,9.3038,0
SN_012412,LOT_041,8.1442,8.9308,9.3585,9.6893,0,healthy,0.0,50.0,9.3038,0
SN_012413,LOT_041,7.5194,7.9976,8.246,8.4282,0,healthy,0.0,50.0,9.3038,0
SN_012414,LOT_041,10.3642,11.2712,11.8852,11.924,0,healthy,0.0,50.0,9.3038,0
SN_012415,LOT_041,9.2934,10.0681,10.3486,10.6253,0,healthy,0.0,50.0,9.3038,0
SN_012416,LOT_041,9.6224,10.4439,10.4753,10.682,0,healthy,0.0,50.0,9.3038,0
SN_012417,LOT_041,10.045,11.3532,11.7147,11.9058,0,healthy,0.0,50.0,9.3038,0
SN_012418,LOT_041,8.4602,9.0624,9.6318,9.7827,0,healthy,0.0,50.0,9.3038,0
SN_012419,LOT_041,9.5017,9.9955,10.2094,10.3385,0,healthy,0.0,50.0,9.3038,0
SN_012420,LOT_041,7.3747,8.4136,8.443,8.5545,0,healthy,0.0,50.0,9.3038,0
SN_012421,LOT_041,6.8438,7.3546,7.5961,7.5286,0,healthy,0.0,50.0,9.3038,0
SN_012422,LOT_041,9.9448,10.4147,10.7815,10.8821,0,healthy,0.0,50.0,9.3038,0
SN_012423,LOT_041,8.8131,9.184,9.3792,9.5596,0,healthy,0.0,50.0,9.3038,0
SN_012424,LOT_041,,,9.4049,9.3853,0,healthy,0.0,50.0,9.3038,0
SN_012425,LOT_041,9.9525,10.6944,10.8557,11.2825,0,healthy,0.0,50.0,9.3038,0
SN_012426,LOT_041,10.0587,10.4604,10.6482,10.7059,0,healthy,0.0,50.0,9.3038,0
SN_012427,LOT_041,8.8033,9.2808,9.2692,9.4634,0,healthy,0.0,50.0,9.3038,0
SN_012428,LOT_041,8.7776,9.4478,9.6437,9.7874,0,healthy,0.0,50.0,9.3038,0
SN_012429,LOT_041,11.4006,11.9613,12.2143,12.1679,0,healthy,0.0,50.0,9.3038,0
SN_012430,LOT_041,9.1146,9.6885,9.721,9.7474,0,healthy,0.0,50.0,9.3038,0
SN_012431,LOT_041,10.5604,10.9738,11.1092,11.4613,0,healthy,0.0,50.0,9.3038,0
SN_012432,LOT_041,10.1238,10.7397,10.959,11.0926,0,healthy,0.0,50.0,9.3038,0
SN_012433,LOT_041,7.9148,,8.8322,8.9672,0,healthy,0.0,50.0,9.3038,0
SN_012434,LOT_041,9.3601,9.9613,10.1543,10.3566,0,healthy,0.0,50.0,9.3038,0
SN_012435,LOT_041,9.4129,,10.2741,10.2434,0,healthy,0.0,50.0,9.3038,0
SN_012436,LOT_041,9.0113,9.3525,9.6169,9.7219,0,healthy,0.0,50.0,9.3038,0
SN_012437,LOT_041,11.0537,12.0154,12.6965,13.0517,0,healthy,0.0,50.0,9.3038,0
SN_012438,LOT_041,9.0721,9.7466,10.0041,10.1308,0,healthy,0.0,50.0,9.3038,0
SN_012439,LOT_041,8.5165,9.1497,9.359,9.3251,0,healthy,0.0,50.0,9.3038,0
SN_012440,LOT_041,8.4613,9.3384,9.7978,9.8875,0,healthy,0.0,50.0,9.3038,0
SN_012441,LOT_041,7.8679,9.1203,9.6929,9.9965,1,nbti_ageing,0.0474,50.0,9.3038,0
SN_012442,LOT_041,9.5115,10.8808,11.0835,11.2221,0,healthy,0.0,50.0,9.3038,0
SN_012443,LOT_041,8.894,9.8875,10.1776,10.3803,0,healthy,0.0,50.0,9.3038,0
SN_012444,LOT_041,9.0808,9.9649,10.4897,10.7274,0,healthy,0.0,50.0,9.3038,0
SN_012445,LOT_041,8.6979,9.2226,9.3307,9.4432,0,healthy,0.0,50.0,9.3038,0
SN_012446,LOT_041,8.942,9.8374,10.0741,10.1836,0,healthy,0.0,50.0,9.3038,0
SN_012447,LOT_041,8.2805,9.0873,9.4343,9.6128,0,healthy,0.0,50.0,9.3038,0
SN_012448,LOT_041,8.7209,12.4597,15.1132,16.5319,1,nbti_ageing,0.4566,50.0,9.3038,0
SN_012449,LOT_041,9.32,9.877,10.4726,10.4479,0,healthy,0.0,50.0,9.3038,0
SN_012450,LOT_041,8.8621,9.7219,10.0751,10.0224,0,healthy,0.0,50.0,9.3038,0
SN_012451,LOT_041,,,9.4837,9.6489,0,healthy,0.0,50.0,9.3038,0
SN_012452,LOT_041,8.9924,9.2933,9.3778,9.5817,0,healthy,0.0,50.0,9.3038,0
SN_012453,LOT_041,8.4743,8.9555,9.214,9.18,0,healthy,0.0,50.0,9.3038,0
SN_012454,LOT_041,7.9038,8.7206,9.1617,9.4788,0,healthy,0.0,50.0,9.3038,0
SN_012455,LOT_041,11.9029,12.8154,12.9555,13.0425,0,healthy,0.0,50.0,9.3038,0
SN_012456,LOT_041,9.5448,10.3325,10.6672,10.9267,0,healthy,0.0,50.0,9.3038,0
SN_012457,LOT_041,11.4799,12.3072,12.4112,12.689,0,healthy,0.0,50.0,9.3038,0
SN_012458,LOT_041,8.9824,9.6821,9.8169,9.9438,0,healthy,0.0,50.0,9.3038,0
SN_012459,LOT_041,9.3214,10.1356,10.5619,10.899,0,healthy,0.0,50.0,9.3038,0
SN_012460,LOT_041,8.8741,10.0715,10.3648,10.5682,0,healthy,0.0,50.0,9.3038,0
SN_012461,LOT_041,8.5853,9.2324,9.4594,9.5656,0,healthy,0.0,50.0,9.3038,0
SN_012462,LOT_041,9.955,10.8748,10.9808,11.1739,0,healthy,0.0,50.0,9.3038,0
SN_012463,LOT_041,12.4947,13.2544,13.4713,13.7598,0,healthy,0.0,50.0,9.3038,0
SN_012464,LOT_041,9.3431,9.6408,9.9033,10.0744,0,healthy,0.0,50.0,9.3038,0
SN_012465,LOT_041,9.4889,10.8797,11.0508,11.3361,0,healthy,0.0,50.0,9.3038,0
SN_012466,LOT_041,10.349,11.3504,11.6432,11.7618,0,healthy,0.0,50.0,9.3038,0
SN_012467,LOT_041,10.0447,11.141,11.6409,11.9536,0,healthy,0.0,50.0,9.3038,0
SN_012468,LOT_041,10.3277,11.2545,11.5359,11.7818,0,healthy,0.0,50.0,9.3038,0
SN_012469,LOT_041,8.2981,8.5295,8.6522,8.755,0,healthy,0.0,50.0,9.3038,0
SN_012470,LOT_041,9.2082,10.0772,10.2589,10.2496,0,healthy,0.0,50.0,9.3038,0
SN_012471,LOT_041,9.1625,9.9849,10.1586,10.296,0,healthy,0.0,50.0,9.3038,0
SN_012472,LOT_041,8.6508,9.287,9.3598,9.4978,0,healthy,0.0,50.0,9.3038,0
SN_012473,LOT_041,9.4396,10.5811,10.8221,11.0389,0,healthy,0.0,50.0,9.3038,0
SN_012474,LOT_041,8.8095,9.4844,9.8824,9.8043,0,healthy,0.0,50.0,9.3038,0
SN_012475,LOT_041,9.4012,10.3077,10.5247,10.8587,0,healthy,0.0,50.0,9.3038,0
SN_012476,LOT_041,10.5529,11.5107,11.7802,11.8271,0,healthy,0.0,50.0,9.3038,0
SN_012477,LOT_041,10.6327,11.1965,11.2946,11.6628,0,healthy,0.0,50.0,9.3038,0
SN_012478,LOT_041,9.6002,10.1085,10.4698,10.6608,0,healthy,0.0,50.0,9.3038,0
SN_012479,LOT_041,9.3445,10.3773,10.9041,11.0503,0,healthy,0.0,50.0,9.3038,0
SN_012480,LOT_041,10.4945,10.9667,11.3896,11.3836,0,healthy,0.0,50.0,9.3038,0
SN_012481,LOT_041,10.5501,11.4237,11.6737,11.8676,0,healthy,0.0,50.0,9.3038,0
SN_012482,LOT_041,,10.7472,11.2132,11.0966,0,healthy,0.0,50.0,9.3038,0
SN_012483,LOT_041,8.9053,,9.7282,9.7691,0,healthy,0.0,50.0,9.3038,0
SN_012484,LOT_041,11.0419,12.6077,12.9511,13.0639,0,healthy,0.0,50.0,9.3038,0
SN_012485,LOT_041,8.4526,8.7918,8.9196,9.0646,0,healthy,0.0,50.0,9.3038,0
SN_012486,LOT_041,9.0871,10.2376,10.5658,10.8151,0,healthy,0.0,50.0,9.3038,0
SN_012487,LOT_041,9.1775,10.4247,10.8108,10.8888,0,healthy,0.0,50.0,9.3038,0
SN_012488,LOT_041,9.1962,10.4417,10.7465,10.997,0,healthy,0.0,50.0,9.3038,0
SN_012489,LOT_041,8.4708,8.8665,9.0845,9.3925,0,healthy,0.0,50.0,9.3038,0
SN_012490,LOT_041,8.5672,9.262,9.4967,9.6432,0,healthy,0.0,50.0,9.3038,0
SN_012491,LOT_041,8.5835,9.5944,9.7569,9.9385,0,healthy,0.0,50.0,9.3038,0
SN_012492,LOT_041,9.0469,9.3633,9.5104,9.6151,0,healthy,0.0,50.0,9.3038,0
SN_012493,LOT_041,10.7534,11.5466,11.8486,11.8522,0,healthy,0.0,50.0,9.3038,0
SN_012494,LOT_041,9.0825,9.6641,10.0638,10.0954,0,healthy,0.0,50.0,9.3038,0
SN_012495,LOT_041,10.739,11.7035,11.7868,12.1465,0,healthy,0.0,50.0,9.3038,0
SN_012496,LOT_041,10.5762,,11.4458,11.5046,0,healthy,0.0,50.0,9.3038,0
SN_012497,LOT_041,9.3327,10.0264,10.0328,10.2007,0,healthy,0.0,50.0,9.3038,0
SN_012498,LOT_041,10.4178,11.3891,11.5249,11.8461,0,healthy,0.0,50.0,9.3038,0
SN_012499,LOT_041,9.3139,10.6164,10.7889,11.0992,0,healthy,0.0,50.0,9.3038,0
SN_012500,LOT_041,9.876,10.2876,10.6957,10.7111,0,healthy,0.0,50.0,9.3038,0
SN_012501,LOT_041,9.2731,,9.7694,9.8095,0,healthy,0.0,50.0,9.3038,0
SN_012502,LOT_041,6.9297,7.0746,7.3228,7.3712,0,healthy,0.0,50.0,9.3038,0
SN_012503,LOT_041,8.0405,9.0586,9.3021,9.3901,0,healthy,0.0,50.0,9.3038,0
SN_012504,LOT_041,10.9085,11.8562,12.1402,12.4572,0,healthy,0.0,50.0,9.3038,0
SN_012505,LOT_041,9.3443,9.7018,10.0367,9.9986,0,healthy,0.0,50.0,9.3038,0
SN_012506,LOT_041,8.6321,9.4973,9.9043,10.0189,0,healthy,0.0,50.0,9.3038,0
SN_012507,LOT_041,10.076,10.6104,10.6474,10.7846,0,healthy,0.0,50.0,9.3038,0
SN_012508,LOT_041,9.6557,10.2383,10.3735,10.733,0,healthy,0.0,50.0,9.3038,0
SN_012509,LOT_041,9.7671,11.0293,11.5228,11.6558,0,healthy,0.0,50.0,9.3038,0
SN_012510,LOT_041,9.2959,9.9918,10.5236,10.5369,0,healthy,0.0,50.0,9.3038,0
SN_012511,LOT_041,8.574,,9.5468,9.6592,0,healthy,0.0,50.0,9.3038,0
SN_012512,LOT_041,9.4813,10.141,10.2907,10.4652,0,healthy,0.0,50.0,9.3038,0
SN_012513,LOT_041,10.162,10.7399,10.9253,11.0033,0,healthy,0.0,50.0,9.3038,0
SN_012514,LOT_041,7.7086,8.5844,9.0255,8.8936,0,healthy,0.0,50.0,9.3038,0
SN_012515,LOT_041,10.7582,11.1366,11.4032,11.4889,0,healthy,0.0,50.0,9.3038,0
SN_012516,LOT_041,7.5531,7.9228,8.1523,8.2473,0,healthy,0.0,50.0,9.3038,0
SN_012517,LOT_041,,10.4117,10.7424,10.9336,0,healthy,0.0,50.0,9.3038,0
SN_012518,LOT_041,10.0308,10.4847,10.8356,11.1258,0,healthy,0.0,50.0,9.3038,0
SN_012519,LOT_041,10.0434,10.703,10.7213,10.838,0,healthy,0.0,50.0,9.3038,0
SN_012520,LOT_041,10.1659,10.5771,10.8747,11.0211,0,healthy,0.0,50.0,9.3038,0
SN_012521,LOT_041,10.0541,10.5156,10.4993,10.7146,0,healthy,0.0,50.0,9.3038,0
SN_012522,LOT_041,8.9053,9.4741,9.6056,9.7127,0,healthy,0.0,50.0,9.3038,0
SN_012523,LOT_041,9.0987,9.8372,9.991,10.14,0,healthy,0.0,50.0,9.3038,0
SN_012524,LOT_041,10.3201,10.6962,10.7883,10.9337,0,healthy,0.0,50.0,9.3038,0
SN_012525,LOT_041,11.316,12.7737,12.9451,13.0275,0,healthy,0.0,50.0,9.3038,0
SN_012526,LOT_041,9.0115,9.3298,9.3748,9.6397,0,healthy,0.0,50.0,9.3038,0
SN_012527,LOT_041,9.8753,10.3598,10.804,10.5997,0,healthy,0.0,50.0,9.3038,0
SN_012528,LOT_041,8.7194,9.1191,9.162,9.3451,0,healthy,0.0,50.0,9.3038,0
SN_012529,LOT_041,10.0747,10.7797,11.2252,11.5568,0,healthy,0.0,50.0,9.3038,0
SN_012530,LOT_041,9.1754,9.3663,9.5208,9.5997,0,healthy,0.0,50.0,9.3038,0
SN_012531,LOT_041,9.8919,10.9536,11.2652,11.4145,0,healthy,0.0,50.0,9.3038,0
SN_012532,LOT_041,9.5772,10.0683,10.1801,10.0993,0,healthy,0.0,50.0,9.3038,0
SN_012533,LOT_041,9.2817,9.9545,9.905,9.9766,0,healthy,0.0,50.0,9.3038,0
SN_012534,LOT_041,10.6927,12.1289,12.3102,12.7926,0,healthy,0.0,50.0,9.3038,0
SN_012535,LOT_041,10.2627,11.1867,11.4036,11.5143,0,healthy,0.0,50.0,9.3038,0
SN_012536,LOT_041,9.4006,9.922,10.1885,10.3536,0,healthy,0.0,50.0,9.3038,0
SN_012537,LOT_041,9.3422,10.2476,10.5663,10.854,0,healthy,0.0,50.0,9.3038,0
SN_012538,LOT_041,8.9337,9.5176,9.8031,9.7423,0,healthy,0.0,50.0,9.3038,0
SN_012539,LOT_041,9.8779,11.1659,11.1514,11.321,0,healthy,0.0,50.0,9.3038,0
SN_012540,LOT_041,8.288,8.6438,8.7823,8.8118,0,healthy,0.0,50.0,9.3038,0
SN_012541,LOT_041,10.474,11.551,11.7171,11.7285,0,healthy,0.0,50.0,9.3038,0
SN_012542,LOT_041,8.9468,9.6632,9.7204,9.88,0,healthy,0.0,50.0,9.3038,0
SN_012543,LOT_041,8.0039,8.7719,8.8997,8.9848,0,healthy,0.0,50.0,9.3038,0
SN_012544,LOT_041,11.6941,12.8693,13.4686,13.6866,0,healthy,0.0,50.0,9.3038,0
SN_012545,LOT_041,8.849,9.3527,9.4618,9.555,0,healthy,0.0,50.0,9.3038,0
SN_012546,LOT_041,8.7753,9.1098,9.1591,9.2382,0,healthy,0.0,50.0,9.3038,0
SN_012547,LOT_041,,11.3186,11.6281,11.6997,0,healthy,0.0,50.0,9.3038,0
SN_012548,LOT_041,8.289,9.1168,9.5354,9.8699,0,healthy,0.0,50.0,9.3038,0
SN_012549,LOT_041,9.184,10.2502,10.7436,10.9936,0,healthy,0.0,50.0,9.3038,0
SN_012550,LOT_041,8.3229,9.0167,9.3823,9.5165,0,healthy,0.0,50.0,9.3038,0
SN_012551,LOT_041,10.7905,11.9553,12.4102,12.538,0,healthy,0.0,50.0,9.3038,0
SN_012552,LOT_041,9.2515,10.0915,10.2826,10.3733,0,healthy,0.0,50.0,9.3038,0
SN_012553,LOT_041,8.3748,8.5485,8.9109,8.8119,0,healthy,0.0,50.0,9.3038,0
SN_012554,LOT_041,9.6081,,11.2884,11.4298,0,healthy,0.0,50.0,9.3038,0
SN_012555,LOT_041,9.3622,9.9483,10.3155,10.4716,0,healthy,0.0,50.0,9.3038,0
SN_012556,LOT_041,9.4637,10.065,10.3756,10.5646,0,healthy,0.0,50.0,9.3038,0
SN_012557,LOT_041,9.1405,9.4371,9.7491,9.4369,0,healthy,0.0,50.0,9.3038,0
SN_012558,LOT_041,,10.2045,10.3566,10.4379,0,healthy,0.0,50.0,9.3038,0
SN_012559,LOT_041,8.367,8.5715,8.7935,8.7832,0,healthy,0.0,50.0,9.3038,0
SN_012560,LOT_041,7.7381,8.5136,8.8383,8.9747,0,healthy,0.0,50.0,9.3038,0
SN_012561,LOT_041,,7.9601,8.1209,8.2552,0,healthy,0.0,50.0,9.3038,0
SN_012562,LOT_041,8.8401,,10.2472,10.4225,0,healthy,0.0,50.0,9.3038,0
SN_012563,LOT_041,9.7229,10.7396,10.6576,11.0031,0,healthy,0.0,50.0,9.3038,0
SN_012564,LOT_041,10.0888,11.0166,10.9023,11.1896,0,healthy,0.0,50.0,9.3038,0
SN_012565,LOT_041,10.1611,11.3369,11.4355,11.7725,0,healthy,0.0,50.0,9.3038,0
SN_012566,LOT_041,8.278,8.8615,9.0223,9.1215,0,healthy,0.0,50.0,9.3038,0
SN_012567,LOT_041,10.3887,11.5184,11.7321,11.9953,0,healthy,0.0,50.0,9.3038,0
SN_012568,LOT_041,8.7516,9.0845,9.33,9.4202,0,healthy,0.0,50.0,9.3038,0
SN_012569,LOT_041,8.8142,9.6968,10.0161,9.953,0,healthy,0.0,50.0,9.3038,0
SN_012570,LOT_041,10.2815,11.1308,11.3859,11.5784,0,healthy,0.0,50.0,9.3038,0
SN_012571,LOT_041,,7.4535,7.5018,7.636,0,healthy,0.0,50.0,9.3038,0
SN_012572,LOT_041,8.3644,9.1156,9.3528,9.4065,0,healthy,0.0,50.0,9.3038,0
SN_012573,LOT_041,9.5497,10.0503,10.0251,10.0156,0,healthy,0.0,50.0,9.3038,0
SN_012574,LOT_041,9.6751,10.1854,10.324,10.4703,0,healthy,0.0,50.0,9.3038,0
SN_012575,LOT_041,10.2752,11.5659,11.9357,12.1248,0,healthy,0.0,50.0,9.3038,0
SN_012576,LOT_041,8.6564,9.1279,9.4635,9.5042,0,healthy,0.0,50.0,9.3038,0
SN_012577,LOT_041,11.5677,12.2195,12.263,12.4642,0,healthy,0.0,50.0,9.3038,0
SN_012578,LOT_041,8.9708,9.6291,9.9215,10.0184,0,healthy,0.0,50.0,9.3038,0
SN_012579,LOT_041,8.4396,8.8289,8.7448,8.891,0,healthy,0.0,50.0,9.3038,0
SN_012580,LOT_041,7.7523,8.6269,9.12,9.0758,0,healthy,0.0,50.0,9.3038,0
SN_012581,LOT_041,10.1301,11.047,11.1988,11.5115,0,healthy,0.0,50.0,9.3038,0
SN_012582,LOT_041,9.1854,10.1933,10.7083,10.8521,0,healthy,0.0,50.0,9.3038,0
SN_012583,LOT_041,9.4167,9.7429,10.1349,10.129,0,healthy,0.0,50.0,9.3038,0
SN_012584,LOT_041,7.6528,8.2683,8.6292,8.8116,0,healthy,0.0,50.0,9.3038,0
SN_012585,LOT_041,9.7025,,10.3151,10.4617,0,healthy,0.0,50.0,9.3038,0
SN_012586,LOT_041,9.7837,,11.5134,11.6615,0,healthy,0.0,50.0,9.3038,0
SN_012587,LOT_041,8.6849,9.4363,9.9157,10.0828,0,healthy,0.0,50.0,9.3038,0
SN_012588,LOT_041,8.4438,9.3611,9.5937,9.8172,0,healthy,0.0,50.0,9.3038,0
SN_012589,LOT_041,11.0473,11.7628,12.1185,11.9232,0,healthy,0.0,50.0,9.3038,0
SN_012590,LOT_041,9.6401,10.6373,10.8886,10.9994,0,healthy,0.0,50.0,9.3038,0
SN_012591,LOT_041,9.3179,10.5327,10.7637,10.9351,0,healthy,0.0,50.0,9.3038,0
SN_012592,LOT_041,9.9557,11.284,11.6531,11.9475,0,healthy,0.0,50.0,9.3038,0
SN_012593,LOT_041,9.063,9.8963,10.2772,10.5305,0,healthy,0.0,50.0,9.3038,0
SN_012594,LOT_041,,9.9299,10.3488,10.392,0,healthy,0.0,50.0,9.3038,0
SN_012595,LOT_041,9.8851,10.3967,10.7496,10.6974,0,healthy,0.0,50.0,9.3038,0
SN_012596,LOT_041,,9.6826,9.8273,9.9095,0,healthy,0.0,50.0,9.3038,0
SN_012597,LOT_041,8.9382,9.3609,9.6372,9.7341,0,healthy,0.0,50.0,9.3038,0
SN_012598,LOT_041,10.7821,11.4693,11.5996,11.6926,0,healthy,0.0,50.0,9.3038,0
SN_012599,LOT_041,9.5095,10.3467,10.4316,10.7403,0,healthy,0.0,50.0,9.3038,0
SN_012600,LOT_041,10.5441,11.9339,12.2566,12.6835,0,healthy,0.0,50.0,9.3038,0
SN_012601,LOT_041,7.4788,8.332,8.675,8.811,0,healthy,0.0,50.0,9.3038,0
SN_012602,LOT_041,10.0473,11.0906,11.2998,11.4641,0,healthy,0.0,50.0,9.3038,0
SN_012603,LOT_041,9.6427,10.2418,10.2353,10.2658,0,healthy,0.0,50.0,9.3038,0
SN_012604,LOT_041,8.8489,9.9553,10.1876,10.2553,0,healthy,0.0,50.0,9.3038,0
SN_012605,LOT_041,9.9565,10.3856,10.4496,10.5474,0,healthy,0.0,50.0,9.3038,0
SN_012606,LOT_041,11.4255,12.1672,12.5994,12.491,0,healthy,0.0,50.0,9.3038,0
SN_012607,LOT_041,8.2926,8.9699,9.2127,9.4842,0,healthy,0.0,50.0,9.3038,0
SN_012608,LOT_041,11.011,12.1616,12.505,12.9861,0,healthy,0.0,50.0,9.3038,0
SN_012609,LOT_041,10.5406,11.8399,12.1616,12.5569,0,healthy,0.0,50.0,9.3038,0
SN_012610,LOT_041,8.9031,,10.4116,10.5941,0,healthy,0.0,50.0,9.3038,0
SN_012611,LOT_041,9.7684,10.3363,10.9592,11.1291,0,healthy,0.0,50.0,9.3038,0
SN_012612,LOT_041,9.3508,10.2491,10.5723,10.6855,0,healthy,0.0,50.0,9.3038,0
SN_012613,LOT_041,9.2761,10.5395,11.0649,11.1429,0,healthy,0.0,50.0,9.3038,0
SN_012614,LOT_041,7.9869,8.5586,8.8151,8.9682,0,healthy,0.0,50.0,9.3038,0
SN_012615,LOT_041,9.262,10.2048,10.4434,10.8138,0,healthy,0.0,50.0,9.3038,0
SN_012616,LOT_041,8.9067,9.6739,9.8409,10.0771,0,healthy,0.0,50.0,9.3038,0
SN_012617,LOT_041,8.8251,9.6157,10.1056,10.3287,0,healthy,0.0,50.0,9.3038,0
SN_012618,LOT_041,9.0089,10.0576,10.5083,10.6145,0,healthy,0.0,50.0,9.3038,0
SN_012619,LOT_041,9.0943,9.6077,9.6273,9.807,0,healthy,0.0,50.0,9.3038,0
SN_012620,LOT_041,9.3826,9.8123,10.0135,10.0907,0,healthy,0.0,50.0,9.3038,0
SN_012621,LOT_041,8.6112,9.5796,10.0016,10.318,0,healthy,0.0,50.0,9.3038,0
SN_012622,LOT_041,10.4319,11.2814,11.71,11.9434,0,healthy,0.0,50.0,9.3038,0
SN_012623,LOT_041,10.3925,11.7651,12.0153,12.2606,0,healthy,0.0,50.0,9.3038,0
SN_012624,LOT_041,10.6829,11.164,11.6935,11.8896,0,healthy,0.0,50.0,9.3038,0
SN_012625,LOT_041,7.6953,7.9121,8.0833,8.2077,0,healthy,0.0,50.0,9.3038,0
SN_012626,LOT_041,8.5282,9.5535,9.862,10.1735,0,healthy,0.0,50.0,9.3038,0
SN_012627,LOT_041,11.0908,11.9588,11.9777,12.4291,0,healthy,0.0,50.0,9.3038,0
SN_012628,LOT_041,9.0178,9.828,9.878,9.9922,0,healthy,0.0,50.0,9.3038,0
SN_012629,LOT_042,10.72,11.3528,11.8096,11.9433,0,healthy,0.0,50.0,11.219,0
SN_012630,LOT_042,10.4808,11.4903,12.4316,12.5535,0,healthy,0.0,50.0,11.219,0
SN_012631,LOT_042,9.6639,10.3893,10.6435,10.8104,0,healthy,0.0,50.0,11.219,0
SN_012632,LOT_042,10.023,10.6423,10.6963,10.8062,0,healthy,0.0,50.0,11.219,0
SN_012633,LOT_042,13.2133,13.9154,14.2097,14.3617,0,healthy,0.0,50.0,11.219,0
SN_012634,LOT_042,13.6636,14.173,14.2878,14.5575,0,healthy,0.0,50.0,11.219,0
SN_012635,LOT_042,11.3863,12.4343,12.8444,13.052,0,healthy,0.0,50.0,11.219,0
SN_012636,LOT_042,13.2284,14.3701,14.7432,14.9587,0,healthy,0.0,50.0,11.219,0
SN_012637,LOT_042,11.4877,12.6677,13.0593,13.3965,0,healthy,0.0,50.0,11.219,0
SN_012638,LOT_042,10.1854,10.6932,10.9153,11.1281,0,healthy,0.0,50.0,11.219,0
SN_012639,LOT_042,10.1428,10.6899,10.8914,11.0437,0,healthy,0.0,50.0,11.219,0
SN_012640,LOT_042,12.4067,,14.1303,14.3947,0,healthy,0.0,50.0,11.219,0
SN_012641,LOT_042,12.4709,13.0231,13.2837,13.5047,0,healthy,0.0,50.0,11.219,0
SN_012642,LOT_042,11.4936,12.8734,13.3325,13.6437,0,healthy,0.0,50.0,11.219,0
SN_012643,LOT_042,9.1415,10.4541,10.7677,10.8513,0,healthy,0.0,50.0,11.219,0
SN_012644,LOT_042,13.3346,14.4449,14.7498,14.9485,0,healthy,0.0,50.0,11.219,0
SN_012645,LOT_042,11.7482,12.5671,12.8869,12.8316,0,healthy,0.0,50.0,11.219,0
SN_012646,LOT_042,12.9294,14.4623,15.0644,15.1738,0,healthy,0.0,50.0,11.219,0
SN_012647,LOT_042,11.8108,12.8038,12.9577,13.2036,0,healthy,0.0,50.0,11.219,0
SN_012648,LOT_042,13.5301,14.1473,14.6043,14.4877,0,healthy,0.0,50.0,11.219,0
SN_012649,LOT_042,11.6079,12.9086,13.2674,13.557,0,healthy,0.0,50.0,11.219,0
SN_012650,LOT_042,8.8639,9.394,9.6807,9.775,0,healthy,0.0,50.0,11.219,0
SN_012651,LOT_042,10.4554,11.42,11.8902,11.9927,0,healthy,0.0,50.0,11.219,0
SN_012652,LOT_042,11.9978,13.3716,14.0237,14.0876,0,healthy,0.0,50.0,11.219,0
SN_012653,LOT_042,11.6798,14.5435,16.0217,16.6783,1,nbti_ageing,0.157,50.0,11.219,0
SN_012654,LOT_042,12.1246,12.6837,12.9729,12.8871,0,healthy,0.0,50.0,11.219,0
SN_012655,LOT_042,9.8183,10.4256,10.7494,11.0372,0,healthy,0.0,50.0,11.219,0
SN_012656,LOT_042,11.1816,12.2167,12.5512,12.9153,0,healthy,0.0,50.0,11.219,0
SN_012657,LOT_042,10.6066,11.2979,11.5079,11.671,0,healthy,0.0,50.0,11.219,0
SN_012658,LOT_042,12.891,13.6212,13.8082,13.8494,0,healthy,0.0,50.0,11.219,0
SN_012659,LOT_042,10.0157,10.5457,10.756,10.8241,0,healthy,0.0,50.0,11.219,0
SN_012660,LOT_042,12.8974,13.5106,13.3045,13.4954,0,healthy,0.0,50.0,11.219,0
SN_012661,LOT_042,10.8715,11.462,11.7151,11.9752,0,healthy,0.0,50.0,11.219,0
SN_012662,LOT_042,14.8526,15.6707,15.8203,15.9947,0,healthy,0.0,50.0,11.219,0
SN_012663,LOT_042,9.0396,10.1225,10.4084,10.7496,0,healthy,0.0,50.0,11.219,0
SN_012664,LOT_042,11.1894,12.0782,12.4406,12.7518,0,healthy,0.0,50.0,11.219,0
SN_012665,LOT_042,12.686,13.232,13.8262,14.2117,0,healthy,0.0,50.0,11.219,0
SN_012666,LOT_042,11.722,12.5998,12.882,12.7349,0,healthy,0.0,50.0,11.219,0
SN_012667,LOT_042,12.3533,13.9751,14.5356,14.4454,0,healthy,0.0,50.0,11.219,0
SN_012668,LOT_042,10.7097,11.2711,11.3072,11.5608,0,healthy,0.0,50.0,11.219,0
SN_012669,LOT_042,9.6204,10.1257,10.3086,10.4293,0,healthy,0.0,50.0,11.219,0
SN_012670,LOT_042,11.2303,,12.3684,12.3723,0,healthy,0.0,50.0,11.219,0
SN_012671,LOT_042,12.8924,,14.9875,15.1865,0,healthy,0.0,50.0,11.219,0
SN_012672,LOT_042,13.3023,13.978,14.1451,14.2669,0,healthy,0.0,50.0,11.219,0
SN_012673,LOT_042,9.8401,10.7465,10.9879,11.2505,0,healthy,0.0,50.0,11.219,0
SN_012674,LOT_042,11.2402,11.7276,11.7672,11.9351,0,healthy,0.0,50.0,11.219,0
SN_012675,LOT_042,12.1233,,12.5523,12.6607,0,healthy,0.0,50.0,11.219,0
SN_012676,LOT_042,11.3858,12.7159,13.1456,13.4002,0,healthy,0.0,50.0,11.219,0
SN_012677,LOT_042,9.4852,10.0818,10.4172,10.5402,0,healthy,0.0,50.0,11.219,0
SN_012678,LOT_042,13.1659,13.7637,14.2275,14.2372,0,healthy,0.0,50.0,11.219,0
SN_012679,LOT_042,10.1442,10.9421,11.3109,11.5159,0,healthy,0.0,50.0,11.219,0
SN_012680,LOT_042,12.529,13.7476,13.9029,14.6489,0,healthy,0.0,50.0,11.219,0
SN_012681,LOT_042,13.4933,15.1599,15.455,15.7982,0,healthy,0.0,50.0,11.219,0
SN_012682,LOT_042,9.4432,9.9618,10.1733,10.365,0,healthy,0.0,50.0,11.219,0
SN_012683,LOT_042,10.9868,11.9663,12.3764,12.8472,0,healthy,0.0,50.0,11.219,0
SN_012684,LOT_042,12.0587,13.4185,14.1035,14.1159,0,healthy,0.0,50.0,11.219,0
SN_012685,LOT_042,12.0184,12.5688,12.5347,12.7049,0,healthy,0.0,50.0,11.219,0
SN_012686,LOT_042,11.7802,13.0494,13.6077,13.8851,0,healthy,0.0,50.0,11.219,0
SN_012687,LOT_042,13.5004,15.1271,15.7169,16.0742,0,healthy,0.0,50.0,11.219,0
SN_012688,LOT_042,11.9897,12.4653,12.6503,12.4222,0,healthy,0.0,50.0,11.219,0
SN_012689,LOT_042,11.2989,12.6425,13.2296,13.6407,0,healthy,0.0,50.0,11.219,0
SN_012690,LOT_042,11.8661,12.249,12.5068,12.5458,0,healthy,0.0,50.0,11.219,0
SN_012691,LOT_042,12.7585,13.6401,13.9179,13.8934,0,healthy,0.0,50.0,11.219,0
SN_012692,LOT_042,12.7558,13.7097,14.0903,14.1123,0,healthy,0.0,50.0,11.219,0
SN_012693,LOT_042,9.8584,10.9727,11.295,11.4294,0,healthy,0.0,50.0,11.219,0
SN_012694,LOT_042,10.7609,11.2478,11.4745,11.6095,0,healthy,0.0,50.0,11.219,0
SN_012695,LOT_042,11.1086,12.0889,12.1357,12.3421,0,healthy,0.0,50.0,11.219,0
SN_012696,LOT_042,,14.4378,15.3117,15.7163,0,healthy,0.0,50.0,11.219,0
SN_012697,LOT_042,11.1341,11.8475,12.0151,12.0876,0,healthy,0.0,50.0,11.219,0
SN_012698,LOT_042,10.3449,11.5997,12.1003,12.283,0,healthy,0.0,50.0,11.219,0
SN_012699,LOT_042,8.845,9.4475,9.5917,9.6399,0,healthy,0.0,50.0,11.219,0
SN_012700,LOT_042,14.2159,15.3118,15.5125,15.5275,0,healthy,0.0,50.0,11.219,0
SN_012701,LOT_042,10.8595,11.9773,12.5381,12.8178,0,healthy,0.0,50.0,11.219,0
SN_012702,LOT_042,10.0716,10.3548,10.6246,10.6102,0,healthy,0.0,50.0,11.219,0
SN_012703,LOT_042,10.9636,12.1541,12.6088,12.8552,0,healthy,0.0,50.0,11.219,0
SN_012704,LOT_042,11.4876,12.5275,13.0421,13.1807,0,healthy,0.0,50.0,11.219,0
SN_012705,LOT_042,11.5588,12.2698,12.6706,13.0526,0,healthy,0.0,50.0,11.219,0
SN_012706,LOT_042,12.6472,13.1527,13.3519,13.1918,0,healthy,0.0,50.0,11.219,0
SN_012707,LOT_042,10.9729,,11.4297,11.7011,0,healthy,0.0,50.0,11.219,0
SN_012708,LOT_042,8.6278,9.3186,9.7265,10.0023,0,healthy,0.0,50.0,11.219,0
SN_012709,LOT_042,11.3534,12.0545,12.0219,12.2709,0,healthy,0.0,50.0,11.219,0
SN_012710,LOT_042,12.3835,12.651,13.1311,13.1583,0,healthy,0.0,50.0,11.219,0
SN_012711,LOT_042,12.0903,,12.6122,12.751,0,healthy,0.0,50.0,11.219,0
SN_012712,LOT_042,12.3514,13.1583,13.5634,13.652,0,healthy,0.0,50.0,11.219,0
SN_012713,LOT_042,10.5544,11.4731,11.7655,12.0491,0,healthy,0.0,50.0,11.219,0
SN_012714,LOT_042,9.6261,10.4098,10.81,10.9125,0,healthy,0.0,50.0,11.219,0
SN_012715,LOT_042,9.8979,10.4232,10.5033,10.6682,0,healthy,0.0,50.0,11.219,0
SN_012716,LOT_042,11.2343,11.9763,12.2091,12.337,0,healthy,0.0,50.0,11.219,0
SN_012717,LOT_042,9.4231,10.0426,9.9058,10.0824,0,healthy,0.0,50.0,11.219,0
SN_012718,LOT_042,10.9867,11.5768,11.5024,11.7627,0,healthy,0.0,50.0,11.219,0
SN_012719,LOT_042,13.5283,14.8655,15.2162,15.752,0,healthy,0.0,50.0,11.219,0
SN_012720,LOT_042,13.7523,14.755,14.9422,15.4559,0,healthy,0.0,50.0,11.219,0
SN_012721,LOT_042,,10.6638,11.0313,11.1802,0,healthy,0.0,50.0,11.219,0
SN_012722,LOT_042,12.2855,13.705,13.9103,14.0087,0,healthy,0.0,50.0,11.219,0
SN_012723,LOT_042,10.8931,12.0262,12.2645,12.5927,0,healthy,0.0,50.0,11.219,0
SN_012724,LOT_042,,11.4589,11.6971,12.0904,0,healthy,0.0,50.0,11.219,0
SN_012725,LOT_042,11.9241,12.4375,12.8469,12.9543,0,healthy,0.0,50.0,11.219,0
SN_012726,LOT_042,,9.5031,9.7819,10.0337,0,healthy,0.0,50.0,11.219,0
SN_012727,LOT_042,,13.8109,14.3631,14.6773,0,healthy,0.0,50.0,11.219,0
SN_012728,LOT_042,12.4305,13.7438,14.353,14.3434,0,healthy,0.0,50.0,11.219,0
SN_012729,LOT_042,11.7338,12.3044,12.5414,12.5295,0,healthy,0.0,50.0,11.219,0
SN_012730,LOT_042,14.4864,15.4567,15.7997,16.0713,0,healthy,0.0,50.0,11.219,0
SN_012731,LOT_042,9.5827,10.8944,11.3618,11.5492,0,healthy,0.0,50.0,11.219,0
SN_012732,LOT_042,13.6326,14.0833,14.2854,14.6813,0,healthy,0.0,50.0,11.219,0
SN_012733,LOT_042,10.2215,,11.6539,11.7397,0,healthy,0.0,50.0,11.219,0
SN_012734,LOT_042,11.2981,12.6358,13.135,13.4365,0,healthy,0.0,50.0,11.219,0
SN_012735,LOT_042,12.0926,12.6878,12.7591,12.7602,0,healthy,0.0,50.0,11.219,0
SN_012736,LOT_042,12.9389,13.6897,13.7493,13.9288,0,healthy,0.0,50.0,11.219,0
SN_012737,LOT_042,11.8146,13.2101,13.9374,14.1347,0,healthy,0.0,50.0,11.219,0
SN_012738,LOT_042,11.5545,12.826,13.3512,13.8391,0,healthy,0.0,50.0,11.219,0
SN_012739,LOT_042,9.6627,10.8401,11.2517,11.4787,0,healthy,0.0,50.0,11.219,0
SN_012740,LOT_042,14.8133,16.1033,16.7064,17.0753,0,healthy,0.0,50.0,11.219,0
SN_012741,LOT_042,,12.7568,13.2124,13.3732,0,healthy,0.0,50.0,11.219,0
SN_012742,LOT_042,10.7803,11.3101,11.3979,11.4959,0,healthy,0.0,50.0,11.219,0
SN_012743,LOT_042,10.4742,11.7542,12.3301,12.2856,0,healthy,0.0,50.0,11.219,0
SN_012744,LOT_042,12.1701,13.3716,13.9751,14.3599,0,healthy,0.0,50.0,11.219,0
SN_012745,LOT_042,11.5295,12.3094,12.4341,12.4978,0,healthy,0.0,50.0,11.219,0
SN_012746,LOT_042,16.6977,18.5226,19.4642,20.1247,0,healthy,0.0,50.0,11.219,0
SN_012747,LOT_042,12.4663,12.817,13.115,13.5116,0,healthy,0.0,50.0,11.219,0
SN_012748,LOT_042,13.3459,15.0144,15.7156,15.8104,0,healthy,0.0,50.0,11.219,0
SN_012749,LOT_042,11.9258,12.7667,12.8587,13.1498,0,healthy,0.0,50.0,11.219,0
SN_012750,LOT_042,11.62,12.6993,13.1162,13.3622,0,healthy,0.0,50.0,11.219,0
SN_012751,LOT_042,13.351,14.5279,15.0023,15.3073,0,healthy,0.0,50.0,11.219,0
SN_012752,LOT_042,11.1144,12.3252,12.7199,12.9987,0,healthy,0.0,50.0,11.219,0
SN_012753,LOT_042,12.3995,13.3338,13.6582,13.9481,0,healthy,0.0,50.0,11.219,0
SN_012754,LOT_042,11.0349,12.5103,12.821,13.1807,0,healthy,0.0,50.0,11.219,0
SN_012755,LOT_042,10.1611,11.2686,11.7098,11.833,0,healthy,0.0,50.0,11.219,0
SN_012756,LOT_042,,12.014,12.2186,12.2537,0,healthy,0.0,50.0,11.219,0
SN_012757,LOT_042,11.5822,,12.2967,12.5229,0,healthy,0.0,50.0,11.219,0
SN_012758,LOT_042,10.5974,11.5152,11.8168,12.0629,0,healthy,0.0,50.0,11.219,0
SN_012759,LOT_042,11.6579,12.3513,12.6082,13.0249,0,healthy,0.0,50.0,11.219,0
SN_012760,LOT_042,12.6321,14.3684,14.8973,14.9102,0,healthy,0.0,50.0,11.219,0
SN_012761,LOT_042,9.0194,9.9331,10.6736,10.8089,0,healthy,0.0,50.0,11.219,0
SN_012762,LOT_042,12.5795,13.8448,14.115,14.345,0,healthy,0.0,50.0,11.219,0
SN_012763,LOT_042,13.062,14.1107,14.2284,14.8035,0,healthy,0.0,50.0,11.219,0
SN_012764,LOT_042,10.1135,11.2999,11.6205,11.9568,0,healthy,0.0,50.0,11.219,0
SN_012765,LOT_042,12.4707,13.6159,14.4042,14.4792,0,healthy,0.0,50.0,11.219,0
SN_012766,LOT_042,9.3526,10.2485,10.3841,10.7191,0,healthy,0.0,50.0,11.219,0
SN_012767,LOT_042,12.4595,13.7173,14.0989,14.2896,0,healthy,0.0,50.0,11.219,0
SN_012768,LOT_042,11.5459,12.0974,12.2503,12.3691,0,healthy,0.0,50.0,11.219,0
SN_012769,LOT_042,12.9746,13.7535,13.8421,14.2571,0,healthy,0.0,50.0,11.219,0
SN_012770,LOT_042,13.683,,16.0238,16.2681,0,healthy,0.0,50.0,11.219,0
SN_012771,LOT_042,9.0137,9.4875,9.6509,9.7348,0,healthy,0.0,50.0,11.219,0
SN_012772,LOT_042,10.1818,11.9754,17.1593,22.3201,1,electromigration,0.1573,50.0,11.219,0
SN_012773,LOT_042,13.7227,15.237,15.7088,16.2632,0,healthy,0.0,50.0,11.219,0
SN_012774,LOT_042,11.3076,12.003,12.3556,12.4559,0,healthy,0.0,50.0,11.219,0
SN_012775,LOT_042,11.2048,12.0341,12.639,12.6703,0,healthy,0.0,50.0,11.219,0
SN_012776,LOT_042,11.8984,13.0326,13.4562,13.5862,0,healthy,0.0,50.0,11.219,0
SN_012777,LOT_042,9.483,,10.8638,11.1095,0,healthy,0.0,50.0,11.219,0
SN_012778,LOT_042,,9.4762,9.7426,9.8614,0,healthy,0.0,50.0,11.219,0
SN_012779,LOT_042,9.1256,10.1134,10.6385,10.7285,0,healthy,0.0,50.0,11.219,0
SN_012780,LOT_042,10.3821,11.1684,11.2596,11.5963,0,healthy,0.0,50.0,11.219,0
SN_012781,LOT_042,12.7947,13.7218,14.2885,14.3466,0,healthy,0.0,50.0,11.219,0
SN_012782,LOT_042,9.0825,9.8743,10.1655,10.2276,0,healthy,0.0,50.0,11.219,0
SN_012783,LOT_042,10.1853,11.1369,11.6855,11.8328,0,healthy,0.0,50.0,11.219,0
SN_012784,LOT_042,11.8006,12.2829,12.4172,12.7093,0,healthy,0.0,50.0,11.219,0
SN_012785,LOT_042,11.8552,12.2729,12.4153,12.5112,0,healthy,0.0,50.0,11.219,0
SN_012786,LOT_042,11.2332,12.0137,12.2458,12.4599,0,healthy,0.0,50.0,11.219,0
SN_012787,LOT_042,10.4937,11.6567,11.9333,11.9793,0,healthy,0.0,50.0,11.219,0
SN_012788,LOT_042,,12.3371,12.9182,13.2272,0,healthy,0.0,50.0,11.219,0
SN_012789,LOT_042,10.0798,10.9133,11.4349,11.5612,0,healthy,0.0,50.0,11.219,0
SN_012790,LOT_042,13.4862,14.5209,14.6898,14.7201,0,healthy,0.0,50.0,11.219,0
SN_012791,LOT_042,12.2103,12.9388,13.2111,13.412,0,healthy,0.0,50.0,11.219,0
SN_012792,LOT_042,11.4203,12.6684,12.8787,13.2273,0,healthy,0.0,50.0,11.219,0
SN_012793,LOT_042,11.5632,12.8994,13.3479,13.5738,0,healthy,0.0,50.0,11.219,0
SN_012794,LOT_042,11.3177,11.766,11.9567,12.1848,0,healthy,0.0,50.0,11.219,0
SN_012795,LOT_042,12.1292,,13.4809,13.5867,0,healthy,0.0,50.0,11.219,0
SN_012796,LOT_042,8.1489,8.4203,8.5513,8.5843,0,healthy,0.0,50.0,11.219,0
SN_012797,LOT_042,11.4686,13.0048,13.4199,13.6877,0,healthy,0.0,50.0,11.219,0
SN_012798,LOT_042,,10.735,11.0757,11.1295,0,healthy,0.0,50.0,11.219,0
SN_012799,LOT_042,9.8047,,10.823,10.9492,0,healthy,0.0,50.0,11.219,0
SN_012800,LOT_042,11.4499,11.8948,12.0796,12.2449,0,healthy,0.0,50.0,11.219,0
SN_012801,LOT_042,11.9764,12.4412,12.4867,12.5454,0,healthy,0.0,50.0,11.219,0
SN_012802,LOT_042,11.6164,11.9054,12.1649,12.333,0,healthy,0.0,50.0,11.219,0
SN_012803,LOT_042,9.7734,10.4187,10.8576,11.1263,0,healthy,0.0,50.0,11.219,0
SN_012804,LOT_042,8.844,9.6425,10.001,10.1102,0,healthy,0.0,50.0,11.219,0
SN_012805,LOT_042,,10.2621,10.4249,10.523,0,healthy,0.0,50.0,11.219,0
SN_012806,LOT_042,13.1037,14.1383,14.679,14.4893,0,healthy,0.0,50.0,11.219,0
SN_012807,LOT_042,10.9061,11.247,11.5084,11.4719,0,healthy,0.0,50.0,11.219,0
SN_012808,LOT_043,8.2219,9.1079,9.4038,9.52,0,healthy,0.0,50.0,7.5864,0
SN_012809,LOT_043,6.9808,7.8314,8.0556,7.9901,0,healthy,0.0,50.0,7.5864,0
SN_012810,LOT_043,7.0217,7.2699,7.4021,7.5308,0,healthy,0.0,50.0,7.5864,0
SN_012811,LOT_043,8.5775,9.309,9.5836,9.452,0,healthy,0.0,50.0,7.5864,0
SN_012812,LOT_043,7.2559,7.5819,7.6111,7.6373,0,healthy,0.0,50.0,7.5864,0
SN_012813,LOT_043,8.8941,9.7601,9.8883,9.9796,0,healthy,0.0,50.0,7.5864,0
SN_012814,LOT_043,7.6629,7.9555,8.1929,8.2438,0,healthy,0.0,50.0,7.5864,0
SN_012815,LOT_043,8.4329,8.9605,9.3572,9.5905,0,healthy,0.0,50.0,7.5864,0
SN_012816,LOT_043,7.4606,7.7428,7.9193,8.0982,0,healthy,0.0,50.0,7.5864,0
SN_012817,LOT_043,6.4803,6.9417,7.1968,7.2343,0,healthy,0.0,50.0,7.5864,0
SN_012818,LOT_043,6.3683,6.5743,6.6575,6.7389,0,healthy,0.0,50.0,7.5864,0
SN_012819,LOT_043,7.1721,,8.1371,8.2953,0,healthy,0.0,50.0,7.5864,0
SN_012820,LOT_043,6.8059,7.2189,7.5551,7.6834,0,healthy,0.0,50.0,7.5864,0
SN_012821,LOT_043,7.3271,7.7499,8.042,8.009,0,healthy,0.0,50.0,7.5864,0
SN_012822,LOT_043,7.0089,7.5652,7.7058,7.8788,0,healthy,0.0,50.0,7.5864,0
SN_012823,LOT_043,8.1163,8.4387,8.5484,8.5669,0,healthy,0.0,50.0,7.5864,0
SN_012824,LOT_043,7.2343,8.0022,8.3494,8.3997,0,healthy,0.0,50.0,7.5864,0
SN_012825,LOT_043,7.6786,8.4336,8.6921,9.0135,0,healthy,0.0,50.0,7.5864,0
SN_012826,LOT_043,6.6632,7.0184,6.9891,7.1306,0,healthy,0.0,50.0,7.5864,0
SN_012827,LOT_043,6.5835,7.2154,7.3272,7.5599,0,healthy,0.0,50.0,7.5864,0
SN_012828,LOT_043,8.6556,9.7011,10.0555,10.2746,0,healthy,0.0,50.0,7.5864,0
SN_012829,LOT_043,6.6458,6.9785,7.1407,7.143,0,healthy,0.0,50.0,7.5864,0
SN_012830,LOT_043,7.8359,,9.1302,9.296,0,healthy,0.0,50.0,7.5864,0
SN_012831,LOT_043,9.2505,9.619,9.7438,9.827,0,healthy,0.0,50.0,7.5864,0
SN_012832,LOT_043,8.0819,9.056,9.5182,9.5695,0,healthy,0.0,50.0,7.5864,0
SN_012833,LOT_043,7.3612,7.9818,8.301,8.303,0,healthy,0.0,50.0,7.5864,0
SN_012834,LOT_043,,8.3101,8.434,8.554,0,healthy,0.0,50.0,7.5864,0
SN_012835,LOT_043,7.9352,8.3553,8.516,8.6878,0,healthy,0.0,50.0,7.5864,0
SN_012836,LOT_043,7.8758,8.4519,8.6913,8.7135,0,healthy,0.0,50.0,7.5864,0
SN_012837,LOT_043,7.6422,9.6824,10.8287,11.3416,1,nbti_ageing,0.1897,50.0,7.5864,0
SN_012838,LOT_043,7.7849,8.559,8.7754,8.9738,0,healthy,0.0,50.0,7.5864,0
SN_012839,LOT_043,7.0618,,7.7292,7.654,0,healthy,0.0,50.0,7.5864,0
SN_012840,LOT_043,8.6333,,9.0593,9.079,0,healthy,0.0,50.0,7.5864,0
SN_012841,LOT_043,7.9018,8.3985,8.6067,8.817,0,healthy,0.0,50.0,7.5864,0
SN_012842,LOT_043,6.1388,6.414,6.6339,6.6662,0,healthy,0.0,50.0,7.5864,0
SN_012843,LOT_043,8.0782,8.2888,8.5481,8.435,0,healthy,0.0,50.0,7.5864,0
SN_012844,LOT_043,7.7288,8.4524,8.8648,8.9159,0,healthy,0.0,50.0,7.5864,0
SN_012845,LOT_043,7.5414,,8.3345,8.3025,0,healthy,0.0,50.0,7.5864,0
SN_012846,LOT_043,8.6832,9.4019,9.7333,9.78,0,healthy,0.0,50.0,7.5864,0
SN_012847,LOT_043,7.6195,8.0463,8.0449,8.2143,0,healthy,0.0,50.0,7.5864,0
SN_012848,LOT_043,7.0871,7.5399,7.7256,7.8445,0,healthy,0.0,50.0,7.5864,0
SN_012849,LOT_043,7.7084,7.9067,8.0455,8.2004,0,healthy,0.0,50.0,7.5864,0
SN_012850,LOT_043,7.5273,7.9183,7.9915,8.1281,0,healthy,0.0,50.0,7.5864,0
SN_012851,LOT_043,7.8637,8.3459,8.7574,8.6391,0,healthy,0.0,50.0,7.5864,0
SN_012852,LOT_043,7.687,8.372,8.6316,8.813,0,healthy,0.0,50.0,7.5864,0
SN_012853,LOT_043,8.2676,8.8024,8.9527,9.0485,0,healthy,0.0,50.0,7.5864,0
SN_012854,LOT_043,7.6142,,8.4673,8.6966,0,healthy,0.0,50.0,7.5864,0
SN_012855,LOT_043,8.2479,9.1306,9.3458,9.6419,0,healthy,0.0,50.0,7.5864,0
SN_012856,LOT_043,,10.3687,10.6611,10.9828,0,healthy,0.0,50.0,7.5864,0
SN_012857,LOT_043,6.8782,7.4308,7.4946,7.5808,0,healthy,0.0,50.0,7.5864,0
SN_012858,LOT_043,7.0361,7.5253,7.7355,7.7698,0,healthy,0.0,50.0,7.5864,0
SN_012859,LOT_043,8.0056,8.7706,9.0578,9.2462,0,healthy,0.0,50.0,7.5864,0
SN_012860,LOT_043,7.191,,8.3125,8.4624,0,healthy,0.0,50.0,7.5864,0
SN_012861,LOT_043,6.422,7.156,7.2474,7.358,0,healthy,0.0,50.0,7.5864,0
SN_012862,LOT_043,7.4151,7.9325,8.0726,8.1971,0,healthy,0.0,50.0,7.5864,0
SN_012863,LOT_043,8.0236,9.1332,9.4385,9.7225,0,healthy,0.0,50.0,7.5864,0
SN_012864,LOT_043,6.8247,7.3118,7.3512,7.4279,0,healthy,0.0,50.0,7.5864,0
SN_012865,LOT_043,6.9018,7.0562,7.1877,7.3172,0,healthy,0.0,50.0,7.5864,0
SN_012866,LOT_043,7.5993,8.2761,8.514,8.5429,0,healthy,0.0,50.0,7.5864,0
SN_012867,LOT_043,6.4133,7.0497,7.3865,7.472,0,healthy,0.0,50.0,7.5864,0
SN_012868,LOT_043,7.4874,8.3495,8.7678,8.8183,0,healthy,0.0,50.0,7.5864,0
SN_012869,LOT_043,7.7817,8.6693,9.168,9.1972,0,healthy,0.0,50.0,7.5864,0
SN_012870,LOT_043,7.6086,7.9236,8.0236,8.0899,0,healthy,0.0,50.0,7.5864,0
SN_012871,LOT_043,10.1265,,11.3363,11.3988,0,healthy,0.0,50.0,7.5864,0
SN_012872,LOT_043,7.5435,8.3902,8.659,8.8442,0,healthy,0.0,50.0,7.5864,0
SN_012873,LOT_043,,8.1718,8.2237,8.2792,0,healthy,0.0,50.0,7.5864,0
SN_012874,LOT_043,8.5686,,8.9226,9.1967,0,healthy,0.0,50.0,7.5864,0
SN_012875,LOT_043,6.4464,,6.9306,6.928,0,healthy,0.0,50.0,7.5864,0
SN_012876,LOT_043,8.4717,8.9635,9.3029,9.5232,0,healthy,0.0,50.0,7.5864,0
SN_012877,LOT_043,7.0614,7.9868,8.3107,8.5286,0,healthy,0.0,50.0,7.5864,0
SN_012878,LOT_043,7.1861,7.5903,7.7803,7.8443,0,healthy,0.0,50.0,7.5864,0
SN_012879,LOT_043,7.3177,8.2557,8.5392,8.6932,0,healthy,0.0,50.0,7.5864,0
SN_012880,LOT_043,7.0072,7.7279,8.0019,8.1303,0,healthy,0.0,50.0,7.5864,0
SN_012881,LOT_043,7.9461,,14.1391,19.1151,1,electromigration,0.2369,50.0,7.5864,0
SN_012882,LOT_043,7.4798,7.7258,8.0691,8.138,0,healthy,0.0,50.0,7.5864,0
SN_012883,LOT_043,9.9313,10.8909,11.2359,11.524,0,healthy,0.0,50.0,7.5864,0
SN_012884,LOT_043,6.876,7.5341,7.8461,8.0949,0,healthy,0.0,50.0,7.5864,0
SN_012885,LOT_043,6.1799,6.5997,6.8069,6.9418,0,healthy,0.0,50.0,7.5864,0
SN_012886,LOT_043,7.573,7.9961,8.3398,8.2933,0,healthy,0.0,50.0,7.5864,0
SN_012887,LOT_043,6.8569,7.606,7.9392,8.1463,0,healthy,0.0,50.0,7.5864,0
SN_012888,LOT_043,8.1058,8.3405,8.7526,8.9678,0,healthy,0.0,50.0,7.5864,0
SN_012889,LOT_043,8.4783,9.156,9.5209,9.6789,0,healthy,0.0,50.0,7.5864,0
SN_012890,LOT_043,7.4406,7.8105,7.9304,7.9426,0,healthy,0.0,50.0,7.5864,0
SN_012891,LOT_043,6.4064,7.1508,7.3558,7.4488,0,healthy,0.0,50.0,7.5864,0
SN_012892,LOT_043,7.7973,8.7519,8.816,8.8393,0,healthy,0.0,50.0,7.5864,0
SN_012893,LOT_043,6.7224,7.3606,7.714,7.825,0,healthy,0.0,50.0,7.5864,0
SN_012894,LOT_043,7.242,7.7082,7.8141,7.8907,0,healthy,0.0,50.0,7.5864,0
SN_012895,LOT_043,8.4718,8.9181,8.9318,9.1186,0,healthy,0.0,50.0,7.5864,0
SN_012896,LOT_043,7.1571,7.8021,8.1355,8.1118,0,healthy,0.0,50.0,7.5864,0
SN_012897,LOT_043,7.5645,7.7576,7.9114,7.8963,0,healthy,0.0,50.0,7.5864,0
SN_012898,LOT_043,8.0116,8.5889,8.5581,8.6678,0,healthy,0.0,50.0,7.5864,0
SN_012899,LOT_043,7.59,7.9002,7.9802,8.043,0,healthy,0.0,50.0,7.5864,0
SN_012900,LOT_043,7.3582,8.3845,8.6191,8.8828,0,healthy,0.0,50.0,7.5864,0
SN_012901,LOT_043,8.7896,9.312,9.7276,9.795,0,healthy,0.0,50.0,7.5864,0
SN_012902,LOT_043,6.7681,7.2137,7.3409,7.4531,0,healthy,0.0,50.0,7.5864,0
SN_012903,LOT_043,7.0168,7.9424,8.4021,8.3779,0,healthy,0.0,50.0,7.5864,0
SN_012904,LOT_043,8.8442,9.1051,9.4782,9.5292,0,healthy,0.0,50.0,7.5864,0
SN_012905,LOT_043,6.7293,7.637,7.8461,7.9914,0,healthy,0.0,50.0,7.5864,0
SN_012906,LOT_043,6.3964,6.9744,7.1967,7.4384,0,healthy,0.0,50.0,7.5864,0
SN_012907,LOT_043,6.3411,6.763,6.8493,6.929,0,healthy,0.0,50.0,7.5864,0
SN_012908,LOT_043,8.6902,9.6392,9.9585,10.1802,0,healthy,0.0,50.0,7.5864,0
SN_012909,LOT_043,7.4505,8.4353,8.71,8.8114,0,healthy,0.0,50.0,7.5864,0
SN_012910,LOT_043,7.2869,7.9708,8.3491,8.4775,0,healthy,0.0,50.0,7.5864,0
SN_012911,LOT_043,8.1343,9.21,9.5833,9.6709,0,healthy,0.0,50.0,7.5864,0
SN_012912,LOT_043,7.7956,8.5437,8.8905,9.0066,0,healthy,0.0,50.0,7.5864,0
SN_012913,LOT_043,7.5406,7.812,7.8567,7.9439,0,healthy,0.0,50.0,7.5864,0
SN_012914,LOT_043,7.0889,7.6441,7.8634,8.0505,0,healthy,0.0,50.0,7.5864,0
SN_012915,LOT_043,6.9039,7.5358,7.7549,7.8446,0,healthy,0.0,50.0,7.5864,0
SN_012916,LOT_043,7.2371,8.0969,8.2939,8.4921,0,healthy,0.0,50.0,7.5864,0
SN_012917,LOT_043,7.8336,8.1844,8.2383,8.3235,0,healthy,0.0,50.0,7.5864,0
SN_012918,LOT_043,8.7302,9.1069,9.2726,9.4724,0,healthy,0.0,50.0,7.5864,0
SN_012919,LOT_043,6.9198,7.3515,7.5708,7.6864,0,healthy,0.0,50.0,7.5864,0
SN_012920,LOT_043,6.8242,7.3322,7.5074,7.7356,0,healthy,0.0,50.0,7.5864,0
SN_012921,LOT_043,6.6285,7.0482,7.1647,7.2163,0,healthy,0.0,50.0,7.5864,0
SN_012922,LOT_043,6.454,7.1134,7.2867,7.3687,0,healthy,0.0,50.0,7.5864,0
SN_012923,LOT_043,8.0984,8.6162,8.6956,8.7157,0,healthy,0.0,50.0,7.5864,0
SN_012924,LOT_043,6.9739,7.3632,7.4122,7.6194,0,healthy,0.0,50.0,7.5864,0
SN_012925,LOT_043,6.6556,7.1935,7.3836,7.4067,0,healthy,0.0,50.0,7.5864,0
SN_012926,LOT_043,7.0202,7.6127,7.8417,7.8844,0,healthy,0.0,50.0,7.5864,0
SN_012927,LOT_043,7.7032,8.2571,8.6437,8.6184,0,healthy,0.0,50.0,7.5864,0
SN_012928,LOT_043,8.0351,8.6513,8.6807,8.7752,0,healthy,0.0,50.0,7.5864,0
SN_012929,LOT_043,7.7033,7.978,8.0715,8.392,0,healthy,0.0,50.0,7.5864,0
SN_012930,LOT_043,7.4373,8.4271,8.6323,8.8488,0,healthy,0.0,50.0,7.5864,0
SN_012931,LOT_043,7.1173,8.0154,8.3409,8.4169,0,healthy,0.0,50.0,7.5864,0
SN_012932,LOT_043,7.8333,,8.7482,8.7785,0,healthy,0.0,50.0,7.5864,0
SN_012933,LOT_043,8.0566,8.8548,8.9375,9.112,0,healthy,0.0,50.0,7.5864,0
SN_012934,LOT_043,7.5529,7.9359,8.2066,8.2721,0,healthy,0.0,50.0,7.5864,0
SN_012935,LOT_043,8.5112,,9.682,9.8657,0,healthy,0.0,50.0,7.5864,0
SN_012936,LOT_043,8.0982,8.7561,8.8429,8.9435,0,healthy,0.0,50.0,7.5864,0
SN_012937,LOT_043,7.9276,8.8921,9.1475,9.2279,0,healthy,0.0,50.0,7.5864,0
SN_012938,LOT_043,8.1061,8.8895,9.2726,9.4266,0,healthy,0.0,50.0,7.5864,0
SN_012939,LOT_043,7.6812,8.4768,8.7084,8.8802,0,healthy,0.0,50.0,7.5864,0
SN_012940,LOT_043,6.3761,6.6546,6.8184,6.8231,0,healthy,0.0,50.0,7.5864,0
SN_012941,LOT_043,6.985,7.2284,7.3245,7.4252,0,healthy,0.0,50.0,7.5864,0
SN_012942,LOT_043,7.611,8.0345,8.3299,8.4282,0,healthy,0.0,50.0,7.5864,0
SN_012943,LOT_043,7.6904,7.9755,8.0753,8.1519,0,healthy,0.0,50.0,7.5864,0
SN_012944,LOT_043,,6.8264,7.0682,7.1948,0,healthy,0.0,50.0,7.5864,0
SN_012945,LOT_043,7.0236,8.0277,8.1546,8.3418,0,healthy,0.0,50.0,7.5864,0
SN_012946,LOT_043,9.5625,10.9754,11.2463,11.4425,0,healthy,0.0,50.0,7.5864,0
SN_012947,LOT_043,7.7147,8.076,8.1441,8.223,0,healthy,0.0,50.0,7.5864,0
SN_012948,LOT_043,8.0433,8.6646,8.787,8.841,0,healthy,0.0,50.0,7.5864,0
SN_012949,LOT_043,7.0567,,7.7596,7.7624,0,healthy,0.0,50.0,7.5864,0
SN_012950,LOT_043,7.5765,8.6719,8.9882,9.0507,0,healthy,0.0,50.0,7.5864,0
SN_012951,LOT_043,7.2856,8.1664,8.4994,8.6631,0,healthy,0.0,50.0,7.5864,0
SN_012952,LOT_043,7.2594,8.2906,8.5038,8.6623,0,healthy,0.0,50.0,7.5864,0
SN_012953,LOT_043,6.5481,6.9822,7.3736,7.4018,0,healthy,0.0,50.0,7.5864,0
SN_012954,LOT_043,7.3061,7.614,7.876,8.065,0,healthy,0.0,50.0,7.5864,0
SN_012955,LOT_043,8.2623,8.9826,9.2048,9.2971,0,healthy,0.0,50.0,7.5864,0
SN_012956,LOT_043,7.4511,8.3369,8.7013,8.7154,0,healthy,0.0,50.0,7.5864,0
SN_012957,LOT_043,6.7248,7.0278,7.2349,7.3305,0,healthy,0.0,50.0,7.5864,0
SN_012958,LOT_043,6.7039,7.0809,7.2656,7.2647,0,healthy,0.0,50.0,7.5864,0
SN_012959,LOT_043,6.7054,7.1874,7.4933,7.5271,0,healthy,0.0,50.0,7.5864,0
SN_012960,LOT_043,7.4292,8.1243,8.2247,8.3368,0,healthy,0.0,50.0,7.5864,0
SN_012961,LOT_043,7.9853,8.5421,8.7593,8.8455,0,healthy,0.0,50.0,7.5864,0
SN_012962,LOT_043,7.979,8.4574,8.7394,8.8627,0,healthy,0.0,50.0,7.5864,0
SN_012963,LOT_043,7.2133,7.5522,7.7016,7.678,0,healthy,0.0,50.0,7.5864,0
SN_012964,LOT_043,8.0871,8.2529,8.5473,8.6034,0,healthy,0.0,50.0,7.5864,0
SN_012965,LOT_044,9.1194,9.6291,9.9416,10.0398,0,healthy,0.0,50.0,8.5334,0
SN_012966,LOT_044,8.4077,8.8703,9.0559,8.9757,0,healthy,0.0,50.0,8.5334,0
SN_012967,LOT_044,8.7052,9.5098,9.7936,9.9397,0,healthy,0.0,50.0,8.5334,0
SN_012968,LOT_044,7.0462,7.272,7.3486,7.3315,0,healthy,0.0,50.0,8.5334,0
SN_012969,LOT_044,9.5833,,13.3781,22.5079,1,tddb_dielectric,0.2818,50.0,8.5334,0
SN_012970,LOT_044,8.2883,9.1354,9.4366,9.4844,0,healthy,0.0,50.0,8.5334,0
SN_012971,LOT_044,8.3849,8.8296,8.9076,9.1714,0,healthy,0.0,50.0,8.5334,0
SN_012972,LOT_044,8.844,9.2278,9.394,9.2521,0,healthy,0.0,50.0,8.5334,0
SN_012973,LOT_044,9.1339,9.8751,9.9855,10.2426,0,healthy,0.0,50.0,8.5334,0
SN_012974,LOT_044,10.5625,11.5502,12.0344,12.2099,0,healthy,0.0,50.0,8.5334,0
SN_012975,LOT_044,8.1816,,9.0733,9.2753,0,healthy,0.0,50.0,8.5334,0
SN_012976,LOT_044,9.9069,11.0573,11.661,11.7839,0,healthy,0.0,50.0,8.5334,0
SN_012977,LOT_044,8.2694,,9.0632,9.1621,0,healthy,0.0,50.0,8.5334,0
SN_012978,LOT_044,8.2351,9.1699,9.3816,9.6613,0,healthy,0.0,50.0,8.5334,0
SN_012979,LOT_044,8.9783,9.6032,9.7171,9.9299,0,healthy,0.0,50.0,8.5334,0
SN_012980,LOT_044,10.459,10.9064,11.1897,11.2948,0,healthy,0.0,50.0,8.5334,0
SN_012981,LOT_044,9.4943,10.2198,10.1454,10.2465,0,healthy,0.0,50.0,8.5334,0
SN_012982,LOT_044,8.0584,,8.685,8.8181,0,healthy,0.0,50.0,8.5334,0
SN_012983,LOT_044,8.2025,8.6511,8.8202,8.7145,0,healthy,0.0,50.0,8.5334,0
SN_012984,LOT_044,8.3015,8.9246,9.2607,9.5244,0,healthy,0.0,50.0,8.5334,0
SN_012985,LOT_044,7.1191,7.9061,8.2124,8.2916,0,healthy,0.0,50.0,8.5334,0
SN_012986,LOT_044,7.7291,8.7176,8.8859,9.0038,0,healthy,0.0,50.0,8.5334,0
SN_012987,LOT_044,6.9753,7.3683,7.6661,7.6947,0,healthy,0.0,50.0,8.5334,0
SN_012988,LOT_044,8.1224,9.2854,9.6289,9.7593,0,healthy,0.0,50.0,8.5334,0
SN_012989,LOT_044,7.8631,8.8083,9.1856,9.2799,0,healthy,0.0,50.0,8.5334,0
SN_012990,LOT_044,8.5057,9.1931,9.3249,9.5633,0,healthy,0.0,50.0,8.5334,0
SN_012991,LOT_044,8.5214,,9.6055,9.7778,0,healthy,0.0,50.0,8.5334,0
SN_012992,LOT_044,8.3278,9.2475,9.6242,9.7435,0,healthy,0.0,50.0,8.5334,0
SN_012993,LOT_044,8.9583,9.2992,9.4704,9.5821,0,healthy,0.0,50.0,8.5334,0
SN_012994,LOT_044,7.9053,8.6819,9.1119,9.4487,0,healthy,0.0,50.0,8.5334,0
SN_012995,LOT_044,8.8461,9.2789,9.7045,9.6727,0,healthy,0.0,50.0,8.5334,0
SN_012996,LOT_044,7.5602,8.4025,8.7937,8.921,0,healthy,0.0,50.0,8.5334,0
SN_012997,LOT_044,7.047,7.71,8.0395,8.1011,0,healthy,0.0,50.0,8.5334,0
SN_012998,LOT_044,7.4635,8.3827,8.6765,8.6907,0,healthy,0.0,50.0,8.5334,0
SN_012999,LOT_044,8.0668,,8.7204,8.5762,0,healthy,0.0,50.0,8.5334,0
SN_013000,LOT_044,9.2801,10.3177,10.5989,10.8181,0,healthy,0.0,50.0,8.5334,0
SN_013001,LOT_044,7.942,8.7827,8.8338,8.9951,0,healthy,0.0,50.0,8.5334,0
SN_013002,LOT_044,8.0122,8.0984,8.3944,8.4007,0,healthy,0.0,50.0,8.5334,0
SN_013003,LOT_044,7.402,8.1405,8.2359,8.3123,0,healthy,0.0,50.0,8.5334,0
SN_013004,LOT_044,8.4775,9.2678,9.7433,9.8312,0,healthy,0.0,50.0,8.5334,0
SN_013005,LOT_044,8.8133,,10.2812,10.5121,0,healthy,0.0,50.0,8.5334,0
SN_013006,LOT_044,9.9145,10.3576,10.4105,10.4359,0,healthy,0.0,50.0,8.5334,0
SN_013007,LOT_044,7.6321,8.3981,8.4901,8.6081,0,healthy,0.0,50.0,8.5334,0
SN_013008,LOT_044,9.9312,10.5502,10.7594,10.9184,0,healthy,0.0,50.0,8.5334,0
SN_013009,LOT_044,8.3682,,9.1551,9.3278,0,healthy,0.0,50.0,8.5334,0
SN_013010,LOT_044,9.3236,10.1508,10.397,10.7097,0,healthy,0.0,50.0,8.5334,0
SN_013011,LOT_044,7.984,9.1373,9.2363,9.4182,0,healthy,0.0,50.0,8.5334,0
SN_013012,LOT_044,9.2412,9.8046,9.9963,9.9415,0,healthy,0.0,50.0,8.5334,0
SN_013013,LOT_044,9.9596,,10.6422,10.8163,0,healthy,0.0,50.0,8.5334,0
SN_013014,LOT_044,6.3176,6.8569,7.1473,7.1802,0,healthy,0.0,50.0,8.5334,0
SN_013015,LOT_044,6.4383,,7.0447,7.0353,0,healthy,0.0,50.0,8.5334,0
SN_013016,LOT_044,9.3267,9.9919,10.4353,10.6332,0,healthy,0.0,50.0,8.5334,0
SN_013017,LOT_044,7.068,7.4471,7.3754,7.4552,0,healthy,0.0,50.0,8.5334,0
SN_013018,LOT_044,8.6849,9.5426,9.8166,9.8595,0,healthy,0.0,50.0,8.5334,0
SN_013019,LOT_044,7.7863,8.8151,9.1101,9.2988,0,healthy,0.0,50.0,8.5334,0
SN_013020,LOT_044,,9.9545,10.0453,10.1115,0,healthy,0.0,50.0,8.5334,0
SN_013021,LOT_044,8.5478,9.0597,9.301,9.3854,0,healthy,0.0,50.0,8.5334,0
SN_013022,LOT_044,7.6795,8.2392,8.2924,8.5089,0,healthy,0.0,50.0,8.5334,0
SN_013023,LOT_044,9.3915,10.3744,10.8489,11.0629,0,healthy,0.0,50.0,8.5334,0
SN_013024,LOT_044,6.7162,7.5104,7.8573,7.9139,0,healthy,0.0,50.0,8.5334,0
SN_013025,LOT_044,7.313,7.5485,7.7177,7.6992,0,healthy,0.0,50.0,8.5334,0
SN_013026,LOT_044,8.5255,9.5698,9.9975,10.3035,0,healthy,0.0,50.0,8.5334,0
SN_013027,LOT_044,9.5864,10.3683,10.471,10.5406,0,healthy,0.0,50.0,8.5334,0
SN_013028,LOT_044,7.9102,8.4015,8.6307,8.671,0,healthy,0.0,50.0,8.5334,0
SN_013029,LOT_044,8.9393,9.6578,9.8554,9.7806,0,healthy,0.0,50.0,8.5334,0
SN_013030,LOT_044,9.6408,10.3842,10.3682,10.5545,0,healthy,0.0,50.0,8.5334,0
SN_013031,LOT_044,7.1068,,8.4402,8.3955,0,healthy,0.0,50.0,8.5334,0
SN_013032,LOT_044,8.3662,9.1641,9.7021,9.9015,0,healthy,0.0,50.0,8.5334,0
SN_013033,LOT_044,9.5099,9.9138,9.864,10.107,0,healthy,0.0,50.0,8.5334,0
SN_013034,LOT_044,10.329,10.77,11.1097,11.0773,0,healthy,0.0,50.0,8.5334,0
SN_013035,LOT_044,9.3423,10.2134,10.4383,10.6869,0,healthy,0.0,50.0,8.5334,0
SN_013036,LOT_044,8.9912,9.4495,9.5923,9.6894,0,healthy,0.0,50.0,8.5334,0
SN_013037,LOT_044,7.7258,8.1037,8.3465,8.3687,0,healthy,0.0,50.0,8.5334,0
SN_013038,LOT_044,8.824,10.0892,10.4272,10.6555,0,healthy,0.0,50.0,8.5334,0
SN_013039,LOT_044,8.2125,8.967,9.1256,9.2302,0,healthy,0.0,50.0,8.5334,0
SN_013040,LOT_044,9.0194,9.5667,9.7098,9.9592,0,healthy,0.0,50.0,8.5334,0
SN_013041,LOT_044,8.4981,,9.4719,9.6239,0,healthy,0.0,50.0,8.5334,0
SN_013042,LOT_044,8.7133,9.2608,9.4576,9.5931,0,healthy,0.0,50.0,8.5334,0
SN_013043,LOT_044,7.8968,8.8084,9.257,9.2134,0,healthy,0.0,50.0,8.5334,0
SN_013044,LOT_044,8.0604,,9.4799,9.6519,0,healthy,0.0,50.0,8.5334,0
SN_013045,LOT_044,8.7249,9.1464,9.1825,9.3797,0,healthy,0.0,50.0,8.5334,0
SN_013046,LOT_044,9.4551,9.9757,10.2684,10.2181,0,healthy,0.0,50.0,8.5334,0
SN_013047,LOT_044,10.6084,10.9744,11.1932,11.2904,0,healthy,0.0,50.0,8.5334,0
SN_013048,LOT_044,7.6336,8.0999,8.277,8.3942,0,healthy,0.0,50.0,8.5334,0
SN_013049,LOT_044,9.0157,9.806,10.3121,10.5683,0,healthy,0.0,50.0,8.5334,0
SN_013050,LOT_044,7.8504,8.6923,8.9165,8.9751,0,healthy,0.0,50.0,8.5334,0
SN_013051,LOT_044,9.6663,10.9144,11.4513,11.4522,0,healthy,0.0,50.0,8.5334,0
SN_013052,LOT_044,7.503,8.4564,8.7108,8.9272,0,healthy,0.0,50.0,8.5334,0
SN_013053,LOT_044,,8.1894,8.5833,8.7097,0,healthy,0.0,50.0,8.5334,0
SN_013054,LOT_044,9.035,10.0497,10.3755,10.282,0,healthy,0.0,50.0,8.5334,0
SN_013055,LOT_044,9.9564,10.942,11.4243,11.845,0,healthy,0.0,50.0,8.5334,0
SN_013056,LOT_044,7.4765,12.0178,13.5466,13.727,1,mobile_ion,0.2445,50.0,8.5334,0
SN_013057,LOT_044,10.9279,12.1617,12.7866,13.0191,0,healthy,0.0,50.0,8.5334,0
SN_013058,LOT_044,8.2374,8.8314,8.8013,9.0321,0,healthy,0.0,50.0,8.5334,0
SN_013059,LOT_044,,11.6151,11.8448,11.9524,0,healthy,0.0,50.0,8.5334,0
SN_013060,LOT_044,9.2524,10.4013,10.6581,10.8333,0,healthy,0.0,50.0,8.5334,0
SN_013061,LOT_044,8.2189,8.4393,8.6448,8.6923,0,healthy,0.0,50.0,8.5334,0
SN_013062,LOT_044,8.1948,8.9118,9.3961,9.4827,0,healthy,0.0,50.0,8.5334,0
SN_013063,LOT_044,,,9.5032,9.6318,0,healthy,0.0,50.0,8.5334,0
SN_013064,LOT_044,11.0368,12.3838,12.7237,12.7845,0,healthy,0.0,50.0,8.5334,0
SN_013065,LOT_044,8.5659,8.7318,8.8995,9.2386,0,healthy,0.0,50.0,8.5334,0
SN_013066,LOT_044,10.5212,11.8844,12.1804,12.5886,0,healthy,0.0,50.0,8.5334,0
SN_013067,LOT_044,9.0526,9.5414,9.6877,9.7825,0,healthy,0.0,50.0,8.5334,0
SN_013068,LOT_044,7.5077,8.5363,8.7929,8.9479,0,healthy,0.0,50.0,8.5334,0
SN_013069,LOT_044,8.8542,,9.7933,9.9044,0,healthy,0.0,50.0,8.5334,0
SN_013070,LOT_044,8.7949,9.276,9.5082,9.4793,0,healthy,0.0,50.0,8.5334,0
SN_013071,LOT_044,,8.1487,8.3351,8.3515,0,healthy,0.0,50.0,8.5334,0
SN_013072,LOT_044,7.838,8.2693,8.262,8.3835,0,healthy,0.0,50.0,8.5334,0
SN_013073,LOT_044,7.2698,7.5487,7.6987,7.6819,0,healthy,0.0,50.0,8.5334,0
SN_013074,LOT_044,8.427,8.8569,9.0622,9.1309,0,healthy,0.0,50.0,8.5334,0
SN_013075,LOT_044,8.3568,9.2943,9.6617,9.6023,0,healthy,0.0,50.0,8.5334,0
SN_013076,LOT_044,10.2492,11.4458,11.7602,12.111,0,healthy,0.0,50.0,8.5334,0
SN_013077,LOT_044,7.3913,,8.5955,8.555,0,healthy,0.0,50.0,8.5334,0
SN_013078,LOT_044,10.0282,10.3272,10.432,10.5281,0,healthy,0.0,50.0,8.5334,0
SN_013079,LOT_044,8.854,9.5499,9.8033,9.8112,0,healthy,0.0,50.0,8.5334,0
SN_013080,LOT_044,8.3539,9.2637,9.5947,9.814,0,healthy,0.0,50.0,8.5334,0
SN_013081,LOT_044,8.7154,9.3311,9.5664,9.6303,0,healthy,0.0,50.0,8.5334,0
SN_013082,LOT_044,7.9854,8.3353,8.4605,8.4804,0,healthy,0.0,50.0,8.5334,0
SN_013083,LOT_044,,6.5561,6.7733,6.9879,0,healthy,0.0,50.0,8.5334,0
SN_013084,LOT_044,8.7993,9.9411,10.3469,10.4849,0,healthy,0.0,50.0,8.5334,0
SN_013085,LOT_044,9.915,11.0344,11.5209,11.729,0,healthy,0.0,50.0,8.5334,0
SN_013086,LOT_044,9.0358,9.409,9.5472,9.5218,0,healthy,0.0,50.0,8.5334,0
SN_013087,LOT_044,9.7461,10.3229,10.5534,10.6277,0,healthy,0.0,50.0,8.5334,0
SN_013088,LOT_044,7.629,7.9518,8.115,8.2205,0,healthy,0.0,50.0,8.5334,0
SN_013089,LOT_044,9.6797,10.8692,11.043,11.3599,0,healthy,0.0,50.0,8.5334,0
SN_013090,LOT_044,7.6565,8.0231,8.1611,8.3426,0,healthy,0.0,50.0,8.5334,0
SN_013091,LOT_044,7.3264,7.6728,7.9454,7.9652,0,healthy,0.0,50.0,8.5334,0
SN_013092,LOT_044,10.6543,11.5704,11.8783,12.1049,0,healthy,0.0,50.0,8.5334,0
SN_013093,LOT_044,9.3303,10.0849,10.2829,10.5699,0,healthy,0.0,50.0,8.5334,0
SN_013094,LOT_044,10.3584,10.8754,11.4083,11.408,0,healthy,0.0,50.0,8.5334,0
SN_013095,LOT_044,8.1029,8.787,9.0012,9.1159,0,healthy,0.0,50.0,8.5334,0
SN_013096,LOT_044,,8.325,8.5224,8.6337,0,healthy,0.0,50.0,8.5334,0
SN_013097,LOT_044,9.4082,9.8168,9.9461,10.0258,0,healthy,0.0,50.0,8.5334,0
SN_013098,LOT_044,7.0607,7.2791,7.4184,7.4262,0,healthy,0.0,50.0,8.5334,0
SN_013099,LOT_044,9.5054,10.3235,10.7388,10.8712,0,healthy,0.0,50.0,8.5334,0
SN_013100,LOT_044,9.4491,,10.4594,10.6521,0,healthy,0.0,50.0,8.5334,0
SN_013101,LOT_044,8.958,9.3395,9.2101,9.4723,0,healthy,0.0,50.0,8.5334,0
SN_013102,LOT_044,8.506,9.3849,9.6914,9.8547,0,healthy,0.0,50.0,8.5334,0
SN_013103,LOT_044,8.6942,9.281,9.2897,9.5793,0,healthy,0.0,50.0,8.5334,0
SN_013104,LOT_044,7.4304,,8.3079,8.5131,0,healthy,0.0,50.0,8.5334,0
SN_013105,LOT_044,6.8964,7.3685,7.5269,7.7133,0,healthy,0.0,50.0,8.5334,0
SN_013106,LOT_044,8.1192,8.7955,9.1302,9.2767,0,healthy,0.0,50.0,8.5334,0
SN_013107,LOT_044,7.5511,8.4312,8.7672,8.9423,0,healthy,0.0,50.0,8.5334,0
SN_013108,LOT_044,10.0941,11.1216,11.71,11.9153,0,healthy,0.0,50.0,8.5334,0
SN_013109,LOT_044,9.5701,10.3106,10.8098,10.8783,0,healthy,0.0,50.0,8.5334,0
SN_013110,LOT_044,8.347,8.9794,9.2755,9.3495,0,healthy,0.0,50.0,8.5334,0
SN_013111,LOT_044,9.7435,10.5388,10.6168,10.9858,0,healthy,0.0,50.0,8.5334,0
SN_013112,LOT_044,8.6101,9.5197,9.9541,9.9452,0,healthy,0.0,50.0,8.5334,0
SN_013113,LOT_044,9.7005,,10.6886,10.811,0,healthy,0.0,50.0,8.5334,0
SN_013114,LOT_044,8.8834,9.6201,9.9881,10.0682,0,healthy,0.0,50.0,8.5334,0
SN_013115,LOT_044,7.2344,7.6977,8.0018,8.0778,0,healthy,0.0,50.0,8.5334,0
SN_013116,LOT_044,9.7551,10.7847,11.2263,11.2208,0,healthy,0.0,50.0,8.5334,0
SN_013117,LOT_044,,10.4195,10.6214,10.7457,0,healthy,0.0,50.0,8.5334,0
SN_013118,LOT_044,9.151,10.0076,10.2653,10.2864,0,healthy,0.0,50.0,8.5334,0
SN_013119,LOT_044,8.5444,9.3087,9.6355,9.7979,0,healthy,0.0,50.0,8.5334,0
SN_013120,LOT_044,8.146,9.2718,9.2918,9.5504,0,healthy,0.0,50.0,8.5334,0
SN_013121,LOT_044,7.3882,8.271,8.6677,8.821,0,healthy,0.0,50.0,8.5334,0
SN_013122,LOT_045,11.2859,12.434,12.8727,13.1935,0,healthy,0.0,50.0,11.8789,0
SN_013123,LOT_045,9.6917,10.7124,10.845,11.0607,0,healthy,0.0,50.0,11.8789,0
SN_013124,LOT_045,10.9284,12.2182,12.7061,13.1306,0,healthy,0.0,50.0,11.8789,0
SN_013125,LOT_045,14.2022,14.6542,14.7349,14.8606,0,healthy,0.0,50.0,11.8789,0
SN_013126,LOT_045,13.3887,15.0626,15.7021,15.8492,0,healthy,0.0,50.0,11.8789,0
SN_013127,LOT_045,9.7943,,10.8446,10.7416,0,healthy,0.0,50.0,11.8789,0
SN_013128,LOT_045,11.4555,12.1179,12.4516,12.6205,0,healthy,0.0,50.0,11.8789,0
SN_013129,LOT_045,11.0067,11.6999,11.7955,11.9111,0,healthy,0.0,50.0,11.8789,0
SN_013130,LOT_045,9.4219,10.528,10.5303,10.6953,0,healthy,0.0,50.0,11.8789,0
SN_013131,LOT_045,10.4053,11.1921,11.2107,11.3646,0,healthy,0.0,50.0,11.8789,0
SN_013132,LOT_045,13.7826,14.5751,14.7629,14.7725,0,healthy,0.0,50.0,11.8789,0
SN_013133,LOT_045,11.9197,13.4164,13.7205,13.7953,0,healthy,0.0,50.0,11.8789,0
SN_013134,LOT_045,11.7293,12.2466,12.469,12.7492,0,healthy,0.0,50.0,11.8789,0
SN_013135,LOT_045,13.105,14.3746,14.9373,15.2693,0,healthy,0.0,50.0,11.8789,0
SN_013136,LOT_045,11.3322,12.3568,12.7924,13.0965,0,healthy,0.0,50.0,11.8789,0
SN_013137,LOT_045,10.9264,11.3013,11.5237,11.6642,0,healthy,0.0,50.0,11.8789,0
SN_013138,LOT_045,11.1962,11.5436,11.7071,11.7392,0,healthy,0.0,50.0,11.8789,0
SN_013139,LOT_045,,11.3064,11.3022,11.4025,0,healthy,0.0,50.0,11.8789,0
SN_013140,LOT_045,,12.0447,12.5389,12.8111,0,healthy,0.0,50.0,11.8789,0
SN_013141,LOT_045,14.686,16.2911,16.8899,17.3881,0,healthy,0.0,50.0,11.8789,0
SN_013142,LOT_045,10.4126,11.748,12.2804,12.4375,0,healthy,0.0,50.0,11.8789,0
SN_013143,LOT_045,13.4015,,15.2069,15.3727,0,healthy,0.0,50.0,11.8789,0
SN_013144,LOT_045,9.5388,10.1367,10.4186,10.7012,0,healthy,0.0,50.0,11.8789,0
SN_013145,LOT_045,12.6633,13.4398,13.6883,13.8737,0,healthy,0.0,50.0,11.8789,0
SN_013146,LOT_045,12.1487,13.446,13.742,14.2383,0,healthy,0.0,50.0,11.8789,0
SN_013147,LOT_045,11.7462,12.9227,13.2448,13.564,0,healthy,0.0,50.0,11.8789,0
SN_013148,LOT_045,,15.2653,15.5397,15.6075,0,healthy,0.0,50.0,11.8789,0
SN_013149,LOT_045,8.943,9.6641,9.996,10.0405,0,healthy,0.0,50.0,11.8789,0
SN_013150,LOT_045,10.8061,12.1568,12.612,12.772,0,healthy,0.0,50.0,11.8789,0
SN_013151,LOT_045,11.2439,12.7351,13.1851,13.4563,0,healthy,0.0,50.0,11.8789,0
SN_013152,LOT_045,14.6215,15.5149,15.6116,15.8557,0,healthy,0.0,50.0,11.8789,0
SN_013153,LOT_045,9.4292,9.9332,10.1285,10.1758,0,healthy,0.0,50.0,11.8789,0
SN_013154,LOT_045,10.9735,12.3609,12.7344,12.6697,0,healthy,0.0,50.0,11.8789,0
SN_013155,LOT_045,12.8933,13.7588,13.9729,14.3274,0,healthy,0.0,50.0,11.8789,0
SN_013156,LOT_045,11.9276,13.026,13.2241,13.3187,0,healthy,0.0,50.0,11.8789,0
SN_013157,LOT_045,13.2151,13.8548,13.9562,14.111,0,healthy,0.0,50.0,11.8789,0
SN_013158,LOT_045,12.1562,12.2885,15.8946,23.3003,1,tddb_dielectric,0.1493,50.0,11.8789,0
SN_013159,LOT_045,10.7014,12.1045,12.504,12.7652,0,healthy,0.0,50.0,11.8789,0
SN_013160,LOT_045,12.336,13.7396,14.4776,14.7573,0,healthy,0.0,50.0,11.8789,0
SN_013161,LOT_045,,10.2223,10.269,10.519,0,healthy,0.0,50.0,11.8789,0
SN_013162,LOT_045,11.9471,12.942,13.5596,13.7618,0,healthy,0.0,50.0,11.8789,0
SN_013163,LOT_045,11.4139,12.6877,12.9192,13.0649,0,healthy,0.0,50.0,11.8789,0
SN_013164,LOT_045,13.3249,13.873,14.2799,14.4259,0,healthy,0.0,50.0,11.8789,0
SN_013165,LOT_045,11.1133,11.6663,11.7504,11.7507,0,healthy,0.0,50.0,11.8789,0
SN_013166,LOT_045,14.1179,14.725,15.0707,15.1026,0,healthy,0.0,50.0,11.8789,0
SN_013167,LOT_045,12.682,,14.8958,15.0222,0,healthy,0.0,50.0,11.8789,0
SN_013168,LOT_045,11.198,11.9585,12.2627,12.6077,0,healthy,0.0,50.0,11.8789,0
SN_013169,LOT_045,14.783,16.0905,16.4472,16.6602,0,healthy,0.0,50.0,11.8789,0
SN_013170,LOT_045,10.8054,11.9571,12.4945,12.5451,0,healthy,0.0,50.0,11.8789,0
SN_013171,LOT_045,11.1267,12.3044,12.5381,12.6994,0,healthy,0.0,50.0,11.8789,0
SN_013172,LOT_045,13.9951,15.7737,16.1652,16.2528,0,healthy,0.0,50.0,11.8789,0
SN_013173,LOT_045,38.2172,38.9757,42.6876,46.09,1,esd_oxide,0.3586,50.0,11.8789,0
SN_013174,LOT_045,,13.9475,14.1742,14.4188,0,healthy,0.0,50.0,11.8789,0
SN_013175,LOT_045,13.553,,15.0656,15.576,0,healthy,0.0,50.0,11.8789,0
SN_013176,LOT_045,12.4311,13.5005,14.0115,14.1185,0,healthy,0.0,50.0,11.8789,0
SN_013177,LOT_045,9.9307,11.3447,11.5671,11.802,0,healthy,0.0,50.0,11.8789,0
SN_013178,LOT_045,11.9232,12.5872,12.552,12.8099,0,healthy,0.0,50.0,11.8789,0
SN_013179,LOT_045,12.0871,12.6073,12.9766,12.9957,0,healthy,0.0,50.0,11.8789,0
SN_013180,LOT_045,10.5829,10.8718,11.2835,11.3177,0,healthy,0.0,50.0,11.8789,0
SN_013181,LOT_045,13.7281,15.359,15.5766,15.5231,0,healthy,0.0,50.0,11.8789,0
SN_013182,LOT_045,13.3283,,14.8284,14.884,0,healthy,0.0,50.0,11.8789,0
SN_013183,LOT_045,11.578,12.7783,13.2957,13.4849,0,healthy,0.0,50.0,11.8789,0
SN_013184,LOT_045,10.9915,12.0399,12.3601,12.6298,0,healthy,0.0,50.0,11.8789,0
SN_013185,LOT_045,11.8757,12.2598,12.5425,12.5974,0,healthy,0.0,50.0,11.8789,0
SN_013186,LOT_045,12.023,13.156,13.8216,14.1607,0,healthy,0.0,50.0,11.8789,0
SN_013187,LOT_045,11.3485,11.9005,11.9356,12.1623,0,healthy,0.0,50.0,11.8789,0
SN_013188,LOT_045,11.3681,12.5817,13.0074,13.3678,0,healthy,0.0,50.0,11.8789,0
SN_013189,LOT_045,13.081,14.6383,14.7064,14.9279,0,healthy,0.0,50.0,11.8789,0
SN_013190,LOT_045,17.6019,19.2315,20.0586,20.1991,0,healthy,0.0,50.0,11.8789,0
SN_013191,LOT_045,13.642,14.8522,15.4779,15.9159,0,healthy,0.0,50.0,11.8789,0
SN_013192,LOT_045,11.1988,12.0784,12.2203,12.4895,0,healthy,0.0,50.0,11.8789,0
SN_013193,LOT_045,13.5787,14.7492,15.1426,15.4434,0,healthy,0.0,50.0,11.8789,0
SN_013194,LOT_045,10.8023,12.2399,12.6644,12.7459,0,healthy,0.0,50.0,11.8789,0
SN_013195,LOT_045,8.7282,14.171,14.1655,14.1079,1,mobile_ion,0.1531,50.0,11.8789,0
SN_013196,LOT_045,12.9904,13.3927,13.81,14.1562,0,healthy,0.0,50.0,11.8789,0
SN_013197,LOT_045,11.532,,12.0311,12.1323,0,healthy,0.0,50.0,11.8789,0
SN_013198,LOT_045,9.5715,10.3115,10.469,10.6674,0,healthy,0.0,50.0,11.8789,0
SN_013199,LOT_045,11.5695,12.8847,13.2147,13.4809,0,healthy,0.0,50.0,11.8789,0
SN_013200,LOT_045,13.8353,15.2021,15.9686,16.2615,0,healthy,0.0,50.0,11.8789,0
SN_013201,LOT_045,12.6078,,14.2937,14.7782,0,healthy,0.0,50.0,11.8789,0
SN_013202,LOT_045,12.007,13.1172,13.4182,13.542,0,healthy,0.0,50.0,11.8789,0
SN_013203,LOT_045,13.7994,,15.5642,15.8988,0,healthy,0.0,50.0,11.8789,0
SN_013204,LOT_045,10.481,11.6873,12.1575,12.3216,0,healthy,0.0,50.0,11.8789,0
SN_013205,LOT_045,11.028,11.8721,11.9409,12.0484,0,healthy,0.0,50.0,11.8789,0
SN_013206,LOT_045,12.5126,13.3141,13.6855,14.0177,0,healthy,0.0,50.0,11.8789,0
SN_013207,LOT_045,14.6145,15.9778,16.7797,16.7382,0,healthy,0.0,50.0,11.8789,0
SN_013208,LOT_045,12.5347,13.599,13.8244,14.0788,0,healthy,0.0,50.0,11.8789,0
SN_013209,LOT_045,11.4182,12.4869,12.8193,13.0009,0,healthy,0.0,50.0,11.8789,0
SN_013210,LOT_045,14.7015,15.4031,15.6211,15.8491,0,healthy,0.0,50.0,11.8789,0
SN_013211,LOT_045,12.5496,13.0629,13.3915,13.3106,0,healthy,0.0,50.0,11.8789,0
SN_013212,LOT_045,13.5453,14.9739,16.0015,16.2562,0,healthy,0.0,50.0,11.8789,0
SN_013213,LOT_045,10.4195,11.5569,12.0518,12.0161,0,healthy,0.0,50.0,11.8789,0
SN_013214,LOT_045,14.032,14.7663,14.9856,15.0275,0,healthy,0.0,50.0,11.8789,0
SN_013215,LOT_045,9.4046,10.2436,10.5403,10.6562,0,healthy,0.0,50.0,11.8789,0
SN_013216,LOT_045,11.7492,12.8505,12.932,13.2484,0,healthy,0.0,50.0,11.8789,0
SN_013217,LOT_045,11.8815,12.7431,13.0204,12.9873,0,healthy,0.0,50.0,11.8789,0
SN_013218,LOT_045,11.8988,13.444,13.7743,13.9124,0,healthy,0.0,50.0,11.8789,0
SN_013219,LOT_045,10.2107,11.0783,11.7138,11.7901,0,healthy,0.0,50.0,11.8789,0
SN_013220,LOT_045,10.6076,11.1223,11.2778,11.1599,0,healthy,0.0,50.0,11.8789,0
SN_013221,LOT_045,11.6505,12.3571,12.6262,12.7217,0,healthy,0.0,50.0,11.8789,0
SN_013222,LOT_045,12.1523,13.2686,13.6909,13.9741,0,healthy,0.0,50.0,11.8789,0
SN_013223,LOT_045,12.1035,13.2328,13.7727,14.0256,0,healthy,0.0,50.0,11.8789,0
SN_013224,LOT_045,13.376,13.8639,13.9704,14.2159,0,healthy,0.0,50.0,11.8789,0
SN_013225,LOT_045,12.1607,13.7014,14.3633,14.3962,0,healthy,0.0,50.0,11.8789,0
SN_013226,LOT_045,11.3218,12.75,13.4703,13.4277,0,healthy,0.0,50.0,11.8789,0
SN_013227,LOT_045,13.7688,14.7351,15.1261,15.1044,0,healthy,0.0,50.0,11.8789,0
SN_013228,LOT_045,12.8273,14.2388,14.8769,15.0634,0,healthy,0.0,50.0,11.8789,0
SN_013229,LOT_045,11.45,12.1726,12.7308,13.0669,0,healthy,0.0,50.0,11.8789,0
SN_013230,LOT_045,12.7988,14.3196,14.6116,14.8559,0,healthy,0.0,50.0,11.8789,0
SN_013231,LOT_045,11.0789,11.7816,12.2633,11.9603,0,healthy,0.0,50.0,11.8789,0
SN_013232,LOT_045,12.4405,12.8645,12.9221,13.1076,0,healthy,0.0,50.0,11.8789,0
SN_013233,LOT_045,14.2866,15.7354,16.6517,16.8233,0,healthy,0.0,50.0,11.8789,0
SN_013234,LOT_045,12.9936,13.496,13.7493,13.9708,0,healthy,0.0,50.0,11.8789,0
SN_013235,LOT_045,12.385,12.7409,13.3576,13.2354,0,healthy,0.0,50.0,11.8789,0
SN_013236,LOT_045,13.1191,14.0134,14.1655,14.5549,0,healthy,0.0,50.0,11.8789,0
SN_013237,LOT_045,11.3637,,13.1526,13.535,0,healthy,0.0,50.0,11.8789,0
SN_013238,LOT_045,12.5141,13.5627,13.9403,14.0626,0,healthy,0.0,50.0,11.8789,0
SN_013239,LOT_045,10.9116,11.9982,12.3835,12.3818,0,healthy,0.0,50.0,11.8789,0
SN_013240,LOT_045,14.4178,15.7522,16.1077,16.3715,0,healthy,0.0,50.0,11.8789,0
SN_013241,LOT_045,10.3195,11.0748,11.2225,11.172,0,healthy,0.0,50.0,11.8789,0
SN_013242,LOT_045,,31.9027,32.3737,32.5707,1,mobile_ion,0.3786,50.0,11.8789,0
SN_013243,LOT_045,8.6405,9.3941,9.489,9.4962,0,healthy,0.0,50.0,11.8789,0
SN_013244,LOT_045,12.6586,14.0401,14.5835,14.9017,0,healthy,0.0,50.0,11.8789,0
SN_013245,LOT_045,13.6776,14.7487,15.0822,15.3146,0,healthy,0.0,50.0,11.8789,0
SN_013246,LOT_045,11.2766,12.9304,13.1424,13.3813,0,healthy,0.0,50.0,11.8789,0
SN_013247,LOT_045,13.6842,14.2935,14.7697,14.6984,0,healthy,0.0,50.0,11.8789,0
SN_013248,LOT_045,10.5012,,11.3862,11.6162,0,healthy,0.0,50.0,11.8789,0
SN_013249,LOT_045,9.5936,9.8804,10.0452,10.1719,0,healthy,0.0,50.0,11.8789,0
SN_013250,LOT_045,12.3725,13.282,13.4641,13.6412,0,healthy,0.0,50.0,11.8789,0
SN_013251,LOT_045,11.221,12.0509,12.5489,12.698,0,healthy,0.0,50.0,11.8789,0
SN_013252,LOT_045,,17.3324,17.6955,18.078,0,healthy,0.0,50.0,11.8789,0
SN_013253,LOT_045,11.5039,12.7135,13.0909,13.3269,0,healthy,0.0,50.0,11.8789,0
SN_013254,LOT_045,,14.1727,14.9713,15.1856,0,healthy,0.0,50.0,11.8789,0
SN_013255,LOT_045,13.6972,15.3748,15.9635,16.2713,0,healthy,0.0,50.0,11.8789,0
SN_013256,LOT_045,10.6626,12.2717,12.6705,12.6951,0,healthy,0.0,50.0,11.8789,0
SN_013257,LOT_045,12.2269,13.131,13.546,13.8795,0,healthy,0.0,50.0,11.8789,0
SN_013258,LOT_045,10.3291,11.3572,11.6928,12.0025,0,healthy,0.0,50.0,11.8789,0
SN_013259,LOT_045,13.3208,14.3347,15.0715,15.2217,0,healthy,0.0,50.0,11.8789,0
SN_013260,LOT_045,12.673,14.0223,14.3813,14.777,0,healthy,0.0,50.0,11.8789,0
SN_013261,LOT_045,11.487,12.7215,13.121,13.2411,0,healthy,0.0,50.0,11.8789,0
SN_013262,LOT_045,12.084,12.6842,13.094,13.0278,0,healthy,0.0,50.0,11.8789,0
SN_013263,LOT_045,13.8742,14.9693,15.4402,15.5721,0,healthy,0.0,50.0,11.8789,0
SN_013264,LOT_045,9.5399,10.1543,10.2167,10.2548,0,healthy,0.0,50.0,11.8789,0
SN_013265,LOT_045,10.0512,11.1822,11.4689,11.6001,0,healthy,0.0,50.0,11.8789,0
SN_013266,LOT_045,11.9072,13.1908,13.6155,13.8259,0,healthy,0.0,50.0,11.8789,0
SN_013267,LOT_045,10.8633,12.0411,12.3509,12.6428,0,healthy,0.0,50.0,11.8789,0
SN_013268,LOT_045,12.4779,13.2215,13.7455,13.8063,0,healthy,0.0,50.0,11.8789,0
SN_013269,LOT_045,12.2952,,13.8122,13.6938,0,healthy,0.0,50.0,11.8789,0
SN_013270,LOT_045,14.1678,14.4304,22.369,48.5062,1,tddb_dielectric,0.6469,50.0,11.8789,0
SN_013271,LOT_045,10.2242,10.6355,10.6858,10.7871,0,healthy,0.0,50.0,11.8789,0
SN_013272,LOT_045,9.8474,10.7224,11.1017,11.2146,0,healthy,0.0,50.0,11.8789,0
SN_013273,LOT_045,10.5172,11.479,11.7549,12.0476,0,healthy,0.0,50.0,11.8789,0
SN_013274,LOT_045,,14.7434,15.4465,15.8152,0,healthy,0.0,50.0,11.8789,0
SN_013275,LOT_045,11.5199,11.9051,12.1791,12.3898,0,healthy,0.0,50.0,11.8789,0
SN_013276,LOT_045,10.6063,11.7536,12.4624,12.7552,0,healthy,0.0,50.0,11.8789,0
SN_013277,LOT_045,13.1118,14.3158,14.4472,14.5393,0,healthy,0.0,50.0,11.8789,0
SN_013278,LOT_045,14.0745,15.8116,16.3837,16.8053,0,healthy,0.0,50.0,11.8789,0
SN_013279,LOT_045,,12.7082,12.8839,13.0169,0,healthy,0.0,50.0,11.8789,0
SN_013280,LOT_045,10.3193,10.8925,11.1957,11.1426,0,healthy,0.0,50.0,11.8789,0
