part_id,lot_id,value_0h,value_24h,value_96h,value_168h,is_defect,defect_type,defect_severity,datasheet_limit,lot_median_true,heavy_tail_lot
SN_001001,LOT_001,23.7779,24.3299,26.3698,28.5593,1,subtle_in_spec,0.2704,50.0,7.487,0
SN_001002,LOT_001,8.0848,8.9546,9.268,9.5645,0,healthy,0.0,50.0,7.487,0
SN_001003,LOT_001,6.102,6.3819,6.3823,6.5021,0,healthy,0.0,50.0,7.487,0
SN_001004,LOT_001,9.3272,10.4902,11.0697,10.8961,0,healthy,0.0,50.0,7.487,0
SN_001005,LOT_001,8.5545,13.3256,15.3248,15.4235,1,mobile_ion,0.2344,50.0,7.487,0
SN_001006,LOT_001,9.8224,10.0138,14.2996,25.1247,1,tddb_dielectric,0.3512,50.0,7.487,0
SN_001007,LOT_001,7.1434,7.5538,7.796,7.8949,0,healthy,0.0,50.0,7.487,0
SN_001008,LOT_001,7.5155,8.1359,8.4348,8.6104,0,healthy,0.0,50.0,7.487,0
SN_001009,LOT_001,8.0014,8.8419,9.1645,9.5208,0,healthy,0.0,50.0,7.487,0
SN_001010,LOT_001,6.7015,8.3774,9.1457,9.532,1,nbti_ageing,0.152,50.0,7.487,0
SN_001011,LOT_001,8.0473,8.4405,8.5332,8.6162,0,healthy,0.0,50.0,7.487,0
SN_001012,LOT_001,7.3816,8.1594,8.4317,8.7957,0,healthy,0.0,50.0,7.487,0
SN_001013,LOT_001,6.2627,6.9685,7.245,7.3517,0,healthy,0.0,50.0,7.487,0
SN_001014,LOT_001,7.2984,7.9594,8.3413,8.5184,0,healthy,0.0,50.0,7.487,0
SN_001015,LOT_001,8.5499,9.0425,9.0807,9.2709,0,healthy,0.0,50.0,7.487,0
SN_001016,LOT_001,8.4374,9.0034,9.2552,9.4126,0,healthy,0.0,50.0,7.487,0
SN_001017,LOT_001,7.7005,7.8273,9.5786,13.1607,1,tddb_dielectric,0.0828,50.0,7.487,0
SN_001018,LOT_001,25.1473,26.1334,28.6977,30.9659,1,subtle_in_spec,0.3435,50.0,7.487,0
SN_001019,LOT_001,6.7456,7.2425,7.3599,7.4861,0,healthy,0.0,50.0,7.487,0
SN_001020,LOT_001,7.8056,8.5738,8.9512,9.044,0,healthy,0.0,50.0,7.487,0
SN_001021,LOT_001,23.7305,24.0675,26.3719,28.6339,1,subtle_in_spec,0.2678,50.0,7.487,0
SN_001022,LOT_001,7.4116,8.1795,8.5282,8.7795,0,healthy,0.0,50.0,7.487,0
SN_001023,LOT_001,7.3277,8.2211,8.6157,8.7691,0,healthy,0.0,50.0,7.487,0
SN_001024,LOT_001,8.4841,9.443,9.6731,9.94,0,healthy,0.0,50.0,7.487,0
SN_001025,LOT_001,8.6508,9.27,9.3884,9.4741,0,healthy,0.0,50.0,7.487,0
SN_001026,LOT_001,22.0706,22.4971,24.108,25.8848,1,subtle_in_spec,0.1791,50.0,7.487,0
SN_001027,LOT_001,7.606,9.9693,11.2523,11.9789,1,nbti_ageing,0.2481,50.0,7.487,0
SN_001028,LOT_001,7.2049,7.8658,7.9504,8.0006,0,healthy,0.0,50.0,7.487,0
SN_001029,LOT_001,7.026,7.3109,11.193,26.6207,1,tddb_dielectric,0.7575,50.0,7.487,0
SN_001030,LOT_001,9.2252,9.9199,10.2146,10.4503,0,healthy,0.0,50.0,7.487,0
SN_001031,LOT_001,6.931,7.3887,7.5687,7.5581,0,healthy,0.0,50.0,7.487,0
SN_001032,LOT_001,6.9445,8.744,14.2723,19.8974,1,electromigration,0.4243,50.0,7.487,0
SN_001033,LOT_001,9.9007,10.908,11.2451,11.3647,0,healthy,0.0,50.0,7.487,0
SN_001034,LOT_001,8.2103,8.7983,9.0342,9.0785,0,healthy,0.0,50.0,7.487,0
SN_001035,LOT_001,6.716,7.1501,7.2898,7.4601,0,healthy,0.0,50.0,7.487,0
SN_001036,LOT_001,7.2127,7.2781,8.9026,11.979,1,tddb_dielectric,0.045,50.0,7.487,0
SN_001037,LOT_001,7.3055,7.4007,9.764,14.9774,1,tddb_dielectric,0.1785,50.0,7.487,0
SN_001038,LOT_001,7.2627,7.4721,10.1469,16.7845,1,tddb_dielectric,0.2801,50.0,7.487,0
SN_001039,LOT_001,7.2627,7.6465,7.8557,7.8364,0,healthy,0.0,50.0,7.487,0
SN_001040,LOT_001,7.6621,8.4815,8.8241,8.8828,0,healthy,0.0,50.0,7.487,0
SN_001041,LOT_001,8.8116,13.8158,15.3598,15.3618,1,mobile_ion,0.2022,50.0,7.487,0
SN_001042,LOT_001,7.2309,8.0396,8.258,8.4573,0,healthy,0.0,50.0,7.487,0
SN_001043,LOT_001,9.5302,10.1509,10.3818,10.6014,0,healthy,0.0,50.0,7.487,0
SN_001044,LOT_001,7.4978,8.0763,8.2531,8.3663,0,healthy,0.0,50.0,7.487,0
SN_001045,LOT_001,7.5187,8.1799,8.5923,8.7752,0,healthy,0.0,50.0,7.487,0
SN_001046,LOT_001,7.5613,7.8744,8.2026,8.2026,0,healthy,0.0,50.0,7.487,0
SN_001047,LOT_001,7.3875,8.3238,8.603,8.6815,0,healthy,0.0,50.0,7.487,0
SN_001048,LOT_001,8.1755,9.301,9.7999,9.9689,1,nbti_ageing,0.0222,50.0,7.487,0
SN_001049,LOT_001,10.1649,11.3289,11.5898,11.7185,0,healthy,0.0,50.0,7.487,0
SN_001050,LOT_001,7.138,7.1082,9.1933,13.6056,1,tddb_dielectric,0.1386,50.0,7.487,0
SN_001051,LOT_001,6.7088,6.807,9.7021,16.6117,1,tddb_dielectric,0.327,50.0,7.487,0
SN_001052,LOT_001,7.5787,8.0217,8.4502,8.5716,0,healthy,0.0,50.0,7.487,0
SN_001053,LOT_001,7.141,7.2261,9.4227,14.3937,1,tddb_dielectric,0.1796,50.0,7.487,0
SN_001054,LOT_001,7.4571,8.8446,13.3118,17.5279,1,electromigration,0.2202,50.0,7.487,0
SN_001055,LOT_001,6.8725,7.1643,7.4571,7.4113,0,healthy,0.0,50.0,7.487,0
SN_001056,LOT_001,6.4034,6.6474,6.742,6.7545,0,healthy,0.0,50.0,7.487,0
SN_001057,LOT_001,7.699,7.7337,10.7257,17.1549,1,tddb_dielectric,0.2396,50.0,7.487,0
SN_001058,LOT_001,6.6762,7.4434,7.7246,7.7428,0,healthy,0.0,50.0,7.487,0
SN_001059,LOT_001,6.3669,6.8896,7.0347,7.2596,0,healthy,0.0,50.0,7.487,0
SN_001060,LOT_001,8.2992,9.1554,9.5143,9.8523,0,healthy,0.0,50.0,7.487,0
SN_001061,LOT_001,7.5935,8.4297,8.7834,8.9075,0,healthy,0.0,50.0,7.487,0
SN_001062,LOT_001,7.793,8.4627,8.4954,8.7689,0,healthy,0.0,50.0,7.487,0
SN_001063,LOT_001,8.0579,8.4474,8.6421,8.7312,0,healthy,0.0,50.0,7.487,0
SN_001064,LOT_001,6.6654,7.2096,7.6732,7.7409,0,healthy,0.0,50.0,7.487,0
SN_001065,LOT_001,6.8819,7.0135,9.3862,15.4067,1,tddb_dielectric,0.2388,50.0,7.487,0
SN_001066,LOT_001,5.831,5.9901,9.207,20.8687,1,tddb_dielectric,0.6924,50.0,7.487,0
SN_001067,LOT_001,6.7054,7.2418,7.553,7.6965,0,healthy,0.0,50.0,7.487,0
SN_001068,LOT_001,9.4729,10.0699,10.4657,10.4487,0,healthy,0.0,50.0,7.487,0
SN_001069,LOT_001,25.2988,26.1118,28.7547,31.0584,1,subtle_in_spec,0.3516,50.0,7.487,0
SN_001070,LOT_001,8.7071,9.122,9.2945,9.3425,0,healthy,0.0,50.0,7.487,0
SN_001071,LOT_001,7.0556,8.0806,8.2461,8.4253,0,healthy,0.0,50.0,7.487,0
SN_001072,LOT_001,6.8907,10.6385,13.8244,15.4742,1,nbti_ageing,0.7014,50.0,7.487,0
SN_001073,LOT_001,7.8733,8.5218,8.9668,8.8959,0,healthy,0.0,50.0,7.487,0
SN_001074,LOT_001,7.4621,8.0107,8.1172,8.2323,0,healthy,0.0,50.0,7.487,0
SN_001075,LOT_001,6.209,6.5847,6.6917,6.8177,0,healthy,0.0,50.0,7.487,0
SN_001076,LOT_001,8.2664,9.1953,9.4298,9.6528,0,healthy,0.0,50.0,7.487,0
SN_001077,LOT_001,6.441,8.3591,14.0622,19.936,1,electromigration,0.5083,50.0,7.487,0
SN_001078,LOT_001,9.7176,11.0152,11.2212,11.5685,0,healthy,0.0,50.0,7.487,0
SN_001079,LOT_001,6.53,7.1883,7.5102,7.5742,0,healthy,0.0,50.0,7.487,0
SN_001080,LOT_001,22.3011,22.7923,24.413,26.1977,1,subtle_in_spec,0.1915,50.0,7.487,0
SN_001081,LOT_001,7.9015,8.2738,8.3125,8.4553,0,healthy,0.0,50.0,7.487,0
SN_001082,LOT_001,6.6264,7.2367,7.4556,7.5739,0,healthy,0.0,50.0,7.487,0
SN_001083,LOT_001,7.8338,8.3983,8.6366,8.8366,0,healthy,0.0,50.0,7.487,0
SN_001084,LOT_001,6.4948,9.2843,17.3647,25.7213,1,electromigration,0.8568,50.0,7.487,0
SN_001085,LOT_001,7.6035,8.2161,8.4452,8.6645,0,healthy,0.0,50.0,7.487,0
SN_001086,LOT_001,7.4425,11.4058,14.4194,16.21,1,nbti_ageing,0.6561,50.0,7.487,0
SN_001087,LOT_001,7.5844,8.2298,8.6937,8.8784,0,healthy,0.0,50.0,7.487,0
SN_001088,LOT_001,8.0747,8.5089,8.6377,8.6114,0,healthy,0.0,50.0,7.487,0
SN_001089,LOT_001,21.1888,21.7984,23.8895,25.6718,1,esd_oxide,0.165,50.0,7.487,0
SN_001090,LOT_001,6.6798,7.5258,7.7006,7.9359,0,healthy,0.0,50.0,7.487,0
SN_001091,LOT_001,7.8254,8.1341,8.2268,8.2874,0,healthy,0.0,50.0,7.487,0
SN_001092,LOT_001,6.4393,10.553,10.5028,10.5045,1,mobile_ion,0.1603,50.0,7.487,0
SN_001093,LOT_001,6.8016,6.9668,10.1563,19.9452,1,tddb_dielectric,0.4795,50.0,7.487,0
SN_001094,LOT_001,8.8102,9.8134,10.1617,10.3855,0,healthy,0.0,50.0,7.487,0
SN_001095,LOT_001,7.6162,9.6736,15.5891,21.6632,1,electromigration,0.4111,50.0,7.487,0
SN_001096,LOT_001,6.5253,7.2709,7.6485,7.6754,0,healthy,0.0,50.0,7.487,0
SN_001097,LOT_001,23.9145,24.521,26.8696,28.7006,1,subtle_in_spec,0.2777,50.0,7.487,0
SN_001098,LOT_001,22.9847,23.4383,25.6902,27.3151,1,subtle_in_spec,0.228,50.0,7.487,0
SN_001099,LOT_001,6.4303,6.6893,6.8456,6.9218,0,healthy,0.0,50.0,7.487,0
SN_001100,LOT_001,6.5109,7.0229,7.2594,7.4338,0,healthy,0.0,50.0,7.487,0
SN_001101,LOT_001,8.3351,8.6348,8.7413,8.8096,0,healthy,0.0,50.0,7.487,0
SN_001102,LOT_001,7.9273,11.8887,14.8777,16.5559,1,nbti_ageing,0.5941,50.0,7.487,0
SN_001103,LOT_001,7.3384,7.8935,8.192,8.2566,0,healthy,0.0,50.0,7.487,0
SN_001104,LOT_001,6.8039,7.5251,7.7596,7.9166,0,healthy,0.0,50.0,7.487,0
SN_001105,LOT_001,8.5804,9.2073,9.4211,9.5694,0,healthy,0.0,50.0,7.487,0
SN_001106,LOT_001,7.0673,7.867,8.0796,8.2494,0,healthy,0.0,50.0,7.487,0
SN_001107,LOT_001,30.2848,31.5264,33.7731,35.818,1,esd_oxide,0.7725,50.0,7.487,0
SN_001108,LOT_001,7.1536,7.584,7.9123,8.0117,0,healthy,0.0,50.0,7.487,0
SN_001109,LOT_001,6.3883,7.0467,7.1026,7.2314,0,healthy,0.0,50.0,7.487,0
SN_001110,LOT_001,7.6877,9.7714,15.7546,21.9407,1,electromigration,0.4205,50.0,7.487,0
SN_001111,LOT_001,7.0225,7.2777,7.3093,7.4833,0,healthy,0.0,50.0,7.487,0
SN_001112,LOT_001,7.1175,7.6076,7.7396,7.9122,0,healthy,0.0,50.0,7.487,0
SN_001113,LOT_001,24.5163,25.356,27.4207,29.9146,1,subtle_in_spec,0.3098,50.0,7.487,0
SN_001114,LOT_001,22.1804,22.7598,24.414,26.0374,1,subtle_in_spec,0.185,50.0,7.487,0
SN_001115,LOT_001,28.4705,29.6923,33.2348,37.3504,1,subtle_in_spec,0.5211,50.0,7.487,0
SN_001116,LOT_001,8.2143,10.4013,16.7314,23.3687,1,electromigration,0.4138,50.0,7.487,0
SN_001117,LOT_001,7.7823,12.0985,12.6913,12.7046,1,mobile_ion,0.1462,50.0,7.487,0
SN_001118,LOT_001,7.2195,7.6408,7.4666,7.6921,0,healthy,0.0,50.0,7.487,0
SN_001119,LOT_001,6.9422,7.736,8.0321,8.1834,0,healthy,0.0,50.0,7.487,0
SN_001120,LOT_001,22.4257,23.0758,24.9087,26.5498,1,subtle_in_spec,0.1981,50.0,7.487,0
SN_001121,LOT_001,8.212,9.064,9.2041,9.3808,0,healthy,0.0,50.0,7.487,0
SN_001122,LOT_001,8.3298,9.1875,9.5809,9.6192,0,healthy,0.0,50.0,7.487,0
SN_001123,LOT_001,7.034,7.2106,7.5182,7.5801,0,healthy,0.0,50.0,7.487,0
SN_001124,LOT_001,7.3646,8.0453,8.3648,8.4156,0,healthy,0.0,50.0,7.487,0
SN_001125,LOT_001,6.9867,9.2933,16.2318,23.2611,1,electromigration,0.6076,50.0,7.487,0
SN_001126,LOT_001,6.8559,7.2946,7.469,7.6318,0,healthy,0.0,50.0,7.487,0
SN_001127,LOT_001,7.2884,8.2258,8.7015,8.7011,0,healthy,0.0,50.0,7.487,0
SN_001128,LOT_001,6.6939,7.5026,7.7003,7.9364,0,healthy,0.0,50.0,7.487,0
SN_001129,LOT_001,6.9823,10.2419,12.2739,13.6604,1,nbti_ageing,0.5024,50.0,7.487,0
SN_001130,LOT_001,7.8882,8.6867,8.8905,8.9069,0,healthy,0.0,50.0,7.487,0
SN_001131,LOT_001,25.8465,26.7457,29.7312,32.4195,1,subtle_in_spec,0.3809,50.0,7.487,0
SN_001132,LOT_001,6.7993,7.1712,7.379,7.4932,0,healthy,0.0,50.0,7.487,0
SN_001133,LOT_001,7.8013,8.0297,8.2385,8.4212,0,healthy,0.0,50.0,7.487,0
SN_001134,LOT_001,20.2124,20.6274,21.7853,23.0232,1,subtle_in_spec,0.0799,50.0,7.487,0
SN_001135,LOT_001,7.1893,7.7824,7.9996,8.233,0,healthy,0.0,50.0,7.487,0
SN_001136,LOT_001,7.234,11.2171,11.2848,11.1837,1,mobile_ion,0.1202,50.0,7.487,0
SN_001137,LOT_001,7.7865,8.636,9.0511,9.0277,0,healthy,0.0,50.0,7.487,0
SN_001138,LOT_001,7.295,9.8953,11.2735,12.2378,1,nbti_ageing,0.3091,50.0,7.487,0
SN_001139,LOT_001,7.1695,8.1223,8.3177,8.7067,0,healthy,0.0,50.0,7.487,0
SN_001140,LOT_001,6.1518,10.0117,10.1087,10.1105,1,mobile_ion,0.1583,50.0,7.487,0
SN_001141,LOT_001,8.5818,8.7459,9.1121,9.1966,0,healthy,0.0,50.0,7.487,0
SN_001142,LOT_001,7.6813,8.1697,8.5252,8.6285,0,healthy,0.0,50.0,7.487,0
SN_001143,LOT_001,7.2111,7.3862,7.5773,7.4439,0,healthy,0.0,50.0,7.487,0
SN_001144,LOT_001,7.0937,7.9878,8.3187,8.3786,0,healthy,0.0,50.0,7.487,0
SN_001145,LOT_001,7.4051,8.0425,8.3311,8.3428,0,healthy,0.0,50.0,7.487,0
SN_001146,LOT_001,7.7846,19.7106,23.1217,23.1644,1,mobile_ion,0.8132,50.0,7.487,0
SN_001147,LOT_001,21.5247,21.609,23.5339,25.0865,1,subtle_in_spec,0.15,50.0,7.487,0
SN_001148,LOT_001,28.3458,29.2625,30.7575,32.3173,1,esd_oxide,0.643,50.0,7.487,0
SN_001149,LOT_001,7.0585,7.3284,7.5602,7.618,0,healthy,0.0,50.0,7.487,0
SN_001150,LOT_001,6.9044,8.9161,14.7403,20.4087,1,electromigration,0.4646,50.0,7.487,0
SN_001151,LOT_001,7.4798,9.0992,9.9358,10.5446,1,nbti_ageing,0.1353,50.0,7.487,0
SN_001152,LOT_001,28.542,30.157,33.5685,36.4573,1,esd_oxide,0.6561,50.0,7.487,0
SN_001153,LOT_001,7.31,7.8389,7.973,8.0455,0,healthy,0.0,50.0,7.487,0
SN_001154,LOT_001,7.3265,8.0142,8.1429,8.2277,0,healthy,0.0,50.0,7.487,0
SN_001155,LOT_001,7.6004,9.1934,14.3028,19.3478,1,electromigration,0.292,50.0,7.487,0
SN_001156,LOT_001,7.6929,8.0177,8.1467,8.2862,0,healthy,0.0,50.0,7.487,0
SN_001157,LOT_001,6.8567,6.9479,9.2974,15.086,1,tddb_dielectric,0.2283,50.0,7.487,0
SN_001158,LOT_001,28.3259,28.8595,30.8064,33.6133,1,esd_oxide,0.6417,50.0,7.487,0
SN_001159,LOT_001,6.6816,14.8512,15.7769,15.9268,1,mobile_ion,0.5116,50.0,7.487,0
SN_001160,LOT_001,7.5728,8.0656,8.1686,8.1518,0,healthy,0.0,50.0,7.487,0
SN_001161,LOT_001,7.4771,8.2598,8.4351,8.7826,0,healthy,0.0,50.0,7.487,0
SN_001162,LOT_001,9.914,10.7986,10.9496,10.9483,0,healthy,0.0,50.0,7.487,0
SN_001163,LOT_001,8.6729,9.6177,10.0754,10.1114,0,healthy,0.0,50.0,7.487,0
SN_001164,LOT_001,7.5636,7.5966,10.1427,15.9767,1,tddb_dielectric,0.204,50.0,7.487,0
SN_001165,LOT_001,9.1898,12.0982,20.8194,29.7254,1,electromigration,0.5623,50.0,7.487,0
SN_001166,LOT_001,7.4621,12.7255,14.0925,14.2842,1,mobile_ion,0.2754,50.0,7.487,0
SN_001167,LOT_001,6.6377,6.8694,6.805,6.9532,0,healthy,0.0,50.0,7.487,0
SN_001168,LOT_001,26.0767,26.9226,29.2385,32.0994,1,esd_oxide,0.4915,50.0,7.487,0
SN_001169,LOT_001,7.4334,11.0483,11.3243,11.3799,1,mobile_ion,0.0947,50.0,7.487,0
SN_001170,LOT_001,19.2682,19.4926,20.6868,22.0741,1,esd_oxide,0.0368,50.0,7.487,0
SN_001171,LOT_001,6.6308,7.3505,7.7388,7.7716,0,healthy,0.0,50.0,7.487,0
SN_001172,LOT_001,5.8756,6.0131,9.386,23.0723,1,tddb_dielectric,0.8029,50.0,7.487,0
SN_001173,LOT_001,6.71,7.4836,7.8803,8.0471,0,healthy,0.0,50.0,7.487,0
SN_001174,LOT_001,7.6585,8.4257,8.7586,8.983,0,healthy,0.0,50.0,7.487,0
SN_001175,LOT_001,7.4062,7.9379,8.1522,8.2052,0,healthy,0.0,50.0,7.487,0
SN_001176,LOT_001,7.9399,9.2302,12.7283,16.3463,1,electromigration,0.1031,50.0,7.487,0
SN_001177,LOT_001,7.3225,8.0589,8.3296,8.5145,0,healthy,0.0,50.0,7.487,0
SN_001178,LOT_001,6.1709,8.1326,9.1441,9.7695,1,nbti_ageing,0.2546,50.0,7.487,0
SN_001179,LOT_001,7.99,10.1447,11.06,11.6118,1,nbti_ageing,0.1739,50.0,7.487,0
SN_001180,LOT_001,7.4333,7.8734,8.1039,8.1026,0,healthy,0.0,50.0,7.487,0
SN_001181,LOT_001,6.7612,7.2441,7.4112,7.39,0,healthy,0.0,50.0,7.487,0
SN_001182,LOT_001,6.8847,7.7525,8.0332,8.0797,0,healthy,0.0,50.0,7.487,0
SN_001183,LOT_001,8.7168,9.0712,9.2524,9.2642,0,healthy,0.0,50.0,7.487,0
SN_001184,LOT_001,23.6733,24.2321,26.5457,28.9078,1,subtle_in_spec,0.2648,50.0,7.487,0
SN_001185,LOT_001,8.2325,12.6867,14.3065,14.3483,1,mobile_ion,0.2101,50.0,7.487,0
SN_001186,LOT_001,26.2233,26.909,28.0935,29.1552,1,esd_oxide,0.5012,50.0,7.487,0
SN_001187,LOT_001,9.147,10.2652,10.57,10.7321,0,healthy,0.0,50.0,7.487,0
SN_001188,LOT_001,7.9374,8.509,8.8552,8.8627,0,healthy,0.0,50.0,7.487,0
SN_001189,LOT_001,7.0206,7.5288,7.6617,7.9048,0,healthy,0.0,50.0,7.487,0
SN_001190,LOT_001,7.1972,8.5284,12.2119,16.0766,1,electromigration,0.1761,50.0,7.487,0
SN_001191,LOT_001,6.2459,6.496,6.5594,6.7402,0,healthy,0.0,50.0,7.487,0
SN_001192,LOT_001,8.3466,8.8844,9.1126,9.1044,0,healthy,0.0,50.0,7.487,0
SN_001193,LOT_001,8.2724,9.3814,9.6338,9.9112,0,healthy,0.0,50.0,7.487,0
SN_001194,LOT_001,7.355,7.5888,11.8968,27.9052,1,tddb_dielectric,0.7605,50.0,7.487,0
SN_001195,LOT_001,20.4244,21.1899,22.7517,24.8737,1,esd_oxide,0.114,50.0,7.487,0
SN_001196,LOT_001,7.6276,8.6252,8.9692,9.0385,0,healthy,0.0,50.0,7.487,0
SN_001197,LOT_001,8.1666,8.8981,9.1739,9.3424,0,healthy,0.0,50.0,7.487,0
SN_001198,LOT_001,8.6179,9.563,9.9861,10.2662,0,healthy,0.0,50.0,7.487,0
SN_001199,LOT_001,7.158,7.4358,7.5772,7.589,0,healthy,0.0,50.0,7.487,0
SN_001200,LOT_001,8.1855,10.6141,17.5804,24.3569,1,electromigration,0.4796,50.0,7.487,0
SN_001201,LOT_001,6.6705,9.3083,9.8856,9.9707,1,mobile_ion,0.087,50.0,7.487,0
SN_001202,LOT_001,7.8925,8.7638,9.0061,8.8969,0,healthy,0.0,50.0,7.487,0
SN_001203,LOT_001,7.972,8.507,8.8033,8.885,0,healthy,0.0,50.0,7.487,0
SN_001204,LOT_001,6.9419,7.4997,7.8992,8.0541,0,healthy,0.0,50.0,7.487,0
SN_001205,LOT_001,22.4764,23.0528,24.545,26.5956,1,subtle_in_spec,0.2008,50.0,7.487,0
SN_001206,LOT_001,8.1354,8.1504,10.0169,13.513,1,tddb_dielectric,0.0515,50.0,7.487,0
SN_001207,LOT_001,8.2329,9.9106,14.9057,19.8431,1,electromigration,0.2421,50.0,7.487,0
SN_001208,LOT_001,6.6495,7.4085,7.75,7.9675,0,healthy,0.0,50.0,7.487,0
SN_001209,LOT_001,11.4217,11.8695,11.8763,12.082,0,healthy,0.0,50.0,7.487,0
SN_001210,LOT_001,9.6526,12.3911,14.0273,14.6656,1,nbti_ageing,0.2196,50.0,7.487,0
SN_001211,LOT_001,7.1659,7.2483,9.0168,12.8579,1,tddb_dielectric,0.0972,50.0,7.487,0
SN_001212,LOT_001,8.4095,12.5842,12.8001,12.8992,1,mobile_ion,0.0995,50.0,7.487,0
SN_001213,LOT_001,7.354,7.9682,8.0137,8.152,0,healthy,0.0,50.0,7.487,0
SN_001214,LOT_001,7.8995,8.4148,8.5896,8.6989,0,healthy,0.0,50.0,7.487,0
SN_001215,LOT_001,7.4155,8.2014,8.6143,8.8573,0,healthy,0.0,50.0,7.487,0
SN_001216,LOT_001,8.8706,9.3329,9.3757,9.3612,0,healthy,0.0,50.0,7.487,0
SN_001217,LOT_001,8.6685,9.0267,9.0581,9.1137,0,healthy,0.0,50.0,7.487,0
SN_001218,LOT_001,7.3316,7.7259,7.6844,7.8575,0,healthy,0.0,50.0,7.487,0
SN_001219,LOT_001,20.4315,20.8152,21.7779,23.408,1,subtle_in_spec,0.0916,50.0,7.487,0
SN_001220,LOT_001,7.6717,9.3694,10.1944,10.6483,1,nbti_ageing,0.1237,50.0,7.487,0
SN_001221,LOT_001,7.3657,8.1667,8.5375,8.6365,0,healthy,0.0,50.0,7.487,0
SN_001222,LOT_001,9.0971,9.6716,9.9018,10.122,0,healthy,0.0,50.0,7.487,0
SN_001223,LOT_001,6.7688,17.8497,18.8321,18.9683,1,mobile_ion,0.7213,50.0,7.487,0
SN_001224,LOT_001,7.443,7.9465,8.1582,8.2348,0,healthy,0.0,50.0,7.487,0
SN_001225,LOT_001,6.9661,7.2246,7.3593,7.2812,0,healthy,0.0,50.0,7.487,0
SN_001226,LOT_001,7.2746,7.4583,7.7062,7.7454,0,healthy,0.0,50.0,7.487,0
SN_001227,LOT_001,6.2003,6.353,8.3067,12.7607,1,tddb_dielectric,0.187,50.0,7.487,0
SN_001228,LOT_001,7.8137,7.8798,10.8833,17.696,1,tddb_dielectric,0.2616,50.0,7.487,0
SN_001229,LOT_001,7.4838,7.8784,7.8319,7.9986,0,healthy,0.0,50.0,7.487,0
SN_001230,LOT_001,7.0041,7.3963,7.6535,7.7419,0,healthy,0.0,50.0,7.487,0
SN_001231,LOT_001,7.1946,7.6723,7.7945,7.9471,0,healthy,0.0,50.0,7.487,0
SN_001232,LOT_001,7.0608,15.7688,15.8768,16.0458,1,mobile_ion,0.4658,50.0,7.487,0
SN_001233,LOT_001,8.2779,9.1567,9.5671,9.8485,0,healthy,0.0,50.0,7.487,0
SN_001234,LOT_001,27.8015,28.1843,29.9603,31.7629,1,esd_oxide,0.6066,50.0,7.487,0
SN_001235,LOT_001,7.9108,8.4426,8.7447,8.7324,0,healthy,0.0,50.0,7.487,0
SN_001236,LOT_001,9.1564,9.2692,13.6706,25.5889,1,tddb_dielectric,0.4321,50.0,7.487,0
SN_001237,LOT_001,7.9784,8.6565,9.0993,9.1541,0,healthy,0.0,50.0,7.487,0
SN_001238,LOT_001,7.6615,8.3089,8.6134,8.9595,0,healthy,0.0,50.0,7.487,0
SN_001239,LOT_001,9.0654,9.8803,10.1017,10.1975,0,healthy,0.0,50.0,7.487,0
SN_001240,LOT_001,6.6369,7.4928,7.7433,7.8441,0,healthy,0.0,50.0,7.487,0
SN_001241,LOT_001,7.5659,8.0661,8.2814,8.2498,0,healthy,0.0,50.0,7.487,0
SN_001242,LOT_001,8.0493,8.0861,10.8533,16.2782,1,tddb_dielectric,0.1826,50.0,7.487,0
SN_001243,LOT_001,8.4928,9.1998,9.4372,9.4351,0,healthy,0.0,50.0,7.487,0
SN_001244,LOT_001,7.5559,8.2886,8.7066,8.7683,0,healthy,0.0,50.0,7.487,0
SN_001245,LOT_001,7.5008,7.9842,8.0393,8.1965,0,healthy,0.0,50.0,7.487,0
SN_001246,LOT_001,6.9751,8.7913,14.0669,19.5289,1,electromigration,0.3967,50.0,7.487,0
SN_001247,LOT_001,6.6319,6.8766,7.0204,7.2178,0,healthy,0.0,50.0,7.487,0
SN_001248,LOT_001,8.3733,8.8882,8.8986,9.0419,0,healthy,0.0,50.0,7.487,0
SN_001249,LOT_001,7.6403,7.8245,8.0041,8.0796,0,healthy,0.0,50.0,7.487,0
SN_001250,LOT_001,8.1511,9.1963,9.3777,9.491,0,healthy,0.0,50.0,7.487,0
SN_001251,LOT_001,7.2277,7.8466,8.143,8.3778,0,healthy,0.0,50.0,7.487,0
SN_001252,LOT_001,7.8262,7.9134,10.77,17.1075,1,tddb_dielectric,0.2266,50.0,7.487,0
SN_001253,LOT_001,9.2533,9.7859,10.0245,10.2151,0,healthy,0.0,50.0,7.487,0
SN_001254,LOT_001,6.2256,6.5335,6.7118,6.8106,0,healthy,0.0,50.0,7.487,0
SN_001255,LOT_001,26.35,27.0478,30.6305,33.508,1,subtle_in_spec,0.4078,50.0,7.487,0
SN_001256,LOT_001,8.0844,8.7338,9.061,9.2056,0,healthy,0.0,50.0,7.487,0
SN_001257,LOT_001,7.4562,10.2402,11.7884,12.6869,1,nbti_ageing,0.337,50.0,7.487,0
SN_001258,LOT_001,8.0412,8.223,8.4132,8.4353,0,healthy,0.0,50.0,7.487,0
SN_001259,LOT_001,22.9912,23.3705,25.6224,27.3557,1,subtle_in_spec,0.2283,50.0,7.487,0
SN_001260,LOT_001,8.2186,8.8031,9.0082,9.0882,0,healthy,0.0,50.0,7.487,0
SN_001261,LOT_001,7.9072,11.3222,13.6962,14.869,1,nbti_ageing,0.4641,50.0,7.487,0
SN_001262,LOT_001,5.4288,6.9405,7.6598,8.1639,1,nbti_ageing,0.197,50.0,7.487,0
SN_001263,LOT_001,8.6137,9.2978,9.647,9.8442,0,healthy,0.0,50.0,7.487,0
SN_001264,LOT_001,7.6911,8.075,8.1549,8.3293,0,healthy,0.0,50.0,7.487,0
SN_001265,LOT_001,8.2304,8.5705,8.6712,8.6385,0,healthy,0.0,50.0,7.487,0
SN_001266,LOT_001,7.3449,7.848,8.0834,8.0699,0,healthy,0.0,50.0,7.487,0
SN_001267,LOT_001,6.9899,7.7859,7.8953,7.9547,0,healthy,0.0,50.0,7.487,0
SN_001268,LOT_001,7.1511,7.4604,7.5706,7.6918,0,healthy,0.0,50.0,7.487,0
SN_001269,LOT_001,6.5816,7.3439,7.6956,7.8423,0,healthy,0.0,50.0,7.487,0
SN_001270,LOT_001,20.2486,21.2621,22.7543,24.8257,1,esd_oxide,0.1022,50.0,7.487,0
SN_001271,LOT_001,8.8337,9.1233,9.3619,9.3448,0,healthy,0.0,50.0,7.487,0
SN_001272,LOT_001,7.5759,8.255,8.4578,8.5103,0,healthy,0.0,50.0,7.487,0
SN_001273,LOT_001,6.3172,11.2748,12.4892,12.4519,1,mobile_ion,0.3318,50.0,7.487,0
SN_001274,LOT_001,8.2298,9.0116,9.5432,9.759,0,healthy,0.0,50.0,7.487,0
SN_001275,LOT_001,7.9846,8.4619,8.604,8.8529,0,healthy,0.0,50.0,7.487,0
SN_001276,LOT_002,9.2036,9.446,9.6056,9.771,0,healthy,0.0,50.0,8.4282,0
SN_001277,LOT_002,8.121,18.7681,18.9869,19.1384,1,mobile_ion,0.5091,50.0,8.4282,0
SN_001278,LOT_002,8.8868,9.5069,9.8573,9.9124,0,healthy,0.0,50.0,8.4282,0
SN_001279,LOT_002,9.27,9.9178,10.3014,10.4887,0,healthy,0.0,50.0,8.4282,0
SN_001280,LOT_002,8.0016,9.6085,14.4624,19.0348,1,electromigration,0.2364,50.0,8.4282,0
SN_001281,LOT_002,8.0974,8.5384,8.652,8.7482,0,healthy,0.0,50.0,8.4282,0
SN_001282,LOT_002,23.185,24.1932,26.4764,28.2843,1,esd_oxide,0.1254,50.0,8.4282,0
SN_001283,LOT_002,8.4575,9.104,9.3504,9.3403,0,healthy,0.0,50.0,8.4282,0
SN_001284,LOT_002,31.2163,32.8269,36.2057,40.3567,1,subtle_in_spec,0.4815,50.0,8.4282,0
SN_001285,LOT_002,7.554,10.7506,12.6027,13.8484,1,nbti_ageing,0.4177,50.0,8.4282,0
SN_001286,LOT_002,8.3407,8.7642,9.0058,9.0335,0,healthy,0.0,50.0,8.4282,0
SN_001287,LOT_002,8.8098,9.4077,9.5949,9.5462,0,healthy,0.0,50.0,8.4282,0
SN_001288,LOT_002,8.1831,8.7058,9.0722,9.0117,0,healthy,0.0,50.0,8.4282,0
SN_001289,LOT_002,8.4354,9.4169,9.9895,10.1884,0,healthy,0.0,50.0,8.4282,0
SN_001290,LOT_002,8.8584,9.3865,9.4541,9.6635,0,healthy,0.0,50.0,8.4282,0
SN_001291,LOT_002,8.4421,9.6382,9.918,10.1509,0,healthy,0.0,50.0,8.4282,0
SN_001292,LOT_002,8.4118,11.5636,13.5512,14.842,1,nbti_ageing,0.3575,50.0,8.4282,0
SN_001293,LOT_002,8.8618,9.3989,9.4533,9.6986,0,healthy,0.0,50.0,8.4282,0
SN_001294,LOT_002,9.6663,10.4941,10.8652,11.1472,0,healthy,0.0,50.0,8.4282,0
SN_001295,LOT_002,9.0129,9.4729,9.6522,9.8306,0,healthy,0.0,50.0,8.4282,0
SN_001296,LOT_002,26.0396,26.5958,28.5949,30.5059,1,esd_oxide,0.2948,50.0,8.4282,0
SN_001297,LOT_002,7.3339,7.7526,8.0676,8.0572,0,healthy,0.0,50.0,8.4282,0
SN_001298,LOT_002,8.2112,9.8226,10.648,11.0944,1,nbti_ageing,0.1011,50.0,8.4282,0
SN_001299,LOT_002,9.179,9.5894,9.954,9.9968,0,healthy,0.0,50.0,8.4282,0
SN_001300,LOT_002,8.5797,9.2427,9.4838,9.534,0,healthy,0.0,50.0,8.4282,0
SN_001301,LOT_002,8.2755,9.1514,9.5392,9.7972,0,healthy,0.0,50.0,8.4282,0
SN_001302,LOT_002,8.5389,8.752,8.9103,8.9735,0,healthy,0.0,50.0,8.4282,0
SN_001303,LOT_002,7.9363,8.3929,8.7832,8.8474,0,healthy,0.0,50.0,8.4282,0
SN_001304,LOT_002,8.5303,8.9008,9.3217,9.4057,0,healthy,0.0,50.0,8.4282,0
SN_001305,LOT_002,8.113,9.2693,12.6003,16.0186,1,electromigration,0.0644,50.0,8.4282,0
SN_001306,LOT_002,38.0848,40.1588,47.2063,54.2503,1,subtle_in_spec,0.8075,50.0,8.4282,0
SN_001307,LOT_002,8.1531,8.417,8.6657,8.7753,0,healthy,0.0,50.0,8.4282,0
SN_001308,LOT_002,7.9772,8.4021,8.4571,8.636,0,healthy,0.0,50.0,8.4282,0
SN_001309,LOT_002,9.9886,10.5169,10.8081,11.0096,0,healthy,0.0,50.0,8.4282,0
SN_001310,LOT_002,9.034,23.1848,23.4476,23.3599,1,mobile_ion,0.6273,50.0,8.4282,0
SN_001311,LOT_002,8.9122,9.1817,9.3841,9.3838,0,healthy,0.0,50.0,8.4282,0
SN_001312,LOT_002,8.4882,11.1864,12.7161,13.3527,1,nbti_ageing,0.2563,50.0,8.4282,0
SN_001313,LOT_002,9.2804,14.2388,17.9494,20.2951,1,nbti_ageing,0.6561,50.0,8.4282,0
SN_001314,LOT_002,7.9153,8.7147,9.0645,9.0502,0,healthy,0.0,50.0,8.4282,0
SN_001315,LOT_002,24.3083,25.1778,26.646,28.2993,1,subtle_in_spec,0.1537,50.0,8.4282,0
SN_001316,LOT_002,7.458,7.5769,11.8897,26.2863,1,tddb_dielectric,0.675,50.0,8.4282,0
SN_001317,LOT_002,6.8216,7.4419,7.5016,7.7035,0,healthy,0.0,50.0,8.4282,0
SN_001318,LOT_002,7.4019,8.2204,8.5231,8.6794,0,healthy,0.0,50.0,8.4282,0
SN_001319,LOT_002,9.1265,9.8371,10.2025,10.3014,0,healthy,0.0,50.0,8.4282,0
SN_001320,LOT_002,8.5482,11.5789,13.1871,14.0543,1,nbti_ageing,0.2974,50.0,8.4282,0
SN_001321,LOT_002,6.8292,7.6559,7.8899,8.0071,0,healthy,0.0,50.0,8.4282,0
SN_001322,LOT_002,8.2036,8.728,8.9162,9.0285,0,healthy,0.0,50.0,8.4282,0
SN_001323,LOT_002,8.1065,8.754,8.9723,9.1883,0,healthy,0.0,50.0,8.4282,0
SN_001324,LOT_002,9.546,10.5584,10.8326,10.924,0,healthy,0.0,50.0,8.4282,0
SN_001325,LOT_002,8.3711,8.8594,9.0346,9.2645,0,healthy,0.0,50.0,8.4282,0
SN_001326,LOT_002,8.4888,9.4866,9.9942,10.1839,0,healthy,0.0,50.0,8.4282,0
SN_001327,LOT_002,9.3452,9.9378,10.1001,10.3791,0,healthy,0.0,50.0,8.4282,0
SN_001328,LOT_002,8.5099,11.4014,11.909,12.2005,1,mobile_ion,0.0401,50.0,8.4282,0
SN_001329,LOT_002,8.957,8.9965,12.5027,20.5764,1,tddb_dielectric,0.2615,50.0,8.4282,0
SN_001330,LOT_002,32.0279,33.3604,38.1415,41.7899,1,subtle_in_spec,0.52,50.0,8.4282,0
SN_001331,LOT_002,9.8734,10.0767,13.2952,20.6981,1,tddb_dielectric,0.1995,50.0,8.4282,0
SN_001332,LOT_002,10.3484,10.8238,11.1172,11.0513,0,healthy,0.0,50.0,8.4282,0
SN_001333,LOT_002,8.081,8.3739,8.5943,8.6129,0,healthy,0.0,50.0,8.4282,0
SN_001334,LOT_002,6.8253,9.01,10.2139,10.927,1,nbti_ageing,0.2683,50.0,8.4282,0
SN_001335,LOT_002,8.5716,11.8612,13.8128,14.9167,1,nbti_ageing,0.359,50.0,8.4282,0
SN_001336,LOT_002,8.1132,9.2324,9.4187,9.5407,0,healthy,0.0,50.0,8.4282,0
SN_001337,LOT_002,7.6557,10.6989,11.3206,11.4708,1,mobile_ion,0.0758,50.0,8.4282,0
SN_001338,LOT_002,8.308,9.0654,9.3786,9.3635,0,healthy,0.0,50.0,8.4282,0
SN_001339,LOT_002,6.4077,6.9779,7.147,7.2338,0,healthy,0.0,50.0,8.4282,0
SN_001340,LOT_002,10.8017,12.0227,12.4136,12.6065,0,healthy,0.0,50.0,8.4282,0
SN_001341,LOT_002,7.7202,8.5551,8.9165,9.097,0,healthy,0.0,50.0,8.4282,0
SN_001342,LOT_002,9.2371,10.2535,10.7775,10.8218,0,healthy,0.0,50.0,8.4282,0
SN_001343,LOT_002,8.0138,8.5426,8.8598,8.9343,0,healthy,0.0,50.0,8.4282,0
SN_001344,LOT_002,7.5975,8.9833,9.5792,9.744,1,nbti_ageing,0.0579,50.0,8.4282,0
SN_001345,LOT_002,8.9139,9.1205,11.9371,17.837,1,tddb_dielectric,0.1637,50.0,8.4282,0
SN_001346,LOT_002,7.3735,7.4739,10.8155,19.3335,1,tddb_dielectric,0.3729,50.0,8.4282,0
SN_001347,LOT_002,7.6191,7.9443,7.9461,8.1455,0,healthy,0.0,50.0,8.4282,0
SN_001348,LOT_002,8.4496,8.8416,8.998,9.0228,0,healthy,0.0,50.0,8.4282,0
SN_001349,LOT_002,7.2803,7.8527,8.0972,8.1573,0,healthy,0.0,50.0,8.4282,0
SN_001350,LOT_002,7.9965,8.4586,8.6415,8.7328,0,healthy,0.0,50.0,8.4282,0
SN_001351,LOT_002,8.4682,12.9477,16.3726,18.5061,1,nbti_ageing,0.6587,50.0,8.4282,0
SN_001352,LOT_002,25.1492,25.9253,28.6745,30.8463,1,esd_oxide,0.242,50.0,8.4282,0
SN_001353,LOT_002,8.2681,9.0902,9.1992,9.5612,0,healthy,0.0,50.0,8.4282,0
SN_001354,LOT_002,8.7484,10.8389,11.6105,12.1541,1,nbti_ageing,0.1274,50.0,8.4282,0
SN_001355,LOT_002,9.0109,9.2441,9.4013,9.435,0,healthy,0.0,50.0,8.4282,0
SN_001356,LOT_002,8.4281,8.5663,10.4168,14.0411,1,tddb_dielectric,0.0468,50.0,8.4282,0
SN_001357,LOT_002,8.627,8.7781,11.0939,16.1129,1,tddb_dielectric,0.1178,50.0,8.4282,0
SN_001358,LOT_002,7.6223,8.3947,8.5117,8.498,0,healthy,0.0,50.0,8.4282,0
SN_001359,LOT_002,8.0999,8.3999,8.536,8.6162,0,healthy,0.0,50.0,8.4282,0
SN_001360,LOT_002,8.6913,9.4629,9.7362,9.9528,0,healthy,0.0,50.0,8.4282,0
SN_001361,LOT_002,30.0364,31.1585,34.5517,38.409,1,subtle_in_spec,0.4255,50.0,8.4282,0
SN_001362,LOT_002,7.4108,11.5592,15.1254,17.3124,1,nbti_ageing,0.7586,50.0,8.4282,0
SN_001363,LOT_002,8.8449,9.7102,9.9552,10.0724,0,healthy,0.0,50.0,8.4282,0
SN_001364,LOT_002,8.3714,8.8582,9.1304,9.1046,0,healthy,0.0,50.0,8.4282,0
SN_001365,LOT_002,8.4162,9.0909,9.603,9.6324,0,healthy,0.0,50.0,8.4282,0
SN_001366,LOT_002,8.227,8.8145,8.9971,9.151,0,healthy,0.0,50.0,8.4282,0
SN_001367,LOT_002,9.1282,9.797,9.8472,10.0447,0,healthy,0.0,50.0,8.4282,0
SN_001368,LOT_002,8.858,9.8691,10.1295,10.1418,0,healthy,0.0,50.0,8.4282,0
SN_001369,LOT_002,8.9038,9.3946,9.3811,9.4332,0,healthy,0.0,50.0,8.4282,0
SN_001370,LOT_002,8.9235,9.4927,9.388,9.6721,0,healthy,0.0,50.0,8.4282,0
SN_001371,LOT_002,7.8888,8.5408,8.9912,9.0582,0,healthy,0.0,50.0,8.4282,0
SN_001372,LOT_002,8.4424,9.4525,9.9282,10.1337,0,healthy,0.0,50.0,8.4282,0
SN_001373,LOT_002,8.6534,9.6819,9.7899,10.2309,0,healthy,0.0,50.0,8.4282,0
SN_001374,LOT_002,7.2596,7.3714,11.0733,21.9294,1,tddb_dielectric,0.502,50.0,8.4282,0
SN_001375,LOT_002,8.5898,9.0426,9.1299,9.1881,0,healthy,0.0,50.0,8.4282,0
SN_001376,LOT_002,27.71,28.1794,31.2744,33.8099,1,subtle_in_spec,0.3151,50.0,8.4282,0
SN_001377,LOT_002,30.8012,32.0064,36.0805,39.8704,1,esd_oxide,0.5773,50.0,8.4282,0
SN_001378,LOT_002,9.8501,10.4307,10.5976,10.6709,0,healthy,0.0,50.0,8.4282,0
SN_001379,LOT_002,10.34,11.3714,11.7717,11.7805,0,healthy,0.0,50.0,8.4282,0
SN_001380,LOT_002,7.1481,7.6253,7.8522,7.9726,0,healthy,0.0,50.0,8.4282,0
SN_001381,LOT_002,7.7507,8.3975,8.6816,8.9336,0,healthy,0.0,50.0,8.4282,0
SN_001382,LOT_002,8.4181,8.7505,8.8472,8.9042,0,healthy,0.0,50.0,8.4282,0
SN_001383,LOT_002,29.3865,30.2129,32.1113,34.5041,1,esd_oxide,0.4933,50.0,8.4282,0
SN_001384,LOT_002,8.9585,14.2717,19.0278,21.9713,1,nbti_ageing,0.8289,50.0,8.4282,0
SN_001385,LOT_002,9.535,9.6189,12.3938,17.7533,1,tddb_dielectric,0.1207,50.0,8.4282,0
SN_001386,LOT_002,7.5432,8.2389,8.4379,8.4393,0,healthy,0.0,50.0,8.4282,0
SN_001387,LOT_002,10.6813,11.7693,11.9372,12.0678,0,healthy,0.0,50.0,8.4282,0
SN_001388,LOT_002,9.3424,10.0922,10.5909,10.7098,0,healthy,0.0,50.0,8.4282,0
SN_001389,LOT_002,7.9667,8.7838,9.0289,9.059,0,healthy,0.0,50.0,8.4282,0
SN_001390,LOT_002,8.9822,9.2218,14.4323,32.6745,1,tddb_dielectric,0.7148,50.0,8.4282,0
SN_001391,LOT_002,8.6092,10.5858,16.6189,22.8624,1,electromigration,0.3439,50.0,8.4282,0
SN_001392,LOT_002,7.7336,14.9608,18.081,18.3291,1,mobile_ion,0.5004,50.0,8.4282,0
SN_001393,LOT_002,8.4554,9.1568,9.3563,9.5818,0,healthy,0.0,50.0,8.4282,0
SN_001394,LOT_002,8.9328,13.7279,17.6346,19.853,1,nbti_ageing,0.6867,50.0,8.4282,0
SN_001395,LOT_002,30.2798,31.8016,34.9862,38.7606,1,subtle_in_spec,0.4371,50.0,8.4282,0
SN_001396,LOT_002,8.8428,9.2062,9.3625,9.4455,0,healthy,0.0,50.0,8.4282,0
SN_001397,LOT_002,8.0625,8.5861,8.8408,8.8746,0,healthy,0.0,50.0,8.4282,0
SN_001398,LOT_002,8.923,9.681,9.893,10.0199,0,healthy,0.0,50.0,8.4282,0
SN_001399,LOT_002,9.1033,9.6683,9.8152,9.921,0,healthy,0.0,50.0,8.4282,0
SN_001400,LOT_002,8.6853,9.2367,9.3975,9.6984,0,healthy,0.0,50.0,8.4282,0
SN_001401,LOT_002,8.0999,8.4123,8.6259,8.6572,0,healthy,0.0,50.0,8.4282,0
SN_001402,LOT_002,23.7492,24.697,26.8417,29.7153,1,esd_oxide,0.1589,50.0,8.4282,0
SN_001403,LOT_002,8.3544,8.9342,9.1775,9.3167,0,healthy,0.0,50.0,8.4282,0
SN_001404,LOT_002,7.7721,8.5513,8.62,8.6795,0,healthy,0.0,50.0,8.4282,0
SN_001405,LOT_002,9.3903,9.6542,9.8481,10.103,0,healthy,0.0,50.0,8.4282,0
SN_001406,LOT_002,7.8602,8.2,8.2091,8.214,0,healthy,0.0,50.0,8.4282,0
SN_001407,LOT_002,7.7489,7.8374,8.0833,8.2236,0,healthy,0.0,50.0,8.4282,0
SN_001408,LOT_002,8.2278,8.8651,9.2601,9.3215,0,healthy,0.0,50.0,8.4282,0
SN_001409,LOT_002,7.9715,8.8873,9.3139,9.3993,0,healthy,0.0,50.0,8.4282,0
SN_001410,LOT_002,7.7142,8.2042,8.4089,8.4573,0,healthy,0.0,50.0,8.4282,0
SN_001411,LOT_002,8.8669,9.14,9.2846,9.4538,0,healthy,0.0,50.0,8.4282,0
SN_001412,LOT_002,9.2998,14.203,16.2405,16.2724,1,mobile_ion,0.2128,50.0,8.4282,0
SN_001413,LOT_002,7.8701,8.4012,8.5609,8.6199,0,healthy,0.0,50.0,8.4282,0
SN_001414,LOT_002,7.7848,8.5014,8.7638,8.8591,0,healthy,0.0,50.0,8.4282,0
SN_001415,LOT_002,7.1153,7.7729,8.0378,8.1989,0,healthy,0.0,50.0,8.4282,0
SN_001416,LOT_002,33.1402,35.115,39.4041,43.6178,1,subtle_in_spec,0.5728,50.0,8.4282,0
SN_001417,LOT_002,10.6468,12.2255,12.4785,12.7846,0,healthy,0.0,50.0,8.4282,0
SN_001418,LOT_002,6.8211,7.6157,7.8853,7.863,0,healthy,0.0,50.0,8.4282,0
SN_001419,LOT_002,9.1112,9.7155,10.079,10.1409,0,healthy,0.0,50.0,8.4282,0
SN_001420,LOT_002,9.4226,10.7522,11.1372,11.1832,0,healthy,0.0,50.0,8.4282,0
SN_001421,LOT_002,9.5667,9.7049,10.0425,10.0778,0,healthy,0.0,50.0,8.4282,0
SN_001422,LOT_002,9.1596,16.4826,18.1875,18.3342,1,mobile_ion,0.3409,50.0,8.4282,0
SN_001423,LOT_002,7.8269,8.1145,8.3437,8.382,0,healthy,0.0,50.0,8.4282,0
SN_001424,LOT_002,8.2063,8.9504,9.143,9.2603,0,healthy,0.0,50.0,8.4282,0
SN_001425,LOT_002,7.635,7.9714,8.1342,8.1353,0,healthy,0.0,50.0,8.4282,0
SN_001426,LOT_002,8.3418,10.5287,11.6718,12.2892,1,nbti_ageing,0.1829,50.0,8.4282,0
SN_001427,LOT_002,29.2348,30.3309,33.5469,36.7072,1,subtle_in_spec,0.3875,50.0,8.4282,0
SN_001428,LOT_002,8.2467,10.9275,12.2303,12.3754,1,mobile_ion,0.0773,50.0,8.4282,0
SN_001429,LOT_002,7.6665,8.0422,8.0444,8.168,0,healthy,0.0,50.0,8.4282,0
SN_001430,LOT_002,30.8342,31.9045,35.7267,39.7686,1,subtle_in_spec,0.4634,50.0,8.4282,0
SN_001431,LOT_002,27.6026,28.6593,31.0463,33.4261,1,subtle_in_spec,0.31,50.0,8.4282,0
SN_001432,LOT_002,8.5119,9.1494,9.641,9.6144,0,healthy,0.0,50.0,8.4282,0
SN_001433,LOT_002,7.5586,8.8538,12.4236,16.1356,1,electromigration,0.1316,50.0,8.4282,0
SN_001434,LOT_002,8.3855,10.3512,16.7206,22.767,1,electromigration,0.3667,50.0,8.4282,0
SN_001435,LOT_002,8.0367,8.4652,8.8883,8.9244,0,healthy,0.0,50.0,8.4282,0
SN_001436,LOT_002,7.4138,8.3456,8.6841,8.7571,0,healthy,0.0,50.0,8.4282,0
SN_001437,LOT_002,7.5494,10.5518,10.8204,10.8547,1,mobile_ion,0.0565,50.0,8.4282,0
SN_001438,LOT_002,8.6058,8.9533,9.1124,9.1618,0,healthy,0.0,50.0,8.4282,0
SN_001439,LOT_002,8.6065,9.1705,9.3949,9.6458,0,healthy,0.0,50.0,8.4282,0
SN_001440,LOT_002,7.8265,8.4332,8.6802,8.9654,0,healthy,0.0,50.0,8.4282,0
SN_001441,LOT_002,8.4406,8.7624,8.9704,9.0576,0,healthy,0.0,50.0,8.4282,0
SN_001442,LOT_002,8.7173,11.2401,12.5955,13.2767,1,nbti_ageing,0.2186,50.0,8.4282,0
SN_001443,LOT_002,9.4833,9.8566,9.9488,10.1608,0,healthy,0.0,50.0,8.4282,0
SN_001444,LOT_002,25.4691,26.3918,28.9702,31.3378,1,esd_oxide,0.2609,50.0,8.4282,0
SN_001445,LOT_002,8.8698,9.5054,9.6265,9.7175,0,healthy,0.0,50.0,8.4282,0
SN_001446,LOT_002,8.3113,12.0652,14.6926,16.1207,1,nbti_ageing,0.4992,50.0,8.4282,0
SN_001447,LOT_002,8.1233,8.6008,8.716,8.7156,0,healthy,0.0,50.0,8.4282,0
SN_001448,LOT_002,7.6537,7.9714,8.052,8.0411,0,healthy,0.0,50.0,8.4282,0
SN_001449,LOT_002,7.9102,11.0787,12.9789,14.0072,1,nbti_ageing,0.381,50.0,8.4282,0
SN_001450,LOT_002,9.8962,10.6264,10.9698,11.118,0,healthy,0.0,50.0,8.4282,0
SN_001451,LOT_002,23.8284,24.2181,25.7738,27.3591,1,subtle_in_spec,0.1309,50.0,8.4282,0
SN_001452,LOT_002,8.5668,9.6103,10.0417,10.4019,1,nbti_ageing,0.01,50.0,8.4282,0
SN_001453,LOT_002,22.2947,22.7046,23.8155,25.2083,1,subtle_in_spec,0.0581,50.0,8.4282,0
SN_001454,LOT_002,8.4637,8.8418,9.0938,9.1053,0,healthy,0.0,50.0,8.4282,0
SN_001455,LOT_002,25.5002,26.7487,29.1151,32.0162,1,esd_oxide,0.2628,50.0,8.4282,0
SN_001456,LOT_002,8.6783,9.5221,10.0223,9.966,0,healthy,0.0,50.0,8.4282,0
SN_001457,LOT_002,8.3654,9.2757,9.4305,9.5125,0,healthy,0.0,50.0,8.4282,0
SN_001458,LOT_002,8.4957,9.458,9.7465,9.9166,0,healthy,0.0,50.0,8.4282,0
SN_001459,LOT_002,8.4815,9.2233,9.6048,9.7386,0,healthy,0.0,50.0,8.4282,0
SN_001460,LOT_002,7.4528,7.5674,10.0524,15.1682,1,tddb_dielectric,0.1752,50.0,8.4282,0
SN_001461,LOT_002,8.0997,9.1534,9.4113,9.6567,0,healthy,0.0,50.0,8.4282,0
SN_001462,LOT_002,7.6163,9.5274,15.2479,20.8673,1,electromigration,0.3782,50.0,8.4282,0
SN_001463,LOT_002,8.3622,9.2744,12.4016,15.3949,1,electromigration,0.0193,50.0,8.4282,0
SN_001464,LOT_002,7.5279,7.9871,8.1345,8.2557,0,healthy,0.0,50.0,8.4282,0
SN_001465,LOT_002,29.0347,30.0396,32.8269,36.1272,1,subtle_in_spec,0.378,50.0,8.4282,0
SN_001466,LOT_002,8.2749,8.6262,8.6013,8.5753,0,healthy,0.0,50.0,8.4282,0
SN_001467,LOT_002,8.6132,9.5525,9.8003,10.115,0,healthy,0.0,50.0,8.4282,0
SN_001468,LOT_002,7.603,7.9841,7.8906,8.1217,0,healthy,0.0,50.0,8.4282,0
SN_001469,LOT_002,23.8342,24.0112,26.2121,27.4653,1,subtle_in_spec,0.1312,50.0,8.4282,0
SN_001470,LOT_002,8.8565,9.997,10.332,10.4483,0,healthy,0.0,50.0,8.4282,0
SN_001471,LOT_002,8.2309,8.243,11.1251,17.5806,1,tddb_dielectric,0.2064,50.0,8.4282,0
SN_001472,LOT_002,9.0668,9.6246,10.0414,9.9863,0,healthy,0.0,50.0,8.4282,0
SN_001473,LOT_002,8.307,12.8272,16.2303,18.2695,1,nbti_ageing,0.6702,50.0,8.4282,0
SN_001474,LOT_002,8.0193,8.9501,9.4514,9.5541,0,healthy,0.0,50.0,8.4282,0
SN_001475,LOT_002,8.1066,8.4579,8.5403,8.4644,0,healthy,0.0,50.0,8.4282,0
SN_001476,LOT_002,25.0975,25.8933,28.5015,30.9616,1,esd_oxide,0.2389,50.0,8.4282,0
SN_001477,LOT_002,26.4527,27.3469,30.7342,33.3743,1,esd_oxide,0.3193,50.0,8.4282,0
SN_001478,LOT_002,8.1826,8.8497,9.0857,9.1982,0,healthy,0.0,50.0,8.4282,0
SN_001479,LOT_002,21.5031,21.799,23.7844,24.9603,1,esd_oxide,0.0257,50.0,8.4282,0
SN_001480,LOT_002,7.9088,17.7437,18.1981,18.2526,1,mobile_ion,0.4674,50.0,8.4282,0
SN_001481,LOT_002,9.2803,14.6402,16.0735,16.3068,1,mobile_ion,0.1951,50.0,8.4282,0
SN_001482,LOT_002,6.8261,7.3652,7.5376,7.635,0,healthy,0.0,50.0,8.4282,0
SN_001483,LOT_002,7.5797,7.8363,7.8331,8.0364,0,healthy,0.0,50.0,8.4282,0
SN_001484,LOT_002,8.0136,14.365,16.2334,16.378,1,mobile_ion,0.3583,50.0,8.4282,0
SN_001485,LOT_002,8.5993,9.5437,9.7436,9.7246,0,healthy,0.0,50.0,8.4282,0
SN_001486,LOT_002,23.3338,23.9324,26.9367,29.3095,1,esd_oxide,0.1343,50.0,8.4282,0
SN_001487,LOT_002,8.5012,9.2418,9.5429,9.483,0,healthy,0.0,50.0,8.4282,0
SN_001488,LOT_002,7.8664,11.7636,14.244,15.836,1,nbti_ageing,0.5293,50.0,8.4282,0
SN_001489,LOT_002,9.4505,13.5253,15.929,17.5679,1,nbti_ageing,0.4314,50.0,8.4282,0
SN_001490,LOT_002,7.8665,8.8713,9.2992,9.3932,0,healthy,0.0,50.0,8.4282,0
SN_001491,LOT_002,8.407,8.8521,9.0202,8.9804,0,healthy,0.0,50.0,8.4282,0
SN_001492,LOT_002,21.9527,22.5264,24.699,26.3734,1,esd_oxide,0.0523,50.0,8.4282,0
SN_001493,LOT_002,7.5074,8.1191,8.3809,8.5294,0,healthy,0.0,50.0,8.4282,0
SN_001494,LOT_002,9.1454,18.361,19.2386,19.3363,1,mobile_ion,0.3824,50.0,8.4282,0
SN_001495,LOT_002,7.827,10.6086,18.8969,27.3838,1,electromigration,0.6775,50.0,8.4282,0
SN_001496,LOT_002,8.909,9.4212,9.462,9.6513,0,healthy,0.0,50.0,8.4282,0
SN_001497,LOT_002,8.7495,9.0471,9.0246,9.1995,0,healthy,0.0,50.0,8.4282,0
SN_001498,LOT_002,8.5428,8.96,9.1936,9.0655,0,healthy,0.0,50.0,8.4282,0
SN_001499,LOT_002,9.7825,10.9031,11.3643,11.4671,0,healthy,0.0,50.0,8.4282,0
SN_001500,LOT_002,9.0405,9.4256,9.4533,9.6081,0,healthy,0.0,50.0,8.4282,0
SN_001501,LOT_002,6.4215,7.2684,7.3852,7.5772,0,healthy,0.0,50.0,8.4282,0
SN_001502,LOT_002,9.0024,10.0766,10.5883,10.7641,0,healthy,0.0,50.0,8.4282,0
SN_001503,LOT_002,27.4203,27.9933,30.9496,33.4581,1,subtle_in_spec,0.3014,50.0,8.4282,0
SN_001504,LOT_002,8.3157,8.9437,9.1914,9.1663,0,healthy,0.0,50.0,8.4282,0
SN_001505,LOT_002,8.4766,8.8532,9.0483,9.0212,0,healthy,0.0,50.0,8.4282,0
SN_001506,LOT_002,9.2604,9.9728,10.0194,10.216,0,healthy,0.0,50.0,8.4282,0
SN_001507,LOT_002,8.2681,9.227,9.5261,9.6862,0,healthy,0.0,50.0,8.4282,0
SN_001508,LOT_002,9.3999,18.0197,18.3004,18.5986,1,mobile_ion,0.2939,50.0,8.4282,0
SN_001509,LOT_002,8.0269,8.6836,8.9449,9.2719,0,healthy,0.0,50.0,8.4282,0
SN_001510,LOT_002,9.0753,9.8277,10.2467,10.4123,0,healthy,0.0,50.0,8.4282,0
SN_001511,LOT_002,8.8322,11.7072,13.1193,13.8066,1,nbti_ageing,0.246,50.0,8.4282,0
SN_001512,LOT_002,8.2894,9.2361,9.6246,9.9933,0,healthy,0.0,50.0,8.4282,0
SN_001513,LOT_002,7.8915,8.6851,9.0939,9.2908,0,healthy,0.0,50.0,8.4282,0
SN_001514,LOT_002,28.9906,29.8604,33.4653,36.9719,1,esd_oxide,0.4699,50.0,8.4282,0
SN_001515,LOT_002,7.4657,7.9147,7.9707,8.0791,0,healthy,0.0,50.0,8.4282,0
SN_001516,LOT_002,9.288,13.8828,15.6489,15.8147,1,mobile_ion,0.1744,50.0,8.4282,0
SN_001517,LOT_002,9.0841,9.5594,9.5117,9.735,0,healthy,0.0,50.0,8.4282,0
SN_001518,LOT_002,9.6875,10.3305,10.6376,10.7963,0,healthy,0.0,50.0,8.4282,0
SN_001519,LOT_002,8.1256,9.1761,12.4793,15.8269,1,electromigration,0.0565,50.0,8.4282,0
SN_001520,LOT_002,8.0514,9.544,13.8654,18.158,1,electromigration,0.1877,50.0,8.4282,0
SN_001521,LOT_002,9.0844,9.4319,9.715,9.6959,0,healthy,0.0,50.0,8.4282,0
SN_001522,LOT_002,8.0186,11.6839,13.883,15.2488,1,nbti_ageing,0.4642,50.0,8.4282,0
SN_001523,LOT_002,9.9816,16.8308,19.6895,19.8309,1,mobile_ion,0.3238,50.0,8.4282,0
SN_001524,LOT_002,8.4212,9.3143,9.839,10.0785,0,healthy,0.0,50.0,8.4282,0
SN_001525,LOT_002,21.4324,21.7677,23.1898,23.9948,1,esd_oxide,0.0215,50.0,8.4282,0
SN_001526,LOT_002,9.8364,10.3105,10.3682,10.4882,0,healthy,0.0,50.0,8.4282,0
SN_001527,LOT_002,8.6439,18.7366,22.579,22.9057,1,mobile_ion,0.6361,50.0,8.4282,0
SN_001528,LOT_002,9.1828,10.2978,10.5653,10.7288,0,healthy,0.0,50.0,8.4282,0
SN_001529,LOT_002,9.1722,9.7922,10.1729,10.1005,0,healthy,0.0,50.0,8.4282,0
SN_001530,LOT_002,25.3418,25.7621,28.0508,29.8452,1,subtle_in_spec,0.2027,50.0,8.4282,0
SN_001531,LOT_002,33.0899,34.3806,35.503,38.0292,1,esd_oxide,0.713,50.0,8.4282,0
SN_001532,LOT_002,9.6546,10.23,10.4058,10.3527,0,healthy,0.0,50.0,8.4282,0
SN_001533,LOT_002,8.4833,9.4812,9.8201,9.9123,0,healthy,0.0,50.0,8.4282,0
SN_001534,LOT_002,6.9211,7.032,11.0373,25.4868,1,tddb_dielectric,0.7278,50.0,8.4282,0
SN_001535,LOT_002,7.9604,8.2078,8.5307,8.5504,0,healthy,0.0,50.0,8.4282,0
SN_001536,LOT_002,33.7397,35.7678,40.8458,45.1259,1,esd_oxide,0.7516,50.0,8.4282,0
SN_001537,LOT_002,9.2815,9.8596,10.0588,10.1916,0,healthy,0.0,50.0,8.4282,0
SN_001538,LOT_002,8.044,8.7714,9.0765,9.2942,0,healthy,0.0,50.0,8.4282,0
SN_001539,LOT_002,9.7066,10.4156,10.7473,10.9906,0,healthy,0.0,50.0,8.4282,0
SN_001540,LOT_002,9.3196,9.9741,10.215,10.2705,0,healthy,0.0,50.0,8.4282,0
SN_001541,LOT_002,8.101,8.6455,8.8752,9.0438,0,healthy,0.0,50.0,8.4282,0
SN_001542,LOT_002,8.0333,8.6784,8.9602,9.0775,0,healthy,0.0,50.0,8.4282,0
SN_001543,LOT_002,9.4379,10.1201,10.3095,10.3616,0,healthy,0.0,50.0,8.4282,0
SN_001544,LOT_002,10.1361,10.5207,10.5281,10.6113,0,healthy,0.0,50.0,8.4282,0
SN_001545,LOT_002,8.8151,9.403,9.6057,9.7602,0,healthy,0.0,50.0,8.4282,0
SN_001546,LOT_002,9.0902,10.034,10.4443,10.6117,0,healthy,0.0,50.0,8.4282,0
SN_001547,LOT_002,7.4911,8.1574,8.4408,8.4571,0,healthy,0.0,50.0,8.4282,0
SN_001548,LOT_002,8.1152,8.8342,9.0665,9.129,0,healthy,0.0,50.0,8.4282,0
SN_001549,LOT_002,8.4518,10.4092,16.2553,21.9494,1,electromigration,0.3227,50.0,8.4282,0
SN_001550,LOT_002,29.6694,30.9247,34.229,37.2154,1,subtle_in_spec,0.4081,50.0,8.4282,0
SN_001551,LOT_002,26.1675,26.3502,27.9261,28.9479,1,esd_oxide,0.3024,50.0,8.4282,0
SN_001552,LOT_002,8.405,12.3419,15.1633,16.881,1,nbti_ageing,0.5286,50.0,8.4282,0
SN_001553,LOT_002,8.6324,9.4212,9.6451,9.7555,0,healthy,0.0,50.0,8.4282,0
SN_001554,LOT_002,7.1143,8.0195,8.4235,8.5733,0,healthy,0.0,50.0,8.4282,0
SN_001555,LOT_002,7.5443,8.1058,8.2905,8.5246,0,healthy,0.0,50.0,8.4282,0
SN_001556,LOT_002,8.861,9.1747,9.7131,9.6441,0,healthy,0.0,50.0,8.4282,0
SN_001557,LOT_002,7.4936,7.9675,8.307,8.2883,0,healthy,0.0,50.0,8.4282,0
SN_001558,LOT_002,10.0981,12.5148,19.5971,26.549,1,electromigration,0.3313,50.0,8.4282,0
SN_001559,LOT_002,7.4802,8.5084,8.7527,8.8964,0,healthy,0.0,50.0,8.4282,0
SN_001560,LOT_002,8.5104,12.2761,14.9458,16.4153,1,nbti_ageing,0.4838,50.0,8.4282,0
SN_001561,LOT_002,9.2577,9.7366,9.81,9.7701,0,healthy,0.0,50.0,8.4282,0
SN_001562,LOT_002,9.4482,10.5966,11.1968,11.3229,0,healthy,0.0,50.0,8.4282,0
SN_001563,LOT_002,8.155,9.2832,9.5263,9.8288,0,healthy,0.0,50.0,8.4282,0
SN_001564,LOT_002,8.9489,9.7883,10.0378,10.1572,0,healthy,0.0,50.0,8.4282,0
SN_001565,LOT_002,8.2246,8.7662,8.9541,9.1083,0,healthy,0.0,50.0,8.4282,0
SN_001566,LOT_002,8.1073,9.0803,9.1875,9.2616,0,healthy,0.0,50.0,8.4282,0
SN_001567,LOT_002,8.446,11.8055,13.8632,15.1025,1,nbti_ageing,0.3869,50.0,8.4282,0
SN_001568,LOT_002,8.819,9.8759,10.4274,10.6258,0,healthy,0.0,50.0,8.4282,0
SN_001569,LOT_002,9.6038,10.4177,10.6394,10.833,0,healthy,0.0,50.0,8.4282,0
SN_001570,LOT_002,8.0653,8.2286,8.3545,8.4777,0,healthy,0.0,50.0,8.4282,0
SN_001571,LOT_002,8.3283,9.1666,9.4141,9.5735,0,healthy,0.0,50.0,8.4282,0
SN_001572,LOT_002,9.0546,10.214,10.5305,10.6829,0,healthy,0.0,50.0,8.4282,0
SN_001573,LOT_002,8.6306,9.3285,9.5605,9.8677,0,healthy,0.0,50.0,8.4282,0
SN_001574,LOT_002,28.8116,29.2687,31.9168,34.0032,1,esd_oxide,0.4592,50.0,8.4282,0
SN_001575,LOT_002,9.436,10.4328,10.5576,10.807,0,healthy,0.0,50.0,8.4282,0
SN_001576,LOT_002,23.7519,24.5173,26.3041,28.3219,1,esd_oxide,0.1591,50.0,8.4282,0
SN_001577,LOT_002,9.4488,10.8114,10.9087,11.0679,0,healthy,0.0,50.0,8.4282,0
SN_001578,LOT_002,9.0784,9.7332,9.8996,10.1625,0,healthy,0.0,50.0,8.4282,0
SN_001579,LOT_002,8.2781,8.8687,9.0219,9.1643,0,healthy,0.0,50.0,8.4282,0
SN_001580,LOT_002,29.3576,30.5153,33.3827,36.8807,1,subtle_in_spec,0.3933,50.0,8.4282,0
SN_001581,LOT_002,7.8901,8.5538,8.8068,8.9172,0,healthy,0.0,50.0,8.4282,0
SN_001582,LOT_002,8.2866,9.199,9.4995,9.6658,0,healthy,0.0,50.0,8.4282,0
SN_001583,LOT_002,9.9157,10.1478,12.9047,18.3306,1,tddb_dielectric,0.1168,50.0,8.4282,0
SN_001584,LOT_002,7.53,8.4067,8.5486,8.8566,0,healthy,0.0,50.0,8.4282,0
SN_001585,LOT_002,8.6649,9.6807,9.969,10.2341,0,healthy,0.0,50.0,8.4282,0
SN_001586,LOT_002,9.6697,10.481,10.7687,10.7483,0,healthy,0.0,50.0,8.4282,0
SN_001587,LOT_002,8.4034,10.1836,15.4444,20.6347,1,electromigration,0.268,50.0,8.4282,0
SN_001588,LOT_002,24.5237,25.2522,27.5154,29.1969,1,esd_oxide,0.2049,50.0,8.4282,0
SN_001589,LOT_002,29.1695,30.1581,33.2508,36.6779,1,subtle_in_spec,0.3844,50.0,8.4282,0
SN_001590,LOT_002,8.4347,8.924,9.3363,9.2176,0,healthy,0.0,50.0,8.4282,0
SN_001591,LOT_002,8.7119,9.2001,9.2966,9.4381,0,healthy,0.0,50.0,8.4282,0
SN_001592,LOT_002,9.5111,10.2191,10.645,10.7899,0,healthy,0.0,50.0,8.4282,0
SN_001593,LOT_002,8.8359,9.3886,9.823,9.7582,0,healthy,0.0,50.0,8.4282,0
SN_001594,LOT_002,7.3835,8.3091,8.373,8.6515,0,healthy,0.0,50.0,8.4282,0
SN_001595,LOT_002,9.2241,10.2642,10.7758,10.8642,0,healthy,0.0,50.0,8.4282,0
SN_001596,LOT_002,7.8489,8.4049,8.7057,8.7646,0,healthy,0.0,50.0,8.4282,0
SN_001597,LOT_002,8.1633,8.7629,9.0761,9.0318,0,healthy,0.0,50.0,8.4282,0
SN_001598,LOT_002,8.1651,8.8628,9.0954,9.0885,0,healthy,0.0,50.0,8.4282,0
SN_001599,LOT_002,8.4071,8.9675,9.044,9.1406,0,healthy,0.0,50.0,8.4282,0
SN_001600,LOT_002,9.0162,16.8926,17.347,17.5254,1,mobile_ion,0.2948,50.0,8.4282,0
SN_001601,LOT_002,8.0589,8.7233,8.96,9.2415,0,healthy,0.0,50.0,8.4282,0
SN_001602,LOT_002,7.9151,10.7197,12.1594,13.0557,1,nbti_ageing,0.2993,50.0,8.4282,0
SN_001603,LOT_002,28.3857,29.4274,32.3555,34.9344,1,subtle_in_spec,0.3472,50.0,8.4282,0
SN_001604,LOT_002,9.6523,10.5237,10.8484,11.2379,0,healthy,0.0,50.0,8.4282,0
SN_001605,LOT_002,8.7766,9.1998,9.6611,9.5719,0,healthy,0.0,50.0,8.4282,0
SN_001606,LOT_002,8.8958,9.8177,10.2982,10.6386,0,healthy,0.0,50.0,8.4282,0
SN_001607,LOT_002,8.075,8.7113,8.8276,9.0896,0,healthy,0.0,50.0,8.4282,0
SN_001608,LOT_002,8.8525,10.6851,16.265,21.5581,1,electromigration,0.2546,50.0,8.4282,0
SN_001609,LOT_002,8.4163,9.5545,9.853,10.1407,0,healthy,0.0,50.0,8.4282,0
SN_001610,LOT_002,8.1681,9.1895,9.4985,9.6725,0,healthy,0.0,50.0,8.4282,0
SN_001611,LOT_002,8.3502,8.8398,9.194,9.179,0,healthy,0.0,50.0,8.4282,0
SN_001612,LOT_002,8.2966,8.7516,8.8467,8.8787,0,healthy,0.0,50.0,8.4282,0
SN_001613,LOT_002,8.926,9.7716,9.9862,10.0967,0,healthy,0.0,50.0,8.4282,0
SN_001614,LOT_002,7.9062,8.4437,8.8251,8.7528,0,healthy,0.0,50.0,8.4282,0
SN_001615,LOT_002,7.4466,9.625,16.3469,22.7232,1,electromigration,0.5077,50.0,8.4282,0
SN_001616,LOT_002,9.9317,10.7791,11.3399,11.4119,0,healthy,0.0,50.0,8.4282,0
SN_001617,LOT_002,23.4284,23.9474,25.302,26.8153,1,subtle_in_spec,0.1119,50.0,8.4282,0
SN_001618,LOT_002,9.0431,9.9178,9.9081,9.9852,0,healthy,0.0,50.0,8.4282,0
SN_001619,LOT_002,9.1477,14.7724,17.1795,17.2218,1,mobile_ion,0.2814,50.0,8.4282,0
SN_001620,LOT_002,9.4493,10.3966,10.7436,10.8579,0,healthy,0.0,50.0,8.4282,0
SN_001621,LOT_002,8.2124,8.6407,8.8012,8.9559,0,healthy,0.0,50.0,8.4282,0
SN_001622,LOT_002,8.6179,10.822,11.9265,12.5086,1,nbti_ageing,0.169,50.0,8.4282,0
SN_001623,LOT_002,9.3048,10.7266,11.4115,11.7779,1,nbti_ageing,0.0409,50.0,8.4282,0
SN_001624,LOT_002,8.8657,11.3531,18.3116,25.4373,1,electromigration,0.4284,50.0,8.4282,0
SN_001625,LOT_002,9.6252,10.2513,10.9458,11.1218,0,healthy,0.0,50.0,8.4282,0
SN_001626,LOT_002,7.095,7.7205,8.0446,8.1437,0,healthy,0.0,50.0,8.4282,0
SN_001627,LOT_002,8.5637,9.0166,9.2079,9.1099,0,healthy,0.0,50.0,8.4282,0
SN_001628,LOT_002,8.3002,8.286,10.6737,14.7785,1,tddb_dielectric,0.1004,50.0,8.4282,0
SN_001629,LOT_002,8.124,8.1641,11.0472,17.5671,1,tddb_dielectric,0.2143,50.0,8.4282,0
SN_001630,LOT_002,8.5599,8.875,9.2309,9.2431,0,healthy,0.0,50.0,8.4282,0
SN_001631,LOT_002,8.4124,11.6459,13.5175,14.4574,1,nbti_ageing,0.3487,50.0,8.4282,0
SN_001632,LOT_002,7.6724,8.1191,8.2464,8.4177,0,healthy,0.0,50.0,8.4282,0
SN_001633,LOT_002,7.6589,8.1069,8.4807,8.4278,0,healthy,0.0,50.0,8.4282,0
SN_001634,LOT_002,9.8121,10.902,11.4179,11.4087,0,healthy,0.0,50.0,8.4282,0
SN_001635,LOT_002,8.8963,9.481,9.914,9.947,0,healthy,0.0,50.0,8.4282,0
SN_001636,LOT_002,8.2393,10.1676,15.8203,21.5844,1,electromigration,0.3316,50.0,8.4282,0
SN_001637,LOT_002,7.1619,7.7298,7.7806,7.9571,0,healthy,0.0,50.0,8.4282,0
SN_001638,LOT_002,28.1907,28.7577,30.7211,32.5253,1,esd_oxide,0.4224,50.0,8.4282,0
SN_001639,LOT_002,9.6201,10.5942,10.9883,11.053,0,healthy,0.0,50.0,8.4282,0
SN_001640,LOT_002,9.6037,13.7523,16.2137,17.7725,1,nbti_ageing,0.434,50.0,8.4282,0
SN_001641,LOT_002,24.8494,25.4837,28.4691,30.9335,1,esd_oxide,0.2242,50.0,8.4282,0
SN_001642,LOT_002,21.7656,22.3246,23.8994,26.0591,1,esd_oxide,0.0412,50.0,8.4282,0
SN_001643,LOT_002,8.3738,8.5888,13.4404,31.1789,1,tddb_dielectric,0.7385,50.0,8.4282,0
SN_001644,LOT_002,8.5831,11.4248,19.9242,28.4686,1,electromigration,0.6022,50.0,8.4282,0
SN_001645,LOT_002,24.5146,24.8349,26.1904,27.6817,1,esd_oxide,0.2043,50.0,8.4282,0
SN_001646,LOT_002,8.7856,9.0379,13.8875,29.3876,1,tddb_dielectric,0.6165,50.0,8.4282,0
SN_001647,LOT_002,27.6183,28.1106,29.8865,31.3635,1,esd_oxide,0.3884,50.0,8.4282,0
SN_001648,LOT_002,8.2895,8.9579,9.0937,9.1984,0,healthy,0.0,50.0,8.4282,0
SN_001649,LOT_002,8.3726,9.2789,9.5399,9.6541,0,healthy,0.0,50.0,8.4282,0
SN_001650,LOT_002,7.7703,8.3976,8.5931,8.7046,0,healthy,0.0,50.0,8.4282,0
SN_001651,LOT_002,8.5793,9.2485,9.4113,9.5037,0,healthy,0.0,50.0,8.4282,0
SN_001652,LOT_002,34.7775,36.1512,42.0874,47.2086,1,subtle_in_spec,0.6505,50.0,8.4282,0
SN_001653,LOT_002,8.0383,9.0607,9.4902,9.5697,0,healthy,0.0,50.0,8.4282,0
SN_001654,LOT_002,8.9093,13.9795,18.3202,20.9368,1,nbti_ageing,0.7636,50.0,8.4282,0
SN_001655,LOT_002,7.4348,8.3315,8.6365,8.602,0,healthy,0.0,50.0,8.4282,0
SN_001656,LOT_002,9.8715,11.6211,16.9208,22.398,1,electromigration,0.19,50.0,8.4282,0
SN_001657,LOT_002,8.5217,9.3874,9.772,9.7486,0,healthy,0.0,50.0,8.4282,0
SN_001658,LOT_002,8.4607,10.7859,12.2149,12.7979,1,nbti_ageing,0.2094,50.0,8.4282,0
SN_001659,LOT_002,7.9787,8.3996,8.6567,8.6281,0,healthy,0.0,50.0,8.4282,0
SN_001660,LOT_002,9.3311,10.1871,10.5447,10.6692,0,healthy,0.0,50.0,8.4282,0
SN_001661,LOT_002,8.7383,12.464,15.0744,16.4622,1,nbti_ageing,0.4487,50.0,8.4282,0
SN_001662,LOT_003,7.8672,8.2588,8.4145,8.5838,0,healthy,0.0,50.0,6.4483,0
SN_001663,LOT_003,6.4122,6.4052,8.3137,12.6107,1,tddb_dielectric,0.1478,50.0,6.4483,0
SN_001664,LOT_003,8.0198,8.8666,9.0797,9.2795,0,healthy,0.0,50.0,6.4483,0
SN_001665,LOT_003,7.1804,7.6954,7.7686,7.9109,0,healthy,0.0,50.0,6.4483,0
SN_001666,LOT_003,21.7099,22.0915,22.8558,24.3616,1,esd_oxide,0.4334,50.0,6.4483,0
SN_001667,LOT_003,6.8072,7.6166,7.7574,7.8668,0,healthy,0.0,50.0,6.4483,0
SN_001668,LOT_003,5.8334,6.3901,6.5633,6.6243,0,healthy,0.0,50.0,6.4483,0
SN_001669,LOT_003,6.2566,9.4198,11.674,13.1476,1,nbti_ageing,0.5974,50.0,6.4483,0
SN_001670,LOT_003,5.8625,6.2991,6.2292,6.3399,0,healthy,0.0,50.0,6.4483,0
SN_001671,LOT_003,6.4527,12.0857,12.4835,12.5369,1,mobile_ion,0.3074,50.0,6.4483,0
SN_001672,LOT_003,6.0162,6.4338,6.6988,6.797,0,healthy,0.0,50.0,6.4483,0
SN_001673,LOT_003,6.6825,7.2063,7.2787,7.3266,0,healthy,0.0,50.0,6.4483,0
SN_001674,LOT_003,5.8643,6.62,6.8649,7.0414,0,healthy,0.0,50.0,6.4483,0
SN_001675,LOT_003,7.4174,8.0615,8.3733,8.5816,0,healthy,0.0,50.0,6.4483,0
SN_001676,LOT_003,6.4894,8.332,9.5554,10.0248,1,nbti_ageing,0.2324,50.0,6.4483,0
SN_001677,LOT_003,6.3664,6.735,6.8433,6.9974,0,healthy,0.0,50.0,6.4483,0
SN_001678,LOT_003,7.2355,7.8104,7.9683,8.043,0,healthy,0.0,50.0,6.4483,0
SN_001679,LOT_003,6.0279,7.3168,11.0401,14.9128,1,electromigration,0.2628,50.0,6.4483,0
SN_001680,LOT_003,6.4471,6.9547,7.181,7.1114,0,healthy,0.0,50.0,6.4483,0
SN_001681,LOT_003,17.2899,17.729,18.4305,19.3702,1,subtle_in_spec,0.0725,50.0,6.4483,0
SN_001682,LOT_003,7.3276,8.1077,8.448,8.5544,0,healthy,0.0,50.0,6.4483,0
SN_001683,LOT_003,5.011,5.5031,5.6841,5.7834,0,healthy,0.0,50.0,6.4483,0
SN_001684,LOT_003,6.6763,7.1661,7.5889,7.7033,0,healthy,0.0,50.0,6.4483,0
SN_001685,LOT_003,6.6023,7.3707,7.6457,7.6885,0,healthy,0.0,50.0,6.4483,0
SN_001686,LOT_003,7.2008,7.8611,8.0934,8.1377,0,healthy,0.0,50.0,6.4483,0
SN_001687,LOT_003,6.5394,7.2901,7.5276,7.7921,0,healthy,0.0,50.0,6.4483,0
SN_001688,LOT_003,7.0053,7.657,7.8923,7.9098,0,healthy,0.0,50.0,6.4483,0
SN_001689,LOT_003,16.792,17.0848,18.9873,20.7346,1,esd_oxide,0.052,50.0,6.4483,0
SN_001690,LOT_003,6.2372,7.7305,12.2477,16.6216,1,electromigration,0.3499,50.0,6.4483,0
SN_001691,LOT_003,6.0293,7.515,12.4756,17.3948,1,electromigration,0.4321,50.0,6.4483,0
SN_001692,LOT_003,7.5274,9.0882,10.0924,10.4111,1,nbti_ageing,0.1168,50.0,6.4483,0
SN_001693,LOT_003,6.6646,7.3488,7.7395,7.8917,0,healthy,0.0,50.0,6.4483,0
SN_001694,LOT_003,19.8628,20.2746,21.5257,22.5735,1,esd_oxide,0.2902,50.0,6.4483,0
SN_001695,LOT_003,8.1212,8.6894,8.7993,8.8499,0,healthy,0.0,50.0,6.4483,0
SN_001696,LOT_003,6.7905,7.1776,7.4258,7.6012,0,healthy,0.0,50.0,6.4483,0
SN_001697,LOT_003,7.2911,7.2993,8.933,11.8534,1,tddb_dielectric,0.0393,50.0,6.4483,0
SN_001698,LOT_003,5.8215,16.6852,16.8117,16.9831,1,mobile_ion,0.7817,50.0,6.4483,0
SN_001699,LOT_003,5.4012,5.7715,6.0283,6.0101,0,healthy,0.0,50.0,6.4483,0
SN_001700,LOT_003,7.2414,7.9197,8.1094,8.226,0,healthy,0.0,50.0,6.4483,0
SN_001701,LOT_003,5.0812,5.35,5.4737,5.5422,0,healthy,0.0,50.0,6.4483,0
SN_001702,LOT_003,6.5224,6.8295,6.9028,6.9862,0,healthy,0.0,50.0,6.4483,0
SN_001703,LOT_003,4.7422,5.032,5.0885,5.2352,0,healthy,0.0,50.0,6.4483,0
SN_001704,LOT_003,7.1309,8.1835,8.5922,8.9632,1,nbti_ageing,0.0344,50.0,6.4483,0
SN_001705,LOT_003,7.1899,8.0231,8.098,8.2283,0,healthy,0.0,50.0,6.4483,0
SN_001706,LOT_003,25.1056,25.9121,27.5853,29.8291,1,esd_oxide,0.6967,50.0,6.4483,0
SN_001707,LOT_003,5.7931,7.2296,11.372,15.5615,1,electromigration,0.3549,50.0,6.4483,0
SN_001708,LOT_003,5.3107,5.3955,6.7971,9.7254,1,tddb_dielectric,0.1082,50.0,6.4483,0
SN_001709,LOT_003,7.1213,7.4108,7.5647,7.5684,0,healthy,0.0,50.0,6.4483,0
SN_001710,LOT_003,6.9299,7.3336,7.4305,7.4096,0,healthy,0.0,50.0,6.4483,0
SN_001711,LOT_003,5.4547,6.0055,6.2134,6.3083,0,healthy,0.0,50.0,6.4483,0
SN_001712,LOT_003,5.1686,5.2522,7.1686,12.2928,1,tddb_dielectric,0.2899,50.0,6.4483,0
SN_001713,LOT_003,5.4811,5.85,5.9419,6.0464,0,healthy,0.0,50.0,6.4483,0
SN_001714,LOT_003,7.4594,7.5104,10.4015,17.4171,1,tddb_dielectric,0.2902,50.0,6.4483,0
SN_001715,LOT_003,7.2165,8.204,8.5682,8.5454,0,healthy,0.0,50.0,6.4483,0
SN_001716,LOT_003,6.8793,7.3744,7.541,7.7249,0,healthy,0.0,50.0,6.4483,0
SN_001717,LOT_003,6.7387,15.9278,16.6065,16.6977,1,mobile_ion,0.5711,50.0,6.4483,0
SN_001718,LOT_003,7.1941,8.0924,8.3072,8.6052,0,healthy,0.0,50.0,6.4483,0
SN_001719,LOT_003,7.0728,15.202,16.203,16.344,1,mobile_ion,0.47,50.0,6.4483,0
SN_001720,LOT_003,6.2866,6.8299,7.054,7.0275,0,healthy,0.0,50.0,6.4483,0
SN_001721,LOT_003,22.9745,23.9304,25.7903,28.1331,1,esd_oxide,0.5314,50.0,6.4483,0
SN_001722,LOT_003,7.0525,10.5052,10.583,10.7227,1,mobile_ion,0.0876,50.0,6.4483,0
SN_001723,LOT_003,6.0622,6.7511,6.9663,7.1447,0,healthy,0.0,50.0,6.4483,0
SN_001724,LOT_003,7.8527,8.295,8.397,8.5316,0,healthy,0.0,50.0,6.4483,0
SN_001725,LOT_003,6.5377,6.7859,7.0561,7.1414,0,healthy,0.0,50.0,6.4483,0
SN_001726,LOT_003,7.418,7.6114,7.7797,7.875,0,healthy,0.0,50.0,6.4483,0
SN_001727,LOT_003,6.57,17.0656,17.4323,17.486,1,mobile_ion,0.6513,50.0,6.4483,0
SN_001728,LOT_003,7.1934,7.8573,8.2556,8.2975,0,healthy,0.0,50.0,6.4483,0
SN_001729,LOT_003,6.4433,6.9,6.9893,7.0865,0,healthy,0.0,50.0,6.4483,0
SN_001730,LOT_003,5.924,6.5427,6.7945,6.7994,0,healthy,0.0,50.0,6.4483,0
SN_001731,LOT_003,6.4665,6.8656,6.9421,7.1953,0,healthy,0.0,50.0,6.4483,0
SN_001732,LOT_003,7.4154,7.9714,8.4005,8.3808,0,healthy,0.0,50.0,6.4483,0
SN_001733,LOT_003,6.3468,6.9615,7.2916,7.4024,0,healthy,0.0,50.0,6.4483,0
SN_001734,LOT_003,6.8657,7.4493,7.7431,7.8621,0,healthy,0.0,50.0,6.4483,0
SN_001735,LOT_003,7.1078,7.223,9.6169,14.8617,1,tddb_dielectric,0.1952,50.0,6.4483,0
SN_001736,LOT_003,7.5811,7.7163,11.5635,23.0314,1,tddb_dielectric,0.5154,50.0,6.4483,0
SN_001737,LOT_003,7.03,7.5355,7.892,7.9444,0,healthy,0.0,50.0,6.4483,0
SN_001738,LOT_003,7.1512,7.71,7.6996,7.8145,0,healthy,0.0,50.0,6.4483,0
SN_001739,LOT_003,6.0712,6.6871,6.7058,6.8807,0,healthy,0.0,50.0,6.4483,0
SN_001740,LOT_003,5.7338,6.126,6.2772,6.2039,0,healthy,0.0,50.0,6.4483,0
SN_001741,LOT_003,5.1645,5.4215,5.4539,5.594,0,healthy,0.0,50.0,6.4483,0
SN_001742,LOT_003,7.7726,8.3605,8.8163,8.9471,0,healthy,0.0,50.0,6.4483,0
SN_001743,LOT_003,6.0002,6.3052,6.4336,6.5152,0,healthy,0.0,50.0,6.4483,0
SN_001744,LOT_003,8.2356,8.5835,8.7822,8.8994,0,healthy,0.0,50.0,6.4483,0
SN_001745,LOT_003,4.9976,5.7532,8.1055,10.1313,1,electromigration,0.102,50.0,6.4483,0
SN_001746,LOT_003,6.7372,7.2234,7.3873,7.5591,0,healthy,0.0,50.0,6.4483,0
SN_001747,LOT_003,6.1626,8.8502,10.4671,11.3406,1,nbti_ageing,0.431,50.0,6.4483,0
SN_001748,LOT_003,18.9943,19.4939,20.7225,22.2105,1,subtle_in_spec,0.1782,50.0,6.4483,0
SN_001749,LOT_003,18.0025,18.5961,20.0252,21.6746,1,esd_oxide,0.1459,50.0,6.4483,0
SN_001750,LOT_003,5.8339,6.2976,6.2969,6.4154,0,healthy,0.0,50.0,6.4483,0
SN_001751,LOT_003,6.7407,6.8494,9.665,17.1984,1,tddb_dielectric,0.3554,50.0,6.4483,0
SN_001752,LOT_003,6.6903,7.2292,7.3808,7.5739,0,healthy,0.0,50.0,6.4483,0
SN_001753,LOT_003,6.4001,6.7067,6.6534,6.7887,0,healthy,0.0,50.0,6.4483,0
SN_001754,LOT_003,6.5187,7.1404,7.3677,7.4969,0,healthy,0.0,50.0,6.4483,0
SN_001755,LOT_003,7.5428,11.9255,13.5275,13.5505,1,mobile_ion,0.2325,50.0,6.4483,0
SN_001756,LOT_003,6.093,6.7301,6.9032,6.9012,0,healthy,0.0,50.0,6.4483,0
SN_001757,LOT_003,6.9445,9.5856,11.147,11.9481,1,nbti_ageing,0.3471,50.0,6.4483,0
SN_001758,LOT_003,6.4738,7.1163,7.4625,7.5847,0,healthy,0.0,50.0,6.4483,0
SN_001759,LOT_003,6.6538,6.9914,7.1765,7.2227,0,healthy,0.0,50.0,6.4483,0
SN_001760,LOT_003,6.1597,6.2877,9.885,22.4801,1,tddb_dielectric,0.7297,50.0,6.4483,0
SN_001761,LOT_003,8.0977,10.3619,11.5934,12.424,1,nbti_ageing,0.208,50.0,6.4483,0
SN_001762,LOT_003,7.1948,7.9167,8.1562,8.368,0,healthy,0.0,50.0,6.4483,0
SN_001763,LOT_003,6.4596,6.9887,7.1453,7.1993,0,healthy,0.0,50.0,6.4483,0
SN_001764,LOT_003,19.0883,19.6821,21.5566,23.6528,1,esd_oxide,0.2301,50.0,6.4483,0
SN_001765,LOT_003,7.0299,7.0759,10.7354,20.9677,1,tddb_dielectric,0.4927,50.0,6.4483,0
SN_001766,LOT_003,20.1145,20.6753,22.2059,23.8917,1,subtle_in_spec,0.2477,50.0,6.4483,0
SN_001767,LOT_003,6.1029,6.8315,9.0651,11.3609,1,electromigration,0.0252,50.0,6.4483,0
SN_001768,LOT_003,7.7776,8.4733,8.5379,8.7154,0,healthy,0.0,50.0,6.4483,0
SN_001769,LOT_003,6.6791,9.3777,10.6412,10.8263,1,mobile_ion,0.1334,50.0,6.4483,0
SN_001770,LOT_003,25.6125,26.6403,30.2356,34.2107,1,subtle_in_spec,0.5888,50.0,6.4483,0
SN_001771,LOT_003,8.4687,9.3201,9.6096,9.8775,0,healthy,0.0,50.0,6.4483,0
SN_001772,LOT_003,18.6798,18.8522,19.829,20.7704,1,esd_oxide,0.1984,50.0,6.4483,0
SN_001773,LOT_003,6.3351,6.9734,7.2628,7.4241,0,healthy,0.0,50.0,6.4483,0
SN_001774,LOT_003,6.6822,9.0537,10.4781,11.1949,1,nbti_ageing,0.3169,50.0,6.4483,0
SN_001775,LOT_003,6.5632,8.6148,14.6957,20.8909,1,electromigration,0.5468,50.0,6.4483,0
SN_001776,LOT_003,17.7564,18.1281,18.9965,20.3725,1,esd_oxide,0.1268,50.0,6.4483,0
SN_001777,LOT_003,5.5736,5.766,5.8864,5.9012,0,healthy,0.0,50.0,6.4483,0
SN_001778,LOT_003,6.6047,9.7198,11.8772,13.2001,1,nbti_ageing,0.5258,50.0,6.4483,0
SN_001779,LOT_003,5.9371,7.625,8.6006,8.9434,1,nbti_ageing,0.2089,50.0,6.4483,0
SN_001780,LOT_003,7.024,7.6845,8.1314,8.1964,0,healthy,0.0,50.0,6.4483,0
SN_001781,LOT_003,5.303,5.704,5.8287,5.9418,0,healthy,0.0,50.0,6.4483,0
SN_001782,LOT_003,7.2242,8.3012,8.5324,8.5062,0,healthy,0.0,50.0,6.4483,0
SN_001783,LOT_003,7.1851,8.0157,8.2837,8.5112,0,healthy,0.0,50.0,6.4483,0
SN_001784,LOT_003,6.377,6.7034,6.8674,7.0394,0,healthy,0.0,50.0,6.4483,0
SN_001785,LOT_003,6.4924,7.019,7.1807,7.4035,0,healthy,0.0,50.0,6.4483,0
SN_001786,LOT_003,24.2874,25.2811,28.589,31.633,1,subtle_in_spec,0.5066,50.0,6.4483,0
SN_001787,LOT_003,6.0397,6.4286,6.6079,6.7027,0,healthy,0.0,50.0,6.4483,0
SN_001788,LOT_003,6.4665,6.6961,6.9619,7.1755,0,healthy,0.0,50.0,6.4483,0
SN_001789,LOT_003,5.6466,5.8733,6.0364,6.1119,0,healthy,0.0,50.0,6.4483,0
SN_001790,LOT_003,7.4282,7.4312,9.2059,12.2401,1,tddb_dielectric,0.0513,50.0,6.4483,0
SN_001791,LOT_003,7.7553,8.095,8.3534,8.3736,0,healthy,0.0,50.0,6.4483,0
SN_001792,LOT_003,6.8822,7.5337,7.7238,7.8153,0,healthy,0.0,50.0,6.4483,0
SN_001793,LOT_003,6.2992,6.423,6.6654,6.6165,0,healthy,0.0,50.0,6.4483,0
SN_001794,LOT_003,6.7231,7.0674,7.2483,7.3414,0,healthy,0.0,50.0,6.4483,0
SN_001795,LOT_003,7.5112,7.9183,7.9273,8.1969,0,healthy,0.0,50.0,6.4483,0
SN_001796,LOT_003,5.8017,7.6549,8.5628,9.1003,1,nbti_ageing,0.2504,50.0,6.4483,0
SN_001797,LOT_003,6.5652,6.9148,6.8965,7.0503,0,healthy,0.0,50.0,6.4483,0
SN_001798,LOT_003,18.3081,18.4738,19.9458,20.9743,1,esd_oxide,0.1696,50.0,6.4483,0
SN_001799,LOT_003,5.9729,6.167,8.943,16.6961,1,tddb_dielectric,0.427,50.0,6.4483,0
SN_001800,LOT_003,6.0419,6.7408,7.0396,7.112,0,healthy,0.0,50.0,6.4483,0
SN_001801,LOT_003,5.7652,6.1574,6.3235,6.4706,0,healthy,0.0,50.0,6.4483,0
SN_001802,LOT_003,7.2519,8.3161,11.468,14.6099,1,electromigration,0.0827,50.0,6.4483,0
SN_001803,LOT_003,8.3589,8.8937,9.1308,9.3111,0,healthy,0.0,50.0,6.4483,0
SN_001804,LOT_003,5.8182,6.3797,6.5197,6.5705,0,healthy,0.0,50.0,6.4483,0
SN_001805,LOT_003,5.8765,9.233,12.0779,13.969,1,nbti_ageing,0.7756,50.0,6.4483,0
SN_001806,LOT_003,8.165,10.194,15.9736,22.0443,1,electromigration,0.3597,50.0,6.4483,0
SN_001807,LOT_003,6.6511,7.4538,7.5835,7.6963,0,healthy,0.0,50.0,6.4483,0
SN_001808,LOT_003,6.0442,6.7901,7.0068,7.1136,0,healthy,0.0,50.0,6.4483,0
SN_001809,LOT_003,7.8687,12.3634,16.0057,18.2862,1,nbti_ageing,0.7515,50.0,6.4483,0
SN_001810,LOT_003,6.3548,6.8871,7.1853,7.3311,0,healthy,0.0,50.0,6.4483,0
SN_001811,LOT_003,7.1704,7.3223,7.4298,7.6287,0,healthy,0.0,50.0,6.4483,0
SN_001812,LOT_003,6.7557,9.606,17.8281,26.3806,1,electromigration,0.8387,50.0,6.4483,0
SN_001813,LOT_003,6.5029,15.4922,17.5671,17.7052,1,mobile_ion,0.6706,50.0,6.4483,0
SN_001814,LOT_003,6.7696,6.9167,7.2347,7.138,0,healthy,0.0,50.0,6.4483,0
SN_001815,LOT_003,6.5566,6.5875,7.9711,10.5198,1,tddb_dielectric,0.0422,50.0,6.4483,0
SN_001816,LOT_003,6.8742,9.4227,10.9096,11.6596,1,nbti_ageing,0.3381,50.0,6.4483,0
SN_001817,LOT_003,7.9829,8.8145,9.0012,9.2161,0,healthy,0.0,50.0,6.4483,0
SN_001818,LOT_003,5.2601,5.666,5.7864,5.8167,0,healthy,0.0,50.0,6.4483,0
SN_001819,LOT_003,27.7665,29.1764,34.1512,38.8618,1,subtle_in_spec,0.7224,50.0,6.4483,0
SN_001820,LOT_003,6.1454,7.6831,12.4107,17.0768,1,electromigration,0.3879,50.0,6.4483,0
SN_001821,LOT_003,5.3395,6.3067,6.7735,6.9769,1,nbti_ageing,0.076,50.0,6.4483,0
SN_001822,LOT_003,6.6519,8.3366,13.0342,17.863,1,electromigration,0.3497,50.0,6.4483,0
SN_001823,LOT_003,6.9924,7.855,8.0095,8.3054,0,healthy,0.0,50.0,6.4483,0
SN_001824,LOT_003,19.3717,20.1097,22.0644,24.4365,1,esd_oxide,0.2521,50.0,6.4483,0
SN_001825,LOT_003,7.0803,9.3906,16.2109,23.2856,1,electromigration,0.596,50.0,6.4483,0
SN_001826,LOT_003,5.9189,11.1814,11.2899,11.3534,1,mobile_ion,0.2899,50.0,6.4483,0
SN_001827,LOT_003,6.1346,6.5972,6.7896,6.8889,0,healthy,0.0,50.0,6.4483,0
SN_001828,LOT_003,17.4375,17.9005,19.3494,20.4635,1,esd_oxide,0.1021,50.0,6.4483,0
SN_001829,LOT_003,6.8799,7.6369,7.9726,8.2062,0,healthy,0.0,50.0,6.4483,0
SN_001830,LOT_003,6.9022,7.02,9.7229,16.5487,1,tddb_dielectric,0.3038,50.0,6.4483,0
SN_001831,LOT_003,5.7949,6.3122,6.5152,6.4457,0,healthy,0.0,50.0,6.4483,0
SN_001832,LOT_003,6.8311,7.5705,7.9498,8.1137,0,healthy,0.0,50.0,6.4483,0
SN_001833,LOT_003,19.9786,20.4558,22.2936,24.0042,1,subtle_in_spec,0.2393,50.0,6.4483,0
SN_001834,LOT_003,8.1407,8.4296,8.5837,8.5978,0,healthy,0.0,50.0,6.4483,0
SN_001835,LOT_003,5.7482,5.946,6.0899,6.0582,0,healthy,0.0,50.0,6.4483,0
SN_001836,LOT_003,5.334,5.5564,5.6271,5.7492,0,healthy,0.0,50.0,6.4483,0
SN_001837,LOT_003,7.1556,14.3974,14.5222,14.6036,1,mobile_ion,0.357,50.0,6.4483,0
SN_001838,LOT_003,5.8079,9.0781,11.8783,13.478,1,nbti_ageing,0.7541,50.0,6.4483,0
SN_001839,LOT_003,6.1081,6.9315,7.0706,7.1999,0,healthy,0.0,50.0,6.4483,0
SN_001840,LOT_003,6.2667,6.9392,7.1357,7.2478,0,healthy,0.0,50.0,6.4483,0
SN_001841,LOT_003,6.2378,6.8045,7.0338,7.1058,0,healthy,0.0,50.0,6.4483,0
SN_001842,LOT_003,6.3518,9.4897,12.0427,13.3954,1,nbti_ageing,0.6101,50.0,6.4483,0
SN_001843,LOT_003,7.9504,8.376,8.7336,8.7446,0,healthy,0.0,50.0,6.4483,0
SN_001844,LOT_003,19.2673,19.8146,21.1671,22.4949,1,subtle_in_spec,0.1952,50.0,6.4483,0
SN_001845,LOT_003,6.6267,7.0352,7.121,7.1899,0,healthy,0.0,50.0,6.4483,0
SN_001846,LOT_003,5.8001,6.168,6.3484,6.3936,0,healthy,0.0,50.0,6.4483,0
SN_001847,LOT_003,6.6369,7.5245,7.7573,7.9733,0,healthy,0.0,50.0,6.4483,0
SN_001848,LOT_003,5.9579,7.7634,8.6449,9.212,1,nbti_ageing,0.2287,50.0,6.4483,0
SN_001849,LOT_003,6.3832,7.2281,7.43,7.583,0,healthy,0.0,50.0,6.4483,0
SN_001850,LOT_003,7.3586,8.0862,8.4446,8.437,0,healthy,0.0,50.0,6.4483,0
SN_001851,LOT_003,7.1475,7.3534,10.909,21.3164,1,tddb_dielectric,0.4939,50.0,6.4483,0
SN_001852,LOT_003,6.4619,13.2435,14.3944,14.574,1,mobile_ion,0.4436,50.0,6.4483,0
SN_001853,LOT_003,6.737,16.0812,16.3434,16.3727,1,mobile_ion,0.5489,50.0,6.4483,0
SN_001854,LOT_003,5.7629,6.3763,6.6128,6.7284,0,healthy,0.0,50.0,6.4483,0
SN_001855,LOT_003,5.6661,6.0307,6.2861,6.4505,0,healthy,0.0,50.0,6.4483,0
SN_001856,LOT_003,20.406,21.0316,23.0176,24.5665,1,subtle_in_spec,0.2658,50.0,6.4483,0
SN_001857,LOT_003,5.6402,7.2414,11.7375,16.454,1,electromigration,0.4382,50.0,6.4483,0
SN_001858,LOT_003,6.9267,7.4712,7.4288,7.5504,0,healthy,0.0,50.0,6.4483,0
SN_001859,LOT_003,7.264,10.6652,12.9898,14.2799,1,nbti_ageing,0.5066,50.0,6.4483,0
SN_001860,LOT_003,7.2787,7.7044,7.9605,8.1244,0,healthy,0.0,50.0,6.4483,0
SN_001861,LOT_003,21.7621,22.454,24.7794,27.0177,1,subtle_in_spec,0.3499,50.0,6.4483,0
SN_001862,LOT_003,7.6706,7.8922,9.9035,14.5564,1,tddb_dielectric,0.1233,50.0,6.4483,0
SN_001863,LOT_003,6.9057,10.224,12.6703,13.9225,1,nbti_ageing,0.5502,50.0,6.4483,0
SN_001864,LOT_003,5.8473,17.045,18.3879,18.4535,1,mobile_ion,0.8967,50.0,6.4483,0
SN_001865,LOT_003,6.8648,7.4733,7.7042,7.8591,0,healthy,0.0,50.0,6.4483,0
SN_001866,LOT_003,7.4145,8.2609,8.4655,8.6849,0,healthy,0.0,50.0,6.4483,0
SN_001867,LOT_003,5.9819,6.3314,6.5208,6.4793,0,healthy,0.0,50.0,6.4483,0
SN_001868,LOT_003,16.6836,16.9468,17.7444,18.4983,1,subtle_in_spec,0.0349,50.0,6.4483,0
SN_001869,LOT_003,5.888,6.4905,6.8054,7.0243,0,healthy,0.0,50.0,6.4483,0
SN_001870,LOT_003,6.4251,6.9077,7.1332,7.1663,0,healthy,0.0,50.0,6.4483,0
SN_001871,LOT_003,6.5715,7.3055,7.6071,7.7146,0,healthy,0.0,50.0,6.4483,0
SN_001872,LOT_003,17.5712,18.2153,20.1461,22.098,1,esd_oxide,0.1125,50.0,6.4483,0
SN_001873,LOT_003,6.1504,7.8252,13.0655,18.2293,1,electromigration,0.4617,50.0,6.4483,0
SN_001874,LOT_003,6.9986,7.7453,8.274,8.313,0,healthy,0.0,50.0,6.4483,0
SN_001875,LOT_003,6.0156,6.3105,6.4217,6.3795,0,healthy,0.0,50.0,6.4483,0
SN_001876,LOT_003,6.1089,9.6382,12.4894,14.263,1,nbti_ageing,0.754,50.0,6.4483,0
SN_001877,LOT_003,5.9701,10.9696,11.2706,11.3797,1,mobile_ion,0.2678,50.0,6.4483,0
SN_001878,LOT_003,5.9257,6.3106,6.3712,6.4835,0,healthy,0.0,50.0,6.4483,0
SN_001879,LOT_003,6.4365,7.0996,7.4327,7.5943,0,healthy,0.0,50.0,6.4483,0
SN_001880,LOT_003,6.9725,7.7415,8.2015,8.3014,0,healthy,0.0,50.0,6.4483,0
SN_001881,LOT_003,5.9032,6.6433,6.8077,6.8773,0,healthy,0.0,50.0,6.4483,0
SN_001882,LOT_003,6.5208,6.7534,6.9219,7.0579,0,healthy,0.0,50.0,6.4483,0
SN_001883,LOT_003,5.5123,5.9143,5.9692,6.1836,0,healthy,0.0,50.0,6.4483,0
SN_001884,LOT_003,5.5729,6.2636,6.4331,6.4543,0,healthy,0.0,50.0,6.4483,0
SN_001885,LOT_003,5.0516,6.5734,7.3577,7.7135,1,nbti_ageing,0.2153,50.0,6.4483,0
SN_001886,LOT_003,6.9313,7.672,8.0312,8.1973,0,healthy,0.0,50.0,6.4483,0
SN_001887,LOT_003,6.7111,7.1363,7.3401,7.3666,0,healthy,0.0,50.0,6.4483,0
SN_001888,LOT_003,6.5377,7.1836,7.5606,7.4775,0,healthy,0.0,50.0,6.4483,0
SN_001889,LOT_003,16.8081,17.3464,18.8266,20.2327,1,esd_oxide,0.0533,50.0,6.4483,0
SN_001890,LOT_003,5.5889,5.8675,5.9852,5.8495,0,healthy,0.0,50.0,6.4483,0
SN_001891,LOT_003,6.3597,7.098,7.3808,7.5001,0,healthy,0.0,50.0,6.4483,0
SN_001892,LOT_003,7.4274,7.4421,10.6742,18.2801,1,tddb_dielectric,0.318,50.0,6.4483,0
SN_001893,LOT_003,5.665,6.1063,6.3886,6.3177,0,healthy,0.0,50.0,6.4483,0
SN_001894,LOT_003,6.3197,7.1226,7.2129,7.3341,0,healthy,0.0,50.0,6.4483,0
SN_001895,LOT_003,8.5257,9.4966,10.0768,10.2857,0,healthy,0.0,50.0,6.4483,0
SN_001896,LOT_003,7.0054,7.5564,7.6259,7.6168,0,healthy,0.0,50.0,6.4483,0
SN_001897,LOT_003,6.1,6.6307,6.7167,6.801,0,healthy,0.0,50.0,6.4483,0
SN_001898,LOT_003,24.4281,25.4117,28.5169,31.9151,1,subtle_in_spec,0.5153,50.0,6.4483,0
SN_001899,LOT_003,6.3539,7.203,7.3896,7.6657,0,healthy,0.0,50.0,6.4483,0
SN_001900,LOT_003,6.2497,9.6535,12.2267,13.8867,1,nbti_ageing,0.6865,50.0,6.4483,0
SN_001901,LOT_003,6.7938,10.0467,11.5283,11.6028,1,mobile_ion,0.1793,50.0,6.4483,0
SN_001902,LOT_003,5.449,7.0931,12.2334,17.2981,1,electromigration,0.5503,50.0,6.4483,0
SN_001903,LOT_003,7.3132,8.0041,8.3443,8.3531,0,healthy,0.0,50.0,6.4483,0
SN_001904,LOT_003,6.4618,7.1937,7.4629,7.4577,0,healthy,0.0,50.0,6.4483,0
SN_001905,LOT_003,7.5805,8.0984,8.4375,8.3508,0,healthy,0.0,50.0,6.4483,0
SN_001906,LOT_003,6.3784,6.9455,7.3058,7.4337,0,healthy,0.0,50.0,6.4483,0
SN_001907,LOT_003,5.5762,7.9549,9.5648,10.4959,1,nbti_ageing,0.447,50.0,6.4483,0
SN_001908,LOT_003,7.9489,10.6851,12.2774,13.1447,1,nbti_ageing,0.3006,50.0,6.4483,0
SN_001909,LOT_003,21.6199,21.9667,23.6816,24.9514,1,esd_oxide,0.4264,50.0,6.4483,0
SN_001910,LOT_003,5.9026,5.9439,7.4534,10.5339,1,tddb_dielectric,0.0946,50.0,6.4483,0
SN_001911,LOT_003,5.9127,6.6584,6.8679,6.8226,0,healthy,0.0,50.0,6.4483,0
SN_001912,LOT_003,22.2595,23.2421,25.6456,27.6909,1,subtle_in_spec,0.3808,50.0,6.4483,0
SN_001913,LOT_003,7.5301,8.1753,8.549,8.7047,0,healthy,0.0,50.0,6.4483,0
SN_001914,LOT_003,7.0073,16.2296,16.5539,16.7282,1,mobile_ion,0.5072,50.0,6.4483,0
SN_001915,LOT_003,5.218,5.8169,5.9983,6.1417,0,healthy,0.0,50.0,6.4483,0
SN_001916,LOT_003,6.908,7.3363,7.6069,7.4805,0,healthy,0.0,50.0,6.4483,0
SN_001917,LOT_003,5.8022,6.3286,6.4896,6.5839,0,healthy,0.0,50.0,6.4483,0
SN_001918,LOT_003,6.1193,6.6156,6.8562,6.9193,0,healthy,0.0,50.0,6.4483,0
SN_001919,LOT_003,7.4363,7.9156,7.8533,8.0424,0,healthy,0.0,50.0,6.4483,0
SN_001920,LOT_003,7.8286,8.3755,8.4387,8.6927,0,healthy,0.0,50.0,6.4483,0
SN_001921,LOT_003,6.1864,6.6693,6.8055,6.8758,0,healthy,0.0,50.0,6.4483,0
SN_001922,LOT_003,6.2559,8.3602,8.3913,8.3965,1,mobile_ion,0.0148,50.0,6.4483,0
SN_001923,LOT_003,7.0321,7.1501,9.538,15.0208,1,tddb_dielectric,0.2198,50.0,6.4483,0
SN_001924,LOT_003,18.1517,18.4318,19.431,20.3733,1,esd_oxide,0.1575,50.0,6.4483,0
SN_001925,LOT_003,6.1349,6.7559,7.0623,7.1207,0,healthy,0.0,50.0,6.4483,0
SN_001926,LOT_003,6.3272,6.8425,7.1578,7.1333,0,healthy,0.0,50.0,6.4483,0
SN_001927,LOT_003,7.4029,8.2173,8.3764,8.6017,0,healthy,0.0,50.0,6.4483,0
SN_001928,LOT_003,6.3091,6.5996,6.8058,6.9518,0,healthy,0.0,50.0,6.4483,0
SN_001929,LOT_003,6.901,7.3279,7.5791,7.6214,0,healthy,0.0,50.0,6.4483,0
SN_001930,LOT_003,8.3431,9.2419,9.4444,9.6401,0,healthy,0.0,50.0,6.4483,0
SN_001931,LOT_003,7.4889,8.1004,8.4146,8.5489,0,healthy,0.0,50.0,6.4483,0
SN_001932,LOT_004,8.9072,8.8944,11.0356,14.8495,1,tddb_dielectric,0.0609,50.0,10.4674,0
SN_001933,LOT_004,8.5028,11.3505,19.856,28.5326,1,electromigration,0.6189,50.0,10.4674,0
SN_001934,LOT_004,9.5045,10.2354,10.5613,10.7628,0,healthy,0.0,50.0,10.4674,0
SN_001935,LOT_004,9.8081,14.6396,15.3207,15.4075,1,mobile_ion,0.1135,50.0,10.4674,0
SN_001936,LOT_004,11.2385,12.3182,12.9084,13.1517,0,healthy,0.0,50.0,10.4674,0
SN_001937,LOT_004,11.8926,31.8307,32.1941,32.2759,1,mobile_ion,0.6886,50.0,10.4674,0
SN_001938,LOT_004,10.8691,12.952,13.8239,14.1153,1,nbti_ageing,0.0685,50.0,10.4674,0
SN_001939,LOT_004,10.8128,11.7131,11.9893,11.9,0,healthy,0.0,50.0,10.4674,0
SN_001940,LOT_004,28.4372,29.3223,31.3173,33.3006,1,esd_oxide,0.1084,50.0,10.4674,0
SN_001941,LOT_004,31.6615,32.29,34.682,37.1085,1,subtle_in_spec,0.2099,50.0,10.4674,0
SN_001942,LOT_004,9.3843,10.1576,10.5768,10.7753,0,healthy,0.0,50.0,10.4674,0
SN_001943,LOT_004,30.7325,31.5118,33.2272,36.1518,1,esd_oxide,0.218,50.0,10.4674,0
SN_001944,LOT_004,11.7129,12.9177,12.9815,13.1709,0,healthy,0.0,50.0,10.4674,0
SN_001945,LOT_004,11.0522,12.2964,12.5401,12.7373,0,healthy,0.0,50.0,10.4674,0
SN_001946,LOT_004,28.3977,29.303,31.793,34.0299,1,esd_oxide,0.1065,50.0,10.4674,0
SN_001947,LOT_004,10.304,10.853,11.1075,11.2189,0,healthy,0.0,50.0,10.4674,0
SN_001948,LOT_004,33.9773,34.7423,38.2257,41.3952,1,subtle_in_spec,0.2984,50.0,10.4674,0
SN_001949,LOT_004,10.4709,10.5778,14.9058,26.3086,1,tddb_dielectric,0.3277,50.0,10.4674,0
SN_001950,LOT_004,10.3696,11.4178,11.9098,12.2537,0,healthy,0.0,50.0,10.4674,0
SN_001951,LOT_004,9.6124,9.9129,10.2165,10.3405,0,healthy,0.0,50.0,10.4674,0
SN_001952,LOT_004,10.309,10.7792,11.1417,11.2814,0,healthy,0.0,50.0,10.4674,0
SN_001953,LOT_004,9.7567,10.5968,11.0551,11.3469,0,healthy,0.0,50.0,10.4674,0
SN_001954,LOT_004,10.1758,11.1179,11.2902,11.4569,0,healthy,0.0,50.0,10.4674,0
SN_001955,LOT_004,10.0713,11.1525,11.3637,11.4987,0,healthy,0.0,50.0,10.4674,0
SN_001956,LOT_004,35.7777,37.3011,41.4155,44.4761,1,subtle_in_spec,0.3672,50.0,10.4674,0
SN_001957,LOT_004,10.1613,12.7164,13.7327,14.4625,1,nbti_ageing,0.1475,50.0,10.4674,0
SN_001958,LOT_004,9.6136,10.0816,10.375,10.316,0,healthy,0.0,50.0,10.4674,0
SN_001959,LOT_004,10.5499,10.6867,13.2444,18.3409,1,tddb_dielectric,0.0691,50.0,10.4674,0
SN_001960,LOT_004,10.0275,10.6449,10.9725,11.0252,0,healthy,0.0,50.0,10.4674,0
SN_001961,LOT_004,10.5757,12.0495,12.4583,12.603,0,healthy,0.0,50.0,10.4674,0
SN_001962,LOT_004,10.9518,31.1919,31.8098,32.2834,1,mobile_ion,0.7634,50.0,10.4674,0
SN_001963,LOT_004,12.2017,13.2794,14.0859,14.2395,0,healthy,0.0,50.0,10.4674,0
SN_001964,LOT_004,9.7203,10.5252,10.6738,10.9012,0,healthy,0.0,50.0,10.4674,0
SN_001965,LOT_004,11.2295,12.1151,12.442,12.3281,0,healthy,0.0,50.0,10.4674,0
SN_001966,LOT_004,9.7441,12.2673,20.2822,28.1068,1,electromigration,0.44,50.0,10.4674,0
SN_001967,LOT_004,10.8533,10.9534,14.2758,20.7833,1,tddb_dielectric,0.1373,50.0,10.4674,0
SN_001968,LOT_004,7.8146,10.9917,12.988,14.041,1,nbti_ageing,0.4008,50.0,10.4674,0
SN_001969,LOT_004,8.7229,12.2168,14.3494,15.4988,1,nbti_ageing,0.3897,50.0,10.4674,0
SN_001970,LOT_004,10.3085,11.1887,11.6508,11.795,0,healthy,0.0,50.0,10.4674,0
SN_001971,LOT_004,12.1504,13.4489,14.0364,14.2261,0,healthy,0.0,50.0,10.4674,0
SN_001972,LOT_004,13.3605,13.8223,13.8597,14.2088,0,healthy,0.0,50.0,10.4674,0
SN_001973,LOT_004,12.1388,13.5113,13.7843,14.0367,0,healthy,0.0,50.0,10.4674,0
SN_001974,LOT_004,11.0116,11.316,11.6126,11.7653,0,healthy,0.0,50.0,10.4674,0
SN_001975,LOT_004,10.107,11.2071,11.6647,11.731,0,healthy,0.0,50.0,10.4674,0
SN_001976,LOT_004,11.1142,12.1109,12.3341,12.6761,0,healthy,0.0,50.0,10.4674,0
SN_001977,LOT_004,9.112,9.9469,10.1733,10.2332,0,healthy,0.0,50.0,10.4674,0
SN_001978,LOT_004,11.1753,11.3044,15.2946,23.8046,1,tddb_dielectric,0.2161,50.0,10.4674,0
SN_001979,LOT_004,11.8949,12.5221,12.728,13.0329,0,healthy,0.0,50.0,10.4674,0
SN_001980,LOT_004,9.45,15.0427,19.9331,22.8973,1,nbti_ageing,0.8217,50.0,10.4674,0
SN_001981,LOT_004,9.8516,10.917,11.06,11.2522,0,healthy,0.0,50.0,10.4674,0
SN_001982,LOT_004,9.5344,10.9948,15.043,19.0718,1,electromigration,0.0763,50.0,10.4674,0
SN_001983,LOT_004,10.3736,11.362,11.6328,11.9025,0,healthy,0.0,50.0,10.4674,0
SN_001984,LOT_004,11.0675,11.8221,12.2831,12.4537,0,healthy,0.0,50.0,10.4674,0
SN_001985,LOT_004,10.4089,10.5752,15.635,29.7753,1,tddb_dielectric,0.4518,50.0,10.4674,0
SN_001986,LOT_004,10.5884,11.5185,11.7283,11.8813,0,healthy,0.0,50.0,10.4674,0
SN_001987,LOT_004,10.7942,11.1254,11.2896,11.3999,0,healthy,0.0,50.0,10.4674,0
SN_001988,LOT_004,10.2898,10.9651,11.2497,11.3231,0,healthy,0.0,50.0,10.4674,0
SN_001989,LOT_004,9.0652,10.1668,10.6525,10.8202,0,healthy,0.0,50.0,10.4674,0
SN_001990,LOT_004,10.3123,10.8324,10.9488,10.9842,0,healthy,0.0,50.0,10.4674,0
SN_001991,LOT_004,10.8736,12.119,16.0498,20.1936,1,electromigration,0.0234,50.0,10.4674,0
SN_001992,LOT_004,10.9856,11.9111,12.0999,12.2307,0,healthy,0.0,50.0,10.4674,0
SN_001993,LOT_004,11.3353,11.4612,14.5946,21.8001,1,tddb_dielectric,0.1377,50.0,10.4674,0
SN_001994,LOT_004,10.307,10.7645,10.7377,11.0681,0,healthy,0.0,50.0,10.4674,0
SN_001995,LOT_004,11.1326,11.8635,12.161,12.3484,0,healthy,0.0,50.0,10.4674,0
SN_001996,LOT_004,9.7446,10.2626,10.5294,10.5092,0,healthy,0.0,50.0,10.4674,0
SN_001997,LOT_004,11.1805,11.7165,11.8561,11.922,0,healthy,0.0,50.0,10.4674,0
SN_001998,LOT_004,11.3149,14.1019,15.5837,16.4018,1,nbti_ageing,0.1651,50.0,10.4674,0
SN_001999,LOT_004,10.894,14.3943,15.9893,15.986,1,mobile_ion,0.0763,50.0,10.4674,0
SN_002000,LOT_004,11.3483,12.783,12.9472,13.0134,0,healthy,0.0,50.0,10.4674,0
SN_002001,LOT_004,8.8852,9.8184,10.0672,10.2286,0,healthy,0.0,50.0,10.4674,0
SN_002002,LOT_004,39.739,40.932,44.1664,47.8198,1,esd_oxide,0.6482,50.0,10.4674,0
SN_002003,LOT_004,9.8937,12.3268,13.3641,14.0413,1,nbti_ageing,0.1523,50.0,10.4674,0
SN_002004,LOT_004,9.8199,9.9094,12.5278,18.1101,1,tddb_dielectric,0.1113,50.0,10.4674,0
SN_002005,LOT_004,10.6708,13.7538,15.2895,16.2409,1,nbti_ageing,0.2101,50.0,10.4674,0
SN_002006,LOT_004,10.0766,10.8694,11.293,11.5387,0,healthy,0.0,50.0,10.4674,0
SN_002007,LOT_004,9.9188,10.6902,11.234,11.3376,0,healthy,0.0,50.0,10.4674,0
SN_002008,LOT_004,13.2661,14.1259,14.3377,14.5505,0,healthy,0.0,50.0,10.4674,0
SN_002009,LOT_004,9.6072,10.3919,10.8254,10.9215,0,healthy,0.0,50.0,10.4674,0
SN_002010,LOT_004,11.3861,14.5356,24.3032,33.8559,1,electromigration,0.4731,50.0,10.4674,0
SN_002011,LOT_004,9.2825,9.7393,9.8206,9.8107,0,healthy,0.0,50.0,10.4674,0
SN_002012,LOT_004,10.3212,11.4215,11.6808,11.9401,0,healthy,0.0,50.0,10.4674,0
SN_002013,LOT_004,10.0549,11.0593,11.1118,11.3443,0,healthy,0.0,50.0,10.4674,0
SN_002014,LOT_004,11.1336,11.1762,14.2896,20.3264,1,tddb_dielectric,0.1174,50.0,10.4674,0
SN_002015,LOT_004,10.936,11.9501,12.2003,12.3436,0,healthy,0.0,50.0,10.4674,0
SN_002016,LOT_004,9.2818,10.5311,10.5789,10.6524,0,healthy,0.0,50.0,10.4674,0
SN_002017,LOT_004,10.1531,10.9138,11.2095,11.5157,0,healthy,0.0,50.0,10.4674,0
SN_002018,LOT_004,7.8434,9.7514,15.5424,21.3374,1,electromigration,0.3743,50.0,10.4674,0
SN_002019,LOT_004,9.8281,11.0741,11.6343,11.6829,0,healthy,0.0,50.0,10.4674,0
SN_002020,LOT_004,8.2698,8.8625,9.0547,9.2605,0,healthy,0.0,50.0,10.4674,0
SN_002021,LOT_004,9.243,18.9086,20.3157,20.5744,1,mobile_ion,0.4443,50.0,10.4674,0
SN_002022,LOT_004,11.9496,13.4139,13.656,13.7053,0,healthy,0.0,50.0,10.4674,0
SN_002023,LOT_004,10.472,11.8962,16.3249,20.3671,1,electromigration,0.0611,50.0,10.4674,0
SN_002024,LOT_004,12.3797,13.7758,14.0474,14.4451,0,healthy,0.0,50.0,10.4674,0
SN_002025,LOT_004,9.8143,10.6426,11.2058,11.4392,0,healthy,0.0,50.0,10.4674,0
SN_002026,LOT_004,10.6097,11.3849,11.6672,11.7274,0,healthy,0.0,50.0,10.4674,0
SN_002027,LOT_004,11.4955,12.4743,12.702,12.9338,0,healthy,0.0,50.0,10.4674,0
SN_002028,LOT_004,11.3205,12.2841,12.5767,12.7482,0,healthy,0.0,50.0,10.4674,0
SN_002029,LOT_004,9.7002,11.0733,11.3724,11.7223,0,healthy,0.0,50.0,10.4674,0
SN_002030,LOT_004,12.0349,13.6797,13.7801,14.2136,0,healthy,0.0,50.0,10.4674,0
SN_002031,LOT_004,9.6562,9.9732,10.1649,10.3195,0,healthy,0.0,50.0,10.4674,0
SN_002032,LOT_004,14.4979,14.7268,22.7357,50.5383,1,tddb_dielectric,0.655,50.0,10.4674,0
SN_002033,LOT_004,9.6039,10.0987,10.0741,10.2215,0,healthy,0.0,50.0,10.4674,0
SN_002034,LOT_004,11.8151,15.6748,18.2329,19.4304,1,nbti_ageing,0.2937,50.0,10.4674,0
SN_002035,LOT_004,9.2923,10.5431,10.8378,10.8777,0,healthy,0.0,50.0,10.4674,0
SN_002036,LOT_004,9.5434,10.1693,10.2898,10.5087,0,healthy,0.0,50.0,10.4674,0
SN_002037,LOT_004,10.3705,11.5845,15.4267,19.3087,1,electromigration,0.0207,50.0,10.4674,0
SN_002038,LOT_004,11.0103,12.105,12.2143,12.5234,0,healthy,0.0,50.0,10.4674,0
SN_002039,LOT_004,9.5225,9.8434,10.0414,10.1363,0,healthy,0.0,50.0,10.4674,0
SN_002040,LOT_004,10.1205,10.8135,11.0957,11.1032,0,healthy,0.0,50.0,10.4674,0
SN_002041,LOT_004,9.9406,10.3989,10.7013,10.9614,0,healthy,0.0,50.0,10.4674,0
SN_002042,LOT_004,10.3157,12.95,20.8697,29.0689,1,electromigration,0.4028,50.0,10.4674,0
SN_002043,LOT_004,9.8508,11.1758,11.3287,11.4738,0,healthy,0.0,50.0,10.4674,0
SN_002044,LOT_004,13.4209,13.7728,14.4365,14.1015,0,healthy,0.0,50.0,10.4674,0
SN_002045,LOT_004,7.9717,8.986,9.2646,9.5047,0,healthy,0.0,50.0,10.4674,0
SN_002046,LOT_004,10.3546,16.3154,18.454,18.9177,1,mobile_ion,0.2339,50.0,10.4674,0
SN_002047,LOT_004,10.3365,15.7018,19.8562,22.6389,1,nbti_ageing,0.6582,50.0,10.4674,0
SN_002048,LOT_004,12.0312,12.6524,12.9864,13.0687,0,healthy,0.0,50.0,10.4674,0
SN_002049,LOT_004,9.7663,13.4871,24.4009,35.4346,1,electromigration,0.7314,50.0,10.4674,0
SN_002050,LOT_004,11.0921,11.5431,11.6307,11.8757,0,healthy,0.0,50.0,10.4674,0
SN_002051,LOT_004,10.8828,11.6335,12.1031,12.0388,0,healthy,0.0,50.0,10.4674,0
SN_002052,LOT_004,11.152,12.2886,12.8286,13.2513,0,healthy,0.0,50.0,10.4674,0
SN_002053,LOT_004,9.9555,11.0181,11.3803,11.6778,0,healthy,0.0,50.0,10.4674,0
SN_002054,LOT_004,10.9157,11.744,12.1061,12.0802,0,healthy,0.0,50.0,10.4674,0
SN_002055,LOT_004,9.9553,10.2301,10.3381,10.4819,0,healthy,0.0,50.0,10.4674,0
SN_002056,LOT_004,11.7176,12.0931,12.4287,12.4216,0,healthy,0.0,50.0,10.4674,0
SN_002057,LOT_004,10.2116,10.4505,15.3661,30.4588,1,tddb_dielectric,0.4919,50.0,10.4674,0
SN_002058,LOT_004,9.4681,10.8433,11.3098,11.3368,0,healthy,0.0,50.0,10.4674,0
SN_002059,LOT_004,9.9728,10.7541,11.0789,11.1905,0,healthy,0.0,50.0,10.4674,0
SN_002060,LOT_004,11.6711,12.4824,13.0814,13.3094,0,healthy,0.0,50.0,10.4674,0
SN_002061,LOT_004,12.1876,13.0924,13.1347,13.3524,0,healthy,0.0,50.0,10.4674,0
SN_002062,LOT_004,9.5288,14.1796,17.653,19.6129,1,nbti_ageing,0.5632,50.0,10.4674,0
SN_002063,LOT_004,11.7576,12.1469,12.4956,12.6883,0,healthy,0.0,50.0,10.4674,0
SN_002064,LOT_004,10.1778,11.6187,12.2836,12.5141,1,nbti_ageing,0.0158,50.0,10.4674,0
SN_002065,LOT_004,10.7891,11.5164,11.7876,11.6172,0,healthy,0.0,50.0,10.4674,0
SN_002066,LOT_004,10.0794,16.8987,17.2335,17.456,1,mobile_ion,0.1932,50.0,10.4674,0
SN_002067,LOT_004,10.0456,22.7536,26.3749,26.4874,1,mobile_ion,0.6553,50.0,10.4674,0
SN_002068,LOT_004,10.9796,12.0592,12.3522,12.8109,0,healthy,0.0,50.0,10.4674,0
SN_002069,LOT_004,10.7018,11.5063,12.0314,11.9958,0,healthy,0.0,50.0,10.4674,0
SN_002070,LOT_004,11.2806,12.6266,13.2939,13.3494,0,healthy,0.0,50.0,10.4674,0
SN_002071,LOT_004,10.8936,12.0031,12.4708,12.8967,0,healthy,0.0,50.0,10.4674,0
SN_002072,LOT_004,11.4726,11.7724,17.9869,39.296,1,tddb_dielectric,0.6427,50.0,10.4674,0
SN_002073,LOT_004,10.1308,10.6416,10.8237,11.1149,0,healthy,0.0,50.0,10.4674,0
SN_002074,LOT_004,10.0597,10.8724,11.0044,11.0356,0,healthy,0.0,50.0,10.4674,0
SN_002075,LOT_004,11.0006,11.3975,11.8324,12.1005,0,healthy,0.0,50.0,10.4674,0
SN_002076,LOT_004,11.6845,13.0921,13.4506,13.6096,0,healthy,0.0,50.0,10.4674,0
SN_002077,LOT_004,9.4108,10.3015,10.566,10.6246,0,healthy,0.0,50.0,10.4674,0
SN_002078,LOT_004,8.9244,9.6663,10.1829,10.3383,0,healthy,0.0,50.0,10.4674,0
SN_002079,LOT_004,11.0768,15.2772,27.4828,40.0039,1,electromigration,0.728,50.0,10.4674,0
SN_002080,LOT_004,12.0527,13.1381,13.6744,13.8331,0,healthy,0.0,50.0,10.4674,0
SN_002081,LOT_004,11.2334,12.5887,16.5648,20.5504,1,electromigration,0.0121,50.0,10.4674,0
SN_002082,LOT_004,10.0962,11.0882,11.3487,11.7116,0,healthy,0.0,50.0,10.4674,0
SN_002083,LOT_004,9.8759,10.6904,10.8531,11.0985,0,healthy,0.0,50.0,10.4674,0
SN_002084,LOT_004,10.3505,11.4055,11.8226,11.9161,0,healthy,0.0,50.0,10.4674,0
SN_002085,LOT_004,31.4754,32.2593,34.9767,36.8345,1,subtle_in_spec,0.2028,50.0,10.4674,0
SN_002086,LOT_004,11.0357,11.4067,11.6083,11.6116,0,healthy,0.0,50.0,10.4674,0
SN_002087,LOT_004,12.3591,12.6176,12.9732,12.9923,0,healthy,0.0,50.0,10.4674,0
SN_002088,LOT_004,10.27,11.374,11.6115,11.7943,0,healthy,0.0,50.0,10.4674,0
SN_002089,LOT_004,34.7963,35.9668,38.2097,41.3267,1,esd_oxide,0.4121,50.0,10.4674,0
SN_002090,LOT_004,10.6493,11.2354,11.5825,11.6556,0,healthy,0.0,50.0,10.4674,0
SN_002091,LOT_004,10.687,11.6463,12.0321,12.4211,0,healthy,0.0,50.0,10.4674,0
SN_002092,LOT_004,9.2208,10.016,10.1939,10.3492,0,healthy,0.0,50.0,10.4674,0
SN_002093,LOT_004,10.5724,11.1412,11.2946,11.1307,0,healthy,0.0,50.0,10.4674,0
SN_002094,LOT_004,11.1618,11.8937,12.4009,12.5282,0,healthy,0.0,50.0,10.4674,0
SN_002095,LOT_004,9.0294,9.9485,10.3915,10.7052,0,healthy,0.0,50.0,10.4674,0
SN_002096,LOT_004,9.0905,9.9927,10.3461,10.6326,0,healthy,0.0,50.0,10.4674,0
SN_002097,LOT_004,9.8413,13.2601,15.3826,16.318,1,nbti_ageing,0.3093,50.0,10.4674,0
SN_002098,LOT_004,11.1024,11.5068,11.8432,11.816,0,healthy,0.0,50.0,10.4674,0
SN_002099,LOT_004,10.0608,10.6798,10.7533,10.779,0,healthy,0.0,50.0,10.4674,0
SN_002100,LOT_004,9.6659,9.9422,14.2063,25.7116,1,tddb_dielectric,0.3802,50.0,10.4674,0
SN_002101,LOT_004,10.1595,17.9971,18.1698,18.1193,1,mobile_ion,0.2356,50.0,10.4674,0
SN_002102,LOT_004,11.307,12.6783,13.3094,13.5142,0,healthy,0.0,50.0,10.4674,0
SN_002103,LOT_004,12.5053,13.4404,13.6747,13.7364,0,healthy,0.0,50.0,10.4674,0
SN_002104,LOT_004,10.7822,11.9088,12.3495,12.4354,0,healthy,0.0,50.0,10.4674,0
SN_002105,LOT_004,10.4852,11.3625,11.6332,11.8943,0,healthy,0.0,50.0,10.4674,0
SN_002106,LOT_004,9.5831,10.4852,10.8438,11.0665,0,healthy,0.0,50.0,10.4674,0
SN_002107,LOT_004,10.7374,12.0736,12.4915,12.532,0,healthy,0.0,50.0,10.4674,0
SN_002108,LOT_004,10.2834,10.9035,11.0908,11.4046,0,healthy,0.0,50.0,10.4674,0
SN_002109,LOT_004,9.3761,9.8261,10.2221,10.2713,0,healthy,0.0,50.0,10.4674,0
SN_002110,LOT_004,11.5933,16.1733,18.9173,20.6374,1,nbti_ageing,0.3836,50.0,10.4674,0
SN_002111,LOT_004,9.6925,10.1453,10.2019,10.3945,0,healthy,0.0,50.0,10.4674,0
SN_002112,LOT_004,11.9173,21.2998,25.0837,25.3243,1,mobile_ion,0.3928,50.0,10.4674,0
SN_002113,LOT_004,9.263,10.4383,10.8246,11.0261,0,healthy,0.0,50.0,10.4674,0
SN_002114,LOT_004,10.2593,10.6882,10.6648,10.8613,0,healthy,0.0,50.0,10.4674,0
SN_002115,LOT_004,36.9981,38.3656,42.6231,46.1231,1,esd_oxide,0.5173,50.0,10.4674,0
SN_002116,LOT_004,9.6213,10.7114,11.2208,11.3694,0,healthy,0.0,50.0,10.4674,0
SN_002117,LOT_004,11.8684,13.1541,13.517,13.7749,0,healthy,0.0,50.0,10.4674,0
SN_002118,LOT_004,10.1797,11.3033,11.5667,11.9088,0,healthy,0.0,50.0,10.4674,0
SN_002119,LOT_004,11.3203,12.8184,13.1083,13.5239,0,healthy,0.0,50.0,10.4674,0
SN_002120,LOT_004,11.5108,12.3673,12.7871,12.9455,0,healthy,0.0,50.0,10.4674,0
SN_002121,LOT_004,9.8275,9.9545,13.0961,20.6889,1,tddb_dielectric,0.1981,50.0,10.4674,0
SN_002122,LOT_004,10.2185,10.8202,11.1821,11.2579,0,healthy,0.0,50.0,10.4674,0
SN_002123,LOT_004,8.9335,9.6015,9.9485,10.0345,0,healthy,0.0,50.0,10.4674,0
SN_002124,LOT_004,9.2893,10.2345,10.3594,10.6784,0,healthy,0.0,50.0,10.4674,0
SN_002125,LOT_004,8.9681,9.3881,9.5953,9.8199,0,healthy,0.0,50.0,10.4674,0
SN_002126,LOT_004,11.9536,13.5026,14.0799,14.3,0,healthy,0.0,50.0,10.4674,0
SN_002127,LOT_004,10.0567,10.4899,10.499,10.46,0,healthy,0.0,50.0,10.4674,0
SN_002128,LOT_004,9.625,10.5804,10.8836,10.9095,0,healthy,0.0,50.0,10.4674,0
SN_002129,LOT_004,11.6399,12.7217,13.3849,13.743,0,healthy,0.0,50.0,10.4674,0
SN_002130,LOT_004,10.0517,14.1623,16.5043,18.0704,1,nbti_ageing,0.3856,50.0,10.4674,0
SN_002131,LOT_004,9.8427,10.3153,10.1478,10.5261,0,healthy,0.0,50.0,10.4674,0
SN_002132,LOT_004,11.542,12.828,13.2028,13.2324,0,healthy,0.0,50.0,10.4674,0
SN_002133,LOT_004,10.1243,10.7296,10.6363,11.0213,0,healthy,0.0,50.0,10.4674,0
SN_002134,LOT_004,10.4746,11.9124,12.5312,12.7348,1,nbti_ageing,0.0157,50.0,10.4674,0
SN_002135,LOT_004,10.7795,12.6763,19.0343,24.8723,1,electromigration,0.2066,50.0,10.4674,0
SN_002136,LOT_004,10.1189,10.6684,10.797,10.9695,0,healthy,0.0,50.0,10.4674,0
SN_002137,LOT_004,9.7563,14.1035,16.9674,18.6082,1,nbti_ageing,0.4766,50.0,10.4674,0
SN_002138,LOT_004,11.2127,15.6859,15.7721,15.7577,1,mobile_ion,0.0467,50.0,10.4674,0
SN_002139,LOT_004,11.3047,13.4253,14.4231,14.9221,1,nbti_ageing,0.0793,50.0,10.4674,0
SN_002140,LOT_004,10.9774,11.9388,12.4101,12.5374,0,healthy,0.0,50.0,10.4674,0
SN_002141,LOT_004,11.4286,13.6411,14.6122,15.0881,1,nbti_ageing,0.0855,50.0,10.4674,0
SN_002142,LOT_004,10.6616,12.0535,12.4644,12.5203,0,healthy,0.0,50.0,10.4674,0
SN_002143,LOT_004,10.88,11.0052,15.6047,26.6431,1,tddb_dielectric,0.3145,50.0,10.4674,0
SN_002144,LOT_004,12.1808,13.1101,13.6289,13.61,0,healthy,0.0,50.0,10.4674,0
SN_002145,LOT_004,12.1759,17.562,17.903,18.3547,1,mobile_ion,0.069,50.0,10.4674,0
SN_002146,LOT_004,9.1584,10.4284,10.9422,10.9038,0,healthy,0.0,50.0,10.4674,0
SN_002147,LOT_004,10.5655,26.4015,29.5685,29.8122,1,mobile_ion,0.7453,50.0,10.4674,0
SN_002148,LOT_005,9.8685,10.8108,11.4346,11.4706,0,healthy,0.0,50.0,10.3561,0
SN_002149,LOT_005,9.4724,10.0203,10.2907,10.3981,0,healthy,0.0,50.0,10.3561,0
SN_002150,LOT_005,13.567,15.0546,15.2972,15.606,0,healthy,0.0,50.0,10.3561,0
SN_002151,LOT_005,11.066,12.5992,12.9239,13.143,0,healthy,0.0,50.0,10.3561,0
SN_002152,LOT_005,9.8372,10.1824,10.2985,10.4529,0,healthy,0.0,50.0,10.3561,0
SN_002153,LOT_005,10.1177,12.1155,18.3538,24.7333,1,electromigration,0.2577,50.0,10.3561,0
SN_002154,LOT_005,11.1708,12.5877,12.8464,12.8166,0,healthy,0.0,50.0,10.3561,0
SN_002155,LOT_005,11.4744,11.9877,12.3423,12.3587,0,healthy,0.0,50.0,10.3561,0
SN_002156,LOT_005,11.6188,12.3162,12.6919,12.608,0,healthy,0.0,50.0,10.3561,0
SN_002157,LOT_005,9.58,10.2586,10.5149,10.8641,0,healthy,0.0,50.0,10.3561,0
SN_002158,LOT_005,10.2485,10.8105,11.1283,11.118,0,healthy,0.0,50.0,10.3561,0
SN_002159,LOT_005,12.1231,12.7361,12.8953,13.2099,0,healthy,0.0,50.0,10.3561,0
SN_002160,LOT_005,9.3353,17.6878,20.6855,20.7699,1,mobile_ion,0.4527,50.0,10.3561,0
SN_002161,LOT_005,10.036,10.9445,11.3922,11.7087,0,healthy,0.0,50.0,10.3561,0
SN_002162,LOT_005,10.9023,11.8122,11.9836,11.9219,0,healthy,0.0,50.0,10.3561,0
SN_002163,LOT_005,9.5536,10.1863,10.324,10.4719,0,healthy,0.0,50.0,10.3561,0
SN_002164,LOT_005,9.3811,10.4081,10.7087,10.7659,0,healthy,0.0,50.0,10.3561,0
SN_002165,LOT_005,10.8864,12.0554,12.6551,12.966,0,healthy,0.0,50.0,10.3561,0
SN_002166,LOT_005,10.5812,11.854,12.3168,12.7278,0,healthy,0.0,50.0,10.3561,0
SN_002167,LOT_005,10.3291,11.5721,11.9537,12.1417,0,healthy,0.0,50.0,10.3561,0
SN_002168,LOT_005,11.8083,22.1311,23.6228,23.8826,1,mobile_ion,0.3302,50.0,10.3561,0
SN_002169,LOT_005,10.504,14.8368,17.5705,18.9981,1,nbti_ageing,0.4254,50.0,10.3561,0
SN_002170,LOT_005,12.0422,12.7947,13.1587,13.4209,0,healthy,0.0,50.0,10.3561,0
SN_002171,LOT_005,9.2815,9.9091,10.2027,10.5242,0,healthy,0.0,50.0,10.3561,0
SN_002172,LOT_005,10.666,11.2837,11.3286,11.3369,0,healthy,0.0,50.0,10.3561,0
SN_002173,LOT_005,12.5282,12.7894,13.0406,13.3737,0,healthy,0.0,50.0,10.3561,0
SN_002174,LOT_005,10.8205,16.4318,20.7056,23.1879,1,nbti_ageing,0.6297,50.0,10.3561,0
SN_002175,LOT_005,10.9105,11.2307,11.5447,11.5802,0,healthy,0.0,50.0,10.3561,0
SN_002176,LOT_005,10.8122,11.5418,11.9421,12.1004,0,healthy,0.0,50.0,10.3561,0
SN_002177,LOT_005,10.5579,10.5934,15.0218,26.3765,1,tddb_dielectric,0.3359,50.0,10.3561,0
SN_002178,LOT_005,9.3484,14.3662,15.8777,15.922,1,mobile_ion,0.1941,50.0,10.3561,0
SN_002179,LOT_005,11.5551,12.5952,13.0074,13.3291,0,healthy,0.0,50.0,10.3561,0
SN_002180,LOT_005,10.176,10.2618,15.8176,32.5559,1,tddb_dielectric,0.5584,50.0,10.3561,0
SN_002181,LOT_005,12.4174,14.2837,14.7661,14.923,0,healthy,0.0,50.0,10.3561,0
SN_002182,LOT_005,8.4711,9.2394,9.6331,9.8939,0,healthy,0.0,50.0,10.3561,0
SN_002183,LOT_005,11.7491,26.6341,27.1584,27.2363,1,mobile_ion,0.4868,50.0,10.3561,0
SN_002184,LOT_005,11.1441,11.583,11.5939,11.7535,0,healthy,0.0,50.0,10.3561,0
SN_002185,LOT_005,9.7182,15.4474,15.8896,16.2436,1,mobile_ion,0.153,50.0,10.3561,0
SN_002186,LOT_005,10.0304,14.809,18.0904,20.0278,1,nbti_ageing,0.5359,50.0,10.3561,0
SN_002187,LOT_005,11.206,12.3178,12.3364,12.6235,0,healthy,0.0,50.0,10.3561,0
SN_002188,LOT_005,11.1156,11.2485,16.2735,29.7701,1,tddb_dielectric,0.393,50.0,10.3561,0
SN_002189,LOT_005,10.7797,11.3592,11.8239,11.878,0,healthy,0.0,50.0,10.3561,0
SN_002190,LOT_005,9.0014,10.026,10.6554,10.6195,0,healthy,0.0,50.0,10.3561,0
SN_002191,LOT_005,12.8356,14.2654,14.803,15.2225,0,healthy,0.0,50.0,10.3561,0
SN_002192,LOT_005,9.1697,9.3747,14.0566,28.3369,1,tddb_dielectric,0.5415,50.0,10.3561,0
SN_002193,LOT_005,10.036,10.7947,11.1094,11.2917,0,healthy,0.0,50.0,10.3561,0
SN_002194,LOT_005,9.4287,10.049,10.4693,10.4688,0,healthy,0.0,50.0,10.3561,0
SN_002195,LOT_005,10.2447,11.1617,11.6379,11.7878,0,healthy,0.0,50.0,10.3561,0
SN_002196,LOT_005,12.9597,14.3512,14.9154,15.0228,0,healthy,0.0,50.0,10.3561,0
SN_002197,LOT_005,12.0986,12.7184,12.9438,13.1046,0,healthy,0.0,50.0,10.3561,0
SN_002198,LOT_005,9.6679,12.4154,13.585,14.2957,1,nbti_ageing,0.1839,50.0,10.3561,0
SN_002199,LOT_005,11.2689,11.7521,11.7667,11.9405,0,healthy,0.0,50.0,10.3561,0
SN_002200,LOT_005,28.1095,28.8495,30.217,31.5789,1,subtle_in_spec,0.0857,50.0,10.3561,0
SN_002201,LOT_005,11.9612,17.6256,21.732,24.1871,1,nbti_ageing,0.5474,50.0,10.3561,0
SN_002202,LOT_005,9.4292,12.0978,20.2706,28.3421,1,electromigration,0.4793,50.0,10.3561,0
SN_002203,LOT_005,9.7988,10.8627,11.2015,11.3615,0,healthy,0.0,50.0,10.3561,0
SN_002204,LOT_005,11.2474,12.0552,12.4394,12.6664,0,healthy,0.0,50.0,10.3561,0
SN_002205,LOT_005,11.6907,11.701,15.5199,23.1913,1,tddb_dielectric,0.1648,50.0,10.3561,0
SN_002206,LOT_005,11.7228,12.2567,12.2875,12.4362,0,healthy,0.0,50.0,10.3561,0
SN_002207,LOT_005,9.871,10.4608,10.6822,10.7117,0,healthy,0.0,50.0,10.3561,0
SN_002208,LOT_005,8.9253,9.8808,10.2993,10.5059,0,healthy,0.0,50.0,10.3561,0
SN_002209,LOT_005,11.0328,11.3818,11.6411,11.6687,0,healthy,0.0,50.0,10.3561,0
SN_002210,LOT_005,9.4667,10.4668,10.633,10.7479,0,healthy,0.0,50.0,10.3561,0
SN_002211,LOT_005,9.2529,10.3267,10.592,10.7832,0,healthy,0.0,50.0,10.3561,0
SN_002212,LOT_005,10.6726,11.8183,12.369,12.586,0,healthy,0.0,50.0,10.3561,0
SN_002213,LOT_005,10.8592,11.9823,12.3634,12.8586,0,healthy,0.0,50.0,10.3561,0
SN_002214,LOT_005,13.0427,14.5944,15.3495,15.6062,0,healthy,0.0,50.0,10.3561,0
SN_002215,LOT_005,11.7561,20.7344,21.0005,21.0685,1,mobile_ion,0.2364,50.0,10.3561,0
SN_002216,LOT_005,12.852,13.8893,14.4055,14.5672,0,healthy,0.0,50.0,10.3561,0
SN_002217,LOT_005,11.1634,12.2113,12.6137,12.9108,0,healthy,0.0,50.0,10.3561,0
SN_002218,LOT_005,12.1421,13.4609,13.7473,13.8476,0,healthy,0.0,50.0,10.3561,0
SN_002219,LOT_005,11.6182,18.1817,23.6664,26.939,1,nbti_ageing,0.7446,50.0,10.3561,0
SN_002220,LOT_005,10.043,10.7743,11.1077,11.1653,0,healthy,0.0,50.0,10.3561,0
SN_002221,LOT_005,10.5388,11.8949,12.4894,12.722,0,healthy,0.0,50.0,10.3561,0
SN_002222,LOT_005,11.6985,12.7434,13.1476,13.4422,0,healthy,0.0,50.0,10.3561,0
SN_002223,LOT_005,10.9833,11.9764,12.3925,12.3601,0,healthy,0.0,50.0,10.3561,0
SN_002224,LOT_005,8.9694,9.8595,10.0083,10.0622,0,healthy,0.0,50.0,10.3561,0
SN_002225,LOT_005,10.0929,11.5369,11.7767,11.9744,0,healthy,0.0,50.0,10.3561,0
SN_002226,LOT_005,12.269,13.1785,13.4045,13.3509,0,healthy,0.0,50.0,10.3561,0
SN_002227,LOT_005,9.8931,11.2126,11.4538,11.8503,0,healthy,0.0,50.0,10.3561,0
SN_002228,LOT_005,10.2853,10.9538,11.1355,11.1588,0,healthy,0.0,50.0,10.3561,0
SN_002229,LOT_005,8.8066,19.0258,20.987,21.294,1,mobile_ion,0.5237,50.0,10.3561,0
SN_002230,LOT_005,7.7337,9.1398,13.6786,18.0832,1,electromigration,0.2147,50.0,10.3561,0
SN_002231,LOT_005,10.0234,10.9591,11.426,11.7828,0,healthy,0.0,50.0,10.3561,0
SN_002232,LOT_005,9.9833,12.4643,13.754,14.4909,1,nbti_ageing,0.166,50.0,10.3561,0
SN_002233,LOT_005,12.8519,14.2331,14.7647,14.815,0,healthy,0.0,50.0,10.3561,0
SN_002234,LOT_005,10.3327,11.9483,12.5762,12.6992,1,nbti_ageing,0.0332,50.0,10.3561,0
SN_002235,LOT_005,9.8012,10.7836,11.1824,11.053,0,healthy,0.0,50.0,10.3561,0
SN_002236,LOT_005,10.2444,10.9902,11.1531,11.1246,0,healthy,0.0,50.0,10.3561,0
SN_002237,LOT_005,8.6328,9.3062,9.3333,9.5015,0,healthy,0.0,50.0,10.3561,0
SN_002238,LOT_005,26.3144,26.9057,29.0603,31.3671,1,esd_oxide,0.0205,50.0,10.3561,0
SN_002239,LOT_005,8.2437,8.8264,8.8671,8.9872,0,healthy,0.0,50.0,10.3561,0
SN_002240,LOT_005,10.9083,20.1151,21.4574,21.768,1,mobile_ion,0.3303,50.0,10.3561,0
SN_002241,LOT_005,11.1528,12.7838,13.1985,13.3025,0,healthy,0.0,50.0,10.3561,0
SN_002242,LOT_005,9.0228,12.678,23.7153,34.7567,1,electromigration,0.8151,50.0,10.3561,0
SN_002243,LOT_005,10.8999,11.2102,11.4938,11.679,0,healthy,0.0,50.0,10.3561,0
SN_002244,LOT_005,10.3644,10.9077,11.1347,11.2039,0,healthy,0.0,50.0,10.3561,0
SN_002245,LOT_005,9.4716,9.9037,10.1126,10.1498,0,healthy,0.0,50.0,10.3561,0
SN_002246,LOT_005,10.5389,11.3507,11.6815,11.6766,0,healthy,0.0,50.0,10.3561,0
SN_002247,LOT_005,10.16,11.4055,11.8815,12.1867,0,healthy,0.0,50.0,10.3561,0
SN_002248,LOT_005,11.3081,11.7177,11.9013,12.0495,0,healthy,0.0,50.0,10.3561,0
SN_002249,LOT_005,12.3196,12.4924,18.6352,37.8305,1,tddb_dielectric,0.5159,50.0,10.3561,0
SN_002250,LOT_005,11.2706,11.788,11.9943,12.3763,0,healthy,0.0,50.0,10.3561,0
SN_002251,LOT_005,10.737,10.8895,14.6174,22.5134,1,tddb_dielectric,0.1983,50.0,10.3561,0
SN_002252,LOT_005,41.6248,44.4092,50.6889,56.5397,1,subtle_in_spec,0.6077,50.0,10.3561,0
SN_002253,LOT_005,9.9072,10.0631,13.0088,18.2682,1,tddb_dielectric,0.1085,50.0,10.3561,0
SN_002254,LOT_005,10.5427,11.0534,11.0039,11.1288,0,healthy,0.0,50.0,10.3561,0
SN_002255,LOT_005,10.7956,12.4735,13.0467,13.7019,1,nbti_ageing,0.0388,50.0,10.3561,0
SN_002256,LOT_005,12.9223,13.9084,14.8215,14.9371,0,healthy,0.0,50.0,10.3561,0
SN_002257,LOT_005,9.9051,10.3593,10.6083,10.6883,0,healthy,0.0,50.0,10.3561,0
SN_002258,LOT_005,11.5947,12.2554,12.5188,12.7207,0,healthy,0.0,50.0,10.3561,0
SN_002259,LOT_005,10.633,29.3067,29.3093,29.6425,1,mobile_ion,0.7219,50.0,10.3561,0
SN_002260,LOT_005,11.2643,12.4007,13.0244,13.3022,0,healthy,0.0,50.0,10.3561,0
SN_002261,LOT_005,10.3242,10.882,10.984,11.2916,0,healthy,0.0,50.0,10.3561,0
SN_002262,LOT_005,11.0422,11.5384,11.6569,11.5416,0,healthy,0.0,50.0,10.3561,0
SN_002263,LOT_005,9.9415,10.3417,10.4775,10.6911,0,healthy,0.0,50.0,10.3561,0
SN_002264,LOT_005,9.6019,10.891,11.3248,11.5422,0,healthy,0.0,50.0,10.3561,0
SN_002265,LOT_005,9.6713,11.1154,15.7946,20.1719,1,electromigration,0.1187,50.0,10.3561,0
SN_002266,LOT_005,10.0072,11.0306,11.364,11.5395,0,healthy,0.0,50.0,10.3561,0
SN_002267,LOT_005,11.3846,16.5557,20.0946,22.0683,1,nbti_ageing,0.487,50.0,10.3561,0
SN_002268,LOT_005,11.901,13.0661,13.7568,13.805,0,healthy,0.0,50.0,10.3561,0
SN_002269,LOT_005,9.0756,10.1241,10.4108,10.5021,0,healthy,0.0,50.0,10.3561,0
SN_002270,LOT_005,9.1177,9.1917,11.0637,14.8132,1,tddb_dielectric,0.0371,50.0,10.3561,0
SN_002271,LOT_005,10.0867,10.5599,10.7534,10.884,0,healthy,0.0,50.0,10.3561,0
SN_002272,LOT_005,13.5137,14.9954,15.2682,15.6693,0,healthy,0.0,50.0,10.3561,0
SN_002273,LOT_005,9.6753,10.0461,10.3196,10.4521,0,healthy,0.0,50.0,10.3561,0
SN_002274,LOT_005,10.4767,11.4488,11.7502,12.0525,0,healthy,0.0,50.0,10.3561,0
SN_002275,LOT_005,9.9117,11.0277,11.5086,11.9393,0,healthy,0.0,50.0,10.3561,0
SN_002276,LOT_005,11.1906,11.7934,11.8389,11.9359,0,healthy,0.0,50.0,10.3561,0
SN_002277,LOT_005,11.0023,12.3287,12.5575,12.7884,0,healthy,0.0,50.0,10.3561,0
SN_002278,LOT_005,11.5484,12.8504,13.2826,13.8839,0,healthy,0.0,50.0,10.3561,0
SN_002279,LOT_005,11.7331,13.7849,19.3051,25.0553,1,electromigration,0.1328,50.0,10.3561,0
SN_002280,LOT_005,9.3879,9.9413,10.1786,10.2216,0,healthy,0.0,50.0,10.3561,0
SN_002281,LOT_005,9.2835,10.1432,10.5445,10.6462,0,healthy,0.0,50.0,10.3561,0
SN_002282,LOT_005,10.8807,11.1843,16.5451,31.7777,1,tddb_dielectric,0.4736,50.0,10.3561,0
SN_002283,LOT_005,10.7502,12.2077,12.5811,12.8953,0,healthy,0.0,50.0,10.3561,0
SN_002284,LOT_005,9.9918,10.8904,11.3061,11.4531,0,healthy,0.0,50.0,10.3561,0
SN_002285,LOT_005,10.41,11.3155,11.4695,11.4209,0,healthy,0.0,50.0,10.3561,0
SN_002286,LOT_005,11.1497,12.4859,12.7129,12.7723,0,healthy,0.0,50.0,10.3561,0
SN_002287,LOT_005,10.9859,11.6083,11.7642,11.9372,0,healthy,0.0,50.0,10.3561,0
SN_002288,LOT_005,9.6133,10.5086,10.9268,10.9975,0,healthy,0.0,50.0,10.3561,0
SN_002289,LOT_005,36.1129,36.9026,39.8959,42.2842,1,esd_oxide,0.4936,50.0,10.3561,0
SN_002290,LOT_005,10.4764,10.4506,13.6104,20.0758,1,tddb_dielectric,0.1296,50.0,10.3561,0
SN_002291,LOT_005,8.6167,9.1746,9.4698,9.5452,0,healthy,0.0,50.0,10.3561,0
SN_002292,LOT_005,9.1564,9.5846,9.8165,9.9994,0,healthy,0.0,50.0,10.3561,0
SN_002293,LOT_005,11.8824,13.4505,13.9559,14.0033,0,healthy,0.0,50.0,10.3561,0
SN_002294,LOT_005,11.2539,11.4247,11.9284,11.6782,0,healthy,0.0,50.0,10.3561,0
SN_002295,LOT_005,11.4782,12.3226,12.5851,12.6632,0,healthy,0.0,50.0,10.3561,0
SN_002296,LOT_005,10.2635,11.1645,11.2438,11.5051,0,healthy,0.0,50.0,10.3561,0
SN_002297,LOT_005,11.3297,12.7856,13.1251,13.2637,0,healthy,0.0,50.0,10.3561,0
SN_002298,LOT_005,12.3367,13.8851,14.0082,14.3945,0,healthy,0.0,50.0,10.3561,0
SN_002299,LOT_005,35.6303,36.9232,40.5824,45.072,1,subtle_in_spec,0.3762,50.0,10.3561,0
SN_002300,LOT_005,9.827,10.592,10.6319,10.9501,0,healthy,0.0,50.0,10.3561,0
SN_002301,LOT_005,10.0985,10.4836,10.7815,10.7151,0,healthy,0.0,50.0,10.3561,0
SN_002302,LOT_005,10.0227,10.5759,10.9181,10.9199,0,healthy,0.0,50.0,10.3561,0
SN_002303,LOT_005,8.4283,9.5416,10.0374,10.1801,0,healthy,0.0,50.0,10.3561,0
SN_002304,LOT_005,10.0651,14.9934,16.3848,16.5857,1,mobile_ion,0.1517,50.0,10.3561,0
SN_002305,LOT_005,10.695,11.3622,11.4945,11.7833,0,healthy,0.0,50.0,10.3561,0
SN_002306,LOT_005,10.3256,11.2843,11.6407,11.7167,0,healthy,0.0,50.0,10.3561,0
SN_002307,LOT_005,10.4862,11.2314,11.5605,11.6779,0,healthy,0.0,50.0,10.3561,0
SN_002308,LOT_005,9.4963,10.1798,10.5143,10.7141,0,healthy,0.0,50.0,10.3561,0
SN_002309,LOT_005,10.0838,10.6452,10.6852,10.916,0,healthy,0.0,50.0,10.3561,0
SN_002310,LOT_005,7.66,9.2932,14.1976,19.0685,1,electromigration,0.2708,50.0,10.3561,0
SN_002311,LOT_005,9.5575,10.3473,10.9787,11.2147,0,healthy,0.0,50.0,10.3561,0
SN_002312,LOT_005,30.3352,31.1099,32.717,35.1865,1,esd_oxide,0.2146,50.0,10.3561,0
SN_002313,LOT_005,9.4144,10.1363,10.4818,10.8434,0,healthy,0.0,50.0,10.3561,0
SN_002314,LOT_005,30.2344,30.722,33.6342,36.219,1,esd_oxide,0.2097,50.0,10.3561,0
SN_002315,LOT_005,10.5677,11.3416,11.4744,11.8015,0,healthy,0.0,50.0,10.3561,0
SN_002316,LOT_005,9.9817,11.2937,11.7228,12.0429,0,healthy,0.0,50.0,10.3561,0
SN_002317,LOT_005,13.3287,13.4939,19.1207,34.8685,1,tddb_dielectric,0.3743,50.0,10.3561,0
SN_002318,LOT_005,30.1568,31.0848,33.0748,35.2195,1,subtle_in_spec,0.1648,50.0,10.3561,0
SN_002319,LOT_005,9.1821,9.7096,10.0443,10.1633,0,healthy,0.0,50.0,10.3561,0
SN_002320,LOT_005,33.1213,34.0587,37.2573,40.2477,1,subtle_in_spec,0.2793,50.0,10.3561,0
SN_002321,LOT_005,8.7382,8.9765,9.3511,9.406,0,healthy,0.0,50.0,10.3561,0
SN_002322,LOT_005,11.0301,11.8458,12.1954,12.3012,0,healthy,0.0,50.0,10.3561,0
SN_002323,LOT_005,11.1118,11.5302,11.7097,11.8413,0,healthy,0.0,50.0,10.3561,0
SN_002324,LOT_005,10.1335,10.6833,11.1179,11.081,0,healthy,0.0,50.0,10.3561,0
SN_002325,LOT_005,8.7061,9.0866,9.3298,9.346,0,healthy,0.0,50.0,10.3561,0
SN_002326,LOT_005,31.7899,32.7203,35.0097,36.9083,1,esd_oxide,0.2848,50.0,10.3561,0
SN_002327,LOT_005,10.1646,10.3982,12.8256,17.9589,1,tddb_dielectric,0.085,50.0,10.3561,0
SN_002328,LOT_005,9.5462,10.3635,10.6285,10.9028,0,healthy,0.0,50.0,10.3561,0
SN_002329,LOT_005,29.189,29.6534,31.9547,33.7838,1,subtle_in_spec,0.1274,50.0,10.3561,0
SN_002330,LOT_005,11.9558,12.8742,12.9389,12.8741,0,healthy,0.0,50.0,10.3561,0
SN_002331,LOT_005,9.3769,14.5317,18.4407,20.7453,1,nbti_ageing,0.679,50.0,10.3561,0
SN_002332,LOT_005,10.7558,11.6766,11.9722,12.4837,0,healthy,0.0,50.0,10.3561,0
SN_002333,LOT_005,9.7462,17.3356,20.8803,21.0931,1,mobile_ion,0.4031,50.0,10.3561,0
SN_002334,LOT_005,12.6246,13.8274,14.3535,14.4923,0,healthy,0.0,50.0,10.3561,0
SN_002335,LOT_005,9.805,10.6331,10.947,11.1328,0,healthy,0.0,50.0,10.3561,0
SN_002336,LOT_005,10.358,11.3581,11.3942,11.7492,0,healthy,0.0,50.0,10.3561,0
SN_002337,LOT_005,14.4229,15.9149,16.4301,16.8064,0,healthy,0.0,50.0,10.3561,0
SN_002338,LOT_005,11.277,15.5885,18.0857,19.3538,1,nbti_ageing,0.3491,50.0,10.3561,0
SN_002339,LOT_005,11.2779,14.9978,17.2658,18.4806,1,nbti_ageing,0.2819,50.0,10.3561,0
SN_002340,LOT_005,10.8973,11.755,11.9338,12.1544,0,healthy,0.0,50.0,10.3561,0
SN_002341,LOT_005,10.7855,11.7723,12.041,12.0162,0,healthy,0.0,50.0,10.3561,0
SN_002342,LOT_005,9.3934,12.7423,14.0533,14.1849,1,mobile_ion,0.0843,50.0,10.3561,0
SN_002343,LOT_005,9.9233,14.566,17.5126,19.3638,1,nbti_ageing,0.4998,50.0,10.3561,0
SN_002344,LOT_005,11.2387,20.3256,20.3938,20.4053,1,mobile_ion,0.2505,50.0,10.3561,0
SN_002345,LOT_005,10.8258,11.5182,11.9433,11.8195,0,healthy,0.0,50.0,10.3561,0
SN_002346,LOT_005,10.3202,12.7873,20.4098,28.0481,1,electromigration,0.3657,50.0,10.3561,0
SN_002347,LOT_005,10.611,10.7346,14.2179,21.2255,1,tddb_dielectric,0.1801,50.0,10.3561,0
SN_002348,LOT_005,10.5295,11.9981,12.3695,12.467,0,healthy,0.0,50.0,10.3561,0
SN_002349,LOT_005,11.7606,17.5628,21.6792,24.0579,1,nbti_ageing,0.5703,50.0,10.3561,0
SN_002350,LOT_005,30.4595,31.0655,33.3269,35.6906,1,subtle_in_spec,0.1765,50.0,10.3561,0
SN_002351,LOT_005,9.295,9.9332,10.1375,10.4962,0,healthy,0.0,50.0,10.3561,0
SN_002352,LOT_005,9.5013,10.4408,10.6972,10.8842,0,healthy,0.0,50.0,10.3561,0
SN_002353,LOT_005,11.733,14.2894,22.1221,29.8586,1,electromigration,0.3006,50.0,10.3561,0
SN_002354,LOT_005,28.0286,28.4896,29.7877,30.9819,1,esd_oxide,0.1032,50.0,10.3561,0
SN_002355,LOT_005,11.6208,18.1025,18.6275,18.7265,1,mobile_ion,0.1281,50.0,10.3561,0
SN_002356,LOT_005,10.164,10.8333,10.9742,11.2019,0,healthy,0.0,50.0,10.3561,0
SN_002357,LOT_005,12.213,20.0159,20.275,20.4123,1,mobile_ion,0.1695,50.0,10.3561,0
SN_002358,LOT_005,9.4492,10.6654,10.982,11.1183,0,healthy,0.0,50.0,10.3561,0
SN_002359,LOT_005,7.001,7.5737,7.7294,7.7712,0,healthy,0.0,50.0,10.3561,0
SN_002360,LOT_005,12.0909,14.3984,21.2721,28.2892,1,electromigration,0.2235,50.0,10.3561,0
SN_002361,LOT_005,12.1959,12.8648,13.0231,13.3298,0,healthy,0.0,50.0,10.3561,0
SN_002362,LOT_005,9.2605,10.1253,10.5245,10.7835,0,healthy,0.0,50.0,10.3561,0
SN_002363,LOT_005,9.0194,16.3709,19.3665,19.5725,1,mobile_ion,0.4005,50.0,10.3561,0
SN_002364,LOT_005,9.8485,10.9244,11.1846,11.5388,0,healthy,0.0,50.0,10.3561,0
SN_002365,LOT_005,10.3251,10.7946,10.7927,10.9693,0,healthy,0.0,50.0,10.3561,0
SN_002366,LOT_005,11.3164,12.2988,12.8371,13.1589,0,healthy,0.0,50.0,10.3561,0
SN_002367,LOT_005,10.4701,11.1224,11.2738,11.4256,0,healthy,0.0,50.0,10.3561,0
SN_002368,LOT_005,9.5351,19.8648,20.3289,20.5717,1,mobile_ion,0.3904,50.0,10.3561,0
SN_002369,LOT_005,8.3915,10.8946,12.1484,12.8074,1,nbti_ageing,0.2172,50.0,10.3561,0
SN_002370,LOT_005,11.5856,12.4264,12.701,12.6474,0,healthy,0.0,50.0,10.3561,0
SN_002371,LOT_005,10.5294,11.3775,11.847,12.1102,0,healthy,0.0,50.0,10.3561,0
SN_002372,LOT_005,9.8372,10.5316,10.6511,10.741,0,healthy,0.0,50.0,10.3561,0
SN_002373,LOT_005,9.155,12.5325,13.0208,13.1716,1,mobile_ion,0.0481,50.0,10.3561,0
SN_002374,LOT_005,10.7378,11.8316,12.3177,12.5387,0,healthy,0.0,50.0,10.3561,0
SN_002375,LOT_005,9.2896,11.7146,19.1255,26.6444,1,electromigration,0.4251,50.0,10.3561,0
SN_002376,LOT_005,29.7165,30.8677,34.5865,37.5035,1,esd_oxide,0.1847,50.0,10.3561,0
SN_002377,LOT_005,8.6896,9.3393,9.748,9.9258,0,healthy,0.0,50.0,10.3561,0
SN_002378,LOT_005,11.6049,11.8258,14.4878,20.4476,1,tddb_dielectric,0.0855,50.0,10.3561,0
SN_002379,LOT_005,8.8389,12.716,15.3823,16.9345,1,nbti_ageing,0.4788,50.0,10.3561,0
SN_002380,LOT_005,8.5963,9.2238,9.1649,9.3181,0,healthy,0.0,50.0,10.3561,0
SN_002381,LOT_005,9.1463,9.5907,9.9974,9.9123,0,healthy,0.0,50.0,10.3561,0
SN_002382,LOT_005,9.7034,10.0264,10.182,10.3525,0,healthy,0.0,50.0,10.3561,0
SN_002383,LOT_005,8.9561,9.8147,10.1733,10.5253,0,healthy,0.0,50.0,10.3561,0
SN_002384,LOT_005,11.0614,11.7025,12.0787,12.0411,0,healthy,0.0,50.0,10.3561,0
SN_002385,LOT_005,9.2393,10.257,10.5139,10.8066,0,healthy,0.0,50.0,10.3561,0
SN_002386,LOT_005,11.787,12.3543,12.6671,12.7063,0,healthy,0.0,50.0,10.3561,0
SN_002387,LOT_005,8.7017,9.4443,9.6015,9.6709,0,healthy,0.0,50.0,10.3561,0
SN_002388,LOT_005,9.6977,10.7186,11.1806,11.3891,0,healthy,0.0,50.0,10.3561,0
SN_002389,LOT_005,9.7026,10.7366,11.2487,11.6422,0,healthy,0.0,50.0,10.3561,0
SN_002390,LOT_005,28.8274,30.0261,32.3884,35.5472,1,esd_oxide,0.1418,50.0,10.3561,0
SN_002391,LOT_005,11.7561,12.3513,12.4025,12.7519,0,healthy,0.0,50.0,10.3561,0
SN_002392,LOT_005,8.8146,10.0097,10.1938,10.6238,0,healthy,0.0,50.0,10.3561,0
SN_002393,LOT_005,37.9671,38.1624,40.9247,42.5617,1,esd_oxide,0.5831,50.0,10.3561,0
SN_002394,LOT_005,10.7954,24.8435,27.5441,27.7094,1,mobile_ion,0.6158,50.0,10.3561,0
SN_002395,LOT_005,9.5034,9.9985,10.1231,10.1724,0,healthy,0.0,50.0,10.3561,0
SN_002396,LOT_005,11.9718,12.482,12.3912,12.6193,0,healthy,0.0,50.0,10.3561,0
SN_002397,LOT_005,10.8886,11.9764,12.4746,12.9481,0,healthy,0.0,50.0,10.3561,0
SN_002398,LOT_005,11.6751,12.5122,12.8311,13.1927,0,healthy,0.0,50.0,10.3561,0
SN_002399,LOT_005,10.7837,15.1937,28.6979,41.5544,1,electromigration,0.8275,50.0,10.3561,0
SN_002400,LOT_005,10.6516,11.3764,11.581,11.6566,0,healthy,0.0,50.0,10.3561,0
SN_002401,LOT_005,11.1954,11.8911,12.4275,12.6062,0,healthy,0.0,50.0,10.3561,0
SN_002402,LOT_005,10.1299,10.8056,11.021,10.9173,0,healthy,0.0,50.0,10.3561,0
SN_002403,LOT_005,9.0812,9.4088,9.432,9.5459,0,healthy,0.0,50.0,10.3561,0
SN_002404,LOT_005,10.4362,10.7331,10.8364,11.067,0,healthy,0.0,50.0,10.3561,0
SN_002405,LOT_005,11.9668,12.7227,13.0592,13.2451,0,healthy,0.0,50.0,10.3561,0
SN_002406,LOT_005,11.0318,11.4106,11.6259,11.5694,0,healthy,0.0,50.0,10.3561,0
SN_002407,LOT_005,8.7864,9.3087,9.4467,9.535,0,healthy,0.0,50.0,10.3561,0
SN_002408,LOT_005,29.4382,30.5339,31.81,34.0281,1,subtle_in_spec,0.137,50.0,10.3561,0
SN_002409,LOT_005,9.7961,14.0917,16.9184,18.6686,1,nbti_ageing,0.4723,50.0,10.3561,0
SN_002410,LOT_005,8.6112,8.6221,11.8249,18.1302,1,tddb_dielectric,0.2015,50.0,10.3561,0
SN_002411,LOT_005,8.8696,9.5615,9.8679,10.0742,0,healthy,0.0,50.0,10.3561,0
SN_002412,LOT_005,12.2452,12.8191,13.1917,13.1827,0,healthy,0.0,50.0,10.3561,0
SN_002413,LOT_005,12.3861,14.7357,15.4536,16.0884,1,nbti_ageing,0.0645,50.0,10.3561,0
SN_002414,LOT_005,11.7452,12.2574,12.3158,12.4616,0,healthy,0.0,50.0,10.3561,0
SN_002415,LOT_005,11.304,16.8978,21.123,23.508,1,nbti_ageing,0.5864,50.0,10.3561,0
SN_002416,LOT_005,27.0303,27.4055,28.7027,30.4613,1,subtle_in_spec,0.044,50.0,10.3561,0
SN_002417,LOT_005,10.9953,11.6869,12.0501,12.2624,0,healthy,0.0,50.0,10.3561,0
SN_002418,LOT_005,11.531,12.7399,13.0504,13.2205,0,healthy,0.0,50.0,10.3561,0
SN_002419,LOT_005,9.9676,10.8447,10.9626,10.96,0,healthy,0.0,50.0,10.3561,0
SN_002420,LOT_005,12.5495,13.1641,13.3901,13.6399,0,healthy,0.0,50.0,10.3561,0
SN_002421,LOT_005,11.7112,12.6843,13.1077,13.384,0,healthy,0.0,50.0,10.3561,0
SN_002422,LOT_005,8.7302,9.9259,10.2133,10.2126,0,healthy,0.0,50.0,10.3561,0
SN_002423,LOT_005,11.393,12.317,12.8494,13.032,0,healthy,0.0,50.0,10.3561,0
SN_002424,LOT_005,9.7448,9.9469,15.404,35.5101,1,tddb_dielectric,0.7136,50.0,10.3561,0
SN_002425,LOT_005,10.2437,10.7692,10.9425,11.0196,0,healthy,0.0,50.0,10.3561,0
SN_002426,LOT_005,9.8633,11.0369,11.3274,11.5391,0,healthy,0.0,50.0,10.3561,0
SN_002427,LOT_005,14.2315,19.3979,22.4161,24.112,1,nbti_ageing,0.3325,50.0,10.3561,0
SN_002428,LOT_005,12.9618,22.74,23.243,23.2607,1,mobile_ion,0.2303,50.0,10.3561,0
SN_002429,LOT_005,10.7087,11.1417,11.55,11.666,0,healthy,0.0,50.0,10.3561,0
SN_002430,LOT_005,32.3601,32.5073,36.2579,38.4544,1,esd_oxide,0.3124,50.0,10.3561,0
SN_002431,LOT_005,10.4398,10.5586,15.442,29.049,1,tddb_dielectric,0.4238,50.0,10.3561,0
SN_002432,LOT_005,31.1134,32.5914,35.1362,37.8194,1,esd_oxide,0.2522,50.0,10.3561,0
SN_002433,LOT_005,9.852,10.6804,11.2771,11.2627,0,healthy,0.0,50.0,10.3561,0
SN_002434,LOT_005,10.5915,10.9813,17.5092,42.9384,1,tddb_dielectric,0.8543,50.0,10.3561,0
SN_002435,LOT_005,9.3578,10.1771,10.4926,10.5412,0,healthy,0.0,50.0,10.3561,0
SN_002436,LOT_005,9.5767,9.9889,10.0344,10.2482,0,healthy,0.0,50.0,10.3561,0
SN_002437,LOT_005,9.8387,10.4539,10.699,10.8716,0,healthy,0.0,50.0,10.3561,0
SN_002438,LOT_005,11.0816,12.0731,12.6542,12.6706,0,healthy,0.0,50.0,10.3561,0
SN_002439,LOT_005,8.4107,8.7788,8.7697,8.8341,0,healthy,0.0,50.0,10.3561,0
SN_002440,LOT_005,9.0692,9.0746,11.5376,16.7026,1,tddb_dielectric,0.1134,50.0,10.3561,0
SN_002441,LOT_005,9.38,10.3714,10.4924,10.5872,0,healthy,0.0,50.0,10.3561,0
SN_002442,LOT_005,9.5287,10.0477,9.8868,10.2099,0,healthy,0.0,50.0,10.3561,0
SN_002443,LOT_005,10.8219,11.5147,11.701,11.7898,0,healthy,0.0,50.0,10.3561,0
SN_002444,LOT_005,31.2365,32.3299,36.0721,39.6268,1,esd_oxide,0.2581,50.0,10.3561,0
SN_002445,LOT_005,10.6572,10.842,14.0461,21.6418,1,tddb_dielectric,0.1766,50.0,10.3561,0
SN_002446,LOT_005,8.6654,13.1757,16.6699,18.5683,1,nbti_ageing,0.6278,50.0,10.3561,0
SN_002447,LOT_005,9.3313,10.0553,10.264,10.4737,0,healthy,0.0,50.0,10.3561,0
SN_002448,LOT_005,10.4538,11.8374,12.1964,12.5172,0,healthy,0.0,50.0,10.3561,0
SN_002449,LOT_005,38.7601,40.5038,45.2123,50.5058,1,subtle_in_spec,0.4971,50.0,10.3561,0
SN_002450,LOT_005,10.3949,23.7852,24.0061,24.2612,1,mobile_ion,0.4898,50.0,10.3561,0
SN_002451,LOT_005,8.9831,9.3634,9.3891,9.3411,0,healthy,0.0,50.0,10.3561,0
SN_002452,LOT_005,13.1175,13.9404,14.4768,14.5326,0,healthy,0.0,50.0,10.3561,0
SN_002453,LOT_005,10.7726,12.0147,12.4174,12.6711,0,healthy,0.0,50.0,10.3561,0
SN_002454,LOT_005,11.03,30.1299,30.5062,30.9523,1,mobile_ion,0.703,50.0,10.3561,0
SN_002455,LOT_005,28.9406,29.4795,30.1632,31.9044,1,esd_oxide,0.1473,50.0,10.3561,0
SN_002456,LOT_005,11.7672,12.744,13.2169,13.4641,0,healthy,0.0,50.0,10.3561,0
SN_002457,LOT_005,12.4856,13.3975,13.9018,14.1325,0,healthy,0.0,50.0,10.3561,0
SN_002458,LOT_005,10.6387,14.0724,24.066,34.143,1,electromigration,0.563,50.0,10.3561,0
SN_002459,LOT_005,11.1328,14.6368,16.8842,17.9604,1,nbti_ageing,0.2785,50.0,10.3561,0
SN_002460,LOT_005,9.8067,10.5066,10.535,10.9132,0,healthy,0.0,50.0,10.3561,0
SN_002461,LOT_005,11.9402,12.2158,18.0934,35.3749,1,tddb_dielectric,0.485,50.0,10.3561,0
SN_002462,LOT_005,9.2583,10.2579,10.4863,10.6359,0,healthy,0.0,50.0,10.3561,0
SN_002463,LOT_005,13.2992,14.6935,14.9798,15.2201,0,healthy,0.0,50.0,10.3561,0
SN_002464,LOT_005,9.5068,10.2505,10.5942,10.7323,0,healthy,0.0,50.0,10.3561,0
SN_002465,LOT_005,10.2892,10.9424,11.39,11.2644,0,healthy,0.0,50.0,10.3561,0
SN_002466,LOT_005,10.1939,11.2403,11.436,11.7972,0,healthy,0.0,50.0,10.3561,0
SN_002467,LOT_005,11.4957,12.2275,12.3057,12.284,0,healthy,0.0,50.0,10.3561,0
SN_002468,LOT_005,43.3736,44.8107,47.872,52.2582,1,esd_oxide,0.8441,50.0,10.3561,0
SN_002469,LOT_005,10.0686,12.6089,20.6337,28.2997,1,electromigration,0.4066,50.0,10.3561,0
SN_002470,LOT_005,29.5104,30.1513,32.4042,33.9561,1,subtle_in_spec,0.1398,50.0,10.3561,0
SN_002471,LOT_005,9.8767,10.3471,10.4283,10.6192,0,healthy,0.0,50.0,10.3561,0
SN_002472,LOT_005,9.4324,9.4948,13.0747,20.1258,1,tddb_dielectric,0.215,50.0,10.3561,0
SN_002473,LOT_005,11.0462,13.508,21.1689,28.8728,1,electromigration,0.3218,50.0,10.3561,0
SN_002474,LOT_005,8.7099,9.7841,10.1552,10.282,0,healthy,0.0,50.0,10.3561,0
SN_002475,LOT_005,10.8502,12.0347,12.6204,12.893,0,healthy,0.0,50.0,10.3561,0
SN_002476,LOT_005,9.0564,11.2814,12.471,13.0677,1,nbti_ageing,0.1575,50.0,10.3561,0
SN_002477,LOT_005,11.1541,11.7166,12.0511,12.2461,0,healthy,0.0,50.0,10.3561,0
SN_002478,LOT_005,11.0693,11.8477,12.1277,12.2567,0,healthy,0.0,50.0,10.3561,0
SN_002479,LOT_005,9.4451,10.625,10.9011,11.1337,0,healthy,0.0,50.0,10.3561,0
SN_002480,LOT_005,10.7189,12.0547,12.408,12.7495,0,healthy,0.0,50.0,10.3561,0
SN_002481,LOT_005,11.3217,12.0775,12.1953,12.5201,0,healthy,0.0,50.0,10.3561,0
SN_002482,LOT_005,12.0457,12.7372,13.1806,13.3031,0,healthy,0.0,50.0,10.3561,0
SN_002483,LOT_005,11.5379,13.3135,13.8278,14.0201,1,nbti_ageing,0.01,50.0,10.3561,0
SN_002484,LOT_005,12.9158,13.4956,13.6245,14.0325,0,healthy,0.0,50.0,10.3561,0
SN_002485,LOT_005,41.0753,43.0749,48.5626,54.8594,1,subtle_in_spec,0.5865,50.0,10.3561,0
SN_002486,LOT_005,12.001,12.8484,12.879,12.9677,0,healthy,0.0,50.0,10.3561,0
SN_002487,LOT_005,9.2558,10.1559,10.3941,10.336,0,healthy,0.0,50.0,10.3561,0
SN_002488,LOT_005,34.5654,35.709,37.302,39.3669,1,esd_oxide,0.4188,50.0,10.3561,0
SN_002489,LOT_005,39.2353,40.1576,44.6963,48.695,1,esd_oxide,0.6443,50.0,10.3561,0
SN_002490,LOT_005,9.5769,10.3417,10.9825,11.2005,0,healthy,0.0,50.0,10.3561,0
SN_002491,LOT_005,9.7197,17.1068,17.8343,17.8784,1,mobile_ion,0.2643,50.0,10.3561,0
SN_002492,LOT_005,12.4136,13.4488,13.5141,13.8239,0,healthy,0.0,50.0,10.3561,0
SN_002493,LOT_005,11.1572,11.6153,11.8282,11.7248,0,healthy,0.0,50.0,10.3561,0
SN_002494,LOT_005,9.3142,10.3944,10.7022,11.1583,0,healthy,0.0,50.0,10.3561,0
SN_002495,LOT_005,9.4103,11.8183,18.9651,26.2681,1,electromigration,0.3986,50.0,10.3561,0
SN_002496,LOT_005,10.6013,10.7586,15.391,27.9662,1,tddb_dielectric,0.3872,50.0,10.3561,0
SN_002497,LOT_005,10.6334,11.1146,11.4091,11.5616,0,healthy,0.0,50.0,10.3561,0
SN_002498,LOT_005,9.5184,10.6627,10.939,11.1736,0,healthy,0.0,50.0,10.3561,0
SN_002499,LOT_005,10.2961,16.6612,22.4559,26.381,1,nbti_ageing,0.9076,50.0,10.3561,0
SN_002500,LOT_005,9.2181,10.2637,10.5089,10.7676,0,healthy,0.0,50.0,10.3561,0
SN_002501,LOT_005,10.0944,10.3573,10.8005,10.9992,0,healthy,0.0,50.0,10.3561,0
SN_002502,LOT_005,35.1077,36.0419,38.491,41.0213,1,esd_oxide,0.445,50.0,10.3561,0
SN_002503,LOT_005,9.5124,9.6861,12.6219,19.4987,1,tddb_dielectric,0.1783,50.0,10.3561,0
SN_002504,LOT_005,10.6363,11.9473,12.3845,12.4789,0,healthy,0.0,50.0,10.3561,0
SN_002505,LOT_005,32.5951,33.4015,36.0803,39.2703,1,subtle_in_spec,0.259,50.0,10.3561,0
SN_002506,LOT_005,9.6681,10.0383,10.3851,10.5581,0,healthy,0.0,50.0,10.3561,0
SN_002507,LOT_005,11.3624,12.499,13.0766,13.3058,0,healthy,0.0,50.0,10.3561,0
SN_002508,LOT_005,10.9718,11.9476,12.3333,12.6396,0,healthy,0.0,50.0,10.3561,0
SN_002509,LOT_005,30.5422,31.0826,32.8935,35.4804,1,esd_oxide,0.2246,50.0,10.3561,0
SN_002510,LOT_006,9.7127,10.1471,10.5098,10.5371,0,healthy,0.0,50.0,10.0629,0
SN_002511,LOT_006,12.9064,13.9324,14.2907,14.1001,0,healthy,0.0,50.0,10.0629,0
SN_002512,LOT_006,10.2087,10.8283,11.148,11.433,0,healthy,0.0,50.0,10.0629,0
SN_002513,LOT_006,8.897,9.6423,10.0626,10.1593,0,healthy,0.0,50.0,10.0629,0
SN_002514,LOT_006,8.9179,9.9479,10.2128,10.4531,0,healthy,0.0,50.0,10.0629,0
SN_002515,LOT_006,10.2413,11.4485,11.9299,12.2429,0,healthy,0.0,50.0,10.0629,0
SN_002516,LOT_006,9.2666,13.9686,15.3428,15.6677,1,mobile_ion,0.1715,50.0,10.0629,0
SN_002517,LOT_006,9.7579,11.9311,18.185,24.8388,1,electromigration,0.2986,50.0,10.0629,0
SN_002518,LOT_006,9.9715,10.5123,10.7155,10.7906,0,healthy,0.0,50.0,10.0629,0
SN_002519,LOT_006,10.6051,10.9069,15.9751,32.3236,1,tddb_dielectric,0.5087,50.0,10.0629,0
SN_002520,LOT_006,39.7638,41.7316,47.3598,53.1587,1,subtle_in_spec,0.5806,50.0,10.0629,0
SN_002521,LOT_006,12.6513,13.4428,13.8816,13.8935,0,healthy,0.0,50.0,10.0629,0
SN_002522,LOT_006,11.2487,11.762,12.1418,12.1996,0,healthy,0.0,50.0,10.0629,0
SN_002523,LOT_006,10.4336,11.4059,11.9362,12.3149,0,healthy,0.0,50.0,10.0629,0
SN_002524,LOT_006,7.6761,8.6169,8.8819,9.1312,0,healthy,0.0,50.0,10.0629,0
SN_002525,LOT_006,9.2946,9.7683,9.8244,10.0178,0,healthy,0.0,50.0,10.0629,0
SN_002526,LOT_006,8.1958,8.637,8.8832,8.9967,0,healthy,0.0,50.0,10.0629,0
SN_002527,LOT_006,35.3866,36.3417,41.1544,44.8939,1,subtle_in_spec,0.4066,50.0,10.0629,0
SN_002528,LOT_006,10.5729,11.4986,11.7048,11.9212,0,healthy,0.0,50.0,10.0629,0
SN_002529,LOT_006,9.3975,10.3465,10.6442,10.7415,0,healthy,0.0,50.0,10.0629,0
SN_002530,LOT_006,9.8292,10.6722,11.138,11.2706,0,healthy,0.0,50.0,10.0629,0
SN_002531,LOT_006,11.7234,13.1624,13.3858,13.4814,0,healthy,0.0,50.0,10.0629,0
SN_002532,LOT_006,8.488,9.4529,9.7481,9.7421,0,healthy,0.0,50.0,10.0629,0
SN_002533,LOT_006,7.9904,8.777,9.3335,9.4375,0,healthy,0.0,50.0,10.0629,0
SN_002534,LOT_006,9.8605,11.7265,12.5872,13.1169,1,nbti_ageing,0.0807,50.0,10.0629,0
SN_002535,LOT_006,10.9778,11.5325,11.8526,11.9222,0,healthy,0.0,50.0,10.0629,0
SN_002536,LOT_006,11.2387,12.1102,12.3162,12.8085,0,healthy,0.0,50.0,10.0629,0
SN_002537,LOT_006,10.154,13.0933,14.6348,15.5139,1,nbti_ageing,0.2121,50.0,10.0629,0
SN_002538,LOT_006,7.9135,8.5187,8.5877,8.6558,0,healthy,0.0,50.0,10.0629,0
SN_002539,LOT_006,7.4282,7.7175,7.7368,7.8653,0,healthy,0.0,50.0,10.0629,0
SN_002540,LOT_006,8.7781,14.115,15.1188,15.3222,1,mobile_ion,0.1939,50.0,10.0629,0
SN_002541,LOT_006,9.8265,10.3397,10.745,10.8376,0,healthy,0.0,50.0,10.0629,0
SN_002542,LOT_006,7.7583,8.5245,8.6986,8.8923,0,healthy,0.0,50.0,10.0629,0
SN_002543,LOT_006,41.5062,43.686,50.2502,56.5826,1,subtle_in_spec,0.6499,50.0,10.0629,0
SN_002544,LOT_006,27.0634,28.1847,30.377,32.3217,1,esd_oxide,0.0947,50.0,10.0629,0
SN_002545,LOT_006,10.1344,13.2724,14.9847,15.8191,1,nbti_ageing,0.2394,50.0,10.0629,0
SN_002546,LOT_006,11.5572,11.4111,14.0379,17.9653,1,tddb_dielectric,0.0161,50.0,10.0629,0
SN_002547,LOT_006,12.5335,14.0937,14.742,14.8186,0,healthy,0.0,50.0,10.0629,0
SN_002548,LOT_006,8.5467,9.6005,9.7761,9.8746,0,healthy,0.0,50.0,10.0629,0
SN_002549,LOT_006,32.4015,33.0855,36.6804,39.3344,1,subtle_in_spec,0.288,50.0,10.0629,0
SN_002550,LOT_006,10.9249,11.8293,12.3682,12.3708,0,healthy,0.0,50.0,10.0629,0
SN_002551,LOT_006,10.2287,10.8368,11.0094,11.1894,0,healthy,0.0,50.0,10.0629,0
SN_002552,LOT_006,35.4568,36.8366,40.674,44.4374,1,esd_oxide,0.5118,50.0,10.0629,0
SN_002553,LOT_006,9.6649,11.9338,18.5403,25.3181,1,electromigration,0.3298,50.0,10.0629,0
SN_002554,LOT_006,11.4817,12.2362,12.5409,12.5717,0,healthy,0.0,50.0,10.0629,0
SN_002555,LOT_006,8.0541,8.9532,9.2361,9.3461,0,healthy,0.0,50.0,10.0629,0
SN_002556,LOT_006,9.5452,10.2264,10.6079,10.5535,0,healthy,0.0,50.0,10.0629,0
SN_002557,LOT_006,10.0977,15.1156,17.3449,17.5139,1,mobile_ion,0.1996,50.0,10.0629,0
SN_002558,LOT_006,10.3699,10.7805,11.0861,11.2218,0,healthy,0.0,50.0,10.0629,0
SN_002559,LOT_006,8.0285,8.651,8.7926,8.8252,0,healthy,0.0,50.0,10.0629,0
SN_002560,LOT_006,10.9243,14.4518,16.3815,17.3226,1,nbti_ageing,0.2527,50.0,10.0629,0
SN_002561,LOT_006,10.842,11.664,12.1395,12.3993,0,healthy,0.0,50.0,10.0629,0
SN_002562,LOT_006,10.7372,11.5998,12.241,12.4263,0,healthy,0.0,50.0,10.0629,0
SN_002563,LOT_006,8.4286,8.778,9.0267,9.0621,0,healthy,0.0,50.0,10.0629,0
SN_002564,LOT_006,10.2352,10.8302,11.0846,11.4252,0,healthy,0.0,50.0,10.0629,0
SN_002565,LOT_006,10.556,11.3852,11.6493,12.0216,0,healthy,0.0,50.0,10.0629,0
SN_002566,LOT_006,12.0843,24.0737,24.3767,24.4534,1,mobile_ion,0.3451,50.0,10.0629,0
SN_002567,LOT_006,9.3109,9.8825,10.2763,10.5351,0,healthy,0.0,50.0,10.0629,0
SN_002568,LOT_006,36.4653,37.0673,38.7496,40.0503,1,esd_oxide,0.5619,50.0,10.0629,0
SN_002569,LOT_006,10.8656,11.191,11.3924,11.3753,0,healthy,0.0,50.0,10.0629,0
SN_002570,LOT_006,8.9638,12.6203,14.9843,16.3131,1,nbti_ageing,0.4073,50.0,10.0629,0
SN_002571,LOT_006,8.3985,8.5147,11.2909,17.2559,1,tddb_dielectric,0.1773,50.0,10.0629,0
SN_002572,LOT_006,9.1505,9.6683,9.8238,10.0074,0,healthy,0.0,50.0,10.0629,0
SN_002573,LOT_006,11.0471,11.5639,11.6919,11.7913,0,healthy,0.0,50.0,10.0629,0
SN_002574,LOT_006,7.9035,8.0052,10.3944,15.22,1,tddb_dielectric,0.1422,50.0,10.0629,0
SN_002575,LOT_006,11.422,12.1702,12.2041,12.4376,0,healthy,0.0,50.0,10.0629,0
SN_002576,LOT_006,10.6938,24.4646,27.1148,27.3135,1,mobile_ion,0.6143,50.0,10.0629,0
SN_002577,LOT_006,7.0199,7.4963,7.5935,7.4898,0,healthy,0.0,50.0,10.0629,0
SN_002578,LOT_006,9.0083,12.9377,15.5378,17.0021,1,nbti_ageing,0.4542,50.0,10.0629,0
SN_002579,LOT_006,9.3542,9.4997,11.665,15.5027,1,tddb_dielectric,0.0516,50.0,10.0629,0
SN_002580,LOT_006,10.6243,11.4246,11.5299,11.51,0,healthy,0.0,50.0,10.0629,0
SN_002581,LOT_006,11.4757,12.4253,12.763,12.9434,0,healthy,0.0,50.0,10.0629,0
SN_002582,LOT_006,9.5699,10.5318,11.1919,11.3182,0,healthy,0.0,50.0,10.0629,0
SN_002583,LOT_006,10.687,11.4643,11.7304,11.8977,0,healthy,0.0,50.0,10.0629,0
SN_002584,LOT_006,37.0169,37.3768,39.8233,41.8624,1,esd_oxide,0.5893,50.0,10.0629,0
SN_002585,LOT_006,10.2205,11.0167,11.2377,11.4086,0,healthy,0.0,50.0,10.0629,0
SN_002586,LOT_006,10.6707,11.4028,11.5521,11.8198,0,healthy,0.0,50.0,10.0629,0
SN_002587,LOT_006,10.4479,13.6316,23.2067,32.799,1,electromigration,0.5381,50.0,10.0629,0
SN_002588,LOT_006,29.1475,29.9345,31.991,34.2519,1,subtle_in_spec,0.1586,50.0,10.0629,0
SN_002589,LOT_006,9.9764,10.7544,11.2598,11.5553,0,healthy,0.0,50.0,10.0629,0
SN_002590,LOT_006,41.4965,42.9295,50.166,55.8364,1,subtle_in_spec,0.6495,50.0,10.0629,0
SN_002591,LOT_006,11.8335,17.9876,22.7465,25.3107,1,nbti_ageing,0.6428,50.0,10.0629,0
SN_002592,LOT_006,10.4939,10.962,10.9966,10.9133,0,healthy,0.0,50.0,10.0629,0
SN_002593,LOT_006,9.5399,9.7242,10.064,10.1358,0,healthy,0.0,50.0,10.0629,0
SN_002594,LOT_006,8.2664,11.085,19.479,27.7946,1,electromigration,0.6259,50.0,10.0629,0
SN_002595,LOT_006,13.3479,14.1509,14.2624,14.4742,0,healthy,0.0,50.0,10.0629,0
SN_002596,LOT_006,11.3248,11.6618,11.8085,11.9772,0,healthy,0.0,50.0,10.0629,0
SN_002597,LOT_006,7.8859,8.477,8.5646,8.7601,0,healthy,0.0,50.0,10.0629,0
SN_002598,LOT_006,38.4979,39.8766,42.9152,47.4651,1,esd_oxide,0.6629,50.0,10.0629,0
SN_002599,LOT_006,9.976,10.5052,10.7539,10.771,0,healthy,0.0,50.0,10.0629,0
SN_002600,LOT_006,8.2765,13.7128,13.9997,14.0883,1,mobile_ion,0.1713,50.0,10.0629,0
SN_002601,LOT_006,10.7184,11.8597,12.3602,12.4129,0,healthy,0.0,50.0,10.0629,0
SN_002602,LOT_006,11.8954,13.1101,13.2188,13.6712,0,healthy,0.0,50.0,10.0629,0
SN_002603,LOT_006,10.045,13.0987,21.8317,30.3297,1,electromigration,0.4989,50.0,10.0629,0
SN_002604,LOT_006,9.8796,10.9565,11.2623,11.3517,0,healthy,0.0,50.0,10.0629,0
SN_002605,LOT_006,26.8044,27.6796,29.8593,32.2712,1,esd_oxide,0.0818,50.0,10.0629,0
SN_002606,LOT_006,11.2114,12.145,12.5281,12.7124,0,healthy,0.0,50.0,10.0629,0
SN_002607,LOT_006,10.0945,21.0448,23.6252,23.7199,1,mobile_ion,0.5109,50.0,10.0629,0
SN_002608,LOT_006,8.6751,12.9846,16.1737,18.0517,1,nbti_ageing,0.591,50.0,10.0629,0
SN_002609,LOT_006,8.2371,9.3039,9.7111,9.6969,0,healthy,0.0,50.0,10.0629,0
SN_002610,LOT_006,10.6728,11.109,11.3325,11.2811,0,healthy,0.0,50.0,10.0629,0
SN_002611,LOT_006,9.7911,10.0296,15.7139,35.5234,1,tddb_dielectric,0.7088,50.0,10.0629,0
SN_002612,LOT_006,11.0108,11.1216,14.0342,19.293,1,tddb_dielectric,0.0899,50.0,10.0629,0
SN_002613,LOT_006,13.6107,14.2594,14.8782,14.978,0,healthy,0.0,50.0,10.0629,0
SN_002614,LOT_006,10.9951,12.0706,12.7312,12.7679,0,healthy,0.0,50.0,10.0629,0
SN_002615,LOT_006,10.6277,11.1831,11.3093,11.4233,0,healthy,0.0,50.0,10.0629,0
SN_002616,LOT_006,13.1383,14.788,15.2157,15.441,0,healthy,0.0,50.0,10.0629,0
SN_002617,LOT_006,29.9854,30.8406,33.1918,35.4081,1,subtle_in_spec,0.1919,50.0,10.0629,0
SN_002618,LOT_006,11.0614,12.2963,12.8125,13.2697,0,healthy,0.0,50.0,10.0629,0
SN_002619,LOT_006,10.2194,21.1106,21.2905,21.3345,1,mobile_ion,0.3812,50.0,10.0629,0
SN_002620,LOT_006,27.8948,29.1789,32.1562,35.4458,1,esd_oxide,0.136,50.0,10.0629,0
SN_002621,LOT_006,11.0926,11.6984,11.9852,12.2858,0,healthy,0.0,50.0,10.0629,0
SN_002622,LOT_006,11.1988,12.2904,12.7853,12.8385,0,healthy,0.0,50.0,10.0629,0
SN_002623,LOT_006,9.7577,10.9728,11.3723,11.363,0,healthy,0.0,50.0,10.0629,0
SN_002624,LOT_006,9.6415,10.9216,11.3582,11.5101,0,healthy,0.0,50.0,10.0629,0
SN_002625,LOT_006,12.1416,13.2801,13.7931,14.0412,0,healthy,0.0,50.0,10.0629,0
SN_002626,LOT_006,10.0283,11.0885,11.3284,11.4288,0,healthy,0.0,50.0,10.0629,0
SN_002627,LOT_006,8.7342,13.8,13.8023,13.8033,1,mobile_ion,0.1352,50.0,10.0629,0
SN_002628,LOT_006,10.3165,10.811,11.1387,11.3515,0,healthy,0.0,50.0,10.0629,0
SN_002629,LOT_006,30.1279,31.2792,34.1985,37.2181,1,esd_oxide,0.247,50.0,10.0629,0
SN_002630,LOT_006,8.2986,9.0981,9.4515,9.5375,0,healthy,0.0,50.0,10.0629,0
SN_002631,LOT_006,10.9647,11.5716,11.6179,11.814,0,healthy,0.0,50.0,10.0629,0
SN_002632,LOT_006,9.7701,12.3558,13.7278,14.3199,1,nbti_ageing,0.1881,50.0,10.0629,0
SN_002633,LOT_006,9.353,9.4302,13.8926,24.9798,1,tddb_dielectric,0.3915,50.0,10.0629,0
SN_002634,LOT_006,9.8916,10.3607,10.68,10.8259,0,healthy,0.0,50.0,10.0629,0
SN_002635,LOT_006,9.7995,10.6571,11.0329,11.102,0,healthy,0.0,50.0,10.0629,0
SN_002636,LOT_006,8.8319,9.3978,9.6006,9.6756,0,healthy,0.0,50.0,10.0629,0
SN_002637,LOT_006,10.1663,22.9695,23.6257,23.8776,1,mobile_ion,0.4794,50.0,10.0629,0
SN_002638,LOT_006,11.8208,14.5694,15.7825,16.6986,1,nbti_ageing,0.1386,50.0,10.0629,0
SN_002639,LOT_006,8.6925,9.4999,9.759,9.7791,0,healthy,0.0,50.0,10.0629,0
SN_002640,LOT_006,8.7182,10.7389,11.8209,12.2023,1,nbti_ageing,0.1371,50.0,10.0629,0
SN_002641,LOT_006,11.9991,12.8858,13.3447,13.6042,0,healthy,0.0,50.0,10.0629,0
SN_002642,LOT_006,10.0857,10.4916,10.6019,10.5079,0,healthy,0.0,50.0,10.0629,0
SN_002643,LOT_006,8.6751,13.2679,16.7306,18.7967,1,nbti_ageing,0.6406,50.0,10.0629,0
SN_002644,LOT_006,8.9551,10.059,10.3628,10.5851,0,healthy,0.0,50.0,10.0629,0
SN_002645,LOT_006,8.7833,9.4349,9.5866,9.742,0,healthy,0.0,50.0,10.0629,0
SN_002646,LOT_006,10.2526,10.5886,10.8758,10.808,0,healthy,0.0,50.0,10.0629,0
SN_002647,LOT_006,10.8976,11.3747,11.2677,11.4923,0,healthy,0.0,50.0,10.0629,0
SN_002648,LOT_006,33.3279,34.2998,38.2748,40.6981,1,subtle_in_spec,0.3248,50.0,10.0629,0
SN_002649,LOT_006,12.401,12.8151,13.1663,13.5972,0,healthy,0.0,50.0,10.0629,0
SN_002650,LOT_006,15.0502,16.71,17.3273,17.5876,0,healthy,0.0,50.0,10.0629,0
SN_002651,LOT_006,11.079,12.0609,12.2783,12.6469,0,healthy,0.0,50.0,10.0629,0
SN_002652,LOT_006,8.7782,9.1926,9.6066,9.4288,0,healthy,0.0,50.0,10.0629,0
SN_002653,LOT_006,9.9323,10.5748,10.7356,10.4762,0,healthy,0.0,50.0,10.0629,0
SN_002654,LOT_006,9.4207,10.3205,10.624,10.8198,0,healthy,0.0,50.0,10.0629,0
SN_002655,LOT_006,9.9162,11.1115,11.6708,11.9323,0,healthy,0.0,50.0,10.0629,0
SN_002656,LOT_006,10.202,11.4039,11.8874,12.0337,0,healthy,0.0,50.0,10.0629,0
SN_002657,LOT_006,9.2272,9.8096,10.0357,10.3911,0,healthy,0.0,50.0,10.0629,0
SN_002658,LOT_006,9.1268,10.4747,11.1695,11.3177,1,nbti_ageing,0.0339,50.0,10.0629,0
SN_002659,LOT_006,8.2939,19.0709,19.5339,19.8513,1,mobile_ion,0.4975,50.0,10.0629,0
SN_002660,LOT_006,10.1374,10.6108,10.7122,10.887,0,healthy,0.0,50.0,10.0629,0
SN_002661,LOT_006,9.8253,10.4251,10.4879,10.5778,0,healthy,0.0,50.0,10.0629,0
SN_002662,LOT_006,11.6404,22.2511,25.9397,26.1821,1,mobile_ion,0.4489,50.0,10.0629,0
SN_002663,LOT_006,10.9156,13.8951,15.6335,16.2126,1,nbti_ageing,0.2022,50.0,10.0629,0
SN_002664,LOT_006,26.1735,27.0458,29.4996,31.2408,1,esd_oxide,0.0505,50.0,10.0629,0
SN_002665,LOT_006,9.421,10.1746,10.7591,10.9033,0,healthy,0.0,50.0,10.0629,0
SN_002666,LOT_006,9.74,10.8371,11.3014,11.6236,0,healthy,0.0,50.0,10.0629,0
SN_002667,LOT_006,11.5089,12.4073,12.8444,12.9138,0,healthy,0.0,50.0,10.0629,0
SN_002668,LOT_006,10.0631,11.0137,11.1887,11.5544,0,healthy,0.0,50.0,10.0629,0
SN_002669,LOT_006,11.0352,11.6437,11.8196,12.0139,0,healthy,0.0,50.0,10.0629,0
SN_002670,LOT_006,9.0557,9.6402,9.8629,9.8579,0,healthy,0.0,50.0,10.0629,0
SN_002671,LOT_006,9.6977,9.9893,10.2331,10.2095,0,healthy,0.0,50.0,10.0629,0
SN_002672,LOT_006,9.329,10.1125,10.5037,10.6559,0,healthy,0.0,50.0,10.0629,0
SN_002673,LOT_006,8.952,10.7181,15.466,20.1735,1,electromigration,0.1823,50.0,10.0629,0
SN_002674,LOT_006,8.4259,9.2804,9.5371,9.6453,0,healthy,0.0,50.0,10.0629,0
SN_002675,LOT_006,8.8631,9.1053,9.3491,9.5385,0,healthy,0.0,50.0,10.0629,0
SN_002676,LOT_006,10.0807,12.7962,20.6306,28.1721,1,electromigration,0.4096,50.0,10.0629,0
SN_002677,LOT_006,10.6061,13.6154,14.9418,15.9002,1,nbti_ageing,0.1934,50.0,10.0629,0
SN_002678,LOT_006,11.6774,12.383,12.4927,12.6778,0,healthy,0.0,50.0,10.0629,0
SN_002679,LOT_006,10.3661,16.407,21.838,24.9348,1,nbti_ageing,0.7978,50.0,10.0629,0
SN_002680,LOT_006,11.6365,12.4187,12.516,12.7926,0,healthy,0.0,50.0,10.0629,0
SN_002681,LOT_006,11.3936,12.7422,13.1256,13.381,0,healthy,0.0,50.0,10.0629,0
SN_002682,LOT_006,8.749,9.2811,9.6324,9.6157,0,healthy,0.0,50.0,10.0629,0
SN_002683,LOT_006,10.7467,12.1033,12.394,12.8886,0,healthy,0.0,50.0,10.0629,0
SN_002684,LOT_006,9.0772,9.7803,10.0456,10.1733,0,healthy,0.0,50.0,10.0629,0
SN_002685,LOT_006,11.3101,12.8129,13.1882,13.3866,0,healthy,0.0,50.0,10.0629,0
SN_002686,LOT_006,9.3965,12.2649,13.9909,15.0328,1,nbti_ageing,0.2617,50.0,10.0629,0
SN_002687,LOT_006,9.5887,10.6812,14.2242,18.0868,1,electromigration,0.0265,50.0,10.0629,0
SN_002688,LOT_006,9.6567,12.1093,19.4891,26.8282,1,electromigration,0.3931,50.0,10.0629,0
SN_002689,LOT_006,9.2767,10.2012,10.6312,10.7877,0,healthy,0.0,50.0,10.0629,0
SN_002690,LOT_006,11.2916,12.5324,12.9787,13.0556,0,healthy,0.0,50.0,10.0629,0
SN_002691,LOT_006,11.9045,13.108,13.6472,13.586,0,healthy,0.0,50.0,10.0629,0
SN_002692,LOT_006,9.6306,9.7973,12.4741,17.8486,1,tddb_dielectric,0.1226,50.0,10.0629,0
SN_002693,LOT_006,9.109,9.6415,9.7831,9.9205,0,healthy,0.0,50.0,10.0629,0
SN_002694,LOT_006,8.8508,9.7315,10.2225,10.3967,0,healthy,0.0,50.0,10.0629,0
SN_002695,LOT_006,9.7865,10.6437,10.8631,11.0087,0,healthy,0.0,50.0,10.0629,0
SN_002696,LOT_006,10.1489,10.7363,10.69,10.7891,0,healthy,0.0,50.0,10.0629,0
SN_002697,LOT_006,9.9003,10.9138,11.348,11.5818,0,healthy,0.0,50.0,10.0629,0
SN_002698,LOT_006,40.076,41.7781,48.4519,53.7597,1,subtle_in_spec,0.593,50.0,10.0629,0
SN_002699,LOT_006,37.8806,38.3911,40.1709,41.6301,1,esd_oxide,0.6322,50.0,10.0629,0
SN_002700,LOT_006,10.5606,11.7382,12.3245,12.4858,0,healthy,0.0,50.0,10.0629,0
SN_002701,LOT_006,10.8051,10.9658,11.4043,11.3287,0,healthy,0.0,50.0,10.0629,0
SN_002702,LOT_006,9.5294,10.3605,10.6377,10.7741,0,healthy,0.0,50.0,10.0629,0
SN_002703,LOT_006,43.1512,45.4967,52.5866,59.4161,1,subtle_in_spec,0.7153,50.0,10.0629,0
SN_002704,LOT_006,10.254,10.8387,11.1695,11.222,0,healthy,0.0,50.0,10.0629,0
SN_002705,LOT_006,10.0184,12.6643,13.9814,14.764,1,nbti_ageing,0.1783,50.0,10.0629,0
SN_002706,LOT_006,9.8767,10.0218,15.5713,33.4626,1,tddb_dielectric,0.6321,50.0,10.0629,0
SN_002707,LOT_006,10.2681,11.0679,11.6088,11.7289,0,healthy,0.0,50.0,10.0629,0
SN_002708,LOT_006,10.5868,11.8117,12.107,12.3065,0,healthy,0.0,50.0,10.0629,0
SN_002709,LOT_006,10.6799,11.3246,11.4971,11.702,0,healthy,0.0,50.0,10.0629,0
SN_002710,LOT_006,9.1575,9.5762,9.9775,9.9457,0,healthy,0.0,50.0,10.0629,0
SN_002711,LOT_006,9.8436,10.1945,10.3951,10.4765,0,healthy,0.0,50.0,10.0629,0
SN_002712,LOT_006,9.369,10.3704,10.9408,11.2098,0,healthy,0.0,50.0,10.0629,0
SN_002713,LOT_006,10.1703,11.0738,11.3528,11.5433,0,healthy,0.0,50.0,10.0629,0
SN_002714,LOT_006,35.2382,36.5677,41.0404,46.2156,1,esd_oxide,0.5009,50.0,10.0629,0
SN_002715,LOT_006,10.1571,10.5997,10.8377,11.0456,0,healthy,0.0,50.0,10.0629,0
SN_002716,LOT_006,36.7576,37.914,42.2925,47.0053,1,subtle_in_spec,0.4611,50.0,10.0629,0
SN_002717,LOT_006,9.0055,9.106,13.9159,27.4381,1,tddb_dielectric,0.5131,50.0,10.0629,0
SN_002718,LOT_006,10.7572,11.6111,11.764,11.9487,0,healthy,0.0,50.0,10.0629,0
SN_002719,LOT_006,11.9231,12.9813,13.6709,13.8618,0,healthy,0.0,50.0,10.0629,0
SN_002720,LOT_006,11.9122,13.3649,13.7087,13.946,0,healthy,0.0,50.0,10.0629,0
SN_002721,LOT_006,10.0558,10.7667,11.0097,10.8766,0,healthy,0.0,50.0,10.0629,0
SN_002722,LOT_006,11.867,12.5587,12.9224,13.2,0,healthy,0.0,50.0,10.0629,0
SN_002723,LOT_006,10.0537,11.5053,11.8423,11.9328,0,healthy,0.0,50.0,10.0629,0
SN_002724,LOT_006,9.7245,9.8646,13.0372,20.4848,1,tddb_dielectric,0.2027,50.0,10.0629,0
SN_002725,LOT_006,10.0271,12.7298,13.9776,14.6586,1,nbti_ageing,0.1724,50.0,10.0629,0
SN_002726,LOT_006,7.708,8.6624,11.6328,14.5314,1,electromigration,0.0322,50.0,10.0629,0
SN_002727,LOT_006,12.2123,14.6962,22.5134,29.9155,1,electromigration,0.2624,50.0,10.0629,0
SN_002728,LOT_006,11.9094,12.4004,12.4573,12.6481,0,healthy,0.0,50.0,10.0629,0
SN_002729,LOT_006,10.0891,11.0606,11.5322,11.8745,0,healthy,0.0,50.0,10.0629,0
SN_002730,LOT_006,8.1352,9.0068,9.5038,9.5511,0,healthy,0.0,50.0,10.0629,0
SN_002731,LOT_006,10.8782,11.8055,12.2189,12.319,0,healthy,0.0,50.0,10.0629,0
SN_002732,LOT_006,9.4065,9.8113,9.9685,10.1011,0,healthy,0.0,50.0,10.0629,0
SN_002733,LOT_006,10.5703,11.1547,11.5103,11.6849,0,healthy,0.0,50.0,10.0629,0
SN_002734,LOT_006,8.7593,9.3177,9.4582,9.5939,0,healthy,0.0,50.0,10.0629,0
SN_002735,LOT_006,12.6828,19.6847,25.2437,28.5272,1,nbti_ageing,0.6961,50.0,10.0629,0
SN_002736,LOT_006,8.9463,12.787,15.391,16.9527,1,nbti_ageing,0.459,50.0,10.0629,0
SN_002737,LOT_006,9.6973,9.7554,13.1015,20.228,1,tddb_dielectric,0.1998,50.0,10.0629,0
SN_002738,LOT_006,9.8415,11.0084,11.3407,11.4993,0,healthy,0.0,50.0,10.0629,0
SN_002739,LOT_006,10.5482,11.531,12.0141,12.2404,0,healthy,0.0,50.0,10.0629,0
SN_002740,LOT_006,32.3907,33.2074,36.1534,38.5436,1,esd_oxide,0.3594,50.0,10.0629,0
SN_002741,LOT_006,10.873,11.894,12.4188,12.3762,0,healthy,0.0,50.0,10.0629,0
SN_002742,LOT_006,11.1075,12.2523,12.7042,12.7974,0,healthy,0.0,50.0,10.0629,0
SN_002743,LOT_006,8.7984,9.8717,10.0297,10.1492,0,healthy,0.0,50.0,10.0629,0
SN_002744,LOT_006,10.7182,13.9993,15.6401,16.8295,1,nbti_ageing,0.2445,50.0,10.0629,0
SN_002745,LOT_006,10.0503,10.9208,11.0955,11.1633,0,healthy,0.0,50.0,10.0629,0
SN_002746,LOT_006,11.892,13.2626,13.9051,14.1708,0,healthy,0.0,50.0,10.0629,0
SN_002747,LOT_006,12.1555,13.6239,14.0371,14.2298,0,healthy,0.0,50.0,10.0629,0
SN_002748,LOT_006,10.3581,11.4344,11.8126,12.0635,0,healthy,0.0,50.0,10.0629,0
SN_002749,LOT_006,10.7576,12.02,12.4977,12.7488,0,healthy,0.0,50.0,10.0629,0
SN_002750,LOT_006,12.9219,14.3726,14.9562,15.2794,0,healthy,0.0,50.0,10.0629,0
SN_002751,LOT_006,27.9318,28.6992,30.491,32.6385,1,esd_oxide,0.1379,50.0,10.0629,0
SN_002752,LOT_006,9.8884,16.1556,16.596,16.7038,1,mobile_ion,0.1653,50.0,10.0629,0
SN_002753,LOT_006,9.373,9.6523,15.0594,34.5835,1,tddb_dielectric,0.7352,50.0,10.0629,0
SN_002754,LOT_006,10.2582,10.9394,11.3743,11.4525,0,healthy,0.0,50.0,10.0629,0
SN_002755,LOT_006,9.7763,10.9167,11.3504,11.3757,0,healthy,0.0,50.0,10.0629,0
SN_002756,LOT_006,11.5104,13.0155,13.4412,13.5557,0,healthy,0.0,50.0,10.0629,0
SN_002757,LOT_006,10.7825,15.378,15.7466,15.7753,1,mobile_ion,0.0655,50.0,10.0629,0
SN_002758,LOT_006,8.97,13.7952,17.5338,19.8306,1,nbti_ageing,0.6761,50.0,10.0629,0
SN_002759,LOT_006,12.3997,13.0406,13.4774,13.3215,0,healthy,0.0,50.0,10.0629,0
SN_002760,LOT_006,8.7264,9.6238,9.8973,10.1096,0,healthy,0.0,50.0,10.0629,0
SN_002761,LOT_006,9.3074,9.737,9.9284,9.883,0,healthy,0.0,50.0,10.0629,0
SN_002762,LOT_006,10.0277,10.8556,11.2503,11.3441,0,healthy,0.0,50.0,10.0629,0
SN_002763,LOT_006,9.0501,10.2937,10.6487,10.7613,0,healthy,0.0,50.0,10.0629,0
SN_002764,LOT_006,10.2082,10.8192,10.9434,11.0533,0,healthy,0.0,50.0,10.0629,0
SN_002765,LOT_006,12.5151,13.4482,13.9687,14.0698,0,healthy,0.0,50.0,10.0629,0
SN_002766,LOT_006,10.626,13.3189,21.488,30.1543,1,electromigration,0.4121,50.0,10.0629,0
SN_002767,LOT_006,9.4966,11.6834,12.6127,13.0136,1,nbti_ageing,0.1211,50.0,10.0629,0
SN_002768,LOT_006,9.4789,10.1785,10.398,10.3927,0,healthy,0.0,50.0,10.0629,0
SN_002769,LOT_006,9.7615,10.7922,11.3374,11.5568,0,healthy,0.0,50.0,10.0629,0
SN_002770,LOT_006,9.7986,10.4691,11.0699,11.1245,0,healthy,0.0,50.0,10.0629,0
SN_002771,LOT_006,10.5901,11.8923,12.1357,12.2111,0,healthy,0.0,50.0,10.0629,0
SN_002772,LOT_006,10.7798,11.2916,11.3954,11.6584,0,healthy,0.0,50.0,10.0629,0
SN_002773,LOT_006,10.6542,13.426,21.2058,28.9113,1,electromigration,0.373,50.0,10.0629,0
SN_002774,LOT_006,11.2526,12.5766,13.0197,13.2494,0,healthy,0.0,50.0,10.0629,0
SN_002775,LOT_006,8.9083,9.3229,9.4123,9.5061,0,healthy,0.0,50.0,10.0629,0
SN_002776,LOT_006,11.2481,14.7568,16.8725,18.0602,1,nbti_ageing,0.2681,50.0,10.0629,0
SN_002777,LOT_006,10.8566,11.6169,11.9061,12.1385,0,healthy,0.0,50.0,10.0629,0
SN_002778,LOT_006,10.7316,10.8406,14.7412,22.7411,1,tddb_dielectric,0.2117,50.0,10.0629,0
SN_002779,LOT_006,12.1503,12.921,13.2107,13.4242,0,healthy,0.0,50.0,10.0629,0
SN_002780,LOT_006,9.4424,14.8658,15.1396,15.1997,1,mobile_ion,0.145,50.0,10.0629,0
SN_002781,LOT_006,9.3086,10.0082,10.3306,10.5574,0,healthy,0.0,50.0,10.0629,0
SN_002782,LOT_006,8.5831,9.0952,9.3554,9.6247,0,healthy,0.0,50.0,10.0629,0
SN_002783,LOT_006,9.4263,10.0849,10.3891,10.409,0,healthy,0.0,50.0,10.0629,0
SN_002784,LOT_006,10.3599,11.9694,12.2848,12.3504,0,healthy,0.0,50.0,10.0629,0
SN_002785,LOT_006,9.5592,10.3505,10.8268,10.8304,0,healthy,0.0,50.0,10.0629,0
SN_002786,LOT_006,11.8633,12.8666,13.1374,13.2677,0,healthy,0.0,50.0,10.0629,0
SN_002787,LOT_006,9.0185,10.1791,10.3968,10.7212,0,healthy,0.0,50.0,10.0629,0
SN_002788,LOT_006,11.2307,12.6438,13.0309,13.3811,0,healthy,0.0,50.0,10.0629,0
SN_002789,LOT_006,10.0477,11.2714,11.5047,11.7305,0,healthy,0.0,50.0,10.0629,0
SN_002790,LOT_006,10.5629,11.7204,12.2279,12.3771,0,healthy,0.0,50.0,10.0629,0
SN_002791,LOT_006,8.5181,12.7778,15.811,17.6223,1,nbti_ageing,0.5829,50.0,10.0629,0
SN_002792,LOT_006,10.1581,10.6555,10.8604,10.9677,0,healthy,0.0,50.0,10.0629,0
SN_002793,LOT_006,10.3498,10.551,14.4193,23.4651,1,tddb_dielectric,0.2533,50.0,10.0629,0
SN_002794,LOT_006,9.6402,10.5578,10.8838,11.3494,0,healthy,0.0,50.0,10.0629,0
SN_002795,LOT_006,9.656,10.4358,10.5514,10.8429,0,healthy,0.0,50.0,10.0629,0
SN_002796,LOT_006,12.0537,13.8106,14.1559,14.3558,0,healthy,0.0,50.0,10.0629,0
SN_002797,LOT_006,10.6859,10.7558,13.7566,18.8211,1,tddb_dielectric,0.0933,50.0,10.0629,0
SN_002798,LOT_006,11.0401,11.8676,12.0374,12.3991,0,healthy,0.0,50.0,10.0629,0
SN_002799,LOT_006,8.1647,8.7991,8.9606,8.9824,0,healthy,0.0,50.0,10.0629,0
SN_002800,LOT_006,10.5266,11.3245,11.4186,11.5342,0,healthy,0.0,50.0,10.0629,0
SN_002801,LOT_006,6.7811,7.0419,7.0852,7.1241,0,healthy,0.0,50.0,10.0629,0
SN_002802,LOT_006,9.8573,25.1967,25.7165,26.1567,1,mobile_ion,0.628,50.0,10.0629,0
SN_002803,LOT_007,24.3967,25.0602,27.6197,31.0413,1,esd_oxide,0.1254,50.0,8.8687,0
SN_002804,LOT_007,9.309,10.3462,10.8405,11.0707,0,healthy,0.0,50.0,8.8687,0
SN_002805,LOT_007,9.6623,10.5715,10.8268,10.9505,0,healthy,0.0,50.0,8.8687,0
SN_002806,LOT_007,24.4128,24.6861,26.4314,27.7723,1,subtle_in_spec,0.1011,50.0,8.8687,0
SN_002807,LOT_007,8.9867,9.2236,9.4954,9.3807,0,healthy,0.0,50.0,8.8687,0
SN_002808,LOT_007,8.66,9.4341,9.8105,9.8811,0,healthy,0.0,50.0,8.8687,0
SN_002809,LOT_007,7.5363,13.2876,13.5499,13.7287,1,mobile_ion,0.2362,50.0,8.8687,0
SN_002810,LOT_007,8.1997,9.2172,9.3975,9.5479,0,healthy,0.0,50.0,8.8687,0
SN_002811,LOT_007,9.1916,18.7896,19.0426,19.2584,1,mobile_ion,0.3691,50.0,8.8687,0
SN_002812,LOT_007,8.0793,9.5693,14.068,18.6713,1,electromigration,0.2054,50.0,8.8687,0
SN_002813,LOT_007,8.6535,9.7181,10.0596,10.3722,0,healthy,0.0,50.0,8.8687,0
SN_002814,LOT_007,7.8186,9.1271,9.5428,9.863,1,nbti_ageing,0.0397,50.0,8.8687,0
SN_002815,LOT_007,8.5614,9.5593,9.9721,10.2133,0,healthy,0.0,50.0,8.8687,0
SN_002816,LOT_007,8.3306,8.8958,8.8607,8.9271,0,healthy,0.0,50.0,8.8687,0
SN_002817,LOT_007,9.5354,10.1691,10.2181,10.4181,0,healthy,0.0,50.0,8.8687,0
SN_002818,LOT_007,8.2439,9.0542,9.0952,9.2628,0,healthy,0.0,50.0,8.8687,0
SN_002819,LOT_007,8.4926,9.471,12.5671,15.5598,1,electromigration,0.01,50.0,8.8687,0
SN_002820,LOT_007,7.8811,8.6692,8.8101,8.6817,0,healthy,0.0,50.0,8.8687,0
SN_002821,LOT_007,9.6527,9.8974,10.2183,10.3082,0,healthy,0.0,50.0,8.8687,0
SN_002822,LOT_007,9.123,9.7616,9.8132,9.9495,0,healthy,0.0,50.0,8.8687,0
SN_002823,LOT_007,9.1481,9.3922,14.5475,31.3158,1,tddb_dielectric,0.6457,50.0,8.8687,0
SN_002824,LOT_007,9.3223,10.3325,10.7007,10.7342,0,healthy,0.0,50.0,8.8687,0
SN_002825,LOT_007,9.5575,10.118,10.4103,10.6745,0,healthy,0.0,50.0,8.8687,0
SN_002826,LOT_007,36.6613,38.8817,44.1022,49.4124,1,subtle_in_spec,0.6535,50.0,8.8687,0
SN_002827,LOT_007,31.024,32.0738,35.7878,39.0265,1,subtle_in_spec,0.3993,50.0,8.8687,0
SN_002828,LOT_007,8.4008,8.5409,12.0686,21.386,1,tddb_dielectric,0.3423,50.0,8.8687,0
SN_002829,LOT_007,37.0986,38.398,42.8722,46.9475,1,esd_oxide,0.8416,50.0,8.8687,0
SN_002830,LOT_007,9.1489,9.8524,10.265,10.4199,0,healthy,0.0,50.0,8.8687,0
SN_002831,LOT_007,8.5504,9.5804,9.8383,10.105,0,healthy,0.0,50.0,8.8687,0
SN_002832,LOT_007,8.8096,10.167,10.3138,10.6762,0,healthy,0.0,50.0,8.8687,0
SN_002833,LOT_007,10.3758,14.3931,17.153,18.3073,1,nbti_ageing,0.3817,50.0,8.8687,0
SN_002834,LOT_007,9.1336,10.1926,10.4293,10.5154,0,healthy,0.0,50.0,8.8687,0
SN_002835,LOT_007,8.8195,9.6592,9.9773,10.2302,0,healthy,0.0,50.0,8.8687,0
SN_002836,LOT_007,8.7226,10.9634,12.0021,12.5083,1,nbti_ageing,0.1634,50.0,8.8687,0
SN_002837,LOT_007,8.7103,9.1737,9.1938,9.1919,0,healthy,0.0,50.0,8.8687,0
SN_002838,LOT_007,9.6789,10.2558,10.6562,10.7705,0,healthy,0.0,50.0,8.8687,0
SN_002839,LOT_007,8.9231,14.959,14.9499,14.9905,1,mobile_ion,0.1809,50.0,8.8687,0
SN_002840,LOT_007,8.9726,10.8066,16.0762,21.6347,1,electromigration,0.2464,50.0,8.8687,0
SN_002841,LOT_007,8.6552,8.8142,10.4704,13.5496,1,tddb_dielectric,0.0172,50.0,8.8687,0
SN_002842,LOT_007,10.1458,14.3558,15.7862,16.0472,1,mobile_ion,0.1223,50.0,8.8687,0
SN_002843,LOT_007,9.4153,10.3079,10.4151,10.2977,0,healthy,0.0,50.0,8.8687,0
SN_002844,LOT_007,9.6087,14.3378,17.9465,20.1704,1,nbti_ageing,0.5943,50.0,8.8687,0
SN_002845,LOT_007,33.667,35.5649,39.8672,44.2147,1,esd_oxide,0.6481,50.0,8.8687,0
SN_002846,LOT_007,8.6228,9.481,9.5989,9.9114,0,healthy,0.0,50.0,8.8687,0
SN_002847,LOT_007,8.7405,9.5408,9.9032,10.1067,0,healthy,0.0,50.0,8.8687,0
SN_002848,LOT_007,9.7699,11.0423,11.1893,11.5038,0,healthy,0.0,50.0,8.8687,0
SN_002849,LOT_007,8.8724,9.8128,10.1448,10.1762,0,healthy,0.0,50.0,8.8687,0
SN_002850,LOT_007,8.3735,11.7551,13.727,14.8254,1,nbti_ageing,0.3783,50.0,8.8687,0
SN_002851,LOT_007,7.9798,9.0186,9.4002,9.5601,0,healthy,0.0,50.0,8.8687,0
SN_002852,LOT_007,7.6779,8.6173,12.0612,15.2866,1,electromigration,0.0768,50.0,8.8687,0
SN_002853,LOT_007,9.3383,10.2919,10.4986,10.7283,0,healthy,0.0,50.0,8.8687,0
SN_002854,LOT_007,8.5334,9.7489,10.0057,10.1594,0,healthy,0.0,50.0,8.8687,0
SN_002855,LOT_007,8.9649,9.4623,9.6449,9.8895,0,healthy,0.0,50.0,8.8687,0
SN_002856,LOT_007,8.5255,10.3551,15.9175,21.1592,1,electromigration,0.2753,50.0,8.8687,0
SN_002857,LOT_007,8.5547,9.3469,9.5243,9.6723,0,healthy,0.0,50.0,8.8687,0
SN_002858,LOT_007,11.5734,11.9887,12.3204,12.6034,0,healthy,0.0,50.0,8.8687,0
SN_002859,LOT_007,8.4735,10.6791,11.7402,12.3121,1,nbti_ageing,0.1704,50.0,8.8687,0
SN_002860,LOT_007,9.2673,10.2877,10.5454,10.9673,0,healthy,0.0,50.0,8.8687,0
SN_002861,LOT_007,9.2251,10.2287,10.675,11.0659,0,healthy,0.0,50.0,8.8687,0
SN_002862,LOT_007,8.8977,11.8327,20.4973,29.0626,1,electromigration,0.5911,50.0,8.8687,0
SN_002863,LOT_007,9.4918,10.3036,10.5946,10.6752,0,healthy,0.0,50.0,8.8687,0
SN_002864,LOT_007,9.4568,10.788,11.216,11.2037,0,healthy,0.0,50.0,8.8687,0
SN_002865,LOT_007,9.1264,9.7759,10.1285,10.2148,0,healthy,0.0,50.0,8.8687,0
SN_002866,LOT_007,9.4227,9.7792,9.8133,10.0571,0,healthy,0.0,50.0,8.8687,0
SN_002867,LOT_007,7.4688,7.5535,10.5286,17.455,1,tddb_dielectric,0.2806,50.0,8.8687,0
SN_002868,LOT_007,25.993,26.681,29.1851,31.7632,1,esd_oxide,0.2154,50.0,8.8687,0
SN_002869,LOT_007,8.6381,9.0958,9.3461,9.2519,0,healthy,0.0,50.0,8.8687,0
SN_002870,LOT_007,10.2078,10.5023,10.5186,10.623,0,healthy,0.0,50.0,8.8687,0
SN_002871,LOT_007,25.0053,25.6667,27.289,28.7648,1,subtle_in_spec,0.1278,50.0,8.8687,0
SN_002872,LOT_007,9.0853,10.0752,10.3264,10.4518,0,healthy,0.0,50.0,8.8687,0
SN_002873,LOT_007,9.4126,9.525,13.3594,22.6615,1,tddb_dielectric,0.304,50.0,8.8687,0
SN_002874,LOT_007,7.4256,7.7733,8.0155,8.1585,0,healthy,0.0,50.0,8.8687,0
SN_002875,LOT_007,9.0411,9.7138,9.7584,9.9576,0,healthy,0.0,50.0,8.8687,0
SN_002876,LOT_007,9.8276,10.1751,10.5225,10.627,0,healthy,0.0,50.0,8.8687,0
SN_002877,LOT_007,9.4721,10.5695,11.1397,11.4504,0,healthy,0.0,50.0,8.8687,0
SN_002878,LOT_007,8.6435,12.3059,14.629,15.815,1,nbti_ageing,0.424,50.0,8.8687,0
SN_002879,LOT_007,8.9429,9.7505,10.0957,10.3966,0,healthy,0.0,50.0,8.8687,0
SN_002880,LOT_007,24.349,24.8475,26.3544,27.1628,1,esd_oxide,0.1228,50.0,8.8687,0
SN_002881,LOT_007,8.5572,9.1523,9.3104,9.4546,0,healthy,0.0,50.0,8.8687,0
SN_002882,LOT_007,8.117,11.7631,14.4083,15.7957,1,nbti_ageing,0.4972,50.0,8.8687,0
SN_002883,LOT_007,8.1832,8.9064,9.275,9.3984,0,healthy,0.0,50.0,8.8687,0
SN_002884,LOT_007,9.1995,9.7497,9.8617,10.0974,0,healthy,0.0,50.0,8.8687,0
SN_002885,LOT_007,8.3442,8.9282,8.9096,9.1238,0,healthy,0.0,50.0,8.8687,0
SN_002886,LOT_007,8.7486,9.4343,9.4862,9.8406,0,healthy,0.0,50.0,8.8687,0
SN_002887,LOT_007,8.4576,9.3161,9.6086,9.7415,0,healthy,0.0,50.0,8.8687,0
SN_002888,LOT_007,8.3186,8.9158,9.2841,9.4044,0,healthy,0.0,50.0,8.8687,0
SN_002889,LOT_007,10.9352,15.9212,17.9887,17.8828,1,mobile_ion,0.1541,50.0,8.8687,0
SN_002890,LOT_007,8.2826,8.9025,9.3508,9.406,0,healthy,0.0,50.0,8.8687,0
SN_002891,LOT_007,8.3148,8.3626,10.7918,16.0164,1,tddb_dielectric,0.1422,50.0,8.8687,0
SN_002892,LOT_007,9.1868,9.7328,10.3082,10.1461,0,healthy,0.0,50.0,8.8687,0
SN_002893,LOT_007,29.2782,30.1348,34.2037,38.0018,1,esd_oxide,0.4007,50.0,8.8687,0
SN_002894,LOT_007,9.1297,11.0803,12.066,12.4883,1,nbti_ageing,0.1155,50.0,8.8687,0
SN_002895,LOT_007,26.6071,27.0156,29.3928,31.33,1,subtle_in_spec,0.2001,50.0,8.8687,0
SN_002896,LOT_007,8.7707,8.9067,10.7495,14.508,1,tddb_dielectric,0.0442,50.0,8.8687,0
SN_002897,LOT_007,9.7618,10.4209,10.7759,10.7797,0,healthy,0.0,50.0,8.8687,0
SN_002898,LOT_007,8.8171,9.9962,10.2584,10.4129,0,healthy,0.0,50.0,8.8687,0
SN_002899,LOT_007,24.3924,24.8776,26.4636,28.2701,1,subtle_in_spec,0.1002,50.0,8.8687,0
SN_002900,LOT_007,8.4621,8.9712,8.9337,9.0653,0,healthy,0.0,50.0,8.8687,0
SN_002901,LOT_007,8.3203,8.7166,8.7508,8.7514,0,healthy,0.0,50.0,8.8687,0
SN_002902,LOT_007,8.3592,8.9515,9.2084,9.5153,0,healthy,0.0,50.0,8.8687,0
SN_002903,LOT_007,8.2461,9.3302,9.7243,9.8862,0,healthy,0.0,50.0,8.8687,0
SN_002904,LOT_007,9.5967,10.6631,10.9016,11.0429,0,healthy,0.0,50.0,8.8687,0
SN_002905,LOT_007,9.8707,10.9338,11.4694,11.5105,0,healthy,0.0,50.0,8.8687,0
SN_002906,LOT_007,8.9451,9.5063,9.7926,9.8354,0,healthy,0.0,50.0,8.8687,0
SN_002907,LOT_007,8.4107,9.0682,9.2293,9.3973,0,healthy,0.0,50.0,8.8687,0
SN_002908,LOT_007,9.5071,10.5892,10.8086,10.9973,0,healthy,0.0,50.0,8.8687,0
SN_002909,LOT_007,8.2777,8.8437,9.0128,9.0317,0,healthy,0.0,50.0,8.8687,0
SN_002910,LOT_007,9.2786,10.195,10.6824,10.9935,0,healthy,0.0,50.0,8.8687,0
SN_002911,LOT_007,8.5725,9.5359,9.8548,10.045,0,healthy,0.0,50.0,8.8687,0
SN_002912,LOT_007,8.7306,19.1214,19.3576,19.7162,1,mobile_ion,0.4409,50.0,8.8687,0
SN_002913,LOT_007,8.8003,9.3948,9.6952,9.6712,0,healthy,0.0,50.0,8.8687,0
SN_002914,LOT_007,9.9764,11.2084,11.6728,11.9774,0,healthy,0.0,50.0,8.8687,0
SN_002915,LOT_007,8.4411,8.8173,8.9289,9.2489,0,healthy,0.0,50.0,8.8687,0
SN_002916,LOT_007,8.2963,8.7031,8.8353,8.6547,0,healthy,0.0,50.0,8.8687,0
SN_002917,LOT_007,9.6719,9.8606,11.8803,15.1485,1,tddb_dielectric,0.0187,50.0,8.8687,0
SN_002918,LOT_007,7.7271,8.3089,8.3749,8.5262,0,healthy,0.0,50.0,8.8687,0
SN_002919,LOT_007,8.7698,9.8078,10.34,10.5614,0,healthy,0.0,50.0,8.8687,0
SN_002920,LOT_007,8.3864,8.8669,8.8842,9.1998,0,healthy,0.0,50.0,8.8687,0
SN_002921,LOT_007,9.1245,9.402,14.1985,27.6666,1,tddb_dielectric,0.5129,50.0,8.8687,0
SN_002922,LOT_007,8.428,9.3218,9.6224,9.9534,0,healthy,0.0,50.0,8.8687,0
SN_002923,LOT_007,8.1549,10.294,16.9853,23.7647,1,electromigration,0.4387,50.0,8.8687,0
SN_002924,LOT_007,9.2675,10.4135,10.8406,10.9415,0,healthy,0.0,50.0,8.8687,0
SN_002925,LOT_007,8.8692,9.3891,9.3689,9.3323,0,healthy,0.0,50.0,8.8687,0
SN_002926,LOT_007,10.7515,11.3147,11.5581,11.6445,0,healthy,0.0,50.0,8.8687,0
SN_002927,LOT_007,7.7485,8.2856,8.5192,8.5457,0,healthy,0.0,50.0,8.8687,0
SN_002928,LOT_007,9.6564,15.4805,15.7716,15.8563,1,mobile_ion,0.1616,50.0,8.8687,0
SN_002929,LOT_007,8.2613,8.9777,9.3291,9.5783,0,healthy,0.0,50.0,8.8687,0
SN_002930,LOT_007,8.3249,9.3982,9.6673,9.6409,0,healthy,0.0,50.0,8.8687,0
SN_002931,LOT_007,32.8479,34.1988,37.6881,41.8697,1,esd_oxide,0.6019,50.0,8.8687,0
SN_002932,LOT_007,9.3607,10.189,10.4827,10.4484,0,healthy,0.0,50.0,8.8687,0
SN_002933,LOT_007,8.2374,8.2607,10.9064,17.5647,1,tddb_dielectric,0.2063,50.0,8.8687,0
SN_002934,LOT_007,34.1661,35.032,37.8867,40.5206,1,esd_oxide,0.6762,50.0,8.8687,0
SN_002935,LOT_007,32.5456,34.1515,37.6384,41.8253,1,subtle_in_spec,0.4679,50.0,8.8687,0
SN_002936,LOT_007,9.0742,11.2875,12.4609,13.059,1,nbti_ageing,0.1655,50.0,8.8687,0
SN_002937,LOT_007,25.9113,26.6658,28.5217,30.4943,1,subtle_in_spec,0.1687,50.0,8.8687,0
SN_002938,LOT_007,8.5574,9.487,10.022,10.2233,0,healthy,0.0,50.0,8.8687,0
SN_002939,LOT_007,9.1794,16.1537,17.9454,18.0193,1,mobile_ion,0.322,50.0,8.8687,0
SN_002940,LOT_007,8.5958,9.1469,9.2146,9.5487,0,healthy,0.0,50.0,8.8687,0
SN_002941,LOT_007,7.5915,7.744,11.7167,24.5646,1,tddb_dielectric,0.5753,50.0,8.8687,0
SN_002942,LOT_007,10.182,10.4135,10.8131,10.8348,0,healthy,0.0,50.0,8.8687,0
SN_002943,LOT_007,8.311,9.6954,13.9955,18.3,1,electromigration,0.1576,50.0,8.8687,0
SN_002944,LOT_007,7.6578,8.1593,8.3636,8.4946,0,healthy,0.0,50.0,8.8687,0
SN_002945,LOT_007,7.7727,8.1011,8.2939,8.484,0,healthy,0.0,50.0,8.8687,0
SN_002946,LOT_007,8.6474,9.1168,9.4962,9.5196,0,healthy,0.0,50.0,8.8687,0
SN_002947,LOT_007,8.2056,13.9489,14.2853,14.2862,1,mobile_ion,0.198,50.0,8.8687,0
SN_002948,LOT_007,8.7197,9.3063,9.5493,9.589,0,healthy,0.0,50.0,8.8687,0
SN_002949,LOT_007,9.1041,9.9971,10.4017,10.5674,0,healthy,0.0,50.0,8.8687,0
SN_002950,LOT_007,8.7099,9.8203,10.0549,10.2371,0,healthy,0.0,50.0,8.8687,0
SN_002951,LOT_007,8.0921,15.0975,16.7079,16.7519,1,mobile_ion,0.3702,50.0,8.8687,0
SN_002952,LOT_007,8.3976,14.7774,15.3879,15.5474,1,mobile_ion,0.2514,50.0,8.8687,0
SN_002953,LOT_007,8.8714,9.2276,9.2882,9.453,0,healthy,0.0,50.0,8.8687,0
SN_002954,LOT_007,8.5467,9.4763,9.9165,9.958,0,healthy,0.0,50.0,8.8687,0
SN_002955,LOT_007,8.7103,8.9349,13.7167,30.9904,1,tddb_dielectric,0.6847,50.0,8.8687,0
SN_002956,LOT_007,8.4105,8.6291,11.6617,19.1033,1,tddb_dielectric,0.2607,50.0,8.8687,0
SN_002957,LOT_007,8.3625,8.6954,8.8773,8.9711,0,healthy,0.0,50.0,8.8687,0
SN_002958,LOT_007,8.0288,9.9323,15.7276,21.3497,1,electromigration,0.3444,50.0,8.8687,0
SN_002959,LOT_007,8.4657,8.866,9.1259,9.2323,0,healthy,0.0,50.0,8.8687,0
SN_002960,LOT_007,8.695,9.622,9.8056,9.9811,0,healthy,0.0,50.0,8.8687,0
SN_002961,LOT_007,7.6018,8.0115,8.0857,7.9885,0,healthy,0.0,50.0,8.8687,0
SN_002962,LOT_007,10.891,11.5226,12.1649,12.3864,0,healthy,0.0,50.0,8.8687,0
SN_002963,LOT_007,8.06,9.0809,9.3243,9.3948,0,healthy,0.0,50.0,8.8687,0
SN_002964,LOT_007,8.8517,9.8845,10.2611,10.6152,0,healthy,0.0,50.0,8.8687,0
SN_002965,LOT_007,10.5113,11.8391,12.0241,12.4597,0,healthy,0.0,50.0,8.8687,0
SN_002966,LOT_007,8.9892,9.2629,9.5095,9.3781,0,healthy,0.0,50.0,8.8687,0
SN_002967,LOT_007,10.2697,11.0397,11.2814,11.496,0,healthy,0.0,50.0,8.8687,0
SN_002968,LOT_007,8.0297,8.9763,9.321,9.2931,0,healthy,0.0,50.0,8.8687,0
SN_002969,LOT_007,8.3909,8.5614,12.9091,25.1152,1,tddb_dielectric,0.5019,50.0,8.8687,0
SN_002970,LOT_007,7.7691,8.6459,8.9046,8.9576,0,healthy,0.0,50.0,8.8687,0
SN_002971,LOT_007,9.2368,10.0056,10.0785,10.0929,0,healthy,0.0,50.0,8.8687,0
SN_002972,LOT_007,9.7102,10.5662,10.884,11.0216,0,healthy,0.0,50.0,8.8687,0
SN_002973,LOT_007,10.4359,10.8667,11.1555,11.0956,0,healthy,0.0,50.0,8.8687,0
SN_002974,LOT_007,9.3969,10.3067,10.4049,10.4966,0,healthy,0.0,50.0,8.8687,0
SN_002975,LOT_007,8.3933,9.2753,9.474,9.6386,0,healthy,0.0,50.0,8.8687,0
SN_002976,LOT_007,9.2914,10.1636,10.5098,10.5674,0,healthy,0.0,50.0,8.8687,0
SN_002977,LOT_007,9.7592,10.2426,10.304,10.4935,0,healthy,0.0,50.0,8.8687,0
SN_002978,LOT_007,8.8143,10.0245,10.2879,10.2732,0,healthy,0.0,50.0,8.8687,0
SN_002979,LOT_007,7.8186,13.5459,14.8734,14.8944,1,mobile_ion,0.291,50.0,8.8687,0
SN_002980,LOT_007,8.684,9.5928,9.7061,9.7942,0,healthy,0.0,50.0,8.8687,0
SN_002981,LOT_007,7.6759,8.473,8.7182,8.8484,0,healthy,0.0,50.0,8.8687,0
SN_002982,LOT_007,29.771,30.6152,33.8842,36.8809,1,subtle_in_spec,0.3427,50.0,8.8687,0
SN_002983,LOT_007,29.2411,30.2129,33.3526,35.8757,1,subtle_in_spec,0.3189,50.0,8.8687,0
SN_002984,LOT_007,10.959,12.2305,12.613,12.9772,0,healthy,0.0,50.0,8.8687,0
SN_002985,LOT_007,8.9155,11.4488,18.4275,25.7509,1,electromigration,0.4349,50.0,8.8687,0
SN_002986,LOT_007,9.6859,17.1794,17.4342,17.7321,1,mobile_ion,0.232,50.0,8.8687,0
SN_002987,LOT_007,7.9736,9.0106,9.3381,9.319,0,healthy,0.0,50.0,8.8687,0
SN_002988,LOT_007,9.0231,9.9076,10.3229,10.4544,0,healthy,0.0,50.0,8.8687,0
SN_002989,LOT_007,8.1544,9.1358,9.5751,9.64,0,healthy,0.0,50.0,8.8687,0
SN_002990,LOT_007,8.6233,9.279,9.5478,9.6491,0,healthy,0.0,50.0,8.8687,0
SN_002991,LOT_007,8.7039,9.7934,10.0934,10.0513,0,healthy,0.0,50.0,8.8687,0
SN_002992,LOT_007,27.8177,28.8543,31.5553,34.8054,1,esd_oxide,0.3183,50.0,8.8687,0
SN_002993,LOT_007,7.1376,11.0772,14.0938,15.8629,1,nbti_ageing,0.6806,50.0,8.8687,0
SN_002994,LOT_007,9.2499,10.1181,10.5173,10.6066,0,healthy,0.0,50.0,8.8687,0
SN_002995,LOT_007,9.3017,9.8591,9.9098,9.8008,0,healthy,0.0,50.0,8.8687,0
SN_002996,LOT_007,8.6801,9.215,9.3628,9.4712,0,healthy,0.0,50.0,8.8687,0
SN_002997,LOT_007,9.0148,9.781,10.0277,10.2148,0,healthy,0.0,50.0,8.8687,0
SN_002998,LOT_007,11.2966,11.6,11.6838,11.9762,0,healthy,0.0,50.0,8.8687,0
SN_002999,LOT_007,8.432,9.0844,9.5347,9.6601,0,healthy,0.0,50.0,8.8687,0
SN_003000,LOT_007,7.1162,11.3009,13.0996,13.4234,1,mobile_ion,0.2543,50.0,8.8687,0
SN_003001,LOT_007,9.5405,10.0353,10.3354,10.24,0,healthy,0.0,50.0,8.8687,0
SN_003002,LOT_007,10.5512,10.9576,11.2977,11.2964,0,healthy,0.0,50.0,8.8687,0
SN_003003,LOT_007,7.9791,8.2869,8.385,8.3754,0,healthy,0.0,50.0,8.8687,0
SN_003004,LOT_007,9.2341,13.9949,17.5795,19.7556,1,nbti_ageing,0.6221,50.0,8.8687,0
SN_003005,LOT_007,8.7559,11.5629,13.1155,13.9243,1,nbti_ageing,0.2625,50.0,8.8687,0
SN_003006,LOT_007,9.2578,10.1507,10.4257,10.6567,0,healthy,0.0,50.0,8.8687,0
SN_003007,LOT_007,10.0809,10.9459,11.2706,11.2392,0,healthy,0.0,50.0,8.8687,0
SN_003008,LOT_007,10.4967,11.2281,11.526,11.7108,0,healthy,0.0,50.0,8.8687,0
SN_003009,LOT_007,9.543,9.9147,10.0386,10.2253,0,healthy,0.0,50.0,8.8687,0
SN_003010,LOT_007,8.8349,13.0188,14.6946,14.8728,1,mobile_ion,0.1725,50.0,8.8687,0
SN_003011,LOT_007,9.2092,9.8413,10.0876,10.2134,0,healthy,0.0,50.0,8.8687,0
SN_003012,LOT_007,10.1414,10.8223,11.1498,11.4061,0,healthy,0.0,50.0,8.8687,0
SN_003013,LOT_007,9.6488,10.6468,11.2048,11.3631,0,healthy,0.0,50.0,8.8687,0
SN_003014,LOT_007,26.9576,27.8792,30.0314,31.9401,1,subtle_in_spec,0.2159,50.0,8.8687,0
SN_003015,LOT_007,9.456,10.1977,10.6029,10.6069,0,healthy,0.0,50.0,8.8687,0
SN_003016,LOT_007,8.1769,13.5749,13.6536,13.9025,1,mobile_ion,0.1695,50.0,8.8687,0
SN_003017,LOT_007,9.0646,9.4903,9.4589,9.4805,0,healthy,0.0,50.0,8.8687,0
SN_003018,LOT_007,34.0208,35.5571,39.9456,44.3955,1,subtle_in_spec,0.5344,50.0,8.8687,0
SN_003019,LOT_007,9.6077,9.551,11.9436,15.9857,1,tddb_dielectric,0.05,50.0,8.8687,0
SN_003020,LOT_007,8.7666,9.1049,9.0647,9.2132,0,healthy,0.0,50.0,8.8687,0
SN_003021,LOT_007,22.9038,23.1015,24.3814,25.7779,1,subtle_in_spec,0.033,50.0,8.8687,0
SN_003022,LOT_007,26.4083,27.1189,29.3866,31.0106,1,subtle_in_spec,0.1911,50.0,8.8687,0
SN_003023,LOT_007,9.3953,10.6118,10.9788,11.1519,0,healthy,0.0,50.0,8.8687,0
SN_003024,LOT_007,9.5836,12.8335,12.9307,12.9676,1,mobile_ion,0.0227,50.0,8.8687,0
SN_003025,LOT_007,8.8364,9.3288,9.6574,9.7145,0,healthy,0.0,50.0,8.8687,0
SN_003026,LOT_007,8.359,9.3762,9.5852,9.5812,0,healthy,0.0,50.0,8.8687,0
SN_003027,LOT_007,23.207,24.1099,25.9265,27.9519,1,esd_oxide,0.0584,50.0,8.8687,0
SN_003028,LOT_007,7.7324,8.4702,8.7372,8.7804,0,healthy,0.0,50.0,8.8687,0
SN_003029,LOT_007,8.0114,8.9294,9.3277,9.5581,0,healthy,0.0,50.0,8.8687,0
SN_003030,LOT_008,10.1638,11.0759,11.4702,11.6805,0,healthy,0.0,50.0,9.8241,0
SN_003031,LOT_008,9.6438,10.1307,10.1559,10.1611,0,healthy,0.0,50.0,9.8241,0
SN_003032,LOT_008,27.5226,28.2509,29.8995,31.8293,1,esd_oxide,0.1508,50.0,9.8241,0
SN_003033,LOT_008,8.4079,9.3508,9.68,9.9802,0,healthy,0.0,50.0,9.8241,0
SN_003034,LOT_008,10.7486,11.6797,12.3532,12.8016,0,healthy,0.0,50.0,9.8241,0
SN_003035,LOT_008,38.508,40.6886,45.6139,51.3122,1,subtle_in_spec,0.5679,50.0,9.8241,0
SN_003036,LOT_008,11.158,12.6145,13.0565,13.2627,0,healthy,0.0,50.0,9.8241,0
SN_003037,LOT_008,9.0671,9.4137,9.5884,9.622,0,healthy,0.0,50.0,9.8241,0
SN_003038,LOT_008,11.1684,11.3908,11.7223,11.8833,0,healthy,0.0,50.0,9.8241,0
SN_003039,LOT_008,10.0103,11.0003,11.1897,11.4787,0,healthy,0.0,50.0,9.8241,0
SN_003040,LOT_008,10.2375,10.9781,11.3315,11.4661,0,healthy,0.0,50.0,9.8241,0
SN_003041,LOT_008,11.1464,14.29,23.6665,32.9416,1,electromigration,0.4618,50.0,9.8241,0
SN_003042,LOT_008,11.8566,12.7608,13.3944,13.6244,0,healthy,0.0,50.0,9.8241,0
SN_003043,LOT_008,10.5631,18.5152,18.7106,18.9846,1,mobile_ion,0.2246,50.0,9.8241,0
SN_003044,LOT_008,10.4982,10.9012,11.0431,11.0662,0,healthy,0.0,50.0,9.8241,0
SN_003045,LOT_008,11.4942,12.614,13.2591,13.4465,0,healthy,0.0,50.0,9.8241,0
SN_003046,LOT_008,8.0807,9.0194,9.4509,9.5931,0,healthy,0.0,50.0,9.8241,0
SN_003047,LOT_008,10.388,11.1254,11.3442,11.4723,0,healthy,0.0,50.0,9.8241,0
SN_003048,LOT_008,12.4406,12.9634,13.3228,13.4366,0,healthy,0.0,50.0,9.8241,0
SN_003049,LOT_008,10.6875,11.6328,12.0146,12.2417,0,healthy,0.0,50.0,9.8241,0
SN_003050,LOT_008,9.7365,10.9862,11.4822,11.5292,0,healthy,0.0,50.0,9.8241,0
SN_003051,LOT_008,13.1448,14.8182,15.314,15.7203,0,healthy,0.0,50.0,9.8241,0
SN_003052,LOT_008,34.5264,35.8042,40.0926,43.1657,1,subtle_in_spec,0.4058,50.0,9.8241,0
SN_003053,LOT_008,10.7689,11.2445,11.3286,11.2361,0,healthy,0.0,50.0,9.8241,0
SN_003054,LOT_008,11.024,21.1532,21.7498,21.8331,1,mobile_ion,0.3347,50.0,9.8241,0
SN_003055,LOT_008,10.2255,11.5179,11.7779,11.8975,0,healthy,0.0,50.0,9.8241,0
SN_003056,LOT_008,28.8,29.0166,30.9789,32.3155,1,esd_oxide,0.2158,50.0,9.8241,0
SN_003057,LOT_008,11.2952,12.3087,12.7383,13.0708,0,healthy,0.0,50.0,9.8241,0
SN_003058,LOT_008,33.1973,34.0667,37.1639,40.522,1,esd_oxide,0.4396,50.0,9.8241,0
SN_003059,LOT_008,25.0991,25.9571,27.8638,29.7071,1,esd_oxide,0.0274,50.0,9.8241,0
SN_003060,LOT_008,11.4305,12.3153,12.3386,12.459,0,healthy,0.0,50.0,9.8241,0
SN_003061,LOT_008,11.2719,13.489,20.091,27.0141,1,electromigration,0.2348,50.0,9.8241,0
SN_003062,LOT_008,8.8034,9.6226,9.9783,10.2483,0,healthy,0.0,50.0,9.8241,0
SN_003063,LOT_008,11.1686,11.4564,11.5707,11.8885,0,healthy,0.0,50.0,9.8241,0
SN_003064,LOT_008,9.4173,10.295,10.8211,11.0633,0,healthy,0.0,50.0,9.8241,0
SN_003065,LOT_008,8.8233,9.4953,9.7291,9.8305,0,healthy,0.0,50.0,9.8241,0
SN_003066,LOT_008,8.9941,13.0217,14.7929,14.8743,1,mobile_ion,0.1641,50.0,9.8241,0
SN_003067,LOT_008,8.7531,9.39,9.5507,9.6247,0,healthy,0.0,50.0,9.8241,0
SN_003068,LOT_008,8.23,13.3388,13.8573,14.123,1,mobile_ion,0.1784,50.0,9.8241,0
SN_003069,LOT_008,14.5581,19.273,22.0615,23.4245,1,nbti_ageing,0.2733,50.0,9.8241,0
SN_003070,LOT_008,10.5554,10.7363,14.8497,24.4072,1,tddb_dielectric,0.2722,50.0,9.8241,0
SN_003071,LOT_008,9.9486,10.309,15.8414,36.0969,1,tddb_dielectric,0.7158,50.0,9.8241,0
SN_003072,LOT_008,27.4194,28.3393,32.0575,34.0991,1,esd_oxide,0.1455,50.0,9.8241,0
SN_003073,LOT_008,10.3231,10.6994,10.824,10.9138,0,healthy,0.0,50.0,9.8241,0
SN_003074,LOT_008,9.6034,18.0002,21.0068,21.0468,1,mobile_ion,0.4413,50.0,9.8241,0
SN_003075,LOT_008,34.8957,36.2397,41.3807,45.8357,1,esd_oxide,0.526,50.0,9.8241,0
SN_003076,LOT_008,9.6087,10.7144,11.1088,11.4432,0,healthy,0.0,50.0,9.8241,0
SN_003077,LOT_008,10.8446,22.2027,27.4314,27.1786,1,mobile_ion,0.604,50.0,9.8241,0
SN_003078,LOT_008,9.5544,9.9436,10.094,10.2536,0,healthy,0.0,50.0,9.8241,0
SN_003079,LOT_008,9.2448,10.1418,10.6666,10.9003,0,healthy,0.0,50.0,9.8241,0
SN_003080,LOT_008,7.9534,8.9228,8.967,9.0335,0,healthy,0.0,50.0,9.8241,0
SN_003081,LOT_008,34.3358,35.7607,39.3766,43.219,1,subtle_in_spec,0.398,50.0,9.8241,0
SN_003082,LOT_008,9.2578,16.7325,18.3241,18.348,1,mobile_ion,0.3173,50.0,9.8241,0
SN_003083,LOT_008,9.5074,9.9448,10.0512,10.1577,0,healthy,0.0,50.0,9.8241,0
SN_003084,LOT_008,10.4032,10.5933,14.6411,24.2367,1,tddb_dielectric,0.2835,50.0,9.8241,0
SN_003085,LOT_008,10.6443,11.8476,12.4783,12.6981,0,healthy,0.0,50.0,9.8241,0
SN_003086,LOT_008,9.3539,9.7695,14.1301,25.9606,1,tddb_dielectric,0.4171,50.0,9.8241,0
SN_003087,LOT_008,30.2182,30.8633,31.8481,33.5834,1,esd_oxide,0.288,50.0,9.8241,0
SN_003088,LOT_008,9.9555,10.7758,11.0966,11.4107,0,healthy,0.0,50.0,9.8241,0
SN_003089,LOT_008,9.9316,10.337,10.6443,10.4048,0,healthy,0.0,50.0,9.8241,0
SN_003090,LOT_008,10.7727,11.8608,11.9633,11.9914,0,healthy,0.0,50.0,9.8241,0
SN_003091,LOT_008,9.9322,10.6169,11.0382,11.1773,0,healthy,0.0,50.0,9.8241,0
SN_003092,LOT_008,32.0561,33.1382,35.8445,39.1386,1,esd_oxide,0.3815,50.0,9.8241,0
SN_003093,LOT_008,10.09,10.2832,12.3797,16.5315,1,tddb_dielectric,0.0509,50.0,9.8241,0
SN_003094,LOT_008,8.8478,9.5887,10.1072,10.3337,0,healthy,0.0,50.0,9.8241,0
SN_003095,LOT_008,9.8629,10.4351,10.843,10.8725,0,healthy,0.0,50.0,9.8241,0
SN_003096,LOT_008,9.9549,15.2068,19.2135,21.5904,1,nbti_ageing,0.6512,50.0,9.8241,0
SN_003097,LOT_008,9.7073,10.0278,10.2194,10.2672,0,healthy,0.0,50.0,9.8241,0
SN_003098,LOT_008,39.0207,40.6645,46.345,52.1426,1,subtle_in_spec,0.5888,50.0,9.8241,0
SN_003099,LOT_008,9.7491,11.4479,16.9627,22.063,1,electromigration,0.1867,50.0,9.8241,0
SN_003100,LOT_008,11.2027,19.9657,20.8145,20.9317,1,mobile_ion,0.2694,50.0,9.8241,0
SN_003101,LOT_008,11.2444,12.5483,13.1737,13.4911,0,healthy,0.0,50.0,9.8241,0
SN_003102,LOT_008,7.2434,8.0084,8.4223,8.5199,0,healthy,0.0,50.0,9.8241,0
SN_003103,LOT_008,9.927,15.018,15.8242,15.8961,1,mobile_ion,0.1268,50.0,9.8241,0
SN_003104,LOT_008,10.1519,10.6303,10.6411,10.8055,0,healthy,0.0,50.0,9.8241,0
SN_003105,LOT_008,9.1845,9.6569,9.6559,9.7754,0,healthy,0.0,50.0,9.8241,0
SN_003106,LOT_008,11.6489,13.9488,19.9824,26.524,1,electromigration,0.1859,50.0,9.8241,0
SN_003107,LOT_008,8.9573,9.907,10.2317,10.2525,0,healthy,0.0,50.0,9.8241,0
SN_003108,LOT_008,9.0507,17.5125,21.2462,21.4145,1,mobile_ion,0.5232,50.0,9.8241,0
SN_003109,LOT_008,11.9088,15.2242,24.8939,34.8976,1,electromigration,0.4572,50.0,9.8241,0
SN_003110,LOT_008,32.981,34.1988,36.3992,38.6299,1,esd_oxide,0.4286,50.0,9.8241,0
SN_003111,LOT_008,9.6979,9.987,15.5069,35.3777,1,tddb_dielectric,0.7137,50.0,9.8241,0
SN_003112,LOT_008,9.7936,10.0908,10.1977,10.4049,0,healthy,0.0,50.0,9.8241,0
SN_003113,LOT_008,8.1464,9.0945,9.3413,9.556,0,healthy,0.0,50.0,9.8241,0
SN_003114,LOT_008,7.8063,8.3605,8.5238,8.6996,0,healthy,0.0,50.0,9.8241,0
SN_003115,LOT_008,7.6875,8.2528,8.3735,8.4965,0,healthy,0.0,50.0,9.8241,0
SN_003116,LOT_008,9.3635,10.1132,10.625,10.8416,0,healthy,0.0,50.0,9.8241,0
SN_003117,LOT_008,9.4079,10.2666,10.4504,10.805,0,healthy,0.0,50.0,9.8241,0
SN_003118,LOT_008,9.5411,10.283,10.6814,10.8972,0,healthy,0.0,50.0,9.8241,0
SN_003119,LOT_008,10.3128,10.741,10.9829,10.8992,0,healthy,0.0,50.0,9.8241,0
SN_003120,LOT_008,9.4544,9.8573,10.0866,10.0707,0,healthy,0.0,50.0,9.8241,0
SN_003121,LOT_008,9.5854,9.9178,10.2521,10.249,0,healthy,0.0,50.0,9.8241,0
SN_003122,LOT_008,6.3864,11.2439,12.3567,12.4467,1,mobile_ion,0.2968,50.0,9.8241,0
SN_003123,LOT_008,10.8844,11.6723,11.8268,11.907,0,healthy,0.0,50.0,9.8241,0
SN_003124,LOT_008,9.2763,17.1839,18.3028,18.7181,1,mobile_ion,0.3242,50.0,9.8241,0
SN_003125,LOT_008,8.6144,9.4706,9.8908,9.9705,0,healthy,0.0,50.0,9.8241,0
SN_003126,LOT_008,9.2295,9.5942,9.997,10.0683,0,healthy,0.0,50.0,9.8241,0
SN_003127,LOT_008,9.4379,10.6139,11.0173,11.1246,0,healthy,0.0,50.0,9.8241,0
SN_003128,LOT_008,11.2104,13.8859,22.2178,30.4107,1,electromigration,0.3626,50.0,9.8241,0
SN_003129,LOT_008,10.3072,10.8783,11.0104,11.1069,0,healthy,0.0,50.0,9.8241,0
SN_003130,LOT_008,7.8825,8.0739,11.3822,19.5048,1,tddb_dielectric,0.3311,50.0,9.8241,0
SN_003131,LOT_008,40.4242,42.6652,48.9315,54.7915,1,subtle_in_spec,0.6459,50.0,9.8241,0
SN_003132,LOT_008,9.7164,10.9335,11.2954,11.5805,0,healthy,0.0,50.0,9.8241,0
SN_003133,LOT_008,8.9228,13.5093,14.232,14.1976,1,mobile_ion,0.1416,50.0,9.8241,0
SN_003134,LOT_008,12.5347,13.23,13.4013,13.5223,0,healthy,0.0,50.0,9.8241,0
SN_003135,LOT_008,9.6578,10.4994,10.9006,10.9142,0,healthy,0.0,50.0,9.8241,0
SN_003136,LOT_008,26.7414,27.3368,28.8594,30.957,1,esd_oxide,0.111,50.0,9.8241,0
SN_003137,LOT_008,10.0322,12.2546,19.5067,26.5968,1,electromigration,0.3392,50.0,9.8241,0
SN_003138,LOT_008,9.8172,10.917,11.1708,11.4295,0,healthy,0.0,50.0,9.8241,0
SN_003139,LOT_008,10.6503,11.2128,11.581,11.5093,0,healthy,0.0,50.0,9.8241,0
SN_003140,LOT_008,8.8303,9.9713,10.4357,10.5897,0,healthy,0.0,50.0,9.8241,0
SN_003141,LOT_008,9.3588,10.396,10.737,10.9698,0,healthy,0.0,50.0,9.8241,0
SN_003142,LOT_008,10.3018,11.3581,11.9827,12.1224,0,healthy,0.0,50.0,9.8241,0
SN_003143,LOT_008,8.9264,9.146,13.5389,27.0979,1,tddb_dielectric,0.5219,50.0,9.8241,0
SN_003144,LOT_008,37.9052,38.6768,40.7787,43.7118,1,esd_oxide,0.6792,50.0,9.8241,0
SN_003145,LOT_008,9.3075,10.4183,10.735,10.9904,0,healthy,0.0,50.0,9.8241,0
SN_003146,LOT_008,9.0777,10.0332,10.3127,10.6425,0,healthy,0.0,50.0,9.8241,0
SN_003147,LOT_008,9.3759,10.2563,10.5975,11.0092,0,healthy,0.0,50.0,9.8241,0
SN_003148,LOT_008,9.4069,9.7502,9.9156,10.0371,0,healthy,0.0,50.0,9.8241,0
SN_003149,LOT_008,11.8332,12.0984,17.8765,34.4874,1,tddb_dielectric,0.4746,50.0,9.8241,0
SN_003150,LOT_008,10.9601,12.0169,12.3641,12.8054,0,healthy,0.0,50.0,9.8241,0
SN_003151,LOT_008,9.8538,10.4609,10.671,11.011,0,healthy,0.0,50.0,9.8241,0
SN_003152,LOT_008,11.5307,11.8497,12.0621,12.1704,0,healthy,0.0,50.0,9.8241,0
SN_003153,LOT_008,11.3328,12.1966,12.7604,12.8035,0,healthy,0.0,50.0,9.8241,0
SN_003154,LOT_008,11.944,12.4147,12.6144,12.738,0,healthy,0.0,50.0,9.8241,0
SN_003155,LOT_008,8.609,9.1166,9.1936,9.2391,0,healthy,0.0,50.0,9.8241,0
SN_003156,LOT_008,33.6786,34.1331,35.9061,37.2008,1,esd_oxide,0.4641,50.0,9.8241,0
SN_003157,LOT_008,41.3037,44.2959,50.2051,56.5412,1,subtle_in_spec,0.6817,50.0,9.8241,0
SN_003158,LOT_008,9.3677,23.1088,23.2643,23.3628,1,mobile_ion,0.5736,50.0,9.8241,0
SN_003159,LOT_008,6.4147,6.4906,8.0378,11.3816,1,tddb_dielectric,0.0906,50.0,9.8241,0
SN_003160,LOT_008,10.1444,10.6437,10.7188,10.9279,0,healthy,0.0,50.0,9.8241,0
SN_003161,LOT_008,9.9028,10.9589,11.5797,11.7652,0,healthy,0.0,50.0,9.8241,0
SN_003162,LOT_008,11.5927,13.1497,13.5312,13.5989,0,healthy,0.0,50.0,9.8241,0
SN_003163,LOT_008,8.1269,8.9486,9.4495,9.7231,0,healthy,0.0,50.0,9.8241,0
SN_003164,LOT_008,10.945,21.2293,23.0245,23.3222,1,mobile_ion,0.392,50.0,9.8241,0
SN_003165,LOT_008,10.1012,13.9329,25.8179,37.5655,1,electromigration,0.7657,50.0,9.8241,0
SN_003166,LOT_008,8.299,8.2899,10.7267,15.8545,1,tddb_dielectric,0.1333,50.0,9.8241,0
SN_003167,LOT_008,8.827,9.2934,9.4877,9.7297,0,healthy,0.0,50.0,9.8241,0
SN_003168,LOT_008,10.5845,11.5839,11.8437,12.2298,0,healthy,0.0,50.0,9.8241,0
SN_003169,LOT_008,8.7745,9.7103,10.0153,10.297,0,healthy,0.0,50.0,9.8241,0
SN_003170,LOT_008,27.9045,28.5613,30.3437,32.1856,1,subtle_in_spec,0.1362,50.0,9.8241,0
SN_003171,LOT_008,12.1907,13.5424,14.0587,14.1204,0,healthy,0.0,50.0,9.8241,0
SN_003172,LOT_008,9.5444,9.6562,15.3945,36.8848,1,tddb_dielectric,0.7812,50.0,9.8241,0
SN_003173,LOT_008,12.567,13.8897,14.0399,14.2666,0,healthy,0.0,50.0,9.8241,0
SN_003174,LOT_008,11.6584,12.254,12.6269,12.8605,0,healthy,0.0,50.0,9.8241,0
SN_003175,LOT_008,7.7339,8.1507,8.3809,8.55,0,healthy,0.0,50.0,9.8241,0
SN_003176,LOT_008,9.7828,10.3881,10.6973,10.6489,0,healthy,0.0,50.0,9.8241,0
SN_003177,LOT_008,9.0337,9.7564,9.9595,10.1461,0,healthy,0.0,50.0,9.8241,0
SN_003178,LOT_008,10.8223,11.4217,11.8681,12.0873,0,healthy,0.0,50.0,9.8241,0
SN_003179,LOT_008,8.6133,9.5388,9.8407,9.9858,0,healthy,0.0,50.0,9.8241,0
SN_003180,LOT_008,8.4383,8.7732,8.8609,8.9701,0,healthy,0.0,50.0,9.8241,0
SN_003181,LOT_008,27.3933,28.1355,29.725,31.345,1,subtle_in_spec,0.1154,50.0,9.8241,0
SN_003182,LOT_008,10.3467,14.5981,17.0825,18.6078,1,nbti_ageing,0.403,50.0,9.8241,0
SN_003183,LOT_008,9.2017,9.9221,10.3835,10.5511,0,healthy,0.0,50.0,9.8241,0
SN_003184,LOT_008,10.0865,10.8556,11.2071,11.336,0,healthy,0.0,50.0,9.8241,0
SN_003185,LOT_008,12.6202,14.2349,14.5956,14.775,0,healthy,0.0,50.0,9.8241,0
SN_003186,LOT_008,10.0491,10.2358,14.8589,27.2731,1,tddb_dielectric,0.4046,50.0,9.8241,0
SN_003187,LOT_008,9.1156,9.7641,10.1017,10.0637,0,healthy,0.0,50.0,9.8241,0
SN_003188,LOT_008,10.9896,12.2612,12.5926,13.1673,0,healthy,0.0,50.0,9.8241,0
SN_003189,LOT_008,10.3384,11.6114,12.0345,12.3078,0,healthy,0.0,50.0,9.8241,0
SN_003190,LOT_008,29.1919,29.7905,31.2887,34.0409,1,esd_oxide,0.2357,50.0,9.8241,0
SN_003191,LOT_008,9.9125,11.939,12.8531,13.3628,1,nbti_ageing,0.095,50.0,9.8241,0
SN_003192,LOT_008,11.0553,11.7311,11.937,12.0855,0,healthy,0.0,50.0,9.8241,0
SN_003193,LOT_008,8.2549,8.3857,10.7722,16.2692,1,tddb_dielectric,0.1493,50.0,9.8241,0
SN_003194,LOT_008,9.6209,10.0251,10.4685,10.5907,0,healthy,0.0,50.0,9.8241,0
SN_003195,LOT_008,10.3338,10.4498,14.2733,23.1034,1,tddb_dielectric,0.2477,50.0,9.8241,0
SN_003196,LOT_008,10.9049,11.1444,15.3035,25.0792,1,tddb_dielectric,0.2631,50.0,9.8241,0
SN_003197,LOT_008,10.1151,26.1484,29.6343,29.7476,1,mobile_ion,0.7826,50.0,9.8241,0
SN_003198,LOT_008,11.0257,11.1314,15.2093,23.506,1,tddb_dielectric,0.2169,50.0,9.8241,0
SN_003199,LOT_008,10.6858,18.5446,20.4835,20.5346,1,mobile_ion,0.2981,50.0,9.8241,0
SN_003200,LOT_008,10.9833,12.5317,12.7358,13.001,0,healthy,0.0,50.0,9.8241,0
SN_003201,LOT_008,9.0554,13.4565,16.6473,18.4468,1,nbti_ageing,0.5641,50.0,9.8241,0
SN_003202,LOT_008,10.9828,11.3693,11.4603,11.6502,0,healthy,0.0,50.0,9.8241,0
SN_003203,LOT_008,8.4849,8.9211,9.0553,9.0213,0,healthy,0.0,50.0,9.8241,0
SN_003204,LOT_008,10.7818,12.2172,12.71,12.8998,0,healthy,0.0,50.0,9.8241,0
SN_003205,LOT_008,7.7746,8.4065,8.4946,8.6449,0,healthy,0.0,50.0,9.8241,0
SN_003206,LOT_008,9.3194,10.0869,10.4263,10.5762,0,healthy,0.0,50.0,9.8241,0
SN_003207,LOT_008,10.5868,11.4858,11.8488,11.9385,0,healthy,0.0,50.0,9.8241,0
SN_003208,LOT_008,8.1508,8.9705,9.3764,9.4814,0,healthy,0.0,50.0,9.8241,0
SN_003209,LOT_008,9.3266,10.4112,10.621,10.7872,0,healthy,0.0,50.0,9.8241,0
SN_003210,LOT_008,9.4753,10.1016,10.2908,10.5247,0,healthy,0.0,50.0,9.8241,0
SN_003211,LOT_008,8.9847,9.894,10.4795,10.6772,0,healthy,0.0,50.0,9.8241,0
SN_003212,LOT_008,8.8971,9.3888,9.7176,9.7451,0,healthy,0.0,50.0,9.8241,0
SN_003213,LOT_008,9.2786,14.6715,19.1491,21.9697,1,nbti_ageing,0.7812,50.0,9.8241,0
SN_003214,LOT_008,7.9931,11.7845,14.5256,16.1714,1,nbti_ageing,0.5495,50.0,9.8241,0
SN_003215,LOT_008,10.2759,10.8875,11.3654,11.317,0,healthy,0.0,50.0,9.8241,0
SN_003216,LOT_008,7.9795,8.2871,8.4187,8.6389,0,healthy,0.0,50.0,9.8241,0
SN_003217,LOT_008,8.5077,9.576,9.8454,10.0941,0,healthy,0.0,50.0,9.8241,0
SN_003218,LOT_008,8.9458,10.0763,10.5642,10.5868,0,healthy,0.0,50.0,9.8241,0
SN_003219,LOT_008,9.6404,10.4654,10.5245,10.8757,0,healthy,0.0,50.0,9.8241,0
SN_003220,LOT_008,13.3133,14.3145,14.8554,15.028,0,healthy,0.0,50.0,9.8241,0
SN_003221,LOT_008,9.8744,10.7688,10.9683,11.2483,0,healthy,0.0,50.0,9.8241,0
SN_003222,LOT_008,8.9809,9.7196,9.9199,10.1345,0,healthy,0.0,50.0,9.8241,0
SN_003223,LOT_008,33.5227,34.3507,37.8742,41.4705,1,subtle_in_spec,0.3649,50.0,9.8241,0
SN_003224,LOT_008,10.8439,11.9078,12.2974,12.3133,0,healthy,0.0,50.0,9.8241,0
SN_003225,LOT_008,36.5038,38.2558,42.7083,46.8278,1,subtle_in_spec,0.4863,50.0,9.8241,0
SN_003226,LOT_008,9.419,9.7847,10.1303,10.1167,0,healthy,0.0,50.0,9.8241,0
SN_003227,LOT_008,12.4113,13.5275,14.0246,14.2543,0,healthy,0.0,50.0,9.8241,0
SN_003228,LOT_008,7.9704,8.3944,8.5982,8.5211,0,healthy,0.0,50.0,9.8241,0
SN_003229,LOT_008,10.1262,18.399,19.0322,19.1658,1,mobile_ion,0.2645,50.0,9.8241,0
SN_003230,LOT_008,9.8293,11.0234,11.3601,11.5201,0,healthy,0.0,50.0,9.8241,0
SN_003231,LOT_008,8.734,11.8534,13.7207,14.52,1,nbti_ageing,0.3174,50.0,9.8241,0
SN_003232,LOT_008,10.4475,10.9802,11.6736,11.7643,0,healthy,0.0,50.0,9.8241,0
SN_003233,LOT_008,8.0824,8.9772,9.44,9.5247,0,healthy,0.0,50.0,9.8241,0
SN_003234,LOT_008,11.0654,11.9561,12.0497,12.2267,0,healthy,0.0,50.0,9.8241,0
SN_003235,LOT_008,12.0037,12.9581,13.1942,13.578,0,healthy,0.0,50.0,9.8241,0
SN_003236,LOT_008,10.3997,11.2915,11.737,11.8936,0,healthy,0.0,50.0,9.8241,0
SN_003237,LOT_008,13.5035,14.1665,14.5276,14.523,0,healthy,0.0,50.0,9.8241,0
SN_003238,LOT_008,12.4223,13.406,13.7117,13.8635,0,healthy,0.0,50.0,9.8241,0
SN_003239,LOT_008,42.0105,44.2581,51.841,58.1808,1,subtle_in_spec,0.7105,50.0,9.8241,0
SN_003240,LOT_008,7.7481,7.9005,8.1057,8.1565,0,healthy,0.0,50.0,9.8241,0
SN_003241,LOT_008,10.1386,10.8338,11.5019,11.7432,0,healthy,0.0,50.0,9.8241,0
SN_003242,LOT_009,12.7519,13.89,14.4437,14.5637,0,healthy,0.0,50.0,11.5695,0
SN_003243,LOT_009,11.9554,12.6076,12.8355,12.9567,0,healthy,0.0,50.0,11.5695,0
SN_003244,LOT_009,11.0157,12.2316,12.6602,12.7226,0,healthy,0.0,50.0,11.5695,0
SN_003245,LOT_009,14.5491,15.0381,15.1275,15.5381,0,healthy,0.0,50.0,11.5695,0
SN_003246,LOT_009,10.9827,12.2783,12.6109,12.8792,0,healthy,0.0,50.0,11.5695,0
SN_003247,LOT_009,9.0716,9.7755,9.8674,10.034,0,healthy,0.0,50.0,11.5695,0
SN_003248,LOT_009,8.4236,14.9809,17.6251,17.6852,1,mobile_ion,0.3735,50.0,11.5695,0
SN_003249,LOT_009,13.1581,14.4208,15.4102,15.7807,0,healthy,0.0,50.0,11.5695,0
SN_003250,LOT_009,10.6318,12.7849,13.8464,14.0706,1,nbti_ageing,0.0917,50.0,11.5695,0
SN_003251,LOT_009,11.1415,12.0797,12.3334,12.4046,0,healthy,0.0,50.0,11.5695,0
SN_003252,LOT_009,44.0,46.5257,52.2278,58.6967,1,subtle_in_spec,0.626,50.0,11.5695,0
SN_003253,LOT_009,39.2675,41.3922,46.2476,51.3029,1,esd_oxide,0.447,50.0,11.5695,0
SN_003254,LOT_009,12.9762,14.2314,14.6893,14.9908,0,healthy,0.0,50.0,11.5695,0
SN_003255,LOT_009,9.2014,9.9641,10.2111,10.3555,0,healthy,0.0,50.0,11.5695,0
SN_003256,LOT_009,8.7948,9.3992,9.6671,10.004,0,healthy,0.0,50.0,11.5695,0
SN_003257,LOT_009,13.5379,13.968,14.5226,14.487,0,healthy,0.0,50.0,11.5695,0
SN_003258,LOT_009,9.8824,10.706,11.0679,11.2099,0,healthy,0.0,50.0,11.5695,0
SN_003259,LOT_009,12.9258,12.8731,16.7373,24.3722,1,tddb_dielectric,0.1247,50.0,11.5695,0
SN_003260,LOT_009,12.6184,13.2086,13.4374,13.3958,0,healthy,0.0,50.0,11.5695,0
SN_003261,LOT_009,14.9214,15.1828,23.2634,46.5849,1,tddb_dielectric,0.5381,50.0,11.5695,0
SN_003262,LOT_009,12.6383,14.1178,14.7467,15.017,0,healthy,0.0,50.0,11.5695,0
SN_003263,LOT_009,9.0604,9.1569,13.5963,25.035,1,tddb_dielectric,0.4205,50.0,11.5695,0
SN_003264,LOT_009,12.6486,13.3304,13.7196,13.9836,0,healthy,0.0,50.0,11.5695,0
SN_003265,LOT_009,11.6877,12.1277,12.2576,12.3093,0,healthy,0.0,50.0,11.5695,0
SN_003266,LOT_009,11.5164,13.9755,20.7575,28.0874,1,electromigration,0.2488,50.0,11.5695,0
SN_003267,LOT_009,9.6125,23.872,25.2218,25.3353,1,mobile_ion,0.6409,50.0,11.5695,0
SN_003268,LOT_009,13.1765,14.0017,14.548,14.6983,0,healthy,0.0,50.0,11.5695,0
SN_003269,LOT_009,33.119,34.312,36.9168,40.4658,1,esd_oxide,0.1813,50.0,11.5695,0
SN_003270,LOT_009,12.1162,12.4908,12.8748,12.9592,0,healthy,0.0,50.0,11.5695,0
SN_003271,LOT_009,11.1391,11.5727,11.8521,12.0707,0,healthy,0.0,50.0,11.5695,0
SN_003272,LOT_009,11.0473,16.0481,19.2998,21.0311,1,nbti_ageing,0.4766,50.0,11.5695,0
SN_003273,LOT_009,10.3936,10.9786,11.3401,11.5955,0,healthy,0.0,50.0,11.5695,0
SN_003274,LOT_009,12.5048,14.8881,15.6404,16.1698,1,nbti_ageing,0.0695,50.0,11.5695,0
SN_003275,LOT_009,15.0133,16.4155,17.073,17.4389,0,healthy,0.0,50.0,11.5695,0
SN_003276,LOT_009,16.0888,17.6982,18.4184,18.3817,0,healthy,0.0,50.0,11.5695,0
SN_003277,LOT_009,11.4668,17.5416,21.9745,24.3261,1,nbti_ageing,0.6228,50.0,11.5695,0
SN_003278,LOT_009,12.389,13.6127,13.7942,13.7074,0,healthy,0.0,50.0,11.5695,0
SN_003279,LOT_009,12.2261,14.4089,15.2459,15.9266,1,nbti_ageing,0.0624,50.0,11.5695,0
SN_003280,LOT_009,33.0509,33.7974,35.8226,38.5273,1,subtle_in_spec,0.1427,50.0,11.5695,0
SN_003281,LOT_009,13.2887,14.1096,14.5398,14.875,0,healthy,0.0,50.0,11.5695,0
SN_003282,LOT_009,12.6716,14.1337,14.4437,14.5658,0,healthy,0.0,50.0,11.5695,0
SN_003283,LOT_009,12.7309,13.343,13.5351,13.4573,0,healthy,0.0,50.0,11.5695,0
SN_003284,LOT_009,9.1793,10.2597,10.4602,10.5953,0,healthy,0.0,50.0,11.5695,0
SN_003285,LOT_009,15.8205,17.4231,17.902,17.8034,0,healthy,0.0,50.0,11.5695,0
SN_003286,LOT_009,34.1366,35.035,37.2203,40.0612,1,subtle_in_spec,0.1802,50.0,11.5695,0
SN_003287,LOT_009,14.5582,15.9915,16.4095,16.7931,0,healthy,0.0,50.0,11.5695,0
SN_003288,LOT_009,12.6829,13.5032,13.8365,13.7703,0,healthy,0.0,50.0,11.5695,0
SN_003289,LOT_009,10.1439,10.7026,10.8035,10.9488,0,healthy,0.0,50.0,11.5695,0
SN_003290,LOT_009,12.7017,14.0806,14.2755,14.6542,0,healthy,0.0,50.0,11.5695,0
SN_003291,LOT_009,29.7822,30.2264,31.779,33.2996,1,subtle_in_spec,0.0297,50.0,11.5695,0
SN_003292,LOT_009,46.0,48.0584,55.0429,61.6343,1,esd_oxide,0.7718,50.0,11.5695,0
SN_003293,LOT_009,10.6971,22.7719,26.4484,26.7071,1,mobile_ion,0.5727,50.0,11.5695,0
SN_003294,LOT_009,12.2922,13.3314,13.2805,13.3532,0,healthy,0.0,50.0,11.5695,0
SN_003295,LOT_009,12.0249,13.0143,13.3249,13.5392,0,healthy,0.0,50.0,11.5695,0
SN_003296,LOT_009,43.0524,45.3217,49.117,53.5188,1,esd_oxide,0.6106,50.0,11.5695,0
SN_003297,LOT_009,13.9721,16.2998,23.5601,30.8935,1,electromigration,0.1624,50.0,11.5695,0
SN_003298,LOT_009,9.152,10.3547,10.7777,11.1206,0,healthy,0.0,50.0,11.5695,0
SN_003299,LOT_009,11.3029,12.3233,12.715,12.6211,0,healthy,0.0,50.0,11.5695,0
SN_003300,LOT_009,9.627,10.2885,10.6017,10.8335,0,healthy,0.0,50.0,11.5695,0
SN_003301,LOT_009,10.7536,16.8252,21.8929,24.8143,1,nbti_ageing,0.7452,50.0,11.5695,0
SN_003302,LOT_009,35.9403,36.6335,40.2965,42.7498,1,subtle_in_spec,0.2426,50.0,11.5695,0
SN_003303,LOT_009,11.0382,17.5784,17.8139,18.3212,1,mobile_ion,0.1418,50.0,11.5695,0
SN_003304,LOT_009,14.3722,19.8245,20.9978,20.8587,1,mobile_ion,0.0648,50.0,11.5695,0
SN_003305,LOT_009,14.2618,16.0619,16.5733,16.9423,0,healthy,0.0,50.0,11.5695,0
SN_003306,LOT_009,15.1758,23.8942,24.1016,24.3714,1,mobile_ion,0.1388,50.0,11.5695,0
SN_003307,LOT_009,10.4472,11.7835,11.9272,12.3237,0,healthy,0.0,50.0,11.5695,0
SN_003308,LOT_009,10.1619,10.3212,15.8177,32.8116,1,tddb_dielectric,0.5827,50.0,11.5695,0
SN_003309,LOT_009,11.656,12.7224,12.9452,13.1337,0,healthy,0.0,50.0,11.5695,0
SN_003310,LOT_009,9.3272,10.5525,11.0182,11.124,0,healthy,0.0,50.0,11.5695,0
SN_003311,LOT_009,12.4956,18.7835,23.4655,26.2165,1,nbti_ageing,0.5991,50.0,11.5695,0
SN_003312,LOT_009,12.786,14.096,14.5023,14.9295,0,healthy,0.0,50.0,11.5695,0
SN_003313,LOT_009,12.2798,12.9072,13.4339,13.3094,0,healthy,0.0,50.0,11.5695,0
SN_003314,LOT_009,38.3104,38.9791,43.206,47.1838,1,subtle_in_spec,0.3245,50.0,11.5695,0
SN_003315,LOT_009,33.0003,33.6405,36.1833,38.6008,1,subtle_in_spec,0.1409,50.0,11.5695,0
SN_003316,LOT_009,13.7401,14.6317,14.7005,15.0584,0,healthy,0.0,50.0,11.5695,0
SN_003317,LOT_009,11.8132,12.6557,12.7432,12.922,0,healthy,0.0,50.0,11.5695,0
SN_003318,LOT_009,10.9464,22.5079,22.6388,22.7447,1,mobile_ion,0.3746,50.0,11.5695,0
SN_003319,LOT_009,12.065,12.3078,16.3816,26.5489,1,tddb_dielectric,0.2334,50.0,11.5695,0
SN_003320,LOT_009,12.3562,14.1608,15.0776,15.2932,1,nbti_ageing,0.0302,50.0,11.5695,0
SN_003321,LOT_009,10.2543,10.3765,14.241,23.7964,1,tddb_dielectric,0.2819,50.0,11.5695,0
SN_003322,LOT_009,42.1537,43.8874,49.0441,53.6584,1,subtle_in_spec,0.4574,50.0,11.5695,0
SN_003323,LOT_009,13.0322,15.1855,21.8078,28.2352,1,electromigration,0.1497,50.0,11.5695,0
SN_003324,LOT_009,12.7128,13.5575,13.7811,14.1487,0,healthy,0.0,50.0,11.5695,0
SN_003325,LOT_009,11.212,11.8083,12.1102,11.9531,0,healthy,0.0,50.0,11.5695,0
SN_003326,LOT_009,10.2314,10.825,11.3085,11.3608,0,healthy,0.0,50.0,11.5695,0
SN_003327,LOT_009,8.3932,8.4317,11.5219,18.3506,1,tddb_dielectric,0.2347,50.0,11.5695,0
SN_003328,LOT_009,13.2442,19.1607,23.3058,25.5713,1,nbti_ageing,0.4867,50.0,11.5695,0
SN_003329,LOT_009,12.1224,16.8536,19.3765,21.2756,1,nbti_ageing,0.3602,50.0,11.5695,0
SN_003330,LOT_009,36.8455,38.2922,40.7868,44.4876,1,subtle_in_spec,0.2739,50.0,11.5695,0
SN_003331,LOT_009,12.356,13.1653,13.5384,13.7969,0,healthy,0.0,50.0,11.5695,0
SN_003332,LOT_009,10.3011,10.4242,13.017,18.8139,1,tddb_dielectric,0.1035,50.0,11.5695,0
SN_003333,LOT_009,11.9309,12.6331,12.6471,12.7288,0,healthy,0.0,50.0,11.5695,0
SN_003334,LOT_009,11.0813,11.9997,12.2732,12.4938,0,healthy,0.0,50.0,11.5695,0
SN_003335,LOT_009,11.0609,12.0708,12.7121,12.7402,0,healthy,0.0,50.0,11.5695,0
SN_003336,LOT_009,9.2902,9.9826,10.2756,10.4014,0,healthy,0.0,50.0,11.5695,0
SN_003337,LOT_009,12.5956,13.6299,13.8383,14.1665,0,healthy,0.0,50.0,11.5695,0
SN_003338,LOT_009,11.8829,12.0298,17.8301,34.7771,1,tddb_dielectric,0.4674,50.0,11.5695,0
SN_003339,LOT_009,35.7072,37.2575,41.5641,45.9441,1,esd_oxide,0.2932,50.0,11.5695,0
SN_003340,LOT_009,10.5416,12.0484,12.3589,12.339,0,healthy,0.0,50.0,11.5695,0
SN_003341,LOT_009,9.5702,14.8234,14.9256,15.0342,1,mobile_ion,0.1311,50.0,11.5695,0
SN_003342,LOT_009,8.8273,9.5939,9.6477,9.9513,0,healthy,0.0,50.0,11.5695,0
SN_003343,LOT_009,14.2338,15.552,15.889,16.1116,0,healthy,0.0,50.0,11.5695,0
SN_003344,LOT_009,12.5516,13.4342,13.7676,14.0636,0,healthy,0.0,50.0,11.5695,0
SN_003345,LOT_009,32.0818,32.4392,34.7563,36.5546,1,subtle_in_spec,0.1092,50.0,11.5695,0
SN_003346,LOT_009,10.1074,13.9835,16.3127,17.3611,1,nbti_ageing,0.3461,50.0,11.5695,0
SN_003347,LOT_009,10.0169,10.8422,11.4022,11.4776,0,healthy,0.0,50.0,11.5695,0
SN_003348,LOT_009,12.1668,13.4579,14.0054,14.2176,0,healthy,0.0,50.0,11.5695,0
SN_003349,LOT_009,11.0762,11.738,12.0954,12.2043,0,healthy,0.0,50.0,11.5695,0
SN_003350,LOT_009,14.7345,16.1144,16.5704,16.9949,0,healthy,0.0,50.0,11.5695,0
SN_003351,LOT_009,11.8451,12.1824,17.6827,33.9621,1,tddb_dielectric,0.4487,50.0,11.5695,0
SN_003352,LOT_009,14.3476,15.8759,16.1916,16.586,0,healthy,0.0,50.0,11.5695,0
SN_003353,LOT_009,12.2569,12.9954,13.3169,13.3088,0,healthy,0.0,50.0,11.5695,0
SN_003354,LOT_009,9.7258,10.9936,11.2305,11.5838,0,healthy,0.0,50.0,11.5695,0
SN_003355,LOT_009,11.3712,11.8979,12.0508,12.2191,0,healthy,0.0,50.0,11.5695,0
SN_003356,LOT_009,11.6952,12.3965,12.5018,12.6777,0,healthy,0.0,50.0,11.5695,0
SN_003357,LOT_009,10.4373,11.5779,12.037,12.3095,0,healthy,0.0,50.0,11.5695,0
SN_003358,LOT_009,38.401,39.3941,43.227,47.1416,1,esd_oxide,0.4096,50.0,11.5695,0
SN_003359,LOT_009,9.4046,12.7401,14.6425,15.9312,1,nbti_ageing,0.3244,50.0,11.5695,0
SN_003360,LOT_009,12.8661,12.893,18.4146,31.5211,1,tddb_dielectric,0.3199,50.0,11.5695,0
SN_003361,LOT_009,31.9569,32.8996,34.6428,37.0232,1,esd_oxide,0.1311,50.0,11.5695,0
SN_003362,LOT_009,13.1955,13.8108,13.9224,14.0964,0,healthy,0.0,50.0,11.5695,0
SN_003363,LOT_009,11.8641,12.7077,13.3762,13.5037,0,healthy,0.0,50.0,11.5695,0
SN_003364,LOT_009,11.7049,13.0156,13.1764,13.8729,0,healthy,0.0,50.0,11.5695,0
SN_003365,LOT_009,10.3682,10.8936,11.0928,11.3889,0,healthy,0.0,50.0,11.5695,0
SN_003366,LOT_009,10.3082,11.2995,11.6813,12.0949,0,healthy,0.0,50.0,11.5695,0
SN_003367,LOT_009,13.3682,15.1841,15.552,15.9349,0,healthy,0.0,50.0,11.5695,0
SN_003368,LOT_009,11.1956,12.4916,13.1525,13.1718,0,healthy,0.0,50.0,11.5695,0
SN_003369,LOT_009,11.5553,11.9891,12.4236,12.4842,0,healthy,0.0,50.0,11.5695,0
SN_003370,LOT_009,10.7122,10.999,11.3113,11.4267,0,healthy,0.0,50.0,11.5695,0
SN_003371,LOT_009,10.3287,13.4171,15.2599,15.9536,1,nbti_ageing,0.2342,50.0,11.5695,0
SN_003372,LOT_009,11.9037,13.2438,13.7432,13.8795,0,healthy,0.0,50.0,11.5695,0
SN_003373,LOT_009,14.5325,15.8219,16.3608,16.6701,0,healthy,0.0,50.0,11.5695,0
SN_003374,LOT_009,12.1864,13.5739,14.2482,14.7597,0,healthy,0.0,50.0,11.5695,0
SN_003375,LOT_009,13.8134,17.0013,26.5391,36.2565,1,electromigration,0.326,50.0,11.5695,0
SN_003376,LOT_009,12.01,11.9404,15.4626,22.4607,1,tddb_dielectric,0.1172,50.0,11.5695,0
SN_003377,LOT_009,11.5383,12.2891,12.7497,12.7103,0,healthy,0.0,50.0,11.5695,0
SN_003378,LOT_009,10.0737,11.4236,11.5261,11.6176,0,healthy,0.0,50.0,11.5695,0
SN_003379,LOT_009,14.1373,15.703,16.0427,16.037,0,healthy,0.0,50.0,11.5695,0
SN_003380,LOT_009,12.949,13.778,14.145,14.4503,0,healthy,0.0,50.0,11.5695,0
SN_003381,LOT_009,14.1191,14.5896,15.2343,15.111,0,healthy,0.0,50.0,11.5695,0
SN_003382,LOT_009,9.2112,9.6924,9.744,9.8443,0,healthy,0.0,50.0,11.5695,0
SN_003383,LOT_009,11.0919,12.0222,12.4087,12.6055,0,healthy,0.0,50.0,11.5695,0
SN_003384,LOT_009,10.9873,11.8321,11.8846,12.1477,0,healthy,0.0,50.0,11.5695,0
SN_003385,LOT_009,42.379,44.0518,49.0988,54.7515,1,subtle_in_spec,0.4652,50.0,11.5695,0
SN_003386,LOT_009,9.1426,9.561,9.6836,9.7789,0,healthy,0.0,50.0,11.5695,0
SN_003387,LOT_009,13.5677,35.4291,36.0642,36.5207,1,mobile_ion,0.6505,50.0,11.5695,0
SN_003388,LOT_009,15.6939,20.5076,35.8723,50.4136,1,electromigration,0.5772,50.0,11.5695,0
SN_003389,LOT_009,12.5206,13.2841,13.5747,13.7138,0,healthy,0.0,50.0,11.5695,0
SN_003390,LOT_009,11.8077,12.1409,12.5298,12.6359,0,healthy,0.0,50.0,11.5695,0
SN_003391,LOT_009,11.7837,12.2298,12.5221,12.5208,0,healthy,0.0,50.0,11.5695,0
SN_003392,LOT_009,11.4413,11.7462,17.8082,37.2227,1,tddb_dielectric,0.5759,50.0,11.5695,0
SN_003393,LOT_009,11.6481,12.2985,12.6515,12.66,0,healthy,0.0,50.0,11.5695,0
SN_003394,LOT_009,9.3814,14.1538,17.5601,19.5388,1,nbti_ageing,0.591,50.0,11.5695,0
SN_003395,LOT_009,13.4355,13.7495,19.5589,35.1797,1,tddb_dielectric,0.3721,50.0,11.5695,0
SN_003396,LOT_009,13.3055,14.624,15.0026,15.2275,0,healthy,0.0,50.0,11.5695,0
SN_003397,LOT_009,12.2657,12.9689,13.226,13.4059,0,healthy,0.0,50.0,11.5695,0
SN_003398,LOT_009,11.7832,12.9347,13.3974,13.9511,0,healthy,0.0,50.0,11.5695,0
SN_003399,LOT_009,8.0535,8.4149,8.5831,8.5874,0,healthy,0.0,50.0,11.5695,0
SN_003400,LOT_009,12.223,13.4602,13.9136,14.1819,0,healthy,0.0,50.0,11.5695,0
SN_003401,LOT_009,33.3087,34.1556,36.6859,40.247,1,esd_oxide,0.1895,50.0,11.5695,0
SN_003402,LOT_009,10.9503,11.4885,11.926,11.7872,0,healthy,0.0,50.0,11.5695,0
SN_003403,LOT_009,10.9877,12.3445,12.7317,12.7209,0,healthy,0.0,50.0,11.5695,0
SN_003404,LOT_009,12.8546,13.5888,13.6294,13.6903,0,healthy,0.0,50.0,11.5695,0
SN_003405,LOT_009,9.293,10.305,10.7386,10.8262,0,healthy,0.0,50.0,11.5695,0
SN_003406,LOT_009,8.9854,9.0584,13.2945,24.082,1,tddb_dielectric,0.3923,50.0,11.5695,0
SN_003407,LOT_009,9.2788,9.764,9.9792,10.0239,0,healthy,0.0,50.0,11.5695,0
SN_003408,LOT_009,12.2083,15.436,17.0283,18.1127,1,nbti_ageing,0.1834,50.0,11.5695,0
SN_003409,LOT_009,11.979,18.2643,18.9868,19.0675,1,mobile_ion,0.144,50.0,11.5695,0
SN_003410,LOT_009,9.1427,13.249,13.3501,13.4817,1,mobile_ion,0.0759,50.0,11.5695,0
SN_003411,LOT_009,10.9967,12.1136,12.3507,12.596,0,healthy,0.0,50.0,11.5695,0
SN_003412,LOT_009,10.3457,12.9347,14.1923,14.7744,1,nbti_ageing,0.1552,50.0,11.5695,0
SN_003413,LOT_009,10.0376,10.7773,11.2605,11.3894,0,healthy,0.0,50.0,11.5695,0
SN_003414,LOT_009,12.7051,13.7234,14.3456,14.6473,0,healthy,0.0,50.0,11.5695,0
SN_003415,LOT_009,9.8772,10.6326,10.9424,11.0646,0,healthy,0.0,50.0,11.5695,0
SN_003416,LOT_009,12.4058,14.1096,14.3999,14.6672,0,healthy,0.0,50.0,11.5695,0
SN_003417,LOT_009,15.1864,17.0316,17.4631,17.5889,0,healthy,0.0,50.0,11.5695,0
SN_003418,LOT_009,10.6297,11.7817,12.1301,12.1778,0,healthy,0.0,50.0,11.5695,0
SN_003419,LOT_009,10.9617,17.3625,19.1799,19.2119,1,mobile_ion,0.2069,50.0,11.5695,0
SN_003420,LOT_009,12.6898,13.2845,13.8218,13.9996,0,healthy,0.0,50.0,11.5695,0
SN_003421,LOT_009,11.1119,11.5012,11.7732,11.7139,0,healthy,0.0,50.0,11.5695,0
SN_003422,LOT_009,13.959,14.5085,14.6804,14.6131,0,healthy,0.0,50.0,11.5695,0
SN_003423,LOT_009,11.6726,13.3957,13.9204,13.7916,0,healthy,0.0,50.0,11.5695,0
SN_003424,LOT_009,11.4759,12.4814,12.8688,13.0393,0,healthy,0.0,50.0,11.5695,0
SN_003425,LOT_009,10.5623,13.3958,22.2448,31.1407,1,electromigration,0.4603,50.0,11.5695,0
SN_003426,LOT_009,10.9131,11.8333,12.5625,12.6384,0,healthy,0.0,50.0,11.5695,0
SN_003427,LOT_009,14.3738,14.9845,15.5066,15.4082,0,healthy,0.0,50.0,11.5695,0
SN_003428,LOT_009,10.2414,11.7822,16.7418,21.6368,1,electromigration,0.127,50.0,11.5695,0
SN_003429,LOT_009,12.2372,19.3892,21.7001,22.0938,1,mobile_ion,0.2239,50.0,11.5695,0
SN_003430,LOT_009,9.3211,9.9167,10.0513,10.183,0,healthy,0.0,50.0,11.5695,0
SN_003431,LOT_009,13.1735,14.6306,15.3015,15.7412,0,healthy,0.0,50.0,11.5695,0
SN_003432,LOT_009,11.0849,12.0031,12.53,12.7402,0,healthy,0.0,50.0,11.5695,0
SN_003433,LOT_009,10.376,10.9603,11.0797,11.1273,0,healthy,0.0,50.0,11.5695,0
SN_003434,LOT_009,10.753,11.5395,11.9031,12.0269,0,healthy,0.0,50.0,11.5695,0
SN_003435,LOT_009,9.697,10.829,11.4839,11.61,0,healthy,0.0,50.0,11.5695,0
SN_003436,LOT_009,13.3746,13.7644,20.8168,44.2991,1,tddb_dielectric,0.5993,50.0,11.5695,0
SN_003437,LOT_009,10.1012,10.6117,10.8864,10.7354,0,healthy,0.0,50.0,11.5695,0
SN_003438,LOT_009,11.7388,11.9863,17.2115,30.1894,1,tddb_dielectric,0.3486,50.0,11.5695,0
SN_003439,LOT_009,10.7958,11.3003,11.7373,11.9423,0,healthy,0.0,50.0,11.5695,0
SN_003440,LOT_009,10.7681,11.3854,11.7695,11.6547,0,healthy,0.0,50.0,11.5695,0
SN_003441,LOT_009,14.1429,15.0158,15.4897,15.4746,0,healthy,0.0,50.0,11.5695,0
SN_003442,LOT_009,14.3306,14.9556,15.2918,15.2234,0,healthy,0.0,50.0,11.5695,0
SN_003443,LOT_009,11.9021,12.414,12.5414,12.8554,0,healthy,0.0,50.0,11.5695,0
SN_003444,LOT_009,10.1238,10.7798,11.0537,11.0645,0,healthy,0.0,50.0,11.5695,0
SN_003445,LOT_009,13.3699,13.683,16.7251,23.7946,1,tddb_dielectric,0.0897,50.0,11.5695,0
SN_003446,LOT_009,11.3546,12.3044,12.4784,12.7309,0,healthy,0.0,50.0,11.5695,0
SN_003447,LOT_009,12.7145,13.9552,14.6101,14.7113,0,healthy,0.0,50.0,11.5695,0
SN_003448,LOT_009,10.394,14.3738,16.1907,16.6185,1,mobile_ion,0.1237,50.0,11.5695,0
SN_003449,LOT_009,12.4915,13.7222,14.4463,14.6388,0,healthy,0.0,50.0,11.5695,0
SN_003450,LOT_009,9.492,10.4198,10.9362,10.9144,0,healthy,0.0,50.0,11.5695,0
SN_003451,LOT_009,13.4597,14.8636,15.0494,15.3134,0,healthy,0.0,50.0,11.5695,0
SN_003452,LOT_009,11.9411,27.5639,32.7741,33.2355,1,mobile_ion,0.706,50.0,11.5695,0
SN_003453,LOT_009,13.3568,13.7003,19.5086,35.5025,1,tddb_dielectric,0.3939,50.0,11.5695,0
SN_003454,LOT_009,10.3121,11.5031,11.9549,11.9842,0,healthy,0.0,50.0,11.5695,0
SN_003455,LOT_009,11.8505,12.4196,12.4866,12.5966,0,healthy,0.0,50.0,11.5695,0
SN_003456,LOT_009,34.0363,34.5163,37.3567,40.1019,1,subtle_in_spec,0.1768,50.0,11.5695,0
SN_003457,LOT_009,9.6957,10.3323,10.669,10.6739,0,healthy,0.0,50.0,11.5695,0
SN_003458,LOT_009,11.9298,12.4051,12.6474,12.7588,0,healthy,0.0,50.0,11.5695,0
SN_003459,LOT_009,10.3529,11.102,11.1893,11.3729,0,healthy,0.0,50.0,11.5695,0
SN_003460,LOT_009,11.2583,11.895,12.1371,12.2029,0,healthy,0.0,50.0,11.5695,0
SN_003461,LOT_009,10.8799,26.281,30.5788,30.8704,1,mobile_ion,0.7294,50.0,11.5695,0
SN_003462,LOT_009,11.5125,12.87,13.2639,13.4621,0,healthy,0.0,50.0,11.5695,0
SN_003463,LOT_009,12.87,16.7744,28.5042,40.7638,1,electromigration,0.5375,50.0,11.5695,0
SN_003464,LOT_009,11.2993,13.1018,19.1313,24.6069,1,electromigration,0.1643,50.0,11.5695,0
SN_003465,LOT_009,9.5537,10.4932,10.8689,11.068,0,healthy,0.0,50.0,11.5695,0
SN_003466,LOT_009,14.9901,15.1224,20.3218,32.0042,1,tddb_dielectric,0.2172,50.0,11.5695,0
SN_003467,LOT_009,10.1667,10.6892,11.0376,11.0399,0,healthy,0.0,50.0,11.5695,0
SN_003468,LOT_009,13.9399,27.3423,30.6555,30.9901,1,mobile_ion,0.4369,50.0,11.5695,0
SN_003469,LOT_009,12.6218,12.8169,17.9149,30.3861,1,tddb_dielectric,0.3119,50.0,11.5695,0
SN_003470,LOT_009,12.1166,13.3409,13.6918,13.8197,0,healthy,0.0,50.0,11.5695,0
SN_003471,LOT_009,40.0102,40.989,43.7648,46.5666,1,esd_oxide,0.4791,50.0,11.5695,0
SN_003472,LOT_009,11.45,12.4799,13.1481,13.1061,0,healthy,0.0,50.0,11.5695,0
SN_003473,LOT_009,10.7105,11.3714,11.7122,11.9329,0,healthy,0.0,50.0,11.5695,0
SN_003474,LOT_009,33.2391,34.7147,37.7599,41.2459,1,esd_oxide,0.1865,50.0,11.5695,0
SN_003475,LOT_009,10.0508,11.0441,11.1777,11.3452,0,healthy,0.0,50.0,11.5695,0
SN_003476,LOT_009,10.5398,15.2702,18.6318,20.2977,1,nbti_ageing,0.4835,50.0,11.5695,0
SN_003477,LOT_009,32.1303,32.9285,36.4255,39.8605,1,esd_oxide,0.1386,50.0,11.5695,0
SN_003478,LOT_009,13.527,14.2031,14.5595,14.7893,0,healthy,0.0,50.0,11.5695,0
SN_003479,LOT_010,7.3541,7.7421,8.0416,8.255,0,healthy,0.0,50.0,8.2955,0
SN_003480,LOT_010,25.1343,25.6377,27.4773,29.5991,1,subtle_in_spec,0.2119,50.0,8.2955,0
SN_003481,LOT_010,7.4815,7.7264,7.7671,7.9071,0,healthy,0.0,50.0,8.2955,0
SN_003482,LOT_010,7.4542,9.4943,15.9125,22.3214,1,electromigration,0.4805,50.0,8.2955,0
SN_003483,LOT_010,7.1235,7.9552,8.0914,8.1645,0,healthy,0.0,50.0,8.2955,0
SN_003484,LOT_010,8.7327,9.1237,9.2535,9.2856,0,healthy,0.0,50.0,8.2955,0
SN_003485,LOT_010,8.9496,11.0214,16.7947,22.9149,1,electromigration,0.3063,50.0,8.2955,0
SN_003486,LOT_010,8.6425,9.1558,9.5425,9.5614,0,healthy,0.0,50.0,8.2955,0
SN_003487,LOT_010,9.0275,9.9019,10.3632,10.6097,0,healthy,0.0,50.0,8.2955,0
SN_003488,LOT_010,30.0251,31.572,34.9319,38.6644,1,subtle_in_spec,0.4478,50.0,8.2955,0
SN_003489,LOT_010,31.6735,32.7213,37.0192,41.8692,1,esd_oxide,0.6591,50.0,8.2955,0
SN_003490,LOT_010,8.6487,8.8831,9.1558,9.2745,0,healthy,0.0,50.0,8.2955,0
SN_003491,LOT_010,29.7731,31.1141,34.4585,37.4993,1,subtle_in_spec,0.4356,50.0,8.2955,0
SN_003492,LOT_010,8.0361,8.413,8.4062,8.3965,0,healthy,0.0,50.0,8.2955,0
SN_003493,LOT_010,9.1704,10.6947,14.8058,19.1266,1,electromigration,0.1103,50.0,8.2955,0
SN_003494,LOT_010,6.7307,11.7895,11.892,11.9445,1,mobile_ion,0.2272,50.0,8.2955,0
SN_003495,LOT_010,7.8947,11.1037,13.1699,14.4536,1,nbti_ageing,0.4083,50.0,8.2955,0
SN_003496,LOT_010,23.9328,24.195,25.94,27.3067,1,esd_oxide,0.1925,50.0,8.2955,0
SN_003497,LOT_010,8.8583,11.0985,17.8197,24.5476,1,electromigration,0.3935,50.0,8.2955,0
SN_003498,LOT_010,9.0524,10.0038,10.4684,10.4531,0,healthy,0.0,50.0,8.2955,0
SN_003499,LOT_010,11.5273,15.8701,28.6397,41.2811,1,electromigration,0.717,50.0,8.2955,0
SN_003500,LOT_010,7.5506,8.1387,8.3979,8.5947,0,healthy,0.0,50.0,8.2955,0
SN_003501,LOT_010,9.1856,10.3278,10.7509,10.8328,0,healthy,0.0,50.0,8.2955,0
SN_003502,LOT_010,7.5903,9.3861,14.9267,20.2415,1,electromigration,0.3525,50.0,8.2955,0
SN_003503,LOT_010,7.1071,7.9468,8.247,8.4351,0,healthy,0.0,50.0,8.2955,0
SN_003504,LOT_010,6.3927,6.4209,8.3295,12.1102,1,tddb_dielectric,0.1182,50.0,8.2955,0
SN_003505,LOT_010,6.9256,7.5544,7.6794,7.7436,0,healthy,0.0,50.0,8.2955,0
SN_003506,LOT_010,6.8344,7.4826,7.9657,8.0402,0,healthy,0.0,50.0,8.2955,0
SN_003507,LOT_010,9.3135,10.1447,10.567,10.6206,0,healthy,0.0,50.0,8.2955,0
SN_003508,LOT_010,8.0805,8.1769,11.9186,22.7108,1,tddb_dielectric,0.4336,50.0,8.2955,0
SN_003509,LOT_010,30.895,32.2021,36.1302,40.1666,1,subtle_in_spec,0.4897,50.0,8.2955,0
SN_003510,LOT_010,6.8519,7.4001,7.5654,7.6747,0,healthy,0.0,50.0,8.2955,0
SN_003511,LOT_010,7.752,8.2362,8.4005,8.5458,0,healthy,0.0,50.0,8.2955,0
SN_003512,LOT_010,8.0839,9.2184,9.511,9.6269,0,healthy,0.0,50.0,8.2955,0
SN_003513,LOT_010,7.2526,8.9158,14.0949,19.0254,1,electromigration,0.3343,50.0,8.2955,0
SN_003514,LOT_010,7.4501,7.9961,8.2268,8.2958,0,healthy,0.0,50.0,8.2955,0
SN_003515,LOT_010,8.0461,9.0099,9.4348,9.5751,0,healthy,0.0,50.0,8.2955,0
SN_003516,LOT_010,8.3396,8.8576,9.22,9.4839,0,healthy,0.0,50.0,8.2955,0
SN_003517,LOT_010,7.6373,8.3415,8.7463,8.7773,0,healthy,0.0,50.0,8.2955,0
SN_003518,LOT_010,35.5307,37.2869,43.0738,47.9054,1,esd_oxide,0.8916,50.0,8.2955,0
SN_003519,LOT_010,8.1239,8.7139,9.1198,9.3614,0,healthy,0.0,50.0,8.2955,0
SN_003520,LOT_010,9.8587,14.1554,16.7621,18.146,1,nbti_ageing,0.4342,50.0,8.2955,0
SN_003521,LOT_010,8.1848,8.5096,8.7504,8.7245,0,healthy,0.0,50.0,8.2955,0
SN_003522,LOT_010,8.4358,8.9284,9.0858,9.0186,0,healthy,0.0,50.0,8.2955,0
SN_003523,LOT_010,8.0265,8.5186,8.7226,8.6226,0,healthy,0.0,50.0,8.2955,0
SN_003524,LOT_010,7.8775,9.0587,13.084,16.9066,1,electromigration,0.1367,50.0,8.2955,0
SN_003525,LOT_010,9.1367,10.6455,14.9399,19.4087,1,electromigration,0.1342,50.0,8.2955,0
SN_003526,LOT_010,7.3185,8.0585,8.3223,8.4721,0,healthy,0.0,50.0,8.2955,0
SN_003527,LOT_010,9.259,9.5978,9.9172,9.9144,0,healthy,0.0,50.0,8.2955,0
SN_003528,LOT_010,26.8902,27.5533,30.6117,33.4523,1,esd_oxide,0.3708,50.0,8.2955,0
SN_003529,LOT_010,7.4907,8.1279,8.1552,8.3304,0,healthy,0.0,50.0,8.2955,0
SN_003530,LOT_010,9.0285,12.2736,12.8594,12.9155,1,mobile_ion,0.0536,50.0,8.2955,0
SN_003531,LOT_010,8.225,9.1186,9.4486,9.7518,0,healthy,0.0,50.0,8.2955,0
SN_003532,LOT_010,8.3863,9.4695,9.7575,9.9629,0,healthy,0.0,50.0,8.2955,0
SN_003533,LOT_010,8.1371,10.5955,12.0194,12.5789,1,nbti_ageing,0.2403,50.0,8.2955,0
SN_003534,LOT_010,9.3082,9.828,10.1545,10.5214,0,healthy,0.0,50.0,8.2955,0
SN_003535,LOT_010,7.4974,8.1525,8.3763,8.423,0,healthy,0.0,50.0,8.2955,0
SN_003536,LOT_010,9.9887,10.5952,10.7927,10.8795,0,healthy,0.0,50.0,8.2955,0
SN_003537,LOT_010,8.7233,9.6609,10.2344,10.392,0,healthy,0.0,50.0,8.2955,0
SN_003538,LOT_010,8.5368,9.0374,9.2442,9.4057,0,healthy,0.0,50.0,8.2955,0
SN_003539,LOT_010,30.2716,30.9599,32.9559,34.806,1,esd_oxide,0.5746,50.0,8.2955,0
SN_003540,LOT_010,7.3398,8.0792,8.3373,8.4327,0,healthy,0.0,50.0,8.2955,0
SN_003541,LOT_010,7.8368,10.1485,17.0855,24.0006,1,electromigration,0.5019,50.0,8.2955,0
SN_003542,LOT_010,8.2509,9.1501,9.5406,9.6793,0,healthy,0.0,50.0,8.2955,0
SN_003543,LOT_010,7.9029,8.9276,9.2536,9.3281,0,healthy,0.0,50.0,8.2955,0
SN_003544,LOT_010,8.1139,8.1465,10.4097,15.0706,1,tddb_dielectric,0.1144,50.0,8.2955,0
SN_003545,LOT_010,7.6374,9.8125,10.9199,11.436,1,nbti_ageing,0.2018,50.0,8.2955,0
SN_003546,LOT_010,6.5311,7.2622,7.5022,7.5618,0,healthy,0.0,50.0,8.2955,0
SN_003547,LOT_010,8.2106,8.8032,9.0972,9.2493,0,healthy,0.0,50.0,8.2955,0
SN_003548,LOT_010,10.126,11.0273,11.2965,11.2941,0,healthy,0.0,50.0,8.2955,0
SN_003549,LOT_010,8.9183,9.8075,10.0031,10.2068,0,healthy,0.0,50.0,8.2955,0
SN_003550,LOT_010,6.4409,6.8085,6.7997,6.9361,0,healthy,0.0,50.0,8.2955,0
SN_003551,LOT_010,6.8702,7.7569,8.0977,8.228,0,healthy,0.0,50.0,8.2955,0
SN_003552,LOT_010,7.8288,8.0585,8.2898,8.3058,0,healthy,0.0,50.0,8.2955,0
SN_003553,LOT_010,8.9117,9.7164,10.0681,10.2724,0,healthy,0.0,50.0,8.2955,0
SN_003554,LOT_010,8.6175,10.4488,11.5781,12.0664,1,nbti_ageing,0.1215,50.0,8.2955,0
SN_003555,LOT_010,7.8304,8.8208,9.4136,9.6297,1,nbti_ageing,0.0169,50.0,8.2955,0
SN_003556,LOT_010,7.2076,7.306,10.1642,17.2676,1,tddb_dielectric,0.2914,50.0,8.2955,0
SN_003557,LOT_010,8.7962,9.6951,9.9581,10.1269,0,healthy,0.0,50.0,8.2955,0
SN_003558,LOT_010,6.3525,9.2333,10.9788,12.0474,1,nbti_ageing,0.461,50.0,8.2955,0
SN_003559,LOT_010,8.4179,9.0681,9.4818,9.8353,0,healthy,0.0,50.0,8.2955,0
SN_003560,LOT_010,8.4342,9.1316,9.3843,9.496,0,healthy,0.0,50.0,8.2955,0
SN_003561,LOT_010,9.4981,10.3094,10.4618,10.4772,0,healthy,0.0,50.0,8.2955,0
SN_003562,LOT_010,7.5616,8.3492,8.563,8.7435,0,healthy,0.0,50.0,8.2955,0
SN_003563,LOT_010,29.6493,30.6527,34.482,37.4908,1,subtle_in_spec,0.4297,50.0,8.2955,0
SN_003564,LOT_010,8.8944,9.3767,9.7146,9.7519,0,healthy,0.0,50.0,8.2955,0
SN_003565,LOT_010,8.0396,8.3469,8.5192,8.6573,0,healthy,0.0,50.0,8.2955,0
SN_003566,LOT_010,7.4248,7.6995,7.7731,7.7985,0,healthy,0.0,50.0,8.2955,0
SN_003567,LOT_010,7.1615,7.3751,9.4925,14.2919,1,tddb_dielectric,0.165,50.0,8.2955,0
SN_003568,LOT_010,8.4095,9.4419,9.7302,9.8866,0,healthy,0.0,50.0,8.2955,0
SN_003569,LOT_010,32.2522,33.7948,37.8463,42.9017,1,subtle_in_spec,0.5552,50.0,8.2955,0
SN_003570,LOT_010,22.7402,22.8094,24.2229,25.0944,1,esd_oxide,0.1206,50.0,8.2955,0
SN_003571,LOT_010,8.6999,9.2619,9.4362,9.4666,0,healthy,0.0,50.0,8.2955,0
SN_003572,LOT_010,8.4354,11.9313,13.9418,15.0919,1,nbti_ageing,0.402,50.0,8.2955,0
SN_003573,LOT_010,9.0383,9.17,12.3243,19.2168,1,tddb_dielectric,0.212,50.0,8.2955,0
SN_003574,LOT_010,6.1385,6.6508,6.9059,7.0228,0,healthy,0.0,50.0,8.2955,0
SN_003575,LOT_010,8.5186,11.6055,20.5609,29.9516,1,electromigration,0.6845,50.0,8.2955,0
SN_003576,LOT_010,8.9923,11.9828,13.3483,14.1585,1,nbti_ageing,0.2558,50.0,8.2955,0
SN_003577,LOT_010,7.3691,8.4567,8.7685,8.7121,0,healthy,0.0,50.0,8.2955,0
SN_003578,LOT_010,8.68,9.603,9.956,10.3562,0,healthy,0.0,50.0,8.2955,0
SN_003579,LOT_010,31.7201,33.0329,37.3213,41.4234,1,subtle_in_spec,0.5295,50.0,8.2955,0
SN_003580,LOT_010,9.1005,9.641,9.8797,9.9391,0,healthy,0.0,50.0,8.2955,0
SN_003581,LOT_010,8.5924,9.0691,9.3027,9.4554,0,healthy,0.0,50.0,8.2955,0
SN_003582,LOT_010,6.1061,6.2087,8.858,16.287,1,tddb_dielectric,0.3869,50.0,8.2955,0
SN_003583,LOT_010,7.3027,8.0033,8.3229,8.4892,0,healthy,0.0,50.0,8.2955,0
SN_003584,LOT_010,8.5026,11.3097,19.3054,27.4216,1,electromigration,0.5715,50.0,8.2955,0
SN_003585,LOT_010,7.5069,7.9532,8.2015,8.3198,0,healthy,0.0,50.0,8.2955,0
SN_003586,LOT_010,8.0957,16.8568,20.9714,21.2818,1,mobile_ion,0.6294,50.0,8.2955,0
SN_003587,LOT_010,7.9037,8.872,8.9978,9.208,0,healthy,0.0,50.0,8.2955,0
SN_003588,LOT_010,7.8473,8.3457,8.4421,8.4881,0,healthy,0.0,50.0,8.2955,0
SN_003589,LOT_010,7.8722,8.199,8.5302,8.5828,0,healthy,0.0,50.0,8.2955,0
SN_003590,LOT_010,21.6965,22.2482,24.2482,27.1366,1,esd_oxide,0.0577,50.0,8.2955,0
SN_003591,LOT_010,32.2513,34.313,38.2491,43.0391,1,subtle_in_spec,0.5551,50.0,8.2955,0
SN_003592,LOT_010,7.882,8.8315,9.0575,9.3486,0,healthy,0.0,50.0,8.2955,0
SN_003593,LOT_010,26.6936,27.0505,29.034,30.4589,1,esd_oxide,0.3589,50.0,8.2955,0
SN_003594,LOT_010,28.7258,29.3618,31.5756,33.8339,1,esd_oxide,0.4814,50.0,8.2955,0
SN_003595,LOT_010,7.7882,8.183,8.2981,8.3183,0,healthy,0.0,50.0,8.2955,0
SN_003596,LOT_010,7.8746,9.9247,10.7679,11.3886,1,nbti_ageing,0.1526,50.0,8.2955,0
SN_003597,LOT_010,9.8512,10.217,10.4721,10.6085,0,healthy,0.0,50.0,8.2955,0
SN_003598,LOT_010,9.5255,10.0109,10.19,10.3624,0,healthy,0.0,50.0,8.2955,0
SN_003599,LOT_010,9.1458,9.9289,10.1318,10.2456,0,healthy,0.0,50.0,8.2955,0
SN_003600,LOT_010,8.0488,8.7879,9.0327,9.0793,0,healthy,0.0,50.0,8.2955,0
SN_003601,LOT_010,8.6311,9.0518,9.2082,9.3343,0,healthy,0.0,50.0,8.2955,0
SN_003602,LOT_010,8.0765,8.4263,8.4498,8.5958,0,healthy,0.0,50.0,8.2955,0
SN_003603,LOT_010,8.0791,8.8567,9.1435,9.4325,0,healthy,0.0,50.0,8.2955,0
SN_003604,LOT_010,8.3673,8.9288,9.2343,9.4577,0,healthy,0.0,50.0,8.2955,0
SN_003605,LOT_010,8.0101,8.9773,9.2621,9.3772,0,healthy,0.0,50.0,8.2955,0
SN_003606,LOT_010,8.229,10.0497,15.5922,21.2613,1,electromigration,0.3062,50.0,8.2955,0
SN_003607,LOT_010,9.0243,9.4041,9.6645,9.7827,0,healthy,0.0,50.0,8.2955,0
SN_003608,LOT_010,8.5343,9.4197,9.8817,10.0476,0,healthy,0.0,50.0,8.2955,0
SN_003609,LOT_010,8.1709,8.3565,8.5993,8.6082,0,healthy,0.0,50.0,8.2955,0
SN_003610,LOT_010,7.5792,8.5531,8.6351,8.761,0,healthy,0.0,50.0,8.2955,0
SN_003611,LOT_010,29.4834,30.6357,33.9421,37.4148,1,subtle_in_spec,0.4217,50.0,8.2955,0
SN_003612,LOT_010,10.2933,11.4071,11.529,11.363,0,healthy,0.0,50.0,8.2955,0
SN_003613,LOT_010,9.9882,10.8902,11.0279,11.2876,0,healthy,0.0,50.0,8.2955,0
SN_003614,LOT_010,31.2426,32.4144,36.6524,41.1188,1,subtle_in_spec,0.5065,50.0,8.2955,0
SN_003615,LOT_010,7.5822,9.6473,16.2535,22.9704,1,electromigration,0.4916,50.0,8.2955,0
SN_003616,LOT_010,8.3132,9.5352,9.8826,9.9291,0,healthy,0.0,50.0,8.2955,0
SN_003617,LOT_010,7.7365,9.6821,15.343,20.9983,1,electromigration,0.365,50.0,8.2955,0
SN_003618,LOT_010,9.1095,10.1601,10.4709,10.4897,0,healthy,0.0,50.0,8.2955,0
SN_003619,LOT_010,8.0153,8.4495,8.5563,8.603,0,healthy,0.0,50.0,8.2955,0
SN_003620,LOT_010,9.5593,11.6262,12.2984,12.8835,1,nbti_ageing,0.0926,50.0,8.2955,0
SN_003621,LOT_010,28.1709,28.512,30.4019,32.0521,1,esd_oxide,0.448,50.0,8.2955,0
SN_003622,LOT_010,8.4456,9.465,9.8538,10.1592,0,healthy,0.0,50.0,8.2955,0
SN_003623,LOT_010,8.3851,8.7514,8.7793,8.8386,0,healthy,0.0,50.0,8.2955,0
SN_003624,LOT_010,8.5918,9.5757,9.8997,10.0281,0,healthy,0.0,50.0,8.2955,0
SN_003625,LOT_010,6.5364,6.893,6.9345,6.9661,0,healthy,0.0,50.0,8.2955,0
SN_003626,LOT_010,7.6779,8.1391,8.1581,8.1058,0,healthy,0.0,50.0,8.2955,0
SN_003627,LOT_010,8.5744,9.2059,9.3685,9.5246,0,healthy,0.0,50.0,8.2955,0
SN_003628,LOT_010,8.3108,9.8558,10.4628,10.7581,1,nbti_ageing,0.0648,50.0,8.2955,0
SN_003629,LOT_010,10.048,10.1778,12.763,18.1342,1,tddb_dielectric,0.1054,50.0,8.2955,0
SN_003630,LOT_010,10.0841,10.3193,14.7966,26.1098,1,tddb_dielectric,0.3668,50.0,8.2955,0
SN_003631,LOT_010,8.71,9.0453,9.1923,9.1308,0,healthy,0.0,50.0,8.2955,0
SN_003632,LOT_010,8.9151,10.3891,14.3738,18.2941,1,electromigration,0.1045,50.0,8.2955,0
SN_003633,LOT_010,9.2407,9.6085,9.8584,9.9382,0,healthy,0.0,50.0,8.2955,0
SN_003634,LOT_010,9.6199,10.5194,10.7883,10.9979,0,healthy,0.0,50.0,8.2955,0
SN_003635,LOT_010,7.6716,8.2569,8.5477,8.7314,0,healthy,0.0,50.0,8.2955,0
SN_003636,LOT_010,25.7276,26.0268,28.5972,30.6371,1,subtle_in_spec,0.2406,50.0,8.2955,0
SN_003637,LOT_010,7.079,7.4837,7.5033,7.4919,0,healthy,0.0,50.0,8.2955,0
SN_003638,LOT_010,7.782,8.1326,8.2964,8.4079,0,healthy,0.0,50.0,8.2955,0
SN_003639,LOT_010,6.508,6.8691,7.1067,7.0658,0,healthy,0.0,50.0,8.2955,0
SN_003640,LOT_010,7.7467,8.5351,8.9313,9.1262,0,healthy,0.0,50.0,8.2955,0
SN_003641,LOT_010,7.1529,7.3204,7.467,7.5713,0,healthy,0.0,50.0,8.2955,0
SN_003642,LOT_010,8.0131,8.2505,8.3124,8.397,0,healthy,0.0,50.0,8.2955,0
SN_003643,LOT_010,27.3813,28.3949,31.7651,34.4799,1,esd_oxide,0.4004,50.0,8.2955,0
SN_003644,LOT_010,7.7619,8.2123,8.2715,8.1992,0,healthy,0.0,50.0,8.2955,0
SN_003645,LOT_010,8.375,8.5614,11.3239,18.2861,1,tddb_dielectric,0.2271,50.0,8.2955,0
SN_003646,LOT_010,26.3181,27.2609,30.1857,33.0784,1,esd_oxide,0.3363,50.0,8.2955,0
SN_003647,LOT_010,9.2048,11.2783,17.5777,23.98,1,electromigration,0.3292,50.0,8.2955,0
SN_003648,LOT_010,7.6311,8.0685,8.1441,8.1083,0,healthy,0.0,50.0,8.2955,0
SN_003649,LOT_010,7.9061,8.4096,8.4714,8.6249,0,healthy,0.0,50.0,8.2955,0
SN_003650,LOT_010,9.3241,9.879,10.1915,10.1646,0,healthy,0.0,50.0,8.2955,0
SN_003651,LOT_010,21.7694,22.304,23.9893,25.6873,1,esd_oxide,0.0621,50.0,8.2955,0
SN_003652,LOT_010,8.5331,8.7535,9.0188,9.0509,0,healthy,0.0,50.0,8.2955,0
SN_003653,LOT_010,7.0683,7.3612,7.4105,7.4572,0,healthy,0.0,50.0,8.2955,0
SN_003654,LOT_010,8.939,9.6062,9.813,9.8244,0,healthy,0.0,50.0,8.2955,0
SN_003655,LOT_010,9.6117,12.8211,14.5954,15.5792,1,nbti_ageing,0.276,50.0,8.2955,0
SN_003656,LOT_010,8.9906,9.3814,9.5848,9.6046,0,healthy,0.0,50.0,8.2955,0
SN_003657,LOT_010,8.2587,11.6918,21.7442,31.5412,1,electromigration,0.8141,50.0,8.2955,0
SN_003658,LOT_010,8.4543,9.4586,9.6488,9.8936,0,healthy,0.0,50.0,8.2955,0
SN_003659,LOT_010,10.1093,10.6175,10.8909,10.8417,0,healthy,0.0,50.0,8.2955,0
SN_003660,LOT_010,7.9889,8.0241,10.2177,14.6671,1,tddb_dielectric,0.1165,50.0,8.2955,0
SN_003661,LOT_010,10.1071,10.8523,11.282,11.5039,0,healthy,0.0,50.0,8.2955,0
SN_003662,LOT_010,8.9415,9.4268,9.6008,9.7582,0,healthy,0.0,50.0,8.2955,0
SN_003663,LOT_010,8.6179,9.258,9.7119,9.7125,0,healthy,0.0,50.0,8.2955,0
SN_003664,LOT_010,24.864,25.343,27.6703,29.2738,1,subtle_in_spec,0.1989,50.0,8.2955,0
SN_003665,LOT_010,9.9478,10.8369,11.0684,11.0942,0,healthy,0.0,50.0,8.2955,0
SN_003666,LOT_010,8.0768,8.4379,8.531,8.5431,0,healthy,0.0,50.0,8.2955,0
SN_003667,LOT_010,9.3742,11.8395,13.2955,14.022,1,nbti_ageing,0.1922,50.0,8.2955,0
SN_003668,LOT_010,8.8459,9.981,10.2274,10.4891,0,healthy,0.0,50.0,8.2955,0
SN_003669,LOT_010,8.7075,9.0813,9.4584,9.374,0,healthy,0.0,50.0,8.2955,0
SN_003670,LOT_010,8.2243,9.1818,9.3695,9.5697,0,healthy,0.0,50.0,8.2955,0
SN_003671,LOT_010,26.998,27.7759,30.6715,33.1123,1,subtle_in_spec,0.3018,50.0,8.2955,0
SN_003672,LOT_010,8.5306,9.4414,9.7934,10.0233,0,healthy,0.0,50.0,8.2955,0
SN_003673,LOT_010,8.0011,10.3672,17.3235,24.4063,1,electromigration,0.4985,50.0,8.2955,0
SN_003674,LOT_010,8.8388,19.8376,20.1769,20.2972,1,mobile_ion,0.4708,50.0,8.2955,0
SN_003675,LOT_010,21.5351,21.9342,23.9851,26.3857,1,esd_oxide,0.048,50.0,8.2955,0
SN_003676,LOT_010,8.7333,14.522,17.0358,17.4941,1,mobile_ion,0.3178,50.0,8.2955,0
SN_003677,LOT_010,10.7195,11.4695,11.8439,11.8467,0,healthy,0.0,50.0,8.2955,0
SN_003678,LOT_010,24.8269,25.6733,27.4313,28.5733,1,esd_oxide,0.2464,50.0,8.2955,0
SN_003679,LOT_010,25.6898,26.5688,28.4013,30.6767,1,subtle_in_spec,0.2387,50.0,8.2955,0
SN_003680,LOT_010,8.0876,8.6225,8.8138,8.8748,0,healthy,0.0,50.0,8.2955,0
SN_003681,LOT_010,8.6436,11.2515,19.2716,27.0242,1,electromigration,0.5332,50.0,8.2955,0
SN_003682,LOT_010,8.6279,9.6145,9.7966,10.0883,0,healthy,0.0,50.0,8.2955,0
SN_003683,LOT_010,8.6392,9.497,9.8498,10.0548,0,healthy,0.0,50.0,8.2955,0
SN_003684,LOT_010,23.4967,24.2512,25.308,26.3629,1,esd_oxide,0.1662,50.0,8.2955,0
SN_003685,LOT_010,9.0285,9.8933,10.0761,10.3859,0,healthy,0.0,50.0,8.2955,0
SN_003686,LOT_010,9.0409,13.4429,16.8201,18.6393,1,nbti_ageing,0.576,50.0,8.2955,0
SN_003687,LOT_010,7.8869,7.9299,11.5229,20.2476,1,tddb_dielectric,0.357,50.0,8.2955,0
SN_003688,LOT_010,7.3142,7.8089,8.2055,8.2038,0,healthy,0.0,50.0,8.2955,0
SN_003689,LOT_010,7.0872,7.6089,7.8746,8.0049,0,healthy,0.0,50.0,8.2955,0
SN_003690,LOT_010,8.3858,8.8431,9.0108,9.0905,0,healthy,0.0,50.0,8.2955,0
SN_003691,LOT_010,9.7332,10.7682,11.1347,11.2624,0,healthy,0.0,50.0,8.2955,0
SN_003692,LOT_010,7.1721,7.7569,7.8919,8.0127,0,healthy,0.0,50.0,8.2955,0
SN_003693,LOT_010,7.4404,7.9468,8.1407,8.0132,0,healthy,0.0,50.0,8.2955,0
SN_003694,LOT_010,6.9539,7.5001,7.7086,7.8531,0,healthy,0.0,50.0,8.2955,0
SN_003695,LOT_010,7.5465,8.2393,8.5568,8.7696,0,healthy,0.0,50.0,8.2955,0
SN_003696,LOT_010,7.9585,8.9957,9.3046,9.4977,0,healthy,0.0,50.0,8.2955,0
SN_003697,LOT_010,7.7995,8.2526,8.4446,8.6237,0,healthy,0.0,50.0,8.2955,0
SN_003698,LOT_010,7.1909,7.7728,8.1088,8.1807,0,healthy,0.0,50.0,8.2955,0
SN_003699,LOT_010,6.1268,6.7889,7.059,7.2016,0,healthy,0.0,50.0,8.2955,0
SN_003700,LOT_010,8.1212,8.9172,9.274,9.5729,0,healthy,0.0,50.0,8.2955,0
SN_003701,LOT_010,7.626,7.8538,7.9886,8.1046,0,healthy,0.0,50.0,8.2955,0
SN_003702,LOT_010,8.8561,9.9141,10.1019,10.3194,0,healthy,0.0,50.0,8.2955,0
SN_003703,LOT_010,26.1436,26.5616,28.4061,30.5259,1,esd_oxide,0.3258,50.0,8.2955,0
SN_003704,LOT_010,8.3597,8.3088,10.154,13.1547,1,tddb_dielectric,0.0307,50.0,8.2955,0
SN_003705,LOT_010,9.5579,10.1255,10.3392,10.4049,0,healthy,0.0,50.0,8.2955,0
SN_003706,LOT_010,7.8688,8.2321,8.45,8.4185,0,healthy,0.0,50.0,8.2955,0
SN_003707,LOT_010,7.0241,7.8262,8.0369,8.127,0,healthy,0.0,50.0,8.2955,0
SN_003708,LOT_010,8.9825,9.6306,9.9135,9.9073,0,healthy,0.0,50.0,8.2955,0
SN_003709,LOT_010,10.2991,10.8422,11.1645,11.1756,0,healthy,0.0,50.0,8.2955,0
SN_003710,LOT_010,8.9671,10.0913,10.5695,10.5558,0,healthy,0.0,50.0,8.2955,0
SN_003711,LOT_010,10.0977,18.5187,20.797,20.7892,1,mobile_ion,0.3627,50.0,8.2955,0
SN_003712,LOT_010,9.1306,9.2848,15.0722,36.8537,1,tddb_dielectric,0.8444,50.0,8.2955,0
SN_003713,LOT_010,8.4756,8.5694,11.1338,16.0062,1,tddb_dielectric,0.1324,50.0,8.2955,0
SN_003714,LOT_010,7.4611,9.9233,10.5675,10.6068,1,mobile_ion,0.0558,50.0,8.2955,0
SN_003715,LOT_010,8.3828,18.0531,18.3651,18.1825,1,mobile_ion,0.4232,50.0,8.2955,0
SN_003716,LOT_010,7.2164,10.1278,11.7574,12.8551,1,nbti_ageing,0.3846,50.0,8.2955,0
SN_003717,LOT_010,8.0655,8.6843,8.9631,9.1186,0,healthy,0.0,50.0,8.2955,0
SN_003718,LOT_010,9.0084,10.3386,11.0762,11.2657,1,nbti_ageing,0.0341,50.0,8.2955,0
SN_003719,LOT_010,9.8404,10.5218,10.8247,10.9714,0,healthy,0.0,50.0,8.2955,0
SN_003720,LOT_010,7.7996,14.2552,15.3967,15.5584,1,mobile_ion,0.3145,50.0,8.2955,0
SN_003721,LOT_010,8.2935,9.1088,9.4645,9.7138,0,healthy,0.0,50.0,8.2955,0
SN_003722,LOT_010,7.8113,8.0633,12.3193,29.5397,1,tddb_dielectric,0.7495,50.0,8.2955,0
SN_003723,LOT_010,10.6089,11.1503,11.3279,11.625,0,healthy,0.0,50.0,8.2955,0
SN_003724,LOT_010,8.7872,9.5965,9.9623,10.2569,0,healthy,0.0,50.0,8.2955,0
SN_003725,LOT_010,8.3021,8.8886,9.1308,9.0185,0,healthy,0.0,50.0,8.2955,0
SN_003726,LOT_010,8.1874,10.5014,11.6256,12.2942,1,nbti_ageing,0.2012,50.0,8.2955,0
SN_003727,LOT_010,9.4482,10.2732,10.6446,10.6871,0,healthy,0.0,50.0,8.2955,0
SN_003728,LOT_010,7.595,8.5084,8.7111,8.8137,0,healthy,0.0,50.0,8.2955,0
SN_003729,LOT_010,29.2956,30.4865,34.2149,36.9893,1,subtle_in_spec,0.4126,50.0,8.2955,0
SN_003730,LOT_010,9.7223,11.0344,11.3149,11.541,0,healthy,0.0,50.0,8.2955,0
SN_003731,LOT_010,10.7593,11.9323,12.3094,12.4874,0,healthy,0.0,50.0,8.2955,0
SN_003732,LOT_010,7.1132,7.4667,7.5199,7.5657,0,healthy,0.0,50.0,8.2955,0
SN_003733,LOT_010,9.1012,9.3381,13.3306,24.4236,1,tddb_dielectric,0.3919,50.0,8.2955,0
SN_003734,LOT_010,8.5718,10.9412,18.1948,24.9133,1,electromigration,0.4527,50.0,8.2955,0
SN_003735,LOT_010,23.13,24.1915,26.5536,29.0456,1,esd_oxide,0.1441,50.0,8.2955,0
SN_003736,LOT_010,8.6697,9.1915,9.4097,9.5234,0,healthy,0.0,50.0,8.2955,0
SN_003737,LOT_010,8.2864,12.3792,15.2365,17.1011,1,nbti_ageing,0.5707,50.0,8.2955,0
SN_003738,LOT_010,22.2713,22.5792,24.9616,27.4153,1,esd_oxide,0.0924,50.0,8.2955,0
SN_003739,LOT_010,6.496,9.0328,16.4751,23.8701,1,electromigration,0.7511,50.0,8.2955,0
SN_003740,LOT_010,22.1624,22.7174,23.7431,25.0396,1,subtle_in_spec,0.0686,50.0,8.2955,0
SN_003741,LOT_010,7.3619,9.1917,14.583,20.0924,1,electromigration,0.3735,50.0,8.2955,0
SN_003742,LOT_010,10.6591,12.8096,13.6257,14.2072,1,nbti_ageing,0.0863,50.0,8.2955,0
SN_003743,LOT_010,32.5613,34.0117,38.8333,43.5654,1,subtle_in_spec,0.5701,50.0,8.2955,0
SN_003744,LOT_010,7.5378,8.2604,8.3713,8.4204,0,healthy,0.0,50.0,8.2955,0
SN_003745,LOT_010,7.3116,7.4826,7.6465,7.729,0,healthy,0.0,50.0,8.2955,0
SN_003746,LOT_010,9.1492,9.8132,10.129,10.3584,0,healthy,0.0,50.0,8.2955,0
SN_003747,LOT_010,22.5382,23.1092,25.1997,27.2077,1,esd_oxide,0.1085,50.0,8.2955,0
SN_003748,LOT_010,8.9542,10.9768,17.1312,23.3336,1,electromigration,0.3184,50.0,8.2955,0
SN_003749,LOT_010,9.1037,9.5159,9.7864,9.8684,0,healthy,0.0,50.0,8.2955,0
SN_003750,LOT_010,7.3491,8.095,8.2689,8.3781,0,healthy,0.0,50.0,8.2955,0
SN_003751,LOT_010,7.2359,7.9291,8.3815,8.5205,0,healthy,0.0,50.0,8.2955,0
SN_003752,LOT_010,8.2512,8.8002,8.9819,9.074,0,healthy,0.0,50.0,8.2955,0
SN_003753,LOT_010,8.8771,9.5374,9.6898,9.7816,0,healthy,0.0,50.0,8.2955,0
SN_003754,LOT_010,7.5794,18.7278,18.9714,19.2038,1,mobile_ion,0.582,50.0,8.2955,0
SN_003755,LOT_010,9.0422,9.8691,10.0384,9.9583,0,healthy,0.0,50.0,8.2955,0
SN_003756,LOT_010,8.8707,9.8762,10.086,10.1493,0,healthy,0.0,50.0,8.2955,0
SN_003757,LOT_010,7.6267,8.3631,8.683,8.8699,0,healthy,0.0,50.0,8.2955,0
SN_003758,LOT_010,8.8771,9.9162,10.4133,10.5779,0,healthy,0.0,50.0,8.2955,0
SN_003759,LOT_010,8.1173,8.6377,8.9037,8.9698,0,healthy,0.0,50.0,8.2955,0
SN_003760,LOT_010,8.8863,9.5651,9.7074,9.7699,0,healthy,0.0,50.0,8.2955,0
SN_003761,LOT_010,8.58,9.6387,9.7195,9.9252,0,healthy,0.0,50.0,8.2955,0
SN_003762,LOT_010,7.5165,8.3634,8.7295,8.7624,0,healthy,0.0,50.0,8.2955,0
SN_003763,LOT_010,20.9275,21.3767,23.195,25.1729,1,esd_oxide,0.0114,50.0,8.2955,0
SN_003764,LOT_010,8.6241,8.681,11.6636,18.3624,1,tddb_dielectric,0.2172,50.0,8.2955,0
SN_003765,LOT_010,8.299,8.9257,9.1084,9.1543,0,healthy,0.0,50.0,8.2955,0
SN_003766,LOT_010,7.7588,8.7156,8.9147,9.2067,0,healthy,0.0,50.0,8.2955,0
